<!--
  ~ Copyright © 2017-2019 Cask Data, Inc.
  ~
  ~ Licensed under the Apache License, Version 2.0 (the "License"); you may not
  ~ use this file except in compliance with the License. You may obtain a copy of
  ~ the License at
  ~
  ~ http://www.apache.org/licenses/LICENSE-2.0
  ~
  ~ Unless required by applicable law or agreed to in writing, software
  ~ distributed under the License is distributed on an "AS IS" BASIS, WITHOUT
  ~ WARRANTIES OR CONDITIONS OF ANY KIND, either express or implied. See the
  ~ License for the specific language governing permissions and limitations under
  ~ the License.
  -->

JvmtiExport can_access_local_variables 0
JvmtiExport can_hotswap_or_post_breakpoint 0
JvmtiExport can_post_on_exceptions 0
# 821 ciObject found
instanceKlass org/apache/maven/artifact/handler/DefaultArtifactHandler$__sisu16$$FastClassByGuice$$218660651
instanceKlass java/util/AbstractList$1
instanceKlass java/util/function/Predicate$$Lambda$196
instanceKlass org/apache/maven/artifact/resolver/filter/ExclusionArtifactFilter$$Lambda$195
instanceKlass org/apache/maven/artifact/resolver/filter/ExclusionArtifactFilter$$Lambda$194
instanceKlass org/apache/maven/artifact/resolver/filter/ExclusionArtifactFilter
instanceKlass com/sun/tools/javac/comp/ConstFold$1
instanceKlass com/sun/tools/javac/comp/Resolve$4$1
instanceKlass com/sun/tools/javac/comp/Infer$InferenceContext$3
instanceKlass com/sun/tools/javac/comp/DeferredAttr$DeferredAttrNode
instanceKlass com/sun/tools/javac/tree/Pretty$1
instanceKlass com/sun/tools/javac/tree/JCTree$1
instanceKlass sun/nio/fs/BasicFileAttributesHolder
instanceKlass org/apache/maven/plugin/compiler/AbstractCompilerMojo$$Lambda$193
instanceKlass GregorSamsa$2
instanceKlass GregorSamsa$1
instanceKlass GregorSamsa$0
instanceKlass org/apache/maven/ReactorReader$$Lambda$192
instanceKlass org/apache/maven/ReactorReader$$Lambda$191
instanceKlass org/apache/maven/ReactorReader$$Lambda$190
instanceKlass org/apache/maven/plugin/compiler/AbstractCompilerMojo$1
instanceKlass org/apache/maven/shared/utils/io/DirectoryScanResult
instanceKlass org/apache/maven/shared/utils/io/SelectorUtils
instanceKlass org/apache/maven/shared/utils/io/MatchPattern
instanceKlass org/apache/maven/shared/utils/io/MatchPatterns
instanceKlass org/objectweb/asm/ByteVector
instanceKlass org/objectweb/asm/Symbol
instanceKlass org/objectweb/asm/SymbolTable
instanceKlass org/objectweb/asm/FieldVisitor
instanceKlass org/objectweb/asm/MethodVisitor
instanceKlass org/objectweb/asm/AnnotationVisitor
instanceKlass org/objectweb/asm/RecordComponentVisitor
instanceKlass org/objectweb/asm/ModuleVisitor
instanceKlass org/objectweb/asm/ClassVisitor
instanceKlass com/sun/tools/javac/util/JCDiagnostic$SourcePosition
instanceKlass com/sun/tools/javac/api/ClientCodeWrapper$WrappedFileObject
instanceKlass com/sun/tools/javac/util/JCDiagnostic$1
instanceKlass java/util/WeakHashMap$HashIterator
instanceKlass com/sun/tools/javac/api/ClientCodeWrapper$DiagnosticSourceUnwrapper
instanceKlass com/sun/tools/javac/util/Log$2
instanceKlass com/sun/tools/javac/jvm/Pool$MethodHandle$2
instanceKlass com/sun/tools/javac/jvm/Pool$MethodHandle$1
instanceKlass com/sun/tools/javac/jvm/Pool$MethodHandle
instanceKlass com/sun/tools/javac/comp/LambdaToMethod$KlassInfo
instanceKlass com/sun/tools/javac/comp/LambdaToMethod$1
instanceKlass com/sun/tools/javac/comp/LambdaToMethod$LambdaAnalyzerPreprocessor$Frame
instanceKlass com/sun/tools/javac/comp/LambdaToMethod$LambdaAnalyzerPreprocessor$SyntheticMethodNameCounter
instanceKlass com/sun/tools/javac/comp/LambdaToMethod$LambdaAnalyzerPreprocessor$TranslationContext
instanceKlass com/sun/tools/javac/comp/Attr$9
instanceKlass com/sun/tools/javac/comp/Attr$10
instanceKlass com/sun/tools/javac/code/Types$DescriptorCache$Entry
instanceKlass com/sun/tools/javac/comp/Check$7
instanceKlass com/sun/tools/javac/comp/Infer$1
instanceKlass com/sun/tools/javac/comp/Attr$6
instanceKlass com/sun/tools/javac/comp/Attr$1
instanceKlass com/sun/tools/javac/comp/Check$4
instanceKlass com/sun/tools/javac/comp/Infer$InferenceContext$5
instanceKlass com/sun/tools/javac/comp/Check$9
instanceKlass com/sun/tools/javac/code/Kinds$1
instanceKlass com/sun/tools/javac/code/Kinds
instanceKlass com/sun/tools/javac/code/Types$DescriptorFilter
instanceKlass com/sun/tools/javac/comp/DeferredAttr$DeferredType$SpeculativeCache$Entry
instanceKlass com/sun/tools/javac/comp/DeferredAttr$DeferredType$SpeculativeCache
instanceKlass com/sun/tools/javac/comp/Resolve$MostSpecificCheck
instanceKlass com/sun/tools/javac/code/Types$MethodFilter
instanceKlass com/sun/tools/javac/comp/DeferredAttr$5
instanceKlass com/sun/tools/javac/tree/TreeCopier
instanceKlass com/sun/tools/javac/comp/DeferredAttr$6
instanceKlass com/sun/tools/javac/code/Types$MembersClosureCache$MembersScope$1
instanceKlass com/sun/tools/javac/jvm/ClassWriter$StackMapTableFrame
instanceKlass com/sun/tools/javac/jvm/Code$StackMapFrame
instanceKlass com/sun/tools/javac/jvm/Code$Chain
instanceKlass com/sun/tools/javac/comp/Flow$2
instanceKlass com/sun/tools/javac/tree/TreeInfo$1
instanceKlass com/sun/tools/javac/comp/DeferredAttr$DeferredChecker$3
instanceKlass com/sun/tools/javac/comp/DeferredAttr$DeferredChecker$1
instanceKlass com/sun/tools/javac/comp/DeferredAttr$FilterScanner$1
instanceKlass com/sun/tools/javac/comp/DeferredAttr$MethodAnalyzer
instanceKlass com/sun/tools/javac/jvm/ClassFile$NameAndType
instanceKlass com/sun/tools/javac/model/FilteredMemberList$1
instanceKlass com/sun/tools/javac/jvm/Code$LocalVar$Range
instanceKlass com/sun/tools/javac/code/Types$UniqueType
instanceKlass com/sun/tools/javac/jvm/Items
instanceKlass com/sun/tools/javac/jvm/Code$LocalVar
instanceKlass com/sun/tools/javac/jvm/Code$State
instanceKlass com/sun/tools/javac/comp/Infer$IncorporationBinaryOp
instanceKlass java/util/EnumMap$EntryIterator$Entry
instanceKlass java/util/EnumMap$EnumMapIterator
instanceKlass com/sun/tools/javac/code/Type$UndetVar$2
instanceKlass com/sun/tools/javac/util/GraphUtils$Tarjan
instanceKlass com/sun/tools/javac/util/GraphUtils
instanceKlass com/sun/tools/javac/util/GraphUtils$DependencyKind
instanceKlass com/sun/tools/javac/util/GraphUtils$Node
instanceKlass com/sun/tools/javac/comp/Infer$InferenceContext$2
instanceKlass com/sun/tools/javac/comp/Infer$GraphSolver$InferenceGraph
instanceKlass com/sun/tools/javac/comp/Infer$BoundFilter
instanceKlass com/sun/tools/javac/comp/Infer$MultiUndetVarListener
instanceKlass com/sun/tools/javac/comp/Infer$GraphSolver
instanceKlass com/sun/tools/javac/comp/Infer$LeafSolver
instanceKlass com/sun/tools/javac/code/Types$TypePair
instanceKlass com/sun/tools/javac/comp/Check$2
instanceKlass com/sun/tools/javac/comp/Infer$InferenceContext$4
instanceKlass com/sun/tools/javac/code/Type$UndetVar$UndetVarListener
instanceKlass com/sun/tools/javac/comp/Lower$7
instanceKlass com/sun/tools/javac/comp/Resolve$MethodCheckContext
instanceKlass com/sun/tools/javac/jvm/ClassWriter$1
instanceKlass javax/tools/StandardLocation$2
instanceKlass com/sun/tools/javac/jvm/Code$1
instanceKlass com/sun/tools/javac/jvm/Code
instanceKlass com/sun/tools/javac/jvm/Gen$GenContext
instanceKlass com/sun/tools/javac/jvm/Gen$3
instanceKlass com/sun/tools/javac/util/Bits$1
instanceKlass com/sun/tools/javac/util/Bits
instanceKlass com/sun/tools/javac/comp/Flow$BaseAnalyzer$PendingExit
instanceKlass com/sun/tools/javac/code/Scope$CompoundScope$2
instanceKlass com/sun/tools/javac/comp/Check$ClashFilter
instanceKlass com/sun/tools/javac/code/Scope$3$1
instanceKlass com/sun/tools/javac/code/Scope$3
instanceKlass com/sun/tools/javac/code/Scope$CompoundScope$CompoundScopeIterator
instanceKlass com/sun/tools/javac/code/Scope$CompoundScope$1
instanceKlass com/sun/tools/javac/comp/Check$DefaultMethodClashFilter
instanceKlass com/sun/tools/javac/main/JavaCompiler$2
instanceKlass com/sun/tools/javac/code/TypeAnnotations$3
instanceKlass com/sun/tools/javac/code/TypeAnnotationPosition
instanceKlass com/sun/tools/javac/code/TypeAnnotationPosition$TypePathEntry
instanceKlass com/sun/tools/javac/comp/Annotate$AnnotateRepeatedContext
instanceKlass com/sun/tools/javac/code/Flags
instanceKlass com/sun/tools/javac/code/Types$ImplementationCache$Entry
instanceKlass com/sun/tools/javac/comp/Resolve$MethodResolutionContext$Candidate
instanceKlass com/sun/tools/javac/code/Scope$4$1
instanceKlass com/sun/tools/javac/code/Scope$4
instanceKlass com/sun/tools/javac/comp/Resolve$LookupFilter
instanceKlass com/sun/tools/javac/comp/Resolve$5$1
instanceKlass com/sun/tools/javac/comp/Resolve$5
instanceKlass com/sun/tools/javac/comp/Resolve$MethodResolutionContext
instanceKlass com/sun/tools/javac/comp/MemberEnter$8
instanceKlass com/sun/tools/javac/comp/MemberEnter$7
instanceKlass com/sun/tools/javac/code/Symbol$VarSymbol$2
instanceKlass com/sun/tools/javac/code/Types$27
instanceKlass com/sun/tools/javac/code/TypeAnnotations$2
instanceKlass com/sun/tools/javac/code/TypeAnnotations$1
instanceKlass com/sun/tools/javac/tree/TreeMaker$1
instanceKlass com/sun/tools/javac/code/Scope$1
instanceKlass com/sun/tools/javac/comp/MemberEnter$6
instanceKlass com/sun/tools/javac/comp/MemberEnter$5
instanceKlass com/sun/tools/javac/code/SymbolMetadata
instanceKlass com/sun/tools/javac/jvm/ClassReader$AnnotationDeproxy
instanceKlass com/sun/tools/javac/jvm/ClassReader$ProxyVisitor
instanceKlass com/sun/tools/javac/util/Pair
instanceKlass com/sun/tools/javac/comp/Attr$15
instanceKlass com/sun/tools/javac/comp/AttrContext
instanceKlass com/sun/tools/javac/jvm/ClassReader$25
instanceKlass com/sun/tools/javac/file/JavacFileManager$MissingArchive
instanceKlass java/io/RandomAccessFile$1
instanceKlass com/sun/tools/javac/file/ZipFileIndex$Entry
instanceKlass com/sun/tools/javac/file/ZipFileIndex$DirectoryEntry
instanceKlass com/sun/tools/javac/file/ZipFileIndex$ZipDirectory
instanceKlass java/io/RandomAccessFile
instanceKlass com/sun/tools/javac/file/ZipFileIndex
instanceKlass com/sun/tools/javac/file/ZipFileIndexArchive
instanceKlass com/sun/tools/javac/tree/TreeInfo$2
instanceKlass com/sun/tools/javac/util/Position$LineMapImpl
instanceKlass com/sun/tools/javac/util/Position$LineMap
instanceKlass com/sun/tools/javac/util/Position
instanceKlass com/sun/tools/javac/parser/JavacParser$2
instanceKlass com/sun/tools/javac/util/IntHashTable
instanceKlass com/sun/tools/javac/parser/JavaTokenizer$1
instanceKlass com/sun/tools/javac/util/ArrayUtils
instanceKlass com/sun/tools/javac/parser/JavaTokenizer$BasicComment
instanceKlass com/sun/tools/javac/parser/JavacParser$1
instanceKlass com/sun/tools/javac/parser/JavacParser$ErrorRecoveryAction
instanceKlass com/sun/tools/javac/parser/JavacParser$AbstractEndPosTable
instanceKlass com/sun/tools/javac/tree/EndPosTable
instanceKlass com/sun/tools/javac/tree/DocCommentTable
instanceKlass com/sun/tools/javac/parser/JavacParser
instanceKlass com/sun/tools/javac/parser/UnicodeReader
instanceKlass sun/misc/FloatingDecimal$HexFloatPattern
instanceKlass com/sun/tools/javac/parser/Tokens$Comment
instanceKlass com/sun/tools/javac/parser/Scanner
instanceKlass com/sun/source/tree/LineMap
instanceKlass com/sun/tools/javac/util/BaseFileManager$ContentCacheEntry
instanceKlass com/sun/tools/javac/util/DiagnosticSource
instanceKlass com/sun/tools/javac/processing/JavacProcessingEnvironment$DiscoveredProcessors$ProcessorStateIterator
instanceKlass com/sun/tools/javac/processing/JavacProcessingEnvironment$DiscoveredProcessors
instanceKlass com/sun/tools/javac/util/ServiceLoader$1
instanceKlass com/sun/tools/javac/util/ServiceLoader$LazyIterator
instanceKlass com/sun/tools/javac/util/ServiceLoader
instanceKlass javax/annotation/processing/Processor
instanceKlass com/sun/tools/javac/processing/JavacProcessingEnvironment$ServiceIterator
instanceKlass com/sun/tools/javac/util/StringUtils
instanceKlass com/sun/tools/javac/util/ListBuffer$1
instanceKlass com/sun/tools/javac/model/JavacTypes
instanceKlass com/sun/tools/javac/model/JavacElements
instanceKlass com/sun/tools/javac/processing/JavacMessager
instanceKlass com/sun/tools/javac/processing/JavacFiler
instanceKlass java/util/regex/Pattern$CharPropertyNames$CharPropertyFactory
instanceKlass java/util/regex/Pattern$CharPropertyNames
instanceKlass javax/annotation/processing/Messager
instanceKlass javax/annotation/processing/Filer
instanceKlass javax/annotation/processing/RoundEnvironment
instanceKlass com/sun/tools/javac/processing/JavacProcessingEnvironment
instanceKlass com/sun/tools/javac/util/ForwardingDiagnosticFormatter$ForwardingConfiguration
instanceKlass com/sun/tools/javac/code/Types$DefaultSymbolVisitor
instanceKlass com/sun/tools/javac/util/ForwardingDiagnosticFormatter
instanceKlass com/sun/tools/javac/api/MultiTaskListener
instanceKlass com/sun/tools/javac/comp/TransTypes$1
instanceKlass com/sun/tools/javac/jvm/Pool
instanceKlass com/sun/tools/javac/comp/Lower$TreeBuilder
instanceKlass com/sun/tools/javac/jvm/Gen$GenFinalizer
instanceKlass com/sun/tools/javac/jvm/Items$Item
instanceKlass com/sun/tools/javac/parser/JavaTokenizer
instanceKlass com/sun/tools/javac/parser/ScannerFactory
instanceKlass com/sun/tools/javac/parser/Tokens$Token
instanceKlass com/sun/tools/javac/parser/Tokens
instanceKlass com/sun/tools/javac/tree/DocTreeMaker
instanceKlass com/sun/tools/javac/parser/Lexer
instanceKlass com/sun/tools/javac/parser/ParserFactory
instanceKlass com/sun/tools/javac/jvm/JNIWriter
instanceKlass com/sun/tools/javac/code/Types$SignatureGenerator
instanceKlass com/sun/tools/javac/jvm/ClassWriter$AttributeWriter
instanceKlass com/sun/tools/javac/util/ByteBuffer
instanceKlass com/sun/tools/javac/jvm/ClassFile
instanceKlass com/sun/tools/javac/jvm/ClassReader$AttributeReader
instanceKlass com/sun/tools/javac/util/MandatoryWarningHandler
instanceKlass com/sun/tools/javac/tree/TreeInfo
instanceKlass com/sun/tools/javac/comp/DeferredAttr$4
instanceKlass com/sun/tools/javac/comp/DeferredAttr$3
instanceKlass com/sun/tools/javac/comp/DeferredAttr$2
instanceKlass com/sun/tools/javac/comp/DeferredAttr$DeferredAttrContext
instanceKlass com/sun/tools/javac/comp/DeferredAttr$DeferredStuckPolicy
instanceKlass com/sun/tools/javac/comp/DeferredAttr$DeferredTypeCompleter
instanceKlass com/sun/tools/javac/comp/Infer$GraphStrategy
instanceKlass com/sun/tools/javac/comp/Infer$InferenceContext
instanceKlass javax/lang/model/element/TypeParameterElement
instanceKlass com/sun/tools/javac/comp/Infer
instanceKlass com/sun/tools/javac/code/DeferredLintHandler$1
instanceKlass com/sun/tools/javac/code/DeferredLintHandler
instanceKlass com/sun/tools/javac/code/TypeAnnotations
instanceKlass com/sun/tools/javac/comp/TypeEnvs
instanceKlass com/sun/tools/javac/comp/ConstFold
instanceKlass javax/lang/model/element/AnnotationMirror
instanceKlass com/sun/tools/javac/comp/Annotate
instanceKlass com/sun/tools/javac/tree/TreeMaker$AnnotationBuilder
instanceKlass com/sun/tools/javac/tree/TreeMaker
instanceKlass com/sun/tools/javac/tree/JCTree$Factory
instanceKlass com/sun/tools/javac/comp/Env
instanceKlass com/sun/tools/javac/comp/Flow
instanceKlass com/sun/source/util/SimpleTreeVisitor
instanceKlass com/sun/tools/javac/comp/Attr$14
instanceKlass javax/lang/model/type/UnionType
instanceKlass com/sun/tools/javac/comp/Check$NestedCheckContext
instanceKlass com/sun/source/tree/AnnotatedTypeTree
instanceKlass com/sun/source/tree/IntersectionTypeTree
instanceKlass com/sun/source/tree/TypeParameterTree
instanceKlass com/sun/source/tree/SynchronizedTree
instanceKlass com/sun/source/tree/WhileLoopTree
instanceKlass com/sun/source/tree/BinaryTree
instanceKlass com/sun/source/tree/ContinueTree
instanceKlass com/sun/source/tree/UnaryTree
instanceKlass com/sun/source/tree/ThrowTree
instanceKlass com/sun/source/tree/TypeCastTree
instanceKlass com/sun/source/tree/TryTree
instanceKlass com/sun/source/tree/SwitchTree
instanceKlass com/sun/source/tree/ForLoopTree
instanceKlass com/sun/source/tree/ErroneousTree
instanceKlass com/sun/source/tree/BlockTree
instanceKlass com/sun/source/tree/ReturnTree
instanceKlass com/sun/source/tree/NewArrayTree
instanceKlass com/sun/source/tree/AssertTree
instanceKlass com/sun/source/tree/LiteralTree
instanceKlass com/sun/source/tree/ImportTree
instanceKlass com/sun/source/tree/CaseTree
instanceKlass com/sun/source/tree/ModifiersTree
instanceKlass com/sun/source/tree/IfTree
instanceKlass com/sun/source/tree/BreakTree
instanceKlass com/sun/source/tree/CatchTree
instanceKlass com/sun/source/tree/AssignmentTree
instanceKlass com/sun/source/tree/EnhancedForLoopTree
instanceKlass com/sun/source/tree/ConditionalExpressionTree
instanceKlass com/sun/source/tree/MemberReferenceTree
instanceKlass com/sun/source/tree/ArrayTypeTree
instanceKlass com/sun/source/tree/ArrayAccessTree
instanceKlass com/sun/source/tree/LabeledStatementTree
instanceKlass com/sun/source/tree/CompoundAssignmentTree
instanceKlass com/sun/source/tree/InstanceOfTree
instanceKlass com/sun/source/tree/ExpressionStatementTree
instanceKlass com/sun/source/tree/VariableTree
instanceKlass com/sun/source/tree/UnionTypeTree
instanceKlass com/sun/source/tree/EmptyStatementTree
instanceKlass com/sun/source/tree/DoWhileLoopTree
instanceKlass com/sun/source/tree/MethodInvocationTree
instanceKlass com/sun/source/tree/PrimitiveTypeTree
instanceKlass com/sun/source/tree/ParameterizedTypeTree
instanceKlass com/sun/source/tree/ParenthesizedTree
instanceKlass com/sun/source/tree/LambdaExpressionTree
instanceKlass com/sun/source/tree/WildcardTree
instanceKlass com/sun/tools/javac/api/Formattable$LocalizedString
instanceKlass com/sun/tools/javac/api/Formattable
instanceKlass com/sun/tools/javac/comp/Resolve$7
instanceKlass com/sun/tools/javac/comp/Resolve$6
instanceKlass com/sun/tools/javac/comp/Attr$ResultInfo
instanceKlass com/sun/tools/javac/comp/Resolve$AbstractMethodCheck
instanceKlass com/sun/tools/javac/comp/Resolve$2
instanceKlass com/sun/tools/javac/comp/Resolve$LogResolveHelper
instanceKlass com/sun/tools/javac/comp/Resolve$LookupHelper
instanceKlass com/sun/tools/javac/comp/Resolve$MethodCheck
instanceKlass com/sun/tools/javac/comp/Resolve
instanceKlass com/sun/tools/javac/comp/Check$6
instanceKlass com/sun/tools/javac/comp/Check$1
instanceKlass com/sun/tools/javac/comp/Check$CheckContext
instanceKlass com/sun/tools/javac/tree/JCTree$Visitor
instanceKlass com/sun/source/tree/AnnotationTree
instanceKlass com/sun/source/tree/NewClassTree
instanceKlass com/sun/tools/javac/code/DeferredLintHandler$LintLogger
instanceKlass com/sun/source/tree/MethodTree
instanceKlass com/sun/tools/javac/util/Warner
instanceKlass com/sun/tools/javac/comp/Infer$FreeTypeListener
instanceKlass com/sun/tools/javac/comp/Check
instanceKlass com/sun/tools/javac/code/Types$ImplementationCache
instanceKlass com/sun/tools/javac/code/Types$3
instanceKlass com/sun/tools/javac/util/JCDiagnostic
instanceKlass com/sun/tools/javac/code/Types$DescriptorCache$FunctionDescriptor
instanceKlass com/sun/tools/javac/code/Types$DescriptorCache
instanceKlass com/sun/tools/javac/code/Type$Mapping
instanceKlass com/sun/tools/javac/code/Types$DefaultTypeVisitor
instanceKlass com/sun/tools/javac/code/Scope$ScopeListener
instanceKlass javax/lang/model/type/IntersectionType
instanceKlass com/sun/tools/javac/code/Types
instanceKlass com/sun/tools/javac/code/Symtab$2
instanceKlass com/sun/tools/javac/code/Symtab$1
instanceKlass com/sun/tools/javac/code/Symbol$MethodSymbol$2
instanceKlass com/sun/tools/javac/code/Scope$2
instanceKlass com/sun/tools/javac/code/Scope$Entry
instanceKlass com/sun/tools/javac/util/Filter
instanceKlass com/sun/tools/javac/util/Assert
instanceKlass java/lang/annotation/Repeatable
instanceKlass javax/lang/model/type/NullType
instanceKlass com/sun/tools/javac/code/Symtab
instanceKlass com/sun/tools/javac/jvm/ClassReader$1
instanceKlass com/sun/tools/javac/code/Symbol$Completer
instanceKlass com/sun/tools/javac/code/Attribute
instanceKlass javax/lang/model/element/AnnotationValue
instanceKlass com/sun/tools/javac/comp/Annotate$Worker
instanceKlass javax/lang/model/type/NoType
instanceKlass javax/lang/model/type/ExecutableType
instanceKlass com/sun/tools/javac/code/Scope
instanceKlass com/sun/tools/javac/jvm/ClassReader
instanceKlass com/sun/tools/javac/util/Convert
instanceKlass com/sun/tools/javac/util/Name
instanceKlass javax/lang/model/element/Name
instanceKlass com/sun/tools/javac/util/Name$Table
instanceKlass com/sun/tools/javac/util/Names
instanceKlass com/sun/tools/javac/main/JavaCompiler$1
instanceKlass com/sun/tools/javac/jvm/ClassReader$SourceCompleter
instanceKlass com/sun/source/tree/ClassTree
instanceKlass com/sun/source/tree/StatementTree
instanceKlass com/sun/source/tree/MemberSelectTree
instanceKlass com/sun/source/tree/IdentifierTree
instanceKlass javax/lang/model/element/PackageElement
instanceKlass com/sun/source/tree/CompilationUnitTree
instanceKlass javax/lang/model/element/TypeElement
instanceKlass javax/lang/model/element/QualifiedNameable
instanceKlass com/sun/tools/javac/main/JavaCompiler
instanceKlass com/sun/tools/javac/file/CacheFSInfo$1
instanceKlass com/sun/tools/javac/main/CommandLine
instanceKlass com/sun/tools/javac/parser/Parser
instanceKlass com/sun/tools/javac/api/JavacTaskImpl$Filter
instanceKlass javax/lang/model/util/Types
instanceKlass javax/lang/model/util/Elements
instanceKlass javax/annotation/processing/ProcessingEnvironment
instanceKlass com/sun/tools/javac/main/Main
instanceKlass com/sun/source/util/TreeScanner
instanceKlass com/sun/source/tree/TreeVisitor
instanceKlass com/sun/tools/doclint/DocLint
instanceKlass com/sun/source/util/Plugin
instanceKlass com/sun/tools/javac/api/ClientCodeWrapper$WrappedDiagnosticListener
instanceKlass com/sun/tools/javac/api/ClientCodeWrapper$Trusted
instanceKlass com/sun/source/util/TaskListener
instanceKlass com/sun/tools/javac/api/ClientCodeWrapper
instanceKlass com/sun/tools/javac/file/BaseFileObject
instanceKlass com/sun/tools/javac/file/ZipFileIndexCache
instanceKlass com/sun/tools/javac/file/FSInfo
instanceKlass com/sun/tools/javac/code/Lint$AugmentVisitor
instanceKlass com/sun/tools/javac/code/Attribute$Visitor
instanceKlass java/util/concurrent/ConcurrentHashMap$MapEntry
instanceKlass com/sun/tools/javac/util/Log$1
instanceKlass com/sun/tools/javac/util/JCDiagnostic$Factory$1
instanceKlass com/sun/tools/javac/util/Options
instanceKlass javax/lang/model/element/ExecutableElement
instanceKlass javax/lang/model/element/Parameterizable
instanceKlass javax/lang/model/type/WildcardType
instanceKlass javax/lang/model/type/PrimitiveType
instanceKlass javax/lang/model/type/ErrorType
instanceKlass javax/lang/model/type/DeclaredType
instanceKlass javax/lang/model/type/ArrayType
instanceKlass javax/lang/model/type/TypeVariable
instanceKlass javax/lang/model/type/ReferenceType
instanceKlass javax/lang/model/type/TypeMirror
instanceKlass javax/lang/model/element/VariableElement
instanceKlass com/sun/tools/javac/code/AnnoConstruct
instanceKlass javax/lang/model/element/Element
instanceKlass javax/lang/model/AnnotatedConstruct
instanceKlass com/sun/tools/javac/util/AbstractDiagnosticFormatter$SimpleConfiguration
instanceKlass com/sun/tools/javac/code/Printer
instanceKlass com/sun/tools/javac/code/Symbol$Visitor
instanceKlass com/sun/tools/javac/code/Type$Visitor
instanceKlass com/sun/source/tree/ExpressionTree
instanceKlass com/sun/tools/javac/tree/JCTree
instanceKlass com/sun/source/tree/Tree
instanceKlass com/sun/tools/javac/api/DiagnosticFormatter$Configuration
instanceKlass com/sun/tools/javac/util/AbstractDiagnosticFormatter
instanceKlass com/sun/tools/javac/util/List$3
instanceKlass com/sun/tools/javac/util/List$2
instanceKlass com/sun/tools/javac/util/JavacMessages
instanceKlass com/sun/tools/javac/api/Messages
instanceKlass com/sun/tools/javac/util/JCDiagnostic$Factory
instanceKlass java/util/RegularEnumSet$EnumSetIterator
instanceKlass com/sun/tools/javac/file/Locations$LocationHandler
instanceKlass com/sun/tools/javac/file/Locations
instanceKlass com/sun/tools/javac/util/BaseFileManager$ByteBufferCache
instanceKlass com/sun/tools/javac/code/Lint
instanceKlass com/sun/tools/javac/file/JavacFileManager$Archive
instanceKlass javax/tools/JavaFileManager$Location
instanceKlass com/sun/tools/javac/file/RelativePath
instanceKlass javax/tools/JavaFileObject
instanceKlass javax/tools/FileObject
instanceKlass com/sun/tools/javac/util/BaseFileManager
instanceKlass com/sun/tools/javac/util/Log$DiagnosticHandler
instanceKlass com/sun/tools/javac/api/DiagnosticFormatter
instanceKlass com/sun/tools/javac/util/JCDiagnostic$DiagnosticPosition
instanceKlass com/sun/tools/javac/util/AbstractLog
instanceKlass com/sun/tools/javac/util/Context$Factory
instanceKlass com/sun/tools/javac/util/Context$Key
instanceKlass com/sun/tools/javac/util/Context
instanceKlass javax/tools/DiagnosticCollector
instanceKlass org/codehaus/plexus/compiler/javac/JavaxToolsCompiler$1
instanceKlass org/codehaus/plexus/compiler/javac/JavacCompiler$JavaVersion$$Lambda$189
instanceKlass java/util/StringJoiner
instanceKlass org/codehaus/plexus/util/StringUtils
instanceKlass org/apache/maven/shared/utils/io/DirectoryScanner
instanceKlass org/apache/maven/shared/utils/io/FileUtils
instanceKlass java/util/stream/SortedOps$RefSortingSink$$Lambda$188
instanceKlass org/apache/maven/plugin/compiler/AbstractCompilerMojo$$Lambda$187
instanceKlass org/apache/maven/plugin/compiler/AbstractCompilerMojo$$Lambda$186
instanceKlass java/util/Collections$ReverseComparator
instanceKlass java/nio/file/Files$$Lambda$185
instanceKlass java/nio/file/Files$$Lambda$184
instanceKlass java/nio/file/FileTreeWalker$Event
instanceKlass sun/nio/fs/WindowsDirectoryStream$WindowsDirectoryIterator
instanceKlass java/nio/file/FileTreeWalker$DirectoryNode
instanceKlass sun/nio/fs/WindowsDirectoryStream
instanceKlass java/nio/file/DirectoryStream
instanceKlass java/nio/file/Files$AcceptAllFilter
instanceKlass java/nio/file/DirectoryStream$Filter
instanceKlass java/nio/file/FileTreeWalker
instanceKlass java/nio/file/FileTreeIterator
instanceKlass org/apache/maven/shared/utils/logging/AnsiMessageBuilder
instanceKlass org/apache/maven/shared/utils/logging/LoggerLevelRenderer
instanceKlass org/apache/maven/shared/utils/logging/MessageUtils
instanceKlass org/apache/maven/plugin/compiler/AbstractCompilerMojo$$Lambda$183
instanceKlass org/apache/maven/plugin/compiler/DeltaList
instanceKlass sun/nio/fs/WindowsChannelFactory$2
instanceKlass org/apache/maven/plugin/compiler/AbstractCompilerMojo$$Lambda$182
instanceKlass java/nio/file/attribute/FileTime$1
instanceKlass org/codehaus/plexus/util/io/InputStreamFacade
instanceKlass org/codehaus/plexus/util/BaseFileUtils
instanceKlass org/apache/maven/plugin/compiler/AbstractCompilerMojo$$Lambda$181
instanceKlass org/apache/maven/plugin/compiler/AbstractCompilerMojo$$Lambda$180
instanceKlass org/apache/maven/plugin/compiler/AbstractCompilerMojo$$Lambda$179
instanceKlass org/apache/maven/shared/incremental/IncrementalBuildHelperRequest
instanceKlass org/codehaus/plexus/util/SelectorUtils
instanceKlass org/codehaus/plexus/util/MatchPatterns
instanceKlass org/codehaus/plexus/util/MatchPattern
instanceKlass org/codehaus/plexus/util/AbstractScanner
instanceKlass org/codehaus/plexus/util/Scanner
instanceKlass org/codehaus/plexus/compiler/util/scan/mapping/SuffixMapping
instanceKlass org/codehaus/plexus/compiler/util/scan/AbstractSourceInclusionScanner
instanceKlass org/apache/maven/shared/utils/StringUtils
instanceKlass com/sun/tools/javac/main/OptionHelper
instanceKlass com/sun/source/util/JavacTask
instanceKlass javax/tools/JavaCompiler$CompilationTask
instanceKlass javax/tools/StandardJavaFileManager
instanceKlass com/sun/tools/javac/api/JavacTool
instanceKlass java/net/URLClassLoader$6
instanceKlass javax/tools/ToolProvider
instanceKlass java/util/concurrent/ConcurrentLinkedDeque$Node
instanceKlass org/codehaus/plexus/compiler/PlexusLoggerWrapper
instanceKlass org/eclipse/sisu/wire/ProviderIterableAdapter$ProviderEntry
instanceKlass org/eclipse/sisu/wire/ProviderIterableAdapter$ProviderIterator
instanceKlass org/apache/maven/plugin/internal/AbstractMavenPluginDescriptorSourcedParametersValidator$$Lambda$178
instanceKlass org/eclipse/sisu/wire/ProviderIterableAdapter
instanceKlass org/apache/maven/toolchain/DefaultToolchainManager$$FastClassByGuice$$217500099
instanceKlass org/apache/maven/plugin/compiler/CompilerMojo$$FastClassByGuice$$216373027
instanceKlass org/codehaus/plexus/compiler/javac/JavaxToolsCompiler$$FastClassByGuice$$216004865
instanceKlass org/codehaus/plexus/compiler/javac/JavacCompiler$$FastClassByGuice$$214756499
instanceKlass org/codehaus/plexus/compiler/manager/DefaultCompilerManager$$FastClassByGuice$$213698978
instanceKlass org/codehaus/plexus/languages/java/jpms/LocationManager$$FastClassByGuice$$212673913
instanceKlass org/eclipse/sisu/wire/BeanProviders$2
instanceKlass javax/tools/Diagnostic
instanceKlass javax/tools/JavaCompiler
instanceKlass javax/tools/Tool
instanceKlass javax/tools/JavaFileManager
instanceKlass javax/tools/OptionChecker
instanceKlass javax/tools/DiagnosticListener
instanceKlass org/codehaus/plexus/compiler/CompilerMessage
instanceKlass org/codehaus/plexus/util/cli/StreamConsumer
instanceKlass org/codehaus/plexus/compiler/CompilerOutputStyle
instanceKlass org/codehaus/plexus/languages/java/jpms/ResolvePathsRequest
instanceKlass org/codehaus/plexus/languages/java/jpms/ResolvePathRequest
instanceKlass org/codehaus/plexus/languages/java/jpms/ResolvePathResult
instanceKlass org/codehaus/plexus/languages/java/jpms/ManifestModuleNameExtractor
instanceKlass org/codehaus/plexus/languages/java/jpms/SourceModuleInfoParser
instanceKlass org/codehaus/plexus/languages/java/jpms/ModuleInfoParser
instanceKlass org/codehaus/plexus/languages/java/jpms/ModuleNameExtractor
instanceKlass org/codehaus/plexus/languages/java/jpms/JavaModuleDescriptor
instanceKlass org/codehaus/plexus/languages/java/jpms/ResolvePathsResult
instanceKlass org/apache/maven/shared/utils/logging/MessageBuilder
instanceKlass java/time/Instant
instanceKlass org/codehaus/plexus/compiler/CompilerResult
instanceKlass org/apache/maven/shared/incremental/IncrementalBuildHelper
instanceKlass org/apache/maven/plugin/compiler/DependencyCoordinate
instanceKlass org/codehaus/plexus/compiler/util/scan/SourceInclusionScanner
instanceKlass org/codehaus/plexus/compiler/CompilerConfiguration
instanceKlass org/codehaus/plexus/compiler/util/scan/mapping/SourceMapping
instanceKlass org/codehaus/plexus/compiler/javac/JavaxToolsCompiler
instanceKlass org/codehaus/plexus/compiler/javac/InProcessCompiler
instanceKlass org/codehaus/plexus/compiler/AbstractCompiler
instanceKlass org/codehaus/plexus/compiler/Compiler
instanceKlass org/codehaus/plexus/compiler/manager/DefaultCompilerManager
instanceKlass org/codehaus/plexus/compiler/manager/CompilerManager
instanceKlass org/codehaus/plexus/languages/java/jpms/LocationManager
instanceKlass org/apache/maven/artifact/resolver/filter/AbstractScopeArtifactFilter
instanceKlass org/codehaus/plexus/interpolation/RecursionInterceptor
instanceKlass org/codehaus/plexus/interpolation/AbstractValueSource
instanceKlass org/apache/maven/plugins/resources/MavenBuildTimestamp
instanceKlass org/apache/maven/shared/filtering/FilterWrapper
instanceKlass java/lang/Character$Subset
instanceKlass org/apache/commons/lang3/StringUtils
instanceKlass org/sonatype/plexus/build/incremental/DefaultBuildContext$$FastClassByGuice$$211631733
instanceKlass org/apache/maven/plugins/resources/ResourcesMojo$$FastClassByGuice$$209868151
instanceKlass org/apache/maven/shared/filtering/DefaultMavenResourcesFiltering$$FastClassByGuice$$209033832
instanceKlass org/apache/maven/shared/filtering/DefaultMavenReaderFilter$$FastClassByGuice$$207814078
instanceKlass org/apache/maven/shared/filtering/DefaultMavenFileFilter$$FastClassByGuice$$207546421
instanceKlass org/codehaus/plexus/interpolation/Interpolator
instanceKlass org/codehaus/plexus/interpolation/BasicInterpolator
instanceKlass org/codehaus/plexus/interpolation/ValueSource
instanceKlass org/codehaus/plexus/util/Scanner
instanceKlass org/apache/maven/shared/filtering/AbstractMavenFilteringRequest
instanceKlass org/apache/maven/shared/filtering/DefaultMavenResourcesFiltering
instanceKlass org/apache/maven/shared/filtering/MavenResourcesFiltering
instanceKlass org/apache/maven/shared/filtering/MavenReaderFilter
instanceKlass org/apache/maven/shared/filtering/BaseFilter
instanceKlass org/apache/maven/shared/filtering/MavenFileFilter
instanceKlass org/apache/maven/shared/filtering/DefaultFilterInfo
instanceKlass org/sonatype/plexus/build/incremental/BuildContext
instanceKlass org/apache/maven/utils/Os$$Lambda$177
instanceKlass org/apache/maven/utils/Os
instanceKlass org/apache/maven/model/building/DefaultModelBuilder$$Lambda$176
instanceKlass org/apache/maven/model/building/DefaultModelBuilder$$Lambda$175
instanceKlass org/apache/maven/model/building/DefaultModelBuilder$$Lambda$174
instanceKlass org/apache/maven/model/building/DefaultModelBuilder$$Lambda$173
instanceKlass org/apache/maven/model/building/DefaultModelBuilder$$Lambda$172
instanceKlass org/apache/maven/RepositoryUtils$$Lambda$171
instanceKlass org/apache/maven/RepositoryUtils$$Lambda$170
instanceKlass org/apache/maven/project/DefaultDependencyResolutionRequest
instanceKlass org/apache/maven/lifecycle/internal/LifecycleDependencyResolver$ReactorDependencyFilter
instanceKlass com/sun/org/apache/xml/internal/serializer/WriterChain
instanceKlass com/sun/org/apache/xalan/internal/xsltc/util/IntegerArray
instanceKlass com/sun/org/apache/xml/internal/serializer/EncodingInfo$EncodingImpl
instanceKlass com/sun/org/apache/xml/internal/serializer/EncodingInfo$InEncoding
instanceKlass com/sun/org/apache/xalan/internal/xsltc/dom/DOMAdapter
instanceKlass java/util/ResourceBundle$Control$1
instanceKlass com/sun/org/apache/xalan/internal/utils/SecuritySupport$8
instanceKlass com/sun/org/apache/xalan/internal/xsltc/runtime/BasisLibrary
instanceKlass com/sun/org/apache/xml/internal/dtm/ref/DTMAxisIteratorBase
instanceKlass com/sun/org/apache/xerces/internal/impl/ExternalSubsetResolver
instanceKlass com/sun/org/apache/xerces/internal/util/EntityResolverWrapper
instanceKlass org/apache/commons/lang/ArrayUtils
instanceKlass org/apache/rat/analysis/HeaderCheckWorker
instanceKlass org/apache/rat/analysis/DocumentHeaderAnalyser
instanceKlass org/apache/rat/document/impl/guesser/BinaryGuesser
instanceKlass org/apache/rat/document/impl/guesser/ArchiveGuesser
instanceKlass org/apache/commons/lang/StringUtils
instanceKlass com/sun/org/apache/xerces/internal/util/ErrorHandlerWrapper
instanceKlass com/sun/org/apache/xerces/internal/xni/parser/XMLErrorHandler
instanceKlass com/sun/org/apache/xml/internal/utils/IntVector
instanceKlass com/sun/org/apache/xml/internal/utils/FastStringBuffer
instanceKlass com/sun/org/apache/xml/internal/dtm/ref/DTMStringPool
instanceKlass com/sun/org/apache/xml/internal/dtm/ref/DTMTreeWalker
instanceKlass com/sun/org/apache/xml/internal/utils/SuballocatedIntVector
instanceKlass com/sun/org/apache/xml/internal/dtm/ref/EmptyIterator
instanceKlass org/apache/rat/document/impl/guesser/GuessUtils
instanceKlass com/sun/org/apache/xml/internal/utils/XMLStringDefault
instanceKlass com/sun/org/apache/xml/internal/utils/XMLString
instanceKlass org/apache/rat/document/impl/DocumentImplUtils
instanceKlass org/apache/rat/document/impl/guesser/NoteGuesser
instanceKlass com/sun/org/apache/xml/internal/dtm/ref/DTMDefaultBase
instanceKlass org/apache/rat/mp/FilesReportable$FileDocument
instanceKlass org/apache/commons/lang/Validate
instanceKlass com/sun/org/apache/xalan/internal/xsltc/dom/DOMBuilder
instanceKlass org/apache/commons/lang/time/FastDateFormat$StringLiteral
instanceKlass com/sun/org/apache/xalan/internal/xsltc/dom/ExtendedSAX
instanceKlass com/sun/org/apache/xalan/internal/xsltc/DOMEnhancedForDTM
instanceKlass org/apache/commons/lang/time/FastDateFormat$TimeZoneNumberRule
instanceKlass com/sun/org/apache/xml/internal/utils/XMLReaderManager$ReaderWrapper
instanceKlass org/apache/commons/lang/time/FastDateFormat$TwoDigitNumberField
instanceKlass org/apache/commons/lang/time/FastDateFormat$TwoDigitMonthField
instanceKlass com/sun/org/apache/xml/internal/dtm/ref/ExpandedNameTable$HashEntry
instanceKlass com/sun/org/apache/xml/internal/dtm/ref/ExtendedType
instanceKlass org/apache/commons/lang/time/FastDateFormat$CharacterLiteral
instanceKlass com/sun/org/apache/xml/internal/dtm/ref/ExpandedNameTable
instanceKlass org/xml/sax/helpers/DefaultHandler
instanceKlass org/xml/sax/EntityResolver
instanceKlass com/sun/org/apache/xml/internal/dtm/DTM
instanceKlass org/apache/commons/lang/time/FastDateFormat$PaddedNumberField
instanceKlass com/sun/org/apache/xml/internal/dtm/DTMManager
instanceKlass com/sun/org/apache/xalan/internal/xsltc/StripFilter
instanceKlass org/apache/commons/lang/text/StrTokenizer
instanceKlass org/apache/commons/lang/text/StrBuilder
instanceKlass org/apache/commons/lang/time/FastDateFormat$Pair
instanceKlass org/apache/commons/lang/time/FastDateFormat$NumberRule
instanceKlass org/apache/commons/lang/time/FastDateFormat$TextField
instanceKlass org/apache/commons/lang/time/FastDateFormat$Rule
instanceKlass org/apache/commons/lang/time/DateFormatUtils
instanceKlass java/nio/charset/Charset$1
instanceKlass java/nio/charset/Charset$2
instanceKlass org/apache/rat/report/claim/util/ClaimReporterMultiplexer
instanceKlass org/apache/rat/document/impl/util/DocumentAnalyserMultiplexer
instanceKlass java/util/ComparableTimSort
instanceKlass org/apache/rat/policy/DefaultPolicy
instanceKlass org/apache/rat/analysis/DefaultAnalyserFactory$DefaultAnalyser
instanceKlass org/apache/rat/analysis/DefaultAnalyserFactory
instanceKlass org/apache/rat/report/AbstractReport
instanceKlass org/apache/rat/report/RatReport
instanceKlass org/apache/rat/document/IDocumentAnalyser
instanceKlass java/nio/charset/Charset$ExtendedProviderHolder$1
instanceKlass java/nio/charset/Charset$ExtendedProviderHolder
instanceKlass org/apache/rat/report/xml/XmlReportFactory
instanceKlass org/apache/commons/collections/Buffer
instanceKlass com/sun/org/apache/xalan/internal/utils/SecuritySupport$7
instanceKlass com/sun/org/apache/xml/internal/serializer/Encodings$EncodingInfos
instanceKlass com/sun/org/apache/xml/internal/serializer/Encodings
instanceKlass com/sun/org/apache/xml/internal/serializer/EncodingInfo
instanceKlass com/sun/org/apache/xml/internal/serializer/ToStream$BoolStack
instanceKlass com/sun/org/apache/xml/internal/serializer/ElemContext
instanceKlass com/sun/org/apache/xml/internal/serializer/SerializerBase
instanceKlass com/sun/org/apache/xml/internal/serializer/SerializerConstants
instanceKlass javax/xml/transform/dom/DOMResult
instanceKlass javax/xml/transform/stax/StAXResult
instanceKlass javax/xml/transform/sax/SAXResult
instanceKlass com/sun/org/apache/xalan/internal/xsltc/runtime/output/TransletOutputHandlerFactory
instanceKlass org/apache/rat/report/xml/writer/impl/base/XmlWriter
instanceKlass javax/xml/transform/stream/StreamResult
instanceKlass com/sun/org/apache/xml/internal/utils/XMLReaderManager
instanceKlass java/util/Collections$EmptyEnumeration
instanceKlass com/sun/org/apache/xml/internal/serializer/OutputPropertiesFactory$1
instanceKlass com/sun/org/apache/xml/internal/serializer/OutputPropertiesFactory
instanceKlass com/sun/org/apache/xml/internal/serializer/EmptySerializer
instanceKlass com/sun/org/apache/xml/internal/serializer/SerializationHandler
instanceKlass com/sun/org/apache/xml/internal/serializer/Serializer
instanceKlass com/sun/org/apache/xml/internal/serializer/DOMSerializer
instanceKlass org/xml/sax/ErrorHandler
instanceKlass org/xml/sax/DTDHandler
instanceKlass org/xml/sax/ext/DeclHandler
instanceKlass com/sun/org/apache/xml/internal/serializer/XSLOutputAttributes
instanceKlass com/sun/org/apache/xml/internal/serializer/ExtendedLexicalHandler
instanceKlass org/xml/sax/ext/LexicalHandler
instanceKlass com/sun/org/apache/xml/internal/serializer/ExtendedContentHandler
instanceKlass com/sun/org/apache/xalan/internal/xsltc/DOM
instanceKlass com/sun/org/apache/xml/internal/dtm/DTMAxisIterator
instanceKlass com/sun/org/apache/xalan/internal/xsltc/runtime/AbstractTranslet
instanceKlass com/sun/org/apache/xalan/internal/xsltc/Translet
instanceKlass com/sun/org/apache/xalan/internal/xsltc/dom/CurrentNodeListFilter
instanceKlass com/sun/org/apache/xalan/internal/xsltc/trax/TemplatesImpl$1
instanceKlass javax/xml/transform/Transformer
instanceKlass com/sun/org/apache/xalan/internal/xsltc/DOMCache
instanceKlass com/sun/org/apache/xalan/internal/xsltc/trax/TemplatesImpl
instanceKlass javax/xml/transform/Templates
instanceKlass com/sun/org/apache/bcel/internal/util/InstructionFinder
instanceKlass com/sun/org/apache/bcel/internal/generic/SWITCH
instanceKlass com/sun/org/apache/bcel/internal/generic/MethodGen$BranchTarget
instanceKlass com/sun/org/apache/bcel/internal/util/SyntheticRepository
instanceKlass com/sun/org/apache/bcel/internal/util/Repository
instanceKlass com/sun/org/apache/bcel/internal/classfile/JavaClass$1
instanceKlass com/sun/org/apache/bcel/internal/classfile/LocalVariable
instanceKlass com/sun/org/apache/xml/internal/dtm/Axis
instanceKlass com/sun/org/apache/xalan/internal/xsltc/runtime/Operators
instanceKlass com/sun/org/apache/bcel/internal/generic/AllocationInstruction
instanceKlass com/sun/org/apache/bcel/internal/generic/PUSH
instanceKlass com/sun/org/apache/bcel/internal/generic/VariableLengthInstruction
instanceKlass com/sun/org/apache/bcel/internal/generic/CompoundInstruction
instanceKlass com/sun/org/apache/xalan/internal/xsltc/compiler/TestSeq
instanceKlass java/util/Vector$1
instanceKlass com/sun/org/apache/xalan/internal/xsltc/compiler/Mode
instanceKlass com/sun/org/apache/bcel/internal/classfile/Method$1
instanceKlass com/sun/org/apache/bcel/internal/classfile/CodeException
instanceKlass com/sun/org/apache/bcel/internal/generic/MethodGen$BranchStack
instanceKlass com/sun/org/apache/bcel/internal/generic/CodeExceptionGen
instanceKlass com/sun/org/apache/bcel/internal/generic/MethodGen$2
instanceKlass com/sun/org/apache/bcel/internal/generic/UnconditionalBranch
instanceKlass com/sun/org/apache/bcel/internal/generic/ConstantPushInstruction
instanceKlass com/sun/org/apache/bcel/internal/generic/InstructionConst
instanceKlass com/sun/org/apache/bcel/internal/generic/InstructionHandle
instanceKlass com/sun/org/apache/xalan/internal/xsltc/compiler/util/SlotAllocator
instanceKlass com/sun/org/apache/bcel/internal/generic/LoadClass
instanceKlass com/sun/org/apache/bcel/internal/generic/ExceptionThrower
instanceKlass com/sun/org/apache/bcel/internal/generic/PopInstruction
instanceKlass com/sun/org/apache/bcel/internal/generic/StackConsumer
instanceKlass com/sun/org/apache/xalan/internal/xsltc/compiler/util/MethodGenerator$LocalVariableRegistry
instanceKlass com/sun/org/apache/bcel/internal/generic/LocalVariableGen
instanceKlass com/sun/org/apache/bcel/internal/generic/InstructionTargeter
instanceKlass com/sun/org/apache/bcel/internal/generic/MethodGen$1
instanceKlass com/sun/org/apache/bcel/internal/generic/InstructionList
instanceKlass com/sun/org/apache/bcel/internal/classfile/Field$1
instanceKlass com/sun/org/apache/bcel/internal/generic/AnnotationEntryGen
instanceKlass com/sun/org/apache/bcel/internal/Const
instanceKlass com/sun/org/apache/bcel/internal/generic/Type
instanceKlass com/sun/org/apache/bcel/internal/generic/FieldGen$1
instanceKlass com/sun/org/apache/bcel/internal/generic/NamedAndTyped
instanceKlass com/sun/org/apache/bcel/internal/generic/InstructionComparator$1
instanceKlass com/sun/org/apache/bcel/internal/generic/InstructionComparator
instanceKlass com/sun/org/apache/bcel/internal/generic/Instruction
instanceKlass com/sun/org/apache/bcel/internal/generic/IndexedInstruction
instanceKlass com/sun/org/apache/bcel/internal/generic/TypedInstruction
instanceKlass com/sun/org/apache/bcel/internal/generic/PushInstruction
instanceKlass com/sun/org/apache/bcel/internal/generic/StackProducer
instanceKlass com/sun/org/apache/bcel/internal/classfile/ConstantObject
instanceKlass com/sun/org/apache/bcel/internal/classfile/Utility
instanceKlass com/sun/org/apache/bcel/internal/util/Args
instanceKlass com/sun/org/apache/bcel/internal/classfile/ConstantPool
instanceKlass com/sun/org/apache/bcel/internal/classfile/Constant$1
instanceKlass com/sun/org/apache/bcel/internal/classfile/Attribute
instanceKlass com/sun/org/apache/bcel/internal/classfile/Constant
instanceKlass com/sun/org/apache/bcel/internal/classfile/Node
instanceKlass com/sun/org/apache/bcel/internal/generic/ConstantPoolGen
instanceKlass com/sun/org/apache/bcel/internal/generic/ClassGen$1
instanceKlass com/sun/org/apache/bcel/internal/util/BCELComparator
instanceKlass com/sun/org/apache/bcel/internal/classfile/AccessFlags
instanceKlass com/sun/org/apache/xalan/internal/xsltc/compiler/FunctionCall$JavaType
instanceKlass org/w3c/dom/NodeList
instanceKlass com/sun/org/apache/xalan/internal/xsltc/compiler/util/MultiHashtable
instanceKlass com/sun/org/apache/xalan/internal/xsltc/compiler/Closure
instanceKlass com/sun/org/apache/xalan/internal/xsltc/compiler/sym
instanceKlass com/sun/java_cup/internal/runtime/Symbol
instanceKlass com/sun/org/apache/xalan/internal/xsltc/compiler/parser_actions
instanceKlass com/sun/org/apache/xalan/internal/xsltc/compiler/XPathLexer
instanceKlass com/sun/java_cup/internal/runtime/Scanner
instanceKlass org/xml/sax/helpers/AttributesImpl
instanceKlass com/sun/org/apache/xalan/internal/xsltc/compiler/FlowList
instanceKlass com/sun/org/apache/xalan/internal/xsltc/compiler/SyntaxTreeNode
instanceKlass com/sun/org/apache/xalan/internal/utils/SecuritySupport$3
instanceKlass com/sun/org/apache/xalan/internal/utils/SecuritySupport$2
instanceKlass com/sun/org/apache/xalan/internal/utils/SecuritySupport$1
instanceKlass com/sun/org/apache/xalan/internal/utils/ObjectFactory
instanceKlass com/sun/org/apache/xerces/internal/impl/Constants$ArrayEnumeration
instanceKlass com/sun/org/apache/xerces/internal/impl/Constants
instanceKlass com/sun/org/apache/xerces/internal/parsers/AbstractSAXParser$LocatorProxy
instanceKlass org/xml/sax/ext/Locator2
instanceKlass org/xml/sax/Locator
instanceKlass com/sun/org/apache/xerces/internal/util/XMLSymbols
instanceKlass com/sun/org/apache/xerces/internal/util/XMLChar
instanceKlass com/sun/xml/internal/stream/Entity
instanceKlass com/sun/xml/internal/stream/util/BufferAllocator
instanceKlass com/sun/xml/internal/stream/util/ThreadLocalBufferAllocator
instanceKlass com/sun/org/apache/xerces/internal/impl/XMLEntityManager$EncodingInfo
instanceKlass com/sun/org/apache/xerces/internal/utils/XMLLimitAnalyzer
instanceKlass com/sun/org/apache/xerces/internal/xni/parser/XMLInputSource
instanceKlass com/sun/org/apache/xerces/internal/parsers/AbstractSAXParser$AttributesProxy
instanceKlass org/xml/sax/ext/Attributes2
instanceKlass org/xml/sax/Attributes
instanceKlass org/xml/sax/AttributeList
instanceKlass com/sun/org/apache/xerces/internal/util/PropertyState
instanceKlass com/sun/org/apache/xerces/internal/util/FeatureState
instanceKlass com/sun/org/apache/xerces/internal/impl/msg/XMLMessageFormatter
instanceKlass com/sun/org/apache/xerces/internal/util/MessageFormatter
instanceKlass com/sun/org/apache/xerces/internal/impl/XMLVersionDetector
instanceKlass com/sun/org/apache/xerces/internal/impl/validation/ValidationManager
instanceKlass com/sun/org/apache/xerces/internal/impl/dv/dtd/NMTOKENDatatypeValidator
instanceKlass com/sun/org/apache/xerces/internal/impl/dv/dtd/NOTATIONDatatypeValidator
instanceKlass com/sun/org/apache/xerces/internal/impl/dv/dtd/ENTITYDatatypeValidator
instanceKlass com/sun/org/apache/xerces/internal/impl/dv/dtd/ListDatatypeValidator
instanceKlass com/sun/org/apache/xerces/internal/impl/dv/dtd/IDREFDatatypeValidator
instanceKlass com/sun/org/apache/xerces/internal/impl/dv/dtd/IDDatatypeValidator
instanceKlass com/sun/org/apache/xerces/internal/impl/dv/dtd/StringDatatypeValidator
instanceKlass com/sun/org/apache/xerces/internal/impl/dv/DatatypeValidator
instanceKlass com/sun/org/apache/xerces/internal/impl/dv/DTDDVFactory
instanceKlass com/sun/org/apache/xerces/internal/impl/dtd/DTDGrammarBucket
instanceKlass com/sun/org/apache/xerces/internal/impl/dtd/XMLAttributeDecl
instanceKlass com/sun/org/apache/xerces/internal/impl/dtd/XMLSimpleType
instanceKlass com/sun/org/apache/xerces/internal/impl/dtd/XMLElementDecl
instanceKlass com/sun/org/apache/xerces/internal/impl/validation/ValidationState
instanceKlass com/sun/org/apache/xerces/internal/impl/dv/ValidationContext
instanceKlass com/sun/org/apache/xerces/internal/impl/dtd/XMLDTDValidator
instanceKlass com/sun/org/apache/xerces/internal/impl/RevalidationHandler
instanceKlass com/sun/org/apache/xerces/internal/impl/dtd/XMLDTDValidatorFilter
instanceKlass com/sun/org/apache/xerces/internal/xni/parser/XMLDocumentFilter
instanceKlass com/sun/org/apache/xerces/internal/impl/dtd/XMLEntityDecl
instanceKlass com/sun/org/apache/xerces/internal/impl/dtd/XMLDTDProcessor
instanceKlass com/sun/org/apache/xerces/internal/xni/parser/XMLDTDContentModelFilter
instanceKlass com/sun/org/apache/xerces/internal/xni/parser/XMLDTDFilter
instanceKlass com/sun/org/apache/xerces/internal/xni/parser/XMLDTDScanner
instanceKlass com/sun/org/apache/xerces/internal/xni/parser/XMLDTDContentModelSource
instanceKlass com/sun/org/apache/xerces/internal/xni/parser/XMLDTDSource
instanceKlass com/sun/org/apache/xerces/internal/xni/grammars/XMLDTDDescription
instanceKlass com/sun/org/apache/xerces/internal/xni/grammars/XMLGrammarDescription
instanceKlass com/sun/org/apache/xerces/internal/impl/XMLDocumentScannerImpl$TrailingMiscDriver
instanceKlass com/sun/org/apache/xerces/internal/impl/XMLDocumentScannerImpl$PrologDriver
instanceKlass com/sun/org/apache/xerces/internal/impl/XMLDocumentScannerImpl$XMLDeclDriver
instanceKlass com/sun/org/apache/xerces/internal/util/NamespaceSupport
instanceKlass com/sun/org/apache/xerces/internal/xni/NamespaceContext
instanceKlass com/sun/org/apache/xerces/internal/util/XMLAttributesImpl$Attribute
instanceKlass com/sun/org/apache/xerces/internal/util/XMLAttributesImpl
instanceKlass com/sun/org/apache/xerces/internal/xni/XMLAttributes
instanceKlass com/sun/org/apache/xerces/internal/impl/XMLDocumentFragmentScannerImpl$FragmentContentDriver
instanceKlass com/sun/org/apache/xerces/internal/impl/XMLDocumentFragmentScannerImpl$Driver
instanceKlass com/sun/org/apache/xerces/internal/impl/XMLDocumentFragmentScannerImpl$ElementStack2
instanceKlass com/sun/org/apache/xerces/internal/xni/QName
instanceKlass com/sun/org/apache/xerces/internal/impl/XMLDocumentFragmentScannerImpl$ElementStack
instanceKlass com/sun/org/apache/xerces/internal/xni/XMLString
instanceKlass com/sun/org/apache/xerces/internal/impl/XMLScanner
instanceKlass com/sun/xml/internal/stream/XMLBufferListener
instanceKlass com/sun/org/apache/xerces/internal/impl/XMLEntityHandler
instanceKlass com/sun/org/apache/xerces/internal/xni/parser/XMLDocumentScanner
instanceKlass com/sun/org/apache/xerces/internal/xni/parser/XMLDocumentSource
instanceKlass com/sun/org/apache/xerces/internal/impl/XMLErrorReporter
instanceKlass com/sun/org/apache/xerces/internal/impl/XMLEntityScanner
instanceKlass com/sun/org/apache/xerces/internal/xni/XMLLocator
instanceKlass com/sun/xml/internal/stream/XMLEntityStorage
instanceKlass com/sun/org/apache/xerces/internal/util/AugmentationsImpl$AugmentationsItemsContainer
instanceKlass com/sun/org/apache/xerces/internal/util/AugmentationsImpl
instanceKlass com/sun/org/apache/xerces/internal/xni/Augmentations
instanceKlass com/sun/org/apache/xerces/internal/util/XMLResourceIdentifierImpl
instanceKlass com/sun/org/apache/xerces/internal/xni/XMLResourceIdentifier
instanceKlass com/sun/org/apache/xerces/internal/impl/XMLEntityManager
instanceKlass com/sun/org/apache/xerces/internal/xni/parser/XMLEntityResolver
instanceKlass com/sun/org/apache/xerces/internal/xni/parser/XMLComponent
instanceKlass com/sun/org/apache/xerces/internal/util/SymbolTable$Entry
instanceKlass com/sun/org/apache/xerces/internal/util/SymbolTable
instanceKlass com/sun/org/apache/xerces/internal/util/ParserConfigurationSettings
instanceKlass com/sun/org/apache/xerces/internal/parsers/XML11Configurable
instanceKlass com/sun/org/apache/xerces/internal/xni/parser/XMLPullParserConfiguration
instanceKlass com/sun/org/apache/xerces/internal/xni/parser/XMLParserConfiguration
instanceKlass com/sun/org/apache/xerces/internal/xni/parser/XMLComponentManager
instanceKlass com/sun/org/apache/xerces/internal/parsers/XMLParser
instanceKlass com/sun/org/apache/xerces/internal/xni/XMLDTDContentModelHandler
instanceKlass com/sun/org/apache/xerces/internal/xni/XMLDTDHandler
instanceKlass com/sun/org/apache/xerces/internal/xni/XMLDocumentHandler
instanceKlass org/xml/sax/XMLReader
instanceKlass org/xml/sax/Parser
instanceKlass com/sun/org/apache/xerces/internal/utils/XMLSecurityPropertyManager
instanceKlass com/sun/org/apache/xerces/internal/utils/SecuritySupport$8
instanceKlass com/sun/org/apache/xerces/internal/utils/SecuritySupport$4
instanceKlass com/sun/org/apache/xerces/internal/utils/SecuritySupport
instanceKlass com/sun/org/apache/xerces/internal/utils/XMLSecurityManager
instanceKlass javax/xml/parsers/SAXParser
instanceKlass com/sun/org/apache/xerces/internal/xs/PSVIProvider
instanceKlass com/sun/org/apache/xerces/internal/jaxp/JAXPConstants
instanceKlass javax/xml/parsers/SAXParserFactory
instanceKlass jdk/xml/internal/JdkXmlUtils
instanceKlass com/sun/org/apache/xalan/internal/utils/SecuritySupport$5
instanceKlass com/sun/org/apache/xalan/internal/xsltc/compiler/util/Util
instanceKlass org/xml/sax/InputSource
instanceKlass javax/xml/transform/stax/StAXSource
instanceKlass javax/xml/transform/dom/DOMSource
instanceKlass javax/xml/transform/sax/SAXSource
instanceKlass com/sun/org/apache/xalan/internal/xsltc/trax/Util
instanceKlass com/sun/org/apache/xalan/internal/xsltc/compiler/util/Type
instanceKlass com/sun/org/apache/xalan/internal/xsltc/compiler/QName
instanceKlass jdk/xml/internal/XMLLimitAnalyzer
instanceKlass com/sun/java_cup/internal/runtime/lr_parser
instanceKlass com/sun/org/apache/xalan/internal/xsltc/compiler/SymbolTable
instanceKlass com/sun/org/apache/xalan/internal/xsltc/compiler/Parser
instanceKlass org/xml/sax/ContentHandler
instanceKlass com/sun/org/apache/xalan/internal/xsltc/compiler/Constants
instanceKlass com/sun/org/apache/xalan/internal/xsltc/compiler/XSLTC
instanceKlass javax/xml/transform/stream/StreamSource
instanceKlass jdk/xml/internal/XMLSecurityManager
instanceKlass com/sun/org/apache/xalan/internal/utils/SecuritySupport$9
instanceKlass com/sun/org/apache/xalan/internal/utils/SecuritySupport$4
instanceKlass com/sun/org/apache/xalan/internal/utils/SecuritySupport
instanceKlass com/sun/org/apache/xalan/internal/utils/FeaturePropertyBase
instanceKlass jdk/xml/internal/SecuritySupport$3
instanceKlass jdk/xml/internal/SecuritySupport$1
instanceKlass jdk/xml/internal/SecuritySupport
instanceKlass jdk/xml/internal/JdkXmlFeatures
instanceKlass javax/xml/transform/ErrorListener
instanceKlass com/sun/org/apache/xalan/internal/xsltc/compiler/SourceLoader
instanceKlass javax/xml/transform/SecuritySupport$1
instanceKlass javax/xml/transform/FactoryFinder$1
instanceKlass javax/xml/transform/SecuritySupport$5
instanceKlass javax/xml/transform/SecuritySupport$2
instanceKlass javax/xml/transform/SecuritySupport
instanceKlass javax/xml/transform/FactoryFinder
instanceKlass javax/xml/transform/TransformerFactory
instanceKlass org/apache/rat/ReportTransformer
instanceKlass org/apache/rat/report/xml/writer/IXmlWriter
instanceKlass org/apache/commons/io/filefilter/IOFileFilter
instanceKlass org/apache/rat/Report
instanceKlass org/apache/rat/api/Document
instanceKlass org/apache/rat/mp/FilesReportable
instanceKlass org/codehaus/plexus/util/SelectorUtils
instanceKlass org/codehaus/plexus/util/MatchPattern
instanceKlass org/codehaus/plexus/util/MatchPatterns
instanceKlass org/apache/rat/analysis/util/HeaderMatcherMultiplexer
instanceKlass org/apache/rat/analysis/generation/GeneratedLicenseNotRequired
instanceKlass org/apache/rat/analysis/generation/JavaDocLicenseNotRequired
instanceKlass org/apache/rat/api/MetaData$Datum
instanceKlass org/apache/rat/api/MetaData
instanceKlass org/apache/rat/analysis/license/BaseLicense
instanceKlass org/apache/rat/Defaults
instanceKlass org/eclipse/sisu/plexus/TypeArguments
instanceKlass org/apache/rat/mp/RatCheckMojo$$FastClassByGuice$$205861124
instanceKlass org/codehaus/plexus/components/interactivity/DefaultPrompter
instanceKlass org/codehaus/plexus/archiver/manager/DefaultArchiverManager
instanceKlass org/codehaus/plexus/archiver/bzip2/BZip2Constants
instanceKlass org/apache/maven/doxia/sink/AbstractTextSinkFactory
instanceKlass org/apache/maven/doxia/sink/AbstractSink
instanceKlass org/apache/maven/doxia/sink/render/RenderingContext
instanceKlass org/apache/maven/doxia/siterenderer/SiteRenderingContext
instanceKlass org/apache/velocity/context/Context
instanceKlass org/codehaus/plexus/archiver/jar/Manifest
instanceKlass org/codehaus/plexus/archiver/tar/TarArchiver$TarOptions
instanceKlass org/apache/maven/doxia/parser/manager/DefaultParserManager
instanceKlass org/apache/velocity/runtime/RuntimeServices
instanceKlass org/apache/velocity/runtime/RuntimeLogger
instanceKlass org/apache/velocity/app/VelocityEngine
instanceKlass org/apache/velocity/runtime/RuntimeConstants
instanceKlass org/apache/velocity/runtime/log/LogSystem
instanceKlass org/codehaus/plexus/archiver/util/EnumeratedAttribute
instanceKlass org/apache/maven/doxia/macro/manager/DefaultMacroManager
instanceKlass org/apache/maven/doxia/module/xhtml/XhtmlMarkup
instanceKlass org/codehaus/plexus/archiver/util/FilterSupport
instanceKlass org/codehaus/plexus/archiver/FinalizerEnabled
instanceKlass org/codehaus/plexus/archiver/FilterEnabled
instanceKlass org/codehaus/plexus/archiver/ArchiveEntry
instanceKlass org/codehaus/plexus/util/cli/StreamConsumer
instanceKlass org/codehaus/plexus/components/interactivity/DefaultOutputHandler
instanceKlass org/apache/maven/doxia/module/site/AbstractSiteModule
instanceKlass org/apache/maven/doxia/module/site/manager/DefaultSiteModuleManager
instanceKlass org/apache/maven/doxia/index/IndexEntry
instanceKlass org/apache/maven/doxia/macro/AbstractMacro
instanceKlass org/apache/maven/doxia/module/fml/model/Faq
instanceKlass org/apache/maven/doxia/module/fml/model/Part
instanceKlass org/apache/maven/doxia/module/fml/model/Faqs
instanceKlass org/apache/maven/doxia/sink/SinkEventAttributeSet
instanceKlass org/apache/maven/doxia/sink/SinkEventAttributes
instanceKlass org/apache/maven/doxia/macro/MacroRequest
instanceKlass org/apache/maven/doxia/logging/Log
instanceKlass org/apache/maven/doxia/parser/AbstractParser
instanceKlass org/apache/maven/doxia/module/fml/FmlMarkup
instanceKlass org/apache/maven/doxia/markup/HtmlMarkup
instanceKlass org/apache/maven/doxia/markup/XmlMarkup
instanceKlass org/apache/maven/doxia/markup/Markup
instanceKlass org/apache/maven/doxia/site/decoration/Banner
instanceKlass org/apache/maven/doxia/site/decoration/inheritance/DefaultDecorationModelInheritanceAssembler$URLContainer
instanceKlass org/apache/maven/doxia/site/decoration/DecorationModel
instanceKlass org/apache/maven/doxia/site/decoration/LinkItem
instanceKlass org/apache/maven/doxia/site/decoration/inheritance/DefaultDecorationModelInheritanceAssembler
instanceKlass org/codehaus/doxia/sink/Sink
instanceKlass org/apache/maven/doxia/sink/Sink
instanceKlass org/apache/rat/report/claim/ClaimStatistic
instanceKlass org/codehaus/plexus/util/AbstractScanner
instanceKlass org/codehaus/plexus/util/Scanner
instanceKlass org/apache/rat/ReportConfiguration
instanceKlass org/apache/rat/license/ILicenseFamily
instanceKlass org/apache/rat/mp/LicenseFamilySpecification
instanceKlass org/apache/rat/mp/HeaderMatcherSpecification
instanceKlass org/apache/rat/analysis/IHeaderMatcher
instanceKlass org/apache/rat/report/IReportable
instanceKlass org/codehaus/plexus/archiver/manager/ArchiverManager
instanceKlass org/codehaus/plexus/archiver/UnArchiver
instanceKlass org/codehaus/plexus/archiver/Archiver
instanceKlass org/codehaus/plexus/components/interactivity/Prompter
instanceKlass org/codehaus/plexus/components/interactivity/OutputHandler
instanceKlass org/codehaus/plexus/components/interactivity/InputHandler
instanceKlass org/codehaus/plexus/i18n/I18N
instanceKlass org/apache/maven/doxia/module/site/SiteModule
instanceKlass org/apache/maven/doxia/sink/SinkFactory
instanceKlass org/apache/maven/doxia/parser/Parser
instanceKlass org/apache/maven/doxia/siterenderer/Renderer
instanceKlass org/codehaus/plexus/velocity/VelocityComponent
instanceKlass org/apache/maven/doxia/site/decoration/inheritance/DecorationModelInheritanceAssembler
instanceKlass org/apache/maven/doxia/parser/manager/ParserManager
instanceKlass org/apache/maven/doxia/module/site/manager/SiteModuleManager
instanceKlass org/apache/maven/doxia/macro/manager/MacroManager
instanceKlass org/apache/maven/doxia/macro/Macro
instanceKlass org/apache/maven/doxia/logging/LogEnabled
instanceKlass org/apache/maven/doxia/Doxia
instanceKlass org/apache/maven/reporting/MavenReport
instanceKlass org/apache/maven/model/merge/ModelMerger$1
instanceKlass org/apache/maven/plugins/clean/Cleaner$Result
instanceKlass org/apache/maven/plugins/clean/Cleaner$$Lambda$169
instanceKlass org/apache/maven/plugins/clean/Cleaner$$Lambda$168
instanceKlass org/apache/maven/plugins/clean/Cleaner$Logger
instanceKlass java/lang/invoke/LambdaForm$DMH
instanceKlass org/apache/maven/shared/utils/Os
instanceKlass org/apache/maven/plugins/clean/Cleaner
instanceKlass org/eclipse/sisu/plexus/CompositeBeanHelper$1
instanceKlass org/codehaus/plexus/util/introspection/MethodMap
instanceKlass org/codehaus/plexus/util/introspection/ClassMap$CacheMiss
instanceKlass org/codehaus/plexus/util/introspection/ClassMap
instanceKlass org/codehaus/plexus/util/introspection/ReflectionValueExtractor$Tokenizer
instanceKlass org/codehaus/plexus/util/introspection/ReflectionValueExtractor
instanceKlass org/eclipse/sisu/plexus/CompositeBeanHelper
instanceKlass org/apache/maven/plugin/internal/ValidatingConfigurationListener
instanceKlass org/apache/maven/plugin/DebugConfigurationListener
instanceKlass org/eclipse/sisu/inject/MildKeys
instanceKlass java/time/LocalTime
instanceKlass java/time/LocalDate
instanceKlass java/time/zone/ZoneOffsetTransition
instanceKlass java/time/LocalDateTime
instanceKlass java/time/zone/ZoneOffsetTransitionRule
instanceKlass java/time/zone/ZoneRules
instanceKlass java/time/zone/Ser
instanceKlass java/io/Externalizable
instanceKlass java/time/zone/ZoneRulesProvider$1
instanceKlass java/time/zone/ZoneRulesProvider
instanceKlass java/time/format/DateTimeFormatter$$Lambda$167
instanceKlass java/time/format/DateTimeFormatter$$Lambda$166
instanceKlass java/time/Period
instanceKlass java/time/chrono/ChronoPeriod
instanceKlass java/time/format/DateTimeFormatterBuilder$TextPrinterParser
instanceKlass java/time/format/DateTimeTextProvider$1
instanceKlass java/time/format/DateTimeTextProvider
instanceKlass java/time/format/DateTimeTextProvider$LocaleStore
instanceKlass java/time/format/DateTimeFormatterBuilder$InstantPrinterParser
instanceKlass java/time/format/DateTimeFormatterBuilder$StringLiteralPrinterParser
instanceKlass java/time/format/DateTimeFormatterBuilder$ZoneIdPrinterParser
instanceKlass java/time/format/DateTimeFormatterBuilder$FractionPrinterParser
instanceKlass java/time/format/DateTimeFormatterBuilder$OffsetIdPrinterParser
instanceKlass java/time/format/DecimalStyle
instanceKlass java/time/format/DateTimeFormatterBuilder$CompositePrinterParser
instanceKlass java/time/chrono/AbstractChronology$$Lambda$165
instanceKlass java/time/chrono/ChronoZonedDateTime
instanceKlass java/time/chrono/AbstractChronology$$Lambda$164
instanceKlass java/time/chrono/ChronoLocalDateTime
instanceKlass java/time/chrono/AbstractChronology$$Lambda$163
instanceKlass java/lang/invoke/LambdaForm$DMH
instanceKlass java/time/chrono/ChronoLocalDate
instanceKlass java/time/temporal/TemporalAdjuster
instanceKlass java/time/chrono/AbstractChronology
instanceKlass java/time/chrono/Chronology
instanceKlass java/time/format/DateTimeFormatterBuilder$CharLiteralPrinterParser
instanceKlass java/time/format/DateTimeFormatterBuilder$NumberPrinterParser
instanceKlass java/time/format/DateTimeFormatterBuilder$DateTimePrinterParser
instanceKlass java/time/format/DateTimeFormatterBuilder$2
instanceKlass java/time/temporal/IsoFields
instanceKlass java/time/temporal/ValueRange
instanceKlass java/time/Duration
instanceKlass java/time/temporal/TemporalAmount
instanceKlass java/time/temporal/TemporalUnit
instanceKlass java/time/temporal/TemporalField
instanceKlass java/time/format/DateTimeFormatterBuilder$$Lambda$162
instanceKlass java/time/temporal/TemporalQuery
instanceKlass java/time/ZoneId
instanceKlass java/time/format/DateTimeFormatterBuilder
instanceKlass java/time/format/DateTimeFormatter
instanceKlass java/time/temporal/Temporal
instanceKlass java/time/temporal/TemporalAccessor
instanceKlass org/codehaus/plexus/component/configurator/converters/ParameterizedConfigurationConverter
instanceKlass org/codehaus/plexus/component/configurator/converters/AbstractConfigurationConverter
instanceKlass org/codehaus/plexus/component/configurator/converters/ConfigurationConverter
instanceKlass org/codehaus/plexus/component/configurator/converters/lookup/DefaultConverterLookup
instanceKlass org/codehaus/plexus/component/configurator/expression/DefaultExpressionEvaluator
instanceKlass org/apache/maven/plugin/internal/ReadOnlyPluginParametersValidator$$Lambda$161
instanceKlass org/apache/maven/plugin/internal/ReadOnlyPluginParametersValidator$$Lambda$160
instanceKlass org/apache/maven/plugin/internal/DeprecatedPluginValidator$$Lambda$159
instanceKlass java/lang/invoke/LambdaForm$DMH
instanceKlass org/apache/maven/plugin/internal/DeprecatedPluginValidator$$Lambda$158
instanceKlass java/lang/invoke/LambdaForm$DMH
instanceKlass org/apache/maven/plugin/internal/DeprecatedPluginValidator$$Lambda$157
instanceKlass org/apache/maven/plugin/internal/DeprecatedCoreExpressionValidator$$Lambda$156
instanceKlass org/apache/maven/plugin/internal/DeprecatedCoreExpressionValidator$$Lambda$155
instanceKlass org/apache/maven/plugin/internal/DeprecatedCoreExpressionValidator$$Lambda$154
instanceKlass org/apache/maven/plugin/PluginParameterExpressionEvaluator
instanceKlass org/codehaus/plexus/component/configurator/expression/TypeAwareExpressionEvaluator
instanceKlass org/apache/maven/monitor/logging/DefaultLog
instanceKlass org/apache/maven/plugins/clean/CleanMojo$$FastClassByGuice$$204805452
instanceKlass org/apache/maven/plugins/clean/Fileset
instanceKlass org/apache/maven/plugins/clean/Selector
instanceKlass org/apache/maven/plugin/DefaultPluginRealmCache$$Lambda$153
instanceKlass java/lang/invoke/LambdaForm$MH
instanceKlass org/apache/maven/plugin/internal/DefaultMavenPluginManager$$Lambda$152
instanceKlass org/apache/maven/plugin/DefaultPluginRealmCache$CacheKey
instanceKlass org/apache/maven/lifecycle/internal/MojoExecutor$ProjectLock
instanceKlass org/apache/maven/project/artifact/DefaultProjectArtifactsCache$CacheKey
instanceKlass org/apache/maven/lifecycle/internal/MojoExecutor$1
instanceKlass org/apache/maven/lifecycle/internal/ExecutionPlanItem
instanceKlass org/apache/maven/lifecycle/internal/DefaultMojoExecutionConfigurator$$Lambda$151
instanceKlass org/apache/maven/lifecycle/internal/DefaultMojoExecutionConfigurator$$Lambda$150
instanceKlass java/util/stream/Streams$AbstractStreamBuilderImpl
instanceKlass java/util/stream/Stream$Builder
instanceKlass org/apache/maven/lifecycle/internal/DefaultMojoExecutionConfigurator$$Lambda$149
instanceKlass org/apache/maven/lifecycle/internal/DefaultMojoExecutionConfigurator$$Lambda$148
instanceKlass org/apache/maven/plugin/internal/DefaultPluginValidationManager$PluginValidationIssues$$Lambda$147
instanceKlass org/apache/maven/plugin/internal/DefaultPluginValidationManager$$Lambda$146
instanceKlass org/apache/maven/plugin/internal/DefaultPluginValidationManager$$Lambda$145
instanceKlass org/apache/maven/lifecycle/internal/DefaultMojoExecutionConfigurator$$FastClassByGuice$$204435175
instanceKlass java/util/stream/MatchOps$$Lambda$144
instanceKlass java/util/stream/MatchOps$BooleanTerminalSink
instanceKlass java/util/stream/MatchOps$MatchOp
instanceKlass java/util/stream/MatchOps
instanceKlass org/apache/maven/plugin/internal/PlexusContainerDefaultDependenciesValidator$$Lambda$143
instanceKlass org/apache/maven/plugin/internal/PlexusContainerDefaultDependenciesValidator$$Lambda$142
instanceKlass org/apache/maven/plugin/internal/MavenScopeDependenciesValidator$$Lambda$141
instanceKlass org/apache/maven/plugin/internal/MavenScopeDependenciesValidator$$Lambda$140
instanceKlass org/apache/maven/plugin/internal/MavenScopeDependenciesValidator$$Lambda$139
instanceKlass org/apache/maven/plugin/internal/MavenScopeDependenciesValidator$$Lambda$138
instanceKlass org/apache/maven/plugin/internal/MavenScopeDependenciesValidator$$Lambda$137
instanceKlass org/apache/maven/plugin/internal/MavenScopeDependenciesValidator$$Lambda$136
instanceKlass org/apache/maven/plugin/internal/MavenMixedDependenciesValidator$$Lambda$135
instanceKlass org/apache/maven/plugin/internal/MavenMixedDependenciesValidator$$Lambda$134
instanceKlass org/apache/maven/plugin/internal/MavenMixedDependenciesValidator$$Lambda$133
instanceKlass org/apache/maven/plugin/internal/MavenMixedDependenciesValidator$$Lambda$132
instanceKlass java/util/stream/Collectors$$Lambda$131
instanceKlass java/lang/invoke/LambdaForm$BMH
instanceKlass java/util/stream/Collectors$$Lambda$130
instanceKlass java/util/stream/Collectors$$Lambda$129
instanceKlass org/apache/maven/plugin/internal/Maven2DependenciesValidator$$Lambda$128
instanceKlass org/apache/maven/plugin/internal/Maven2DependenciesValidator$$Lambda$127
instanceKlass org/apache/maven/plugin/internal/Maven2DependenciesValidator$$Lambda$126
instanceKlass org/apache/maven/plugin/internal/Maven2DependenciesValidator$$Lambda$125
instanceKlass org/apache/maven/plugin/internal/Maven2DependenciesValidator$$Lambda$124
instanceKlass org/apache/maven/plugin/DefaultPluginDescriptorCache$$Lambda$123
instanceKlass org/apache/maven/plugin/internal/DefaultMavenPluginManager$$Lambda$122
instanceKlass org/apache/maven/plugin/DefaultPluginDescriptorCache$CacheKey
instanceKlass org/apache/maven/lifecycle/internal/GoalTask
instanceKlass org/apache/maven/execution/ProjectExecutionEvent
instanceKlass org/apache/maven/lifecycle/internal/CompoundProjectExecutionListener
instanceKlass org/apache/maven/lifecycle/internal/DefaultLifecycleMappingDelegate$$FastClassByGuice$$203391413
instanceKlass org/apache/maven/lifecycle/internal/DefaultLifecycleExecutionPlanCalculator$$FastClassByGuice$$201956254
instanceKlass org/apache/maven/project/artifact/DefaultProjectArtifactsCache$$FastClassByGuice$$201234195
instanceKlass org/apache/maven/lifecycle/internal/builder/singlethreaded/SingleThreadedBuilder$$FastClassByGuice$$199578759
instanceKlass org/apache/maven/graph/DefaultProjectDependencyGraph$MavenProjectComparator
instanceKlass org/apache/maven/lifecycle/internal/LifecycleTask
instanceKlass org/slf4j/helpers/FormattingTuple
instanceKlass org/slf4j/helpers/MessageFormatter
instanceKlass org/apache/maven/plugin/internal/DefaultPluginValidationManager$$Lambda$121
instanceKlass org/apache/maven/plugin/internal/DefaultPluginValidationManager$$Lambda$120
instanceKlass org/apache/maven/internal/aether/MavenChainedWorkspaceReader
instanceKlass java/util/stream/Collectors$$Lambda$119
instanceKlass java/util/stream/Collectors$$Lambda$118
instanceKlass java/util/stream/Collectors$$Lambda$117
instanceKlass org/apache/maven/ReactorReader$$Lambda$116
instanceKlass org/apache/maven/ReactorReader$$Lambda$115
instanceKlass org/apache/maven/session/scope/internal/SessionScope$ScopeState$$Lambda$114
instanceKlass java/util/stream/FindOps$$Lambda$113
instanceKlass java/util/stream/FindOps$FindSink
instanceKlass java/util/stream/FindOps$$Lambda$112
instanceKlass java/lang/invoke/LambdaForm$DMH
instanceKlass java/util/stream/FindOps$FindOp
instanceKlass java/util/stream/FindOps
instanceKlass org/apache/maven/execution/MavenSession$$Lambda$111
instanceKlass org/apache/maven/execution/MavenSession$$Lambda$110
instanceKlass org/codehaus/plexus/util/dag/TopologicalSorter
instanceKlass org/codehaus/plexus/util/dag/CycleDetector
instanceKlass org/codehaus/plexus/util/dag/Vertex
instanceKlass org/codehaus/plexus/util/dag/DAG
instanceKlass org/apache/maven/project/ProjectSorter
instanceKlass org/apache/maven/graph/DefaultProjectDependencyGraph
instanceKlass org/apache/maven/project/DefaultProjectRealmCache$CacheKey
instanceKlass org/apache/maven/shared/dependency/graph/internal/Maven3DependencyGraphBuilder
instanceKlass org/apache/maven/doxia/siterenderer/SiteRenderingContext
instanceKlass org/apache/velocity/context/Context
instanceKlass javax/annotation/Nullable
instanceKlass org/codehaus/plexus/util/MatchPatterns
instanceKlass org/codehaus/plexus/components/io/fileselectors/IncludeExcludeFileSelector
instanceKlass org/apache/maven/doxia/parser/manager/DefaultParserManager
instanceKlass org/apache/maven/shared/dependency/graph/internal/Maven2DependencyGraphBuilder
instanceKlass org/codehaus/plexus/components/interactivity/DefaultOutputHandler
instanceKlass org/sonatype/plexus/components/cipher/PBECipher
instanceKlass org/apache/maven/doxia/DefaultDoxia
instanceKlass org/codehaus/plexus/archiver/tar/TarArchiver$TarOptions
instanceKlass org/sonatype/plexus/components/sec/dispatcher/model/SettingsSecurity
instanceKlass org/apache/maven/doxia/module/site/manager/DefaultSiteModuleManager
instanceKlass org/apache/maven/doxia/macro/manager/DefaultMacroManager
instanceKlass javax/annotation/WillNotClose
instanceKlass org/apache/maven/doxia/site/decoration/Banner
instanceKlass org/apache/maven/doxia/site/decoration/inheritance/DefaultDecorationModelInheritanceAssembler$URLContainer
instanceKlass org/apache/maven/doxia/site/decoration/DecorationModel
instanceKlass org/apache/maven/doxia/site/decoration/LinkItem
instanceKlass org/apache/maven/doxia/site/decoration/inheritance/DefaultDecorationModelInheritanceAssembler
instanceKlass org/apache/maven/doxia/module/site/AbstractSiteModule
instanceKlass org/codehaus/plexus/archiver/manager/DefaultArchiverManager
instanceKlass org/codehaus/plexus/components/io/filemappers/AbstractFileMapper
instanceKlass org/apache/maven/shared/dependency/tree/DependencyTree
instanceKlass org/apache/maven/shared/dependency/tree/DependencyNode
instanceKlass org/apache/maven/shared/dependency/tree/traversal/DependencyNodeVisitor
instanceKlass org/apache/commons/compress/compressors/bzip2/BZip2Constants
instanceKlass org/apache/maven/doxia/index/IndexEntry
instanceKlass org/apache/maven/doxia/module/fml/model/Faqs
instanceKlass org/apache/maven/doxia/module/fml/FmlParser
instanceKlass org/apache/velocity/runtime/RuntimeServices
instanceKlass org/apache/velocity/runtime/RuntimeLogger
instanceKlass org/apache/velocity/app/VelocityEngine
instanceKlass org/apache/velocity/runtime/RuntimeConstants
instanceKlass org/apache/velocity/runtime/log/LogSystem
instanceKlass org/codehaus/plexus/components/io/attributes/PlexusIoResourceAttributes
instanceKlass org/codehaus/plexus/components/io/functions/InputStreamSupplier
instanceKlass org/codehaus/plexus/components/io/resources/PlexusIoCompressedFileResourceCollection
instanceKlass org/apache/maven/doxia/module/apt/AptParser$Block
instanceKlass org/apache/maven/doxia/module/apt/AptSource
instanceKlass org/apache/maven/doxia/module/apt/AptMarkup
instanceKlass org/apache/maven/doxia/markup/TextMarkup
instanceKlass org/apache/maven/shared/dependency/graph/internal/Maven31DependencyGraphBuilder
instanceKlass org/codehaus/plexus/archiver/filters/JarSecurityFileSelector
instanceKlass org/codehaus/plexus/components/io/fileselectors/AllFilesFileSelector
instanceKlass org/codehaus/plexus/components/interactivity/DefaultPrompter
instanceKlass org/apache/maven/doxia/util/LineBreaker
instanceKlass org/codehaus/plexus/archiver/tar/TarFile
instanceKlass org/codehaus/plexus/archiver/ArchiveFile
instanceKlass org/apache/maven/doxia/parser/AbstractParser
instanceKlass org/apache/maven/doxia/module/xdoc/XdocMarkup
instanceKlass com/google/inject/internal/Messages$Converter
instanceKlass com/google/inject/internal/Messages
instanceKlass org/apache/maven/doxia/module/xhtml/decoration/render/RenderingContext
instanceKlass javax/swing/text/MutableAttributeSet
instanceKlass javax/swing/text/AttributeSet
instanceKlass javax/swing/text/html/HTML$Tag
instanceKlass org/apache/maven/doxia/sink/SinkAdapter
instanceKlass org/apache/maven/doxia/module/xhtml/XhtmlMarkup
instanceKlass org/apache/maven/doxia/markup/XmlMarkup
instanceKlass org/apache/maven/doxia/markup/Markup
instanceKlass org/apache/maven/doxia/macro/MacroRequest
instanceKlass org/apache/maven/doxia/macro/AbstractMacro
instanceKlass org/codehaus/plexus/components/io/functions/InputStreamTransformer
instanceKlass org/codehaus/plexus/components/io/resources/AbstractPlexusIoResourceCollection
instanceKlass org/codehaus/plexus/components/io/resources/PlexusIoArchivedResourceCollection
instanceKlass org/apache/commons/compress/archivers/zip/ZipFile
instanceKlass org/apache/commons/compress/archivers/ArchiveEntry
instanceKlass javax/annotation/meta/TypeQualifier
instanceKlass javax/annotation/Nonnull
instanceKlass org/codehaus/plexus/archiver/ArchiveEntry
instanceKlass org/codehaus/plexus/components/io/resources/PlexusIoResource
instanceKlass org/codehaus/plexus/components/io/fileselectors/FileInfo
instanceKlass org/codehaus/plexus/archiver/ArchivedFileSet
instanceKlass org/codehaus/plexus/archiver/FileSet
instanceKlass org/codehaus/plexus/archiver/BaseFileSet
instanceKlass org/codehaus/plexus/archiver/util/FilterSupport
instanceKlass org/codehaus/plexus/archiver/ArchiveFinalizer
instanceKlass org/codehaus/plexus/archiver/ResourceIterator
instanceKlass org/codehaus/plexus/archiver/FinalizerEnabled
instanceKlass org/codehaus/plexus/archiver/FilterEnabled
instanceKlass org/codehaus/doxia/sink/Sink
instanceKlass org/w3c/dom/Element
instanceKlass org/w3c/dom/Document
instanceKlass javax/xml/parsers/DocumentBuilder
instanceKlass org/w3c/dom/Node
instanceKlass javax/xml/transform/Source
instanceKlass javax/xml/transform/Result
instanceKlass org/apache/felix/bundleplugin/BundleInfo
instanceKlass org/codehaus/plexus/util/Scanner
instanceKlass aQute/bnd/osgi/Instructions
instanceKlass org/apache/maven/shared/dependency/graph/DependencyNode
instanceKlass org/apache/maven/archiver/MavenArchiveConfiguration
instanceKlass org/apache/maven/shared/osgi/Maven2OsgiConverter
instanceKlass aQute/bnd/osgi/Resource
instanceKlass aQute/bnd/osgi/Domain
instanceKlass aQute/bnd/osgi/Constants
instanceKlass aQute/bnd/service/Registry
instanceKlass org/codehaus/plexus/util/xml/XMLWriter
instanceKlass aQute/bnd/service/diff/Diff
instanceKlass aQute/bnd/osgi/Jar
instanceKlass org/apache/felix/bundleplugin/baseline/DiffMessage
instanceKlass aQute/bnd/version/Version
instanceKlass aQute/bnd/service/diff/Differ
instanceKlass aQute/service/reporter/Reporter
instanceKlass aQute/service/reporter/Report
instanceKlass org/apache/felix/bundlerepository/impl/ResourceImpl
instanceKlass org/apache/felix/bundlerepository/Repository
instanceKlass org/apache/felix/bundlerepository/Resource
instanceKlass java/io/FileFilter
instanceKlass org/apache/felix/obrplugin/ObrUpdate
instanceKlass org/apache/felix/obrplugin/RemoteFileManager
instanceKlass org/apache/maven/doxia/module/site/SiteModule
instanceKlass org/apache/maven/doxia/sink/Sink
instanceKlass org/apache/maven/doxia/parser/Parser
instanceKlass org/apache/maven/doxia/site/decoration/inheritance/DecorationModelInheritanceAssembler
instanceKlass org/codehaus/plexus/i18n/I18N
instanceKlass org/apache/maven/doxia/parser/manager/ParserManager
instanceKlass org/apache/maven/doxia/module/site/manager/SiteModuleManager
instanceKlass org/apache/maven/doxia/macro/manager/MacroManager
instanceKlass org/apache/maven/doxia/macro/Macro
instanceKlass org/apache/maven/doxia/Doxia
instanceKlass org/apache/maven/doxia/siterenderer/Renderer
instanceKlass org/codehaus/plexus/velocity/VelocityComponent
instanceKlass org/sonatype/plexus/build/incremental/BuildContext
instanceKlass org/apache/maven/shared/dependency/graph/DependencyGraphBuilder
instanceKlass org/apache/maven/shared/dependency/tree/DependencyTreeBuilder
instanceKlass org/codehaus/plexus/components/io/filemappers/FileMapper
instanceKlass org/codehaus/plexus/components/io/resources/PlexusIoResourceCollection
instanceKlass org/codehaus/plexus/components/io/fileselectors/FileSelector
instanceKlass org/codehaus/plexus/archiver/manager/ArchiverManager
instanceKlass org/codehaus/plexus/archiver/UnArchiver
instanceKlass org/codehaus/plexus/archiver/Archiver
instanceKlass org/sonatype/plexus/components/cipher/PlexusCipher
instanceKlass org/sonatype/plexus/components/sec/dispatcher/SecDispatcher
instanceKlass org/codehaus/plexus/components/interactivity/Prompter
instanceKlass org/codehaus/plexus/components/interactivity/OutputHandler
instanceKlass org/codehaus/plexus/components/interactivity/InputHandler
instanceKlass java/util/jar/JarVerifier$3
instanceKlass java/security/CodeSigner
instanceKlass java/util/jar/JarVerifier
instanceKlass org/eclipse/sisu/space/FileEntryIterator
instanceKlass org/eclipse/sisu/space/ResourceEnumeration
instanceKlass org/eclipse/sisu/plexus/ComponentDescriptorBeanModule$PlexusDescriptorBeanSource
instanceKlass org/apache/maven/reporting/MavenReport
instanceKlass org/eclipse/sisu/plexus/ComponentDescriptorBeanModule$ComponentMetadata
instanceKlass org/apache/maven/plugin/AbstractMojo
instanceKlass org/apache/maven/plugin/ContextEnabled
instanceKlass org/apache/maven/plugin/Mojo
instanceKlass org/eclipse/sisu/plexus/ComponentDescriptorBeanModule
instanceKlass org/apache/maven/plugin/MavenPluginValidator
instanceKlass org/codehaus/plexus/component/repository/ComponentDependency
instanceKlass org/codehaus/plexus/component/repository/ComponentRequirement
instanceKlass org/codehaus/plexus/configuration/DefaultPlexusConfiguration
instanceKlass org/apache/maven/classrealm/ArtifactClassRealmConstituent
instanceKlass org/apache/maven/RepositoryUtils$$Lambda$109
instanceKlass org/apache/maven/plugin/DefaultExtensionRealmCache$CacheKey
instanceKlass org/eclipse/aether/util/graph/visitor/TreeDependencyVisitor
instanceKlass org/eclipse/aether/util/graph/visitor/FilteringDependencyVisitor
instanceKlass org/eclipse/aether/internal/impl/ArtifactRequestBuilder
instanceKlass org/eclipse/aether/util/graph/transformer/ConflictResolver$NodeInfo
instanceKlass org/eclipse/aether/util/artifact/ArtifactIdUtils
instanceKlass org/eclipse/aether/util/graph/transformer/NearestVersionSelector$ConflictGroup
instanceKlass org/eclipse/aether/util/graph/transformer/ConflictResolver$ConflictItem
instanceKlass org/eclipse/aether/util/graph/transformer/ConflictResolver$ScopeContext
instanceKlass org/eclipse/aether/util/graph/transformer/ConflictResolver$ConflictContext
instanceKlass org/eclipse/aether/util/graph/transformer/ConflictResolver$State
instanceKlass org/eclipse/aether/util/graph/transformer/ConflictIdSorter$RootQueue
instanceKlass org/eclipse/aether/util/graph/transformer/ConflictIdSorter$ConflictId
instanceKlass java/util/IdentityHashMap$IdentityHashMapIterator
instanceKlass org/eclipse/aether/util/graph/transformer/ConflictMarker$ConflictGroup
instanceKlass org/eclipse/aether/util/graph/transformer/ConflictMarker$Key
instanceKlass org/eclipse/aether/util/graph/transformer/ConflictMarker
instanceKlass org/eclipse/aether/util/graph/transformer/ConflictIdSorter
instanceKlass org/eclipse/aether/util/graph/transformer/TransformationContextKeys
instanceKlass org/eclipse/aether/internal/impl/collect/DefaultDependencyGraphTransformationContext
instanceKlass org/eclipse/aether/util/graph/selector/ExclusionDependencySelector$ExclusionComparator
instanceKlass org/eclipse/aether/graph/Dependency$Exclusions$1
instanceKlass org/apache/maven/artifact/handler/DefaultArtifactHandler$__sisu12$$FastClassByGuice$$198285415
instanceKlass java/util/Collections$UnmodifiableList$1
instanceKlass org/apache/maven/model/building/DefaultModelBuilder$$Lambda$108
instanceKlass org/apache/maven/model/building/DefaultModelBuilder$$Lambda$107
instanceKlass org/apache/maven/model/merge/ModelMerger$NotifierKeyComputer
instanceKlass org/apache/maven/model/Notifier
instanceKlass org/eclipse/aether/collection/DependencyManagement
instanceKlass org/eclipse/aether/internal/impl/collect/DataPool$GraphKey
instanceKlass org/apache/maven/model/building/DefaultModelBuilder$$Lambda$106
instanceKlass org/apache/maven/model/building/DefaultModelBuilder$$Lambda$105
instanceKlass org/apache/maven/model/building/DefaultModelBuilder$$Lambda$104
instanceKlass org/eclipse/aether/internal/impl/collect/DefaultDependencyCycle
instanceKlass org/eclipse/aether/internal/impl/collect/DataPool$Descriptor
instanceKlass org/eclipse/aether/internal/impl/collect/DataPool$HardInternPool$$Lambda$103
instanceKlass org/eclipse/aether/internal/impl/collect/DataPool$DescriptorKey
instanceKlass org/eclipse/aether/internal/impl/collect/DataPool$Constraint$VersionRepo
instanceKlass org/eclipse/aether/internal/impl/collect/DataPool$Constraint
instanceKlass org/eclipse/aether/internal/impl/collect/DataPool$ConstraintKey
instanceKlass org/eclipse/aether/internal/impl/collect/CollectStepDataImpl
instanceKlass org/eclipse/aether/collection/CollectStepData
instanceKlass org/eclipse/aether/util/graph/manager/ClassicDependencyManager$Key
instanceKlass org/eclipse/aether/internal/impl/collect/df/NodeStack
instanceKlass org/eclipse/aether/graph/DependencyCycle
instanceKlass org/eclipse/aether/internal/impl/collect/DataPool$HardInternPool
instanceKlass org/eclipse/aether/internal/impl/collect/DataPool$WeakInternPool
instanceKlass org/eclipse/aether/internal/impl/collect/DataPool$InternPool
instanceKlass java/util/Formattable
instanceKlass java/util/Formatter$Conversion
instanceKlass java/util/Formatter$Flags
instanceKlass java/util/Formatter$FormatSpecifier
instanceKlass java/util/Formatter$FixedString
instanceKlass java/util/Formatter$FormatString
instanceKlass java/util/Formatter
instanceKlass org/apache/maven/model/Site
instanceKlass org/apache/maven/model/io/xpp3/MavenXpp3Reader$1
instanceKlass org/apache/maven/model/io/xpp3/MavenXpp3Reader$ContentTransformer
instanceKlass org/apache/maven/model/io/xpp3/MavenXpp3Reader
instanceKlass org/apache/maven/repository/internal/DefaultModelResolver
instanceKlass org/eclipse/aether/named/support/NamedLockFactorySupport$$Lambda$102
instanceKlass java/util/AbstractMap$2$1
instanceKlass sun/nio/ch/FileKey
instanceKlass sun/nio/ch/FileLockTable
instanceKlass sun/nio/fs/WindowsFileSystemProvider$1
instanceKlass org/eclipse/aether/repository/LocalArtifactRequest
instanceKlass org/eclipse/aether/internal/impl/DefaultRepositoryEventDispatcher$1
instanceKlass org/eclipse/aether/RepositoryEvent$Builder
instanceKlass org/eclipse/aether/internal/impl/filter/RemoteRepositoryFilterSourceSupport$SimpleResult
instanceKlass org/eclipse/aether/internal/impl/filter/DefaultRemoteRepositoryFilterManager$$Lambda$101
instanceKlass org/eclipse/aether/named/support/ReadWriteLockNamedLock$$Lambda$100
instanceKlass org/eclipse/aether/named/support/Retry$DoNotRetry
instanceKlass org/eclipse/aether/named/support/NamedLockFactorySupport$$Lambda$99
instanceKlass org/eclipse/aether/internal/impl/synccontext/named/NamedLockFactoryAdapter$AdaptedLockSyncContext
instanceKlass org/eclipse/aether/internal/impl/synccontext/named/GAVNameMapper
instanceKlass org/eclipse/aether/internal/impl/synccontext/named/NameMappers
instanceKlass org/eclipse/aether/DefaultSessionData$$Lambda$98
instanceKlass org/eclipse/aether/internal/impl/synccontext/DefaultSyncContextFactory$$Lambda$97
instanceKlass org/apache/maven/repository/internal/DefaultVersionResolver$Key
instanceKlass org/eclipse/aether/util/version/GenericVersion$Item
instanceKlass org/eclipse/aether/util/version/GenericVersion$Tokenizer
instanceKlass org/eclipse/aether/util/version/GenericVersion
instanceKlass org/eclipse/aether/util/version/GenericVersionConstraint
instanceKlass org/eclipse/aether/version/VersionConstraint
instanceKlass org/eclipse/aether/version/VersionRange
instanceKlass org/eclipse/aether/util/version/GenericVersionScheme
instanceKlass org/eclipse/aether/internal/impl/collect/CachingArtifactTypeRegistry
instanceKlass org/eclipse/sisu/wire/NamedIterableAdapter$NamedEntry
instanceKlass org/eclipse/sisu/wire/NamedIterableAdapter$NamedIterator
instanceKlass org/apache/maven/plugin/internal/WagonExcluder
instanceKlass org/eclipse/aether/util/filter/AndDependencyFilter
instanceKlass org/eclipse/aether/util/filter/ScopeDependencyFilter
instanceKlass org/eclipse/aether/artifact/AbstractArtifact
instanceKlass org/apache/maven/plugin/CacheUtils
instanceKlass org/apache/maven/plugin/DefaultPluginArtifactsCache$CacheKey
instanceKlass org/apache/maven/project/DefaultProjectBuildingResult
instanceKlass org/apache/maven/lifecycle/mapping/DefaultLifecycleMapping$__sisu1$$FastClassByGuice$$197248732
instanceKlass org/apache/maven/lifecycle/Lifecycle$__sisu8$$FastClassByGuice$$196757910
instanceKlass org/apache/maven/lifecycle/Lifecycle$__sisu7$$FastClassByGuice$$195564211
instanceKlass org/apache/maven/lifecycle/mapping/LifecycleMojo
instanceKlass org/apache/maven/lifecycle/mapping/DefaultLifecycleMapping$$FastClassByGuice$$194011471
instanceKlass org/apache/maven/lifecycle/mapping/Lifecycle
instanceKlass org/apache/maven/model/building/DefaultModelBuildingEvent
instanceKlass org/apache/maven/model/building/ModelBuildingEventCatapult$1
instanceKlass org/apache/maven/project/ReactorModelPool$CacheKey
instanceKlass org/apache/maven/model/Exclusion
instanceKlass org/apache/maven/artifact/handler/DefaultArtifactHandler$__sisu9$$FastClassByGuice$$193798791
instanceKlass org/apache/maven/repository/internal/DefaultModelCache$Key
instanceKlass org/apache/maven/model/building/ModelCacheTag$2
instanceKlass org/apache/maven/model/building/ModelCacheTag$1
instanceKlass org/apache/maven/project/DefaultProjectBuilder$InterimResult
instanceKlass org/apache/maven/artifact/handler/DefaultArtifactHandler$__sisu13$$FastClassByGuice$$192186757
instanceKlass org/apache/maven/artifact/versioning/Restriction
instanceKlass org/apache/maven/artifact/ArtifactUtils
instanceKlass org/apache/maven/artifact/DefaultArtifact
instanceKlass org/apache/maven/artifact/handler/DefaultArtifactHandler$$FastClassByGuice$$191159860
instanceKlass org/apache/maven/artifact/versioning/ComparableVersion$StringItem
instanceKlass org/apache/maven/artifact/versioning/ComparableVersion$IntItem
instanceKlass org/apache/maven/artifact/versioning/ComparableVersion$Item
instanceKlass org/apache/maven/artifact/versioning/ComparableVersion
instanceKlass org/apache/maven/artifact/versioning/DefaultArtifactVersion
instanceKlass org/apache/maven/model/building/DefaultModelBuilder$$Lambda$96
instanceKlass java/util/function/IntConsumer
instanceKlass java/lang/invoke/LambdaForm$DMH
instanceKlass java/util/stream/Streams$RangeIntSpliterator
instanceKlass java/util/stream/IntStream
instanceKlass org/apache/maven/model/Extension
instanceKlass org/codehaus/plexus/interpolation/util/StringUtils
instanceKlass org/apache/maven/model/Parent
instanceKlass org/apache/maven/model/Organization
instanceKlass org/apache/maven/model/CiManagement
instanceKlass org/apache/maven/model/MailingList
instanceKlass org/apache/maven/model/Prerequisites
instanceKlass org/codehaus/plexus/interpolation/reflection/MethodMap
instanceKlass org/codehaus/plexus/interpolation/reflection/ClassMap$CacheMiss
instanceKlass org/codehaus/plexus/interpolation/reflection/ClassMap
instanceKlass org/codehaus/plexus/interpolation/reflection/ReflectionValueExtractor$Tokenizer
instanceKlass org/codehaus/plexus/interpolation/reflection/ReflectionValueExtractor
instanceKlass org/codehaus/plexus/interpolation/util/ValueSourceUtils
instanceKlass org/apache/maven/model/interpolation/StringVisitorModelInterpolator$ModelVisitor
instanceKlass org/apache/maven/model/interpolation/StringVisitorModelInterpolator$1
instanceKlass org/codehaus/plexus/interpolation/PrefixAwareRecursionInterceptor
instanceKlass org/apache/maven/model/interpolation/UrlNormalizingPostProcessor
instanceKlass org/apache/maven/model/interpolation/PathTranslatingPostProcessor
instanceKlass java/text/DontCareFieldPosition$1
instanceKlass java/text/Format$FieldDelegate
instanceKlass org/apache/maven/model/interpolation/MavenBuildTimestamp
instanceKlass org/apache/maven/model/interpolation/ProblemDetectingValueSource
instanceKlass org/codehaus/plexus/interpolation/PrefixedValueSourceWrapper
instanceKlass org/codehaus/plexus/interpolation/FeedbackEnabledValueSource
instanceKlass org/codehaus/plexus/interpolation/AbstractDelegatingValueSource
instanceKlass org/codehaus/plexus/interpolation/QueryEnabledValueSource
instanceKlass org/apache/maven/model/merge/ModelMerger$ExtensionKeyComputer
instanceKlass org/apache/maven/model/merge/ModelMerger$ResourceKeyComputer
instanceKlass org/apache/maven/model/merge/ModelMerger$SourceDominant
instanceKlass org/apache/maven/model/merge/ModelMerger$DependencyKeyComputer
instanceKlass java/util/Collections$1
instanceKlass org/apache/maven/repository/internal/ArtifactDescriptorUtils
instanceKlass org/apache/maven/model/building/DefaultModelBuilder$$Lambda$95
instanceKlass org/apache/maven/model/building/DefaultModelBuilder$$Lambda$94
instanceKlass java/lang/invoke/LambdaForm$DMH
instanceKlass org/apache/maven/model/building/DefaultModelBuilder$$Lambda$93
instanceKlass org/apache/maven/model/building/DefaultModelBuilder$InterpolateString
instanceKlass org/apache/maven/model/building/DefaultModelBuilder$1Interpolation
instanceKlass java/lang/invoke/LambdaForm$MH
instanceKlass org/apache/maven/model/building/DefaultModelBuilder$$Lambda$92
instanceKlass java/lang/invoke/LambdaForm$DMH
instanceKlass org/apache/maven/model/building/DefaultModelBuilder$$Lambda$91
instanceKlass org/apache/maven/model/building/DefaultModelBuilder$$Lambda$90
instanceKlass org/apache/maven/model/building/DefaultModelBuilder$$Lambda$89
instanceKlass org/apache/maven/model/building/DefaultModelBuilder$$Lambda$88
instanceKlass org/apache/maven/model/building/DefaultModelBuilder$$Lambda$87
instanceKlass org/apache/maven/model/building/DefaultModelBuilder$$Lambda$86
instanceKlass org/apache/maven/model/building/DefaultModelBuilder$$Lambda$85
instanceKlass org/apache/maven/model/profile/DefaultProfileActivationContext$$Lambda$84
instanceKlass org/apache/maven/model/profile/DefaultProfileActivationContext$$Lambda$83
instanceKlass org/apache/maven/model/profile/DefaultProfileActivationContext$$Lambda$82
instanceKlass java/util/Spliterators$IteratorSpliterator
instanceKlass org/apache/maven/model/building/DefaultModelBuilder$$Lambda$81
instanceKlass org/apache/maven/model/validation/DefaultModelValidator$$Lambda$80
instanceKlass org/apache/maven/model/validation/DefaultModelValidator$$Lambda$79
instanceKlass org/apache/maven/model/validation/DefaultModelValidator$$Lambda$78
instanceKlass org/apache/maven/model/validation/DefaultModelValidator$$Lambda$77
instanceKlass org/apache/maven/model/validation/DefaultModelValidator$$Lambda$76
instanceKlass org/apache/maven/model/validation/DefaultModelValidator$$Lambda$75
instanceKlass org/apache/maven/model/validation/DefaultModelValidator$$Lambda$74
instanceKlass java/lang/invoke/LambdaForm$DMH
instanceKlass org/apache/maven/model/validation/DefaultModelValidator$$Lambda$73
instanceKlass java/lang/invoke/LambdaForm$MH
instanceKlass org/apache/maven/model/validation/DefaultModelValidator$$Lambda$72
instanceKlass java/lang/invoke/LambdaForm$DMH
instanceKlass org/apache/maven/model/validation/DefaultModelValidator$$Lambda$71
instanceKlass org/apache/maven/model/validation/DefaultModelValidator$$Lambda$70
instanceKlass org/apache/maven/model/building/ModelProblemUtils
instanceKlass org/apache/maven/model/io/xpp3/MavenXpp3ReaderEx$Xpp3DomBuilderInputLocationBuilder
instanceKlass org/apache/maven/model/DependencyManagement
instanceKlass org/apache/maven/model/IssueManagement
instanceKlass org/apache/maven/model/DistributionManagement
instanceKlass org/apache/maven/model/Scm
instanceKlass org/apache/maven/model/License
instanceKlass org/apache/maven/model/io/xpp3/MavenXpp3ReaderEx$1
instanceKlass org/apache/maven/model/io/xpp3/MavenXpp3ReaderEx$ContentTransformer
instanceKlass org/codehaus/plexus/util/xml/Xpp3DomBuilder$InputLocationBuilder
instanceKlass org/apache/maven/model/io/xpp3/MavenXpp3ReaderEx
instanceKlass org/apache/maven/model/building/ModelSource2
instanceKlass org/apache/maven/model/building/DefaultModelBuildingResult
instanceKlass org/apache/maven/model/building/AbstractModelBuildingListener
instanceKlass org/apache/maven/project/ProjectModelResolver
instanceKlass org/apache/maven/model/building/DefaultModelBuildingRequest
instanceKlass org/apache/maven/artifact/repository/LegacyLocalRepositoryManager
instanceKlass org/apache/maven/repository/internal/DefaultModelCache
instanceKlass org/apache/maven/project/DefaultProjectBuildingRequest
instanceKlass org/apache/maven/shared/utils/logging/AnsiMessageBuilder
instanceKlass org/apache/maven/lifecycle/internal/DefaultExecutionEventCatapult$1
instanceKlass org/apache/maven/lifecycle/internal/DefaultExecutionEvent
instanceKlass org/apache/maven/AbstractMavenLifecycleParticipant
instanceKlass java/util/concurrent/atomic/AtomicReference
instanceKlass org/apache/maven/session/scope/internal/SessionScope$CachingProvider
instanceKlass org/apache/maven/session/scope/internal/SessionScope$$Lambda$69
instanceKlass org/apache/maven/settings/RuntimeInfo
instanceKlass org/eclipse/aether/internal/impl/LocalPathPrefixComposerFactorySupport$LocalPathPrefixComposerSupport
instanceKlass org/eclipse/aether/internal/impl/SimpleLocalRepositoryManager
instanceKlass java/util/ArrayList$SubList$1
instanceKlass org/eclipse/aether/internal/impl/PrioritizedComponent
instanceKlass org/eclipse/sisu/wire/EntrySetAdapter$ValueIterator
instanceKlass org/eclipse/aether/internal/impl/PrioritizedComponents
instanceKlass org/apache/maven/RepositoryUtils$$Lambda$68
instanceKlass org/eclipse/aether/repository/RemoteRepository$Builder
instanceKlass org/eclipse/aether/util/ConfigUtils
instanceKlass org/eclipse/aether/AbstractRepositoryListener
instanceKlass org/eclipse/aether/util/repository/DefaultAuthenticationSelector
instanceKlass org/eclipse/aether/util/repository/DefaultProxySelector
instanceKlass org/eclipse/aether/util/repository/DefaultMirrorSelector$MirrorDef
instanceKlass org/eclipse/aether/util/repository/DefaultMirrorSelector
instanceKlass org/apache/maven/settings/crypto/DefaultSettingsDecryptionResult
instanceKlass org/apache/maven/settings/crypto/DefaultSettingsDecryptionRequest
instanceKlass org/apache/maven/RepositoryUtils$MavenArtifactTypeRegistry
instanceKlass org/apache/maven/RepositoryUtils
instanceKlass org/eclipse/aether/util/repository/SimpleResolutionErrorPolicy
instanceKlass java/util/stream/Collectors$$Lambda$67
instanceKlass org/apache/maven/internal/aether/DefaultRepositorySystemSessionFactory$$Lambda$66
instanceKlass org/apache/maven/internal/aether/DefaultRepositorySystemSessionFactory$$Lambda$65
instanceKlass org/apache/maven/internal/aether/DefaultRepositorySystemSessionFactory$$Lambda$64
instanceKlass org/apache/maven/internal/aether/DefaultRepositorySystemSessionFactory$$Lambda$63
instanceKlass org/apache/maven/internal/aether/DefaultRepositorySystemSessionFactory$$Lambda$62
instanceKlass org/apache/maven/internal/aether/DefaultRepositorySystemSessionFactory$$Lambda$61
instanceKlass java/lang/invoke/LambdaForm$DMH
instanceKlass org/eclipse/aether/util/repository/SimpleArtifactDescriptorPolicy
instanceKlass org/eclipse/aether/artifact/DefaultArtifactType
instanceKlass org/eclipse/aether/util/artifact/SimpleArtifactTypeRegistry
instanceKlass org/eclipse/aether/util/graph/transformer/JavaDependencyContextRefiner
instanceKlass org/eclipse/aether/util/graph/transformer/ChainedDependencyGraphTransformer
instanceKlass org/eclipse/aether/util/graph/transformer/ConflictResolver
instanceKlass org/eclipse/aether/graph/Exclusion
instanceKlass org/eclipse/aether/util/graph/selector/ExclusionDependencySelector
instanceKlass org/eclipse/aether/util/graph/selector/OptionalDependencySelector
instanceKlass org/eclipse/aether/util/graph/selector/ScopeDependencySelector
instanceKlass org/eclipse/aether/util/graph/selector/AndDependencySelector
instanceKlass org/eclipse/aether/util/graph/manager/ClassicDependencyManager
instanceKlass org/eclipse/aether/util/graph/traverser/FatArtifactTraverser
instanceKlass org/eclipse/aether/DefaultSessionData
instanceKlass org/eclipse/aether/DefaultRepositorySystemSession$NullFileTransformerManager
instanceKlass org/eclipse/aether/transform/FileTransformerManager
instanceKlass org/eclipse/aether/DefaultRepositorySystemSession$NullArtifactTypeRegistry
instanceKlass org/eclipse/aether/DefaultRepositorySystemSession$NullAuthenticationSelector
instanceKlass org/eclipse/aether/DefaultRepositorySystemSession$NullProxySelector
instanceKlass org/eclipse/aether/DefaultRepositorySystemSession$NullMirrorSelector
instanceKlass org/eclipse/aether/SessionData
instanceKlass org/eclipse/aether/artifact/ArtifactTypeRegistry
instanceKlass org/eclipse/aether/collection/DependencyGraphTransformer
instanceKlass org/eclipse/aether/util/graph/transformer/ConflictResolver$VersionSelector
instanceKlass org/eclipse/aether/util/graph/transformer/ConflictResolver$ScopeSelector
instanceKlass org/eclipse/aether/util/graph/transformer/ConflictResolver$OptionalitySelector
instanceKlass org/eclipse/aether/util/graph/transformer/ConflictResolver$ScopeDeriver
instanceKlass org/apache/maven/repository/internal/MavenRepositorySystemUtils
instanceKlass org/apache/maven/execution/DefaultMavenExecutionResult
instanceKlass org/apache/maven/artifact/repository/MavenArtifactRepository
instanceKlass org/apache/maven/artifact/repository/layout/ArtifactRepositoryLayout2
instanceKlass org/apache/maven/artifact/repository/layout/DefaultRepositoryLayout$$FastClassByGuice$$190387767
instanceKlass org/apache/maven/execution/AbstractExecutionListener
instanceKlass org/apache/maven/cli/transfer/SimplexTransferListener$$Lambda$60
instanceKlass java/lang/invoke/LambdaForm$DMH
instanceKlass java/util/Collections$SynchronizedMap
instanceKlass org/apache/maven/cli/transfer/SimplexTransferListener$Exchange
instanceKlass org/eclipse/aether/transfer/AbstractTransferListener
instanceKlass org/apache/maven/toolchain/building/DefaultToolchainsBuildingResult
instanceKlass org/apache/maven/toolchain/building/DefaultToolchainsBuilder$1
instanceKlass org/apache/maven/toolchain/model/io/xpp3/MavenToolchainsXpp3Writer
instanceKlass org/apache/maven/toolchain/model/io/xpp3/MavenToolchainsXpp3Reader$1
instanceKlass org/apache/maven/toolchain/model/io/xpp3/MavenToolchainsXpp3Reader$ContentTransformer
instanceKlass org/apache/maven/toolchain/model/io/xpp3/MavenToolchainsXpp3Reader
instanceKlass org/apache/maven/building/DefaultProblemCollector
instanceKlass org/apache/maven/building/ProblemCollectorFactory
instanceKlass org/apache/maven/toolchain/building/DefaultToolchainsBuildingRequest
instanceKlass org/apache/maven/settings/building/DefaultSettingsBuildingResult
instanceKlass org/apache/maven/settings/building/DefaultSettingsBuilder$1
instanceKlass org/codehaus/plexus/interpolation/os/OperatingSystemUtils$DefaultEnvVarSource
instanceKlass org/codehaus/plexus/interpolation/os/OperatingSystemUtils$EnvVarSource
instanceKlass org/codehaus/plexus/interpolation/os/OperatingSystemUtils
instanceKlass org/codehaus/plexus/util/xml/pull/MXSerializer
instanceKlass org/codehaus/plexus/util/xml/pull/XmlSerializer
instanceKlass org/apache/maven/settings/io/xpp3/SettingsXpp3Writer
instanceKlass org/codehaus/plexus/util/xml/pull/EntityReplacementMap
instanceKlass org/apache/maven/settings/io/xpp3/SettingsXpp3Reader$1
instanceKlass org/apache/maven/settings/io/xpp3/SettingsXpp3Reader$ContentTransformer
instanceKlass org/apache/maven/settings/io/xpp3/SettingsXpp3Reader
instanceKlass org/apache/maven/building/FileSource
instanceKlass org/apache/maven/settings/building/DefaultSettingsBuildingRequest
instanceKlass org/apache/maven/graph/DefaultGraphBuilder$$FastClassByGuice$$189256605
instanceKlass org/apache/maven/plugin/prefix/internal/DefaultPluginPrefixResolver$$FastClassByGuice$$188458112
instanceKlass org/apache/maven/plugin/CompoundMojoExecutionListener
instanceKlass org/apache/maven/plugin/DefaultBuildPluginManager$$FastClassByGuice$$187175535
instanceKlass org/apache/maven/lifecycle/internal/DefaultLifecycleTaskSegmentCalculator$$FastClassByGuice$$185860414
instanceKlass org/apache/maven/lifecycle/internal/DefaultExecutionEventCatapult$$FastClassByGuice$$185470190
instanceKlass org/apache/maven/project/DefaultProjectDependenciesResolver$$FastClassByGuice$$183637611
instanceKlass org/apache/maven/project/RepositorySessionDecorator
instanceKlass org/apache/maven/plugin/DefaultPluginArtifactsCache$$FastClassByGuice$$182797222
instanceKlass com/google/inject/internal/DelegatingInvocationHandler
instanceKlass org/apache/maven/artifact/repository/metadata/io/DefaultMetadataReader$$FastClassByGuice$$181597324
instanceKlass org/apache/maven/plugin/version/internal/DefaultPluginVersionResolver$$FastClassByGuice$$181136068
instanceKlass org/apache/maven/plugin/DefaultExtensionRealmCache$$FastClassByGuice$$180041331
instanceKlass org/apache/maven/rtinfo/internal/DefaultRuntimeInformation$$FastClassByGuice$$178593375
instanceKlass org/apache/maven/plugin/DefaultPluginRealmCache$$FastClassByGuice$$177700377
instanceKlass org/apache/maven/plugin/DefaultPluginDescriptorCache$$FastClassByGuice$$176914166
instanceKlass org/apache/maven/plugin/internal/DefaultMavenPluginManager$$FastClassByGuice$$175371699
instanceKlass sun/security/util/MessageDigestSpi2
instanceKlass sun/security/jca/GetInstance$Instance
instanceKlass sun/security/jca/GetInstance
instanceKlass java/security/SecureRandomSpi
instanceKlass sun/security/util/SecurityProviderConstants
instanceKlass java/security/Provider$UString
instanceKlass java/security/Provider$Service
instanceKlass sun/security/provider/NativePRNG$NonBlocking
instanceKlass sun/security/provider/NativePRNG$Blocking
instanceKlass sun/security/provider/NativePRNG
instanceKlass sun/security/provider/SunEntries$1
instanceKlass sun/security/provider/SunEntries
instanceKlass sun/security/jca/ProviderConfig$2
instanceKlass java/security/Security$2
instanceKlass sun/misc/JavaSecurityPropertiesAccess
instanceKlass java/security/Security$1
instanceKlass java/security/Security
instanceKlass sun/security/jca/ProviderList$2
instanceKlass sun/misc/FDBigInteger
instanceKlass sun/misc/FloatingDecimal$PreparedASCIIToBinaryBuffer
instanceKlass sun/misc/FloatingDecimal$ASCIIToBinaryConverter
instanceKlass sun/misc/FloatingDecimal$BinaryToASCIIBuffer
instanceKlass sun/misc/FloatingDecimal$ExceptionalBinaryToASCIIBuffer
instanceKlass sun/misc/FloatingDecimal$BinaryToASCIIConverter
instanceKlass sun/misc/FloatingDecimal
instanceKlass java/security/Provider$EngineDescription
instanceKlass java/security/Provider$ServiceKey
instanceKlass sun/security/jca/ProviderConfig
instanceKlass sun/security/jca/ProviderList
instanceKlass sun/security/jca/Providers
instanceKlass java/security/Key
instanceKlass java/security/spec/AlgorithmParameterSpec
instanceKlass org/apache/maven/repository/DefaultMirrorSelector$$FastClassByGuice$$174577935
instanceKlass org/apache/maven/repository/legacy/repository/DefaultArtifactRepositoryFactory$$FastClassByGuice$$173550270
instanceKlass org/eclipse/aether/artifact/ArtifactType
instanceKlass org/eclipse/aether/internal/impl/synccontext/named/NamedLockFactoryAdapterFactoryImpl$$Lambda$59
instanceKlass java/lang/invoke/LambdaForm$DMH
instanceKlass org/eclipse/sisu/wire/NamedIterableAdapter
instanceKlass org/eclipse/aether/internal/impl/DefaultUpdateCheckManager$1
instanceKlass org/apache/maven/project/artifact/DefaultMavenMetadataCache$$FastClassByGuice$$172275261
instanceKlass org/apache/maven/repository/legacy/DefaultUpdateCheckManager$$FastClassByGuice$$171000375
instanceKlass org/apache/maven/repository/legacy/DefaultWagonManager$$FastClassByGuice$$170754336
instanceKlass org/apache/maven/artifact/repository/metadata/DefaultRepositoryMetadataManager$$FastClassByGuice$$169467373
instanceKlass org/apache/maven/project/artifact/DefaultMetadataSource$$FastClassByGuice$$168468389
instanceKlass org/apache/maven/artifact/resolver/DefaultResolutionErrorHandler$$FastClassByGuice$$167111225
instanceKlass org/apache/maven/plugin/internal/DefaultLegacySupport$$FastClassByGuice$$166442605
instanceKlass org/apache/maven/repository/legacy/resolver/conflict/NearestConflictResolver$$FastClassByGuice$$165511929
instanceKlass org/apache/maven/artifact/resolver/DefaultArtifactCollector$$FastClassByGuice$$163935781
instanceKlass org/apache/maven/artifact/resolver/DefaultArtifactResolver$DaemonThreadCreator
instanceKlass java/util/concurrent/ThreadPoolExecutor$AbortPolicy
instanceKlass java/util/concurrent/RejectedExecutionHandler
instanceKlass java/util/concurrent/AbstractExecutorService
instanceKlass java/util/concurrent/ExecutorService
instanceKlass org/apache/maven/artifact/resolver/DefaultArtifactResolver$$FastClassByGuice$$162578869
instanceKlass org/apache/maven/artifact/handler/manager/DefaultArtifactHandlerManager$$FastClassByGuice$$161818920
instanceKlass org/apache/maven/artifact/factory/DefaultArtifactFactory$$FastClassByGuice$$161114548
instanceKlass org/apache/maven/repository/legacy/LegacyRepositorySystem$$FastClassByGuice$$159726046
instanceKlass org/apache/maven/project/DefaultProjectRealmCache$$FastClassByGuice$$159090356
instanceKlass org/codehaus/plexus/classworlds/realm/Entry
instanceKlass java/util/Random
instanceKlass org/eclipse/sisu/inject/Guice4$2
instanceKlass org/apache/maven/project/DefaultProjectBuildingHelper$$FastClassByGuice$$157920916
instanceKlass org/apache/maven/lifecycle/internal/DefaultLifecyclePluginAnalyzer$$FastClassByGuice$$156630576
instanceKlass org/apache/maven/model/plugin/DefaultLifecycleBindingsInjector$$FastClassByGuice$$155944562
instanceKlass org/apache/maven/model/merge/ModelMerger$Remapping
instanceKlass org/apache/maven/model/PatternSet
instanceKlass org/apache/maven/model/Contributor
instanceKlass org/apache/maven/model/merge/ModelMerger$KeyComputer
instanceKlass org/apache/maven/project/DefaultProjectBuilder$$FastClassByGuice$$154615656
instanceKlass org/apache/maven/DefaultMaven$$FastClassByGuice$$153662917
instanceKlass org/apache/maven/cli/event/DefaultEventSpyContext
instanceKlass org/eclipse/sisu/wire/EntryListAdapter$ValueIterator
instanceKlass org/apache/maven/cli/logging/Slf4jLogger
instanceKlass org/eclipse/sisu/inject/LazyBeanEntry$JsrNamed
instanceKlass org/eclipse/sisu/inject/LazyBeanEntry
instanceKlass javax/annotation/Priority
instanceKlass java/lang/Package$1
instanceKlass org/eclipse/sisu/inject/Implementations
instanceKlass org/eclipse/sisu/plexus/LazyPlexusBean
instanceKlass org/eclipse/sisu/inject/RankedSequence$Itr
instanceKlass org/eclipse/sisu/inject/RankedBindings$Itr
instanceKlass org/eclipse/sisu/inject/LocatedBeans$Itr
instanceKlass org/eclipse/sisu/plexus/RealmFilteredBeans$FilteredItr
instanceKlass org/eclipse/sisu/plexus/DefaultPlexusBeans$Itr
instanceKlass org/eclipse/sisu/plexus/DefaultPlexusBeans
instanceKlass org/eclipse/sisu/plexus/RealmFilteredBeans
instanceKlass org/eclipse/sisu/inject/BeanCache
instanceKlass org/eclipse/sisu/inject/LocatedBeans
instanceKlass org/eclipse/sisu/inject/MildElements$Indexable
instanceKlass com/google/inject/internal/ProviderInternalFactory$1
instanceKlass com/google/inject/internal/ConstructorInjector$1
instanceKlass org/eclipse/sisu/inject/WatchedBeans
instanceKlass java/util/concurrent/ConcurrentHashMap$Traverser
instanceKlass org/eclipse/sisu/inject/MildValues$ValueItr
instanceKlass org/eclipse/sisu/inject/InjectorBindings
instanceKlass com/google/inject/spi/ProvisionListener$ProvisionInvocation
instanceKlass com/google/inject/internal/MembersInjectorImpl$1
instanceKlass com/google/inject/internal/InternalContext
instanceKlass com/google/inject/internal/Initializer$1
instanceKlass com/google/common/collect/AbstractMapBasedMultimap$AsMap$AsMapIterator
instanceKlass org/codehaus/plexus/DefaultPlexusContainer$$FastClassByGuice$$152592395
instanceKlass org/eclipse/sisu/wire/TypeConverterCache$$FastClassByGuice$$151983872
instanceKlass com/google/inject/internal/SingleMethodInjector$1
instanceKlass org/eclipse/sisu/inject/DefaultBeanLocator$$FastClassByGuice$$150367041
instanceKlass com/google/inject/internal/InjectorImpl$MethodInvoker
instanceKlass com/google/inject/internal/SingleMethodInjector
instanceKlass org/eclipse/sisu/plexus/PlexusXmlBeanConverter$$FastClassByGuice$$149192682
instanceKlass org/sonatype/plexus/components/sec/dispatcher/DefaultSecDispatcher$$FastClassByGuice$$148761846
instanceKlass org/sonatype/plexus/components/cipher/DefaultPlexusCipher$$FastClassByGuice$$147381321
instanceKlass org/codehaus/plexus/component/configurator/MapOrientedComponentConfigurator$$FastClassByGuice$$145968849
instanceKlass org/codehaus/plexus/component/configurator/BasicComponentConfigurator$$FastClassByGuice$$145404566
instanceKlass org/apache/maven/settings/validation/DefaultSettingsValidator$$FastClassByGuice$$143693585
instanceKlass org/apache/maven/settings/io/DefaultSettingsWriter$$FastClassByGuice$$143088975
instanceKlass org/apache/maven/settings/io/DefaultSettingsReader$$FastClassByGuice$$141739992
instanceKlass org/apache/maven/settings/crypto/DefaultSettingsDecrypter$$FastClassByGuice$$140587744
instanceKlass org/apache/maven/settings/building/DefaultSettingsBuilder$$FastClassByGuice$$140287433
instanceKlass org/eclipse/aether/transport/wagon/WagonTransporterFactory$$FastClassByGuice$$138828432
instanceKlass org/eclipse/aether/internal/transport/wagon/PlexusWagonProvider$$FastClassByGuice$$137384902
instanceKlass org/eclipse/aether/internal/transport/wagon/PlexusWagonConfigurator$$FastClassByGuice$$136447151
instanceKlass org/eclipse/aether/transport/http/XChecksumChecksumExtractor$$FastClassByGuice$$136266033
instanceKlass org/eclipse/aether/transport/http/Nexus2ChecksumExtractor$$FastClassByGuice$$134469900
instanceKlass org/eclipse/aether/transport/http/HttpTransporterFactory$$FastClassByGuice$$133275481
instanceKlass org/eclipse/aether/transport/file/FileTransporterFactory$$FastClassByGuice$$132774593
instanceKlass org/apache/maven/repository/internal/VersionsMetadataGeneratorFactory$$FastClassByGuice$$131092896
instanceKlass org/apache/maven/repository/internal/SnapshotMetadataGeneratorFactory$$FastClassByGuice$$130031679
instanceKlass org/apache/maven/repository/internal/PluginsMetadataGeneratorFactory$$FastClassByGuice$$129941283
instanceKlass org/apache/maven/repository/internal/DefaultVersionResolver$$FastClassByGuice$$128399961
instanceKlass org/apache/maven/repository/internal/DefaultVersionRangeResolver$$FastClassByGuice$$127278695
instanceKlass org/apache/maven/repository/internal/DefaultModelCacheFactory$$FastClassByGuice$$126298390
instanceKlass org/apache/maven/repository/internal/DefaultArtifactDescriptorReader$$FastClassByGuice$$124834984
instanceKlass org/eclipse/aether/named/providers/NoopNamedLockFactory$$FastClassByGuice$$123762314
instanceKlass org/eclipse/aether/named/providers/LocalSemaphoreNamedLockFactory$$FastClassByGuice$$123189978
instanceKlass org/eclipse/aether/named/providers/LocalReadWriteLockNamedLockFactory$$FastClassByGuice$$122051720
instanceKlass org/eclipse/aether/named/providers/FileLockNamedLockFactory$$FastClassByGuice$$121245542
instanceKlass org/eclipse/aether/internal/impl/synccontext/named/providers/StaticNameMapperProvider$$FastClassByGuice$$120210976
instanceKlass org/eclipse/aether/internal/impl/synccontext/named/providers/GAVNameMapperProvider$$FastClassByGuice$$119122139
instanceKlass org/eclipse/aether/internal/impl/synccontext/named/providers/FileStaticNameMapperProvider$$FastClassByGuice$$117858005
instanceKlass org/eclipse/aether/internal/impl/synccontext/named/providers/FileHashingGAVNameMapperProvider$$FastClassByGuice$$116470909
instanceKlass org/eclipse/aether/internal/impl/synccontext/named/providers/FileGAVNameMapperProvider$$FastClassByGuice$$116167807
instanceKlass org/eclipse/aether/internal/impl/synccontext/named/providers/DiscriminatingNameMapperProvider$$FastClassByGuice$$115300899
instanceKlass org/eclipse/aether/internal/impl/synccontext/named/NamedLockFactoryAdapterFactoryImpl$$FastClassByGuice$$113279290
instanceKlass org/eclipse/aether/internal/impl/synccontext/legacy/DefaultSyncContextFactory$$FastClassByGuice$$112728865
instanceKlass org/eclipse/aether/internal/impl/synccontext/DefaultSyncContextFactory$$FastClassByGuice$$111752267
instanceKlass org/eclipse/aether/internal/impl/slf4j/Slf4jLoggerFactory$$FastClassByGuice$$110571919
instanceKlass org/eclipse/aether/internal/impl/resolution/TrustedChecksumsArtifactResolverPostProcessor$$FastClassByGuice$$109703085
instanceKlass org/eclipse/aether/internal/impl/filter/PrefixesRemoteRepositoryFilterSource$$FastClassByGuice$$108745255
instanceKlass org/eclipse/aether/internal/impl/filter/GroupIdRemoteRepositoryFilterSource$$FastClassByGuice$$107151942
instanceKlass org/eclipse/aether/internal/impl/filter/DefaultRemoteRepositoryFilterManager$$FastClassByGuice$$106683723
instanceKlass org/eclipse/aether/internal/impl/collect/df/DfDependencyCollector$$FastClassByGuice$$105376050
instanceKlass org/eclipse/aether/internal/impl/collect/bf/BfDependencyCollector$$FastClassByGuice$$104550135
instanceKlass org/eclipse/aether/internal/impl/collect/DefaultDependencyCollector$$FastClassByGuice$$103794042
instanceKlass org/eclipse/aether/internal/impl/checksum/TrustedToProvidedChecksumsSourceAdapter$$FastClassByGuice$$102372560
instanceKlass org/eclipse/aether/internal/impl/checksum/SummaryFileTrustedChecksumsSource$$FastClassByGuice$$101008734
instanceKlass org/eclipse/aether/internal/impl/checksum/SparseDirectoryTrustedChecksumsSource$$FastClassByGuice$$99620242
instanceKlass org/eclipse/aether/internal/impl/checksum/Sha512ChecksumAlgorithmFactory$$FastClassByGuice$$99192043
instanceKlass org/eclipse/aether/internal/impl/checksum/Sha256ChecksumAlgorithmFactory$$FastClassByGuice$$97897882
instanceKlass org/eclipse/aether/internal/impl/checksum/Sha1ChecksumAlgorithmFactory$$FastClassByGuice$$97158228
instanceKlass com/google/inject/internal/aop/ImmutableStringTrie$$Lambda$58
instanceKlass org/eclipse/aether/internal/impl/checksum/Md5ChecksumAlgorithmFactory$$FastClassByGuice$$96199449
instanceKlass org/eclipse/aether/internal/impl/checksum/DefaultChecksumAlgorithmFactorySelector$$FastClassByGuice$$94950752
instanceKlass org/eclipse/aether/internal/impl/SimpleLocalRepositoryManagerFactory$$FastClassByGuice$$93675120
instanceKlass org/eclipse/aether/internal/impl/Maven2RepositoryLayoutFactory$$FastClassByGuice$$93135233
instanceKlass org/eclipse/aether/internal/impl/LoggerFactoryProvider$$FastClassByGuice$$91325330
instanceKlass org/eclipse/aether/internal/impl/EnhancedLocalRepositoryManagerFactory$$FastClassByGuice$$90659167
instanceKlass org/eclipse/aether/internal/impl/DefaultUpdatePolicyAnalyzer$$FastClassByGuice$$89642799
instanceKlass org/eclipse/aether/internal/impl/DefaultUpdateCheckManager$$FastClassByGuice$$88287593
instanceKlass org/eclipse/aether/internal/impl/DefaultTransporterProvider$$FastClassByGuice$$87761191
instanceKlass org/eclipse/aether/internal/impl/DefaultTrackingFileManager$$FastClassByGuice$$86452373
instanceKlass org/eclipse/aether/internal/impl/DefaultRepositorySystemLifecycle$$FastClassByGuice$$85072791
instanceKlass org/eclipse/aether/internal/impl/DefaultRepositorySystem$$FastClassByGuice$$84052517
instanceKlass org/eclipse/aether/internal/impl/DefaultRepositoryLayoutProvider$$FastClassByGuice$$83485542
instanceKlass org/eclipse/aether/internal/impl/DefaultRepositoryEventDispatcher$$FastClassByGuice$$82656282
instanceKlass org/eclipse/aether/internal/impl/DefaultRepositoryConnectorProvider$$FastClassByGuice$$80850370
instanceKlass org/eclipse/aether/internal/impl/DefaultRemoteRepositoryManager$$FastClassByGuice$$80097999
instanceKlass org/eclipse/aether/internal/impl/DefaultOfflineController$$FastClassByGuice$$79190945
instanceKlass org/eclipse/aether/internal/impl/DefaultMetadataResolver$$FastClassByGuice$$77933720
instanceKlass org/eclipse/aether/internal/impl/DefaultLocalRepositoryProvider$$FastClassByGuice$$77331964
instanceKlass org/eclipse/aether/internal/impl/DefaultLocalPathPrefixComposerFactory$$FastClassByGuice$$75679528
instanceKlass org/eclipse/aether/internal/impl/DefaultLocalPathComposer$$FastClassByGuice$$75466503
instanceKlass org/eclipse/aether/internal/impl/DefaultInstaller$$FastClassByGuice$$73758678
instanceKlass org/eclipse/aether/internal/impl/DefaultFileProcessor$$FastClassByGuice$$72807133
instanceKlass org/eclipse/aether/internal/impl/DefaultDeployer$$FastClassByGuice$$71809665
instanceKlass org/eclipse/aether/internal/impl/DefaultChecksumPolicyProvider$$FastClassByGuice$$70476010
instanceKlass org/eclipse/aether/internal/impl/DefaultArtifactResolver$$FastClassByGuice$$70183260
instanceKlass org/eclipse/aether/connector/basic/BasicRepositoryConnectorFactory$$FastClassByGuice$$68579925
instanceKlass org/apache/maven/model/validation/DefaultModelValidator$$FastClassByGuice$$67745379
instanceKlass org/apache/maven/model/superpom/DefaultSuperPomProvider$$FastClassByGuice$$66430285
instanceKlass org/apache/maven/model/profile/activation/PropertyProfileActivator$$FastClassByGuice$$65651888
instanceKlass org/apache/maven/model/profile/activation/OperatingSystemProfileActivator$$FastClassByGuice$$64349529
instanceKlass org/apache/maven/model/profile/activation/JdkVersionProfileActivator$$FastClassByGuice$$63472159
instanceKlass org/apache/maven/model/profile/activation/FileProfileActivator$$FastClassByGuice$$62175160
instanceKlass org/apache/maven/model/profile/DefaultProfileSelector$$FastClassByGuice$$61499780
instanceKlass org/apache/maven/model/profile/DefaultProfileInjector$$FastClassByGuice$$60539528
instanceKlass org/apache/maven/model/plugin/DefaultReportingConverter$$FastClassByGuice$$59733925
instanceKlass org/apache/maven/model/plugin/DefaultReportConfigurationExpander$$FastClassByGuice$$58646716
instanceKlass org/apache/maven/model/plugin/DefaultPluginConfigurationExpander$$FastClassByGuice$$56900545
instanceKlass org/apache/maven/model/path/ProfileActivationFilePathInterpolator$$FastClassByGuice$$56462205
instanceKlass org/apache/maven/model/path/DefaultUrlNormalizer$$FastClassByGuice$$55440571
instanceKlass org/apache/maven/model/path/DefaultPathTranslator$$FastClassByGuice$$54375541
instanceKlass org/apache/maven/model/path/DefaultModelUrlNormalizer$$FastClassByGuice$$52666877
instanceKlass org/apache/maven/model/path/DefaultModelPathTranslator$$FastClassByGuice$$52369619
instanceKlass org/apache/maven/model/normalization/DefaultModelNormalizer$$FastClassByGuice$$51283537
instanceKlass org/apache/maven/model/management/DefaultPluginManagementInjector$$FastClassByGuice$$49489331
instanceKlass org/apache/maven/model/management/DefaultDependencyManagementInjector$$FastClassByGuice$$48386193
instanceKlass org/apache/maven/model/locator/DefaultModelLocator$$FastClassByGuice$$47300864
instanceKlass org/apache/maven/model/io/DefaultModelWriter$$FastClassByGuice$$46313905
instanceKlass org/apache/maven/model/io/DefaultModelReader$$FastClassByGuice$$45913708
instanceKlass org/apache/maven/model/interpolation/StringVisitorModelInterpolator$$FastClassByGuice$$44520809
instanceKlass org/apache/maven/model/interpolation/DefaultModelVersionProcessor$$FastClassByGuice$$43150041
instanceKlass org/apache/maven/model/inheritance/DefaultInheritanceAssembler$$FastClassByGuice$$42431513
instanceKlass org/apache/maven/model/composition/DefaultDependencyManagementImporter$$FastClassByGuice$$41874026
instanceKlass org/apache/maven/model/building/DefaultModelProcessor$$FastClassByGuice$$40115302
instanceKlass org/apache/maven/model/building/DefaultModelBuilder$$FastClassByGuice$$38846082
instanceKlass org/apache/maven/cli/internal/BootstrapCoreExtensionManager$$FastClassByGuice$$38175520
instanceKlass org/apache/maven/cli/configuration/SettingsXmlConfigurationProcessor$$FastClassByGuice$$37266588
instanceKlass org/apache/maven/toolchain/io/DefaultToolchainsWriter$$FastClassByGuice$$35742037
instanceKlass org/apache/maven/toolchain/io/DefaultToolchainsReader$$FastClassByGuice$$35533588
instanceKlass org/apache/maven/toolchain/building/DefaultToolchainsBuilder$$FastClassByGuice$$34345768
instanceKlass org/apache/maven/plugin/internal/ReadOnlyPluginParametersValidator$$FastClassByGuice$$33304870
instanceKlass org/apache/maven/plugin/internal/PlexusContainerDefaultDependenciesValidator$$FastClassByGuice$$31989764
instanceKlass org/apache/maven/plugin/internal/MavenScopeDependenciesValidator$$FastClassByGuice$$31269067
instanceKlass org/apache/maven/plugin/internal/MavenMixedDependenciesValidator$$FastClassByGuice$$29637445
instanceKlass org/apache/maven/plugin/internal/Maven3CompatDependenciesValidator$$FastClassByGuice$$28348766
instanceKlass org/apache/maven/plugin/internal/Maven2DependenciesValidator$$FastClassByGuice$$27446580
instanceKlass org/apache/maven/plugin/internal/DeprecatedPluginValidator$$FastClassByGuice$$26235750
instanceKlass org/apache/maven/plugin/internal/DeprecatedCoreExpressionValidator$$FastClassByGuice$$26011629
instanceKlass org/apache/maven/plugin/internal/DefaultPluginValidationManager$$FastClassByGuice$$24502009
instanceKlass org/apache/maven/plugin/DefaultMojosExecutionStrategy$$FastClassByGuice$$23871806
instanceKlass org/apache/maven/lifecycle/internal/LifecycleDependencyResolver$$FastClassByGuice$$22359358
instanceKlass org/apache/maven/lifecycle/internal/DefaultProjectArtifactFactory$$FastClassByGuice$$21093138
instanceKlass org/apache/maven/internal/aether/ResolverLifecycle$$FastClassByGuice$$20160541
instanceKlass com/google/inject/internal/InjectorImpl$SyntheticProviderBindingImpl$1
instanceKlass com/google/inject/internal/InjectorImpl$1
instanceKlass org/apache/maven/internal/aether/DefaultRepositorySystemSessionFactory$$FastClassByGuice$$19907763
instanceKlass com/google/inject/internal/SingleFieldInjector
instanceKlass org/apache/maven/extension/internal/CoreExportsProvider$$FastClassByGuice$$18397784
instanceKlass org/apache/maven/execution/DefaultMavenExecutionRequestPopulator$$FastClassByGuice$$17319742
instanceKlass org/apache/maven/classrealm/DefaultClassRealmManager$$FastClassByGuice$$16731911
instanceKlass org/apache/maven/ReactorReader$$FastClassByGuice$$15497719
instanceKlass org/apache/maven/DefaultArtifactFilterManager$$FastClassByGuice$$13637984
instanceKlass com/google/inject/internal/SingleParameterInjector
instanceKlass org/apache/maven/lifecycle/internal/builder/BuilderCommon$$FastClassByGuice$$12986590
instanceKlass org/apache/maven/lifecycle/Lifecycle$$FastClassByGuice$$12423119
instanceKlass org/eclipse/sisu/plexus/PlexusConfigurations$ConfigurationProvider
instanceKlass org/apache/maven/lifecycle/DefaultLifecycles$$FastClassByGuice$$10673063
instanceKlass org/apache/maven/lifecycle/internal/LifecycleDebugLogger$$FastClassByGuice$$9600564
instanceKlass org/apache/maven/lifecycle/internal/BuildListCalculator$$FastClassByGuice$$8407478
instanceKlass org/apache/maven/eventspy/internal/EventSpyDispatcher$$FastClassByGuice$$8377357
instanceKlass org/eclipse/sisu/PreDestroy
instanceKlass org/eclipse/sisu/PostConstruct
instanceKlass org/apache/maven/lifecycle/internal/LifecyclePluginResolver$$FastClassByGuice$$7029595
instanceKlass org/apache/maven/lifecycle/internal/MojoExecutor$$FastClassByGuice$$6186574
instanceKlass org/apache/maven/bridge/MavenRepositorySystem$$FastClassByGuice$$4535881
instanceKlass org/apache/maven/lifecycle/internal/MojoDescriptorCreator$$FastClassByGuice$$3521500
instanceKlass org/apache/maven/lifecycle/internal/LifecycleModuleBuilder$$FastClassByGuice$$2838589
instanceKlass org/eclipse/sisu/bean/BeanPropertySetter
instanceKlass org/apache/maven/lifecycle/internal/LifecycleStarter$$FastClassByGuice$$1521949
instanceKlass com/google/inject/internal/ProxyFactory
instanceKlass com/google/common/collect/TransformedIterator
instanceKlass com/google/inject/internal/ConstructorInjectorStore$$Lambda$57
instanceKlass com/google/inject/spi/InterceptorBinding
instanceKlass com/google/inject/internal/MethodAspect
instanceKlass com/google/inject/internal/MembersInjectorImpl
instanceKlass org/eclipse/sisu/bean/BeanInjector
instanceKlass org/eclipse/sisu/plexus/PlexusLifecycleManager$2
instanceKlass org/eclipse/sisu/bean/PropertyBinder$1
instanceKlass org/eclipse/sisu/plexus/ProvidedPropertyBinding
instanceKlass org/eclipse/sisu/plexus/PlexusRequirements$AbstractRequirementProvider
instanceKlass org/eclipse/sisu/bean/BeanPropertyField
instanceKlass org/eclipse/sisu/bean/DeclaredMembers$MemberIterator
instanceKlass org/eclipse/sisu/bean/BeanPropertyIterator
instanceKlass org/eclipse/sisu/bean/DeclaredMembers
instanceKlass org/eclipse/sisu/bean/IgnoreSetters
instanceKlass org/eclipse/sisu/bean/BeanProperties
instanceKlass org/eclipse/sisu/plexus/PlexusRequirements
instanceKlass org/eclipse/sisu/plexus/PlexusConfigurations
instanceKlass org/eclipse/sisu/plexus/PlexusPropertyBinder
instanceKlass org/eclipse/sisu/bean/BeanLifecycle
instanceKlass com/google/inject/internal/EncounterImpl
instanceKlass com/google/inject/internal/AbstractBindingProcessor$Processor$$Lambda$56
instanceKlass org/apache/maven/session/scope/internal/SessionScope$$Lambda$55
instanceKlass org/apache/maven/execution/scope/internal/MojoExecutionScope$2
instanceKlass com/google/inject/internal/ProviderInternalFactory
instanceKlass com/google/inject/internal/InternalProviderInstanceBindingImpl$Factory
instanceKlass com/google/inject/internal/FactoryProxy
instanceKlass com/google/inject/internal/InternalFactoryToProviderAdapter
instanceKlass com/google/inject/internal/ConstructionContext
instanceKlass com/google/inject/internal/SingletonScope$1
instanceKlass com/google/inject/internal/ProviderToInternalFactoryAdapter
instanceKlass com/google/inject/internal/CycleDetectingLock$CycleDetectingLockFactory$ReentrantCycleDetectingLock
instanceKlass com/google/inject/internal/Initializer$InjectableReference
instanceKlass com/google/inject/internal/ProvisionListenerStackCallback
instanceKlass com/google/common/cache/LocalCache$AbstractReferenceEntry
instanceKlass com/google/inject/internal/ProvisionListenerCallbackStore$KeyBinding
instanceKlass com/google/inject/internal/util/Classes
instanceKlass com/google/inject/spi/ExposedBinding
instanceKlass com/google/inject/internal/CreationListener
instanceKlass com/google/inject/internal/InjectorShell$LoggerFactory
instanceKlass com/google/inject/internal/InjectorShell$InjectorFactory
instanceKlass com/google/inject/internal/Initializables$1
instanceKlass com/google/inject/internal/Initializables
instanceKlass com/google/inject/internal/ConstantFactory
instanceKlass com/google/inject/internal/InjectorShell
instanceKlass com/google/inject/internal/ProvisionListenerCallbackStore
instanceKlass com/google/inject/spi/TypeEncounter
instanceKlass com/google/inject/internal/SingleMemberInjector
instanceKlass com/google/inject/internal/MembersInjectorStore
instanceKlass com/google/inject/internal/TypeConverterBindingProcessor$4
instanceKlass com/google/inject/internal/TypeConverterBindingProcessor$2
instanceKlass com/google/inject/internal/TypeConverterBindingProcessor$1
instanceKlass com/google/inject/internal/TypeConverterBindingProcessor$5
instanceKlass com/google/inject/internal/FailableCache
instanceKlass com/google/inject/internal/ConstructorInjectorStore
instanceKlass com/google/inject/internal/DeferredLookups
instanceKlass com/google/inject/spi/ProviderBinding
instanceKlass com/google/inject/spi/ConvertedConstantBinding
instanceKlass com/google/inject/internal/InjectorImpl
instanceKlass com/google/inject/internal/Lookups
instanceKlass com/google/inject/internal/InjectorImpl$InjectorOptions
instanceKlass com/google/inject/internal/AbstractProcessor$$Lambda$54
instanceKlass java/lang/invoke/LambdaForm$DMH
instanceKlass com/google/inject/spi/BindingSourceRestriction$$Lambda$53
instanceKlass org/eclipse/sisu/wire/PlaceholderBeanProvider
instanceKlass com/google/inject/internal/ProvisionListenerStackCallback$ProvisionCallback
instanceKlass com/google/inject/internal/ConstructorInjector
instanceKlass com/google/inject/internal/DefaultConstructionProxyFactory$FastClassProxy
instanceKlass java/lang/invoke/LambdaForm$MH
instanceKlass com/google/inject/internal/aop/AbstractGlueGenerator$$Lambda$52
instanceKlass com/google/inject/internal/aop/ImmutableStringTrie
instanceKlass java/util/function/ToIntFunction
instanceKlass java/lang/invoke/LambdaForm$BMH
instanceKlass java/lang/invoke/LambdaForm$DMH
instanceKlass java/lang/invoke/LambdaForm$DMH
instanceKlass org/apache/maven/plugin/internal/DefaultPluginDependenciesResolver$$FastClassByGuice$$727854
instanceKlass com/google/inject/internal/aop/GeneratedClassDefiner
instanceKlass java/lang/ClassLoader$$DefineAccessByGuice$$
instanceKlass com/google/inject/internal/aop/UnsafeClassDefiner$ClassLoaderDefineClassHolder$$Lambda$51
instanceKlass com/google/inject/internal/aop/UnsafeClassDefiner$ClassLoaderDefineClassHolder
instanceKlass com/google/inject/internal/asm/$Handler
instanceKlass com/google/inject/internal/asm/$Attribute
instanceKlass com/google/inject/internal/aop/BytecodeTasks
instanceKlass com/google/inject/internal/aop/AbstractGlueGenerator$$Lambda$50
instanceKlass com/google/inject/internal/asm/$Handle
instanceKlass com/google/inject/internal/asm/$Label
instanceKlass com/google/inject/internal/asm/$Frame
instanceKlass com/google/inject/internal/asm/$ByteVector
instanceKlass com/google/inject/internal/asm/$Symbol
instanceKlass com/google/inject/internal/asm/$SymbolTable
instanceKlass com/google/inject/internal/asm/$FieldVisitor
instanceKlass com/google/inject/internal/asm/$MethodVisitor
instanceKlass com/google/inject/internal/asm/$AnnotationVisitor
instanceKlass com/google/inject/internal/asm/$RecordComponentVisitor
instanceKlass com/google/inject/internal/asm/$ModuleVisitor
instanceKlass com/google/inject/internal/asm/$ClassVisitor
instanceKlass com/google/inject/internal/aop/AbstractGlueGenerator
instanceKlass com/google/inject/internal/aop/ClassBuilding$$Lambda$49
instanceKlass com/google/inject/internal/aop/ClassBuilding$$Lambda$48
instanceKlass com/google/inject/internal/asm/$Type
instanceKlass com/google/inject/internal/aop/UnsafeClassDefiner$$Lambda$47
instanceKlass com/google/inject/internal/aop/AnonymousClassDefiner
instanceKlass com/google/inject/internal/aop/UnsafeClassDefiner
instanceKlass com/google/inject/internal/aop/ClassDefining$ClassDefinerHolder
instanceKlass com/google/inject/internal/aop/ClassDefiner
instanceKlass com/google/inject/internal/aop/ClassDefining
instanceKlass com/google/inject/internal/aop/ClassBuilding$$Lambda$46
instanceKlass java/lang/invoke/LambdaForm$DMH
instanceKlass com/google/inject/internal/BytecodeGen$$Lambda$45
instanceKlass java/lang/invoke/LambdaForm$DMH
instanceKlass com/google/inject/internal/BytecodeGen$EnhancerBuilder
instanceKlass com/google/inject/internal/aop/ClassBuilding
instanceKlass com/google/common/collect/MapMakerInternalMap$StrongValueEntry
instanceKlass com/google/common/collect/MapMakerInternalMap$WeakKeyStrongValueEntry$Helper
instanceKlass com/google/common/collect/MapMakerInternalMap$InternalEntry
instanceKlass com/google/common/collect/MapMakerInternalMap$1
instanceKlass com/google/common/collect/MapMakerInternalMap$WeakValueReference
instanceKlass com/google/common/collect/MapMakerInternalMap$InternalEntryHelper
instanceKlass com/google/common/collect/MapMaker
instanceKlass com/google/inject/internal/BytecodeGen
instanceKlass com/google/inject/internal/ConstructionProxy
instanceKlass com/google/inject/internal/DefaultConstructionProxyFactory
instanceKlass com/google/inject/internal/ConstructionProxyFactory
instanceKlass com/google/inject/internal/ConstructorBindingImpl$Factory
instanceKlass org/eclipse/sisu/inject/TypeArguments$Implicit
instanceKlass org/eclipse/sisu/wire/BeanProviders$3
instanceKlass org/sonatype/inject/BeanEntry
instanceKlass org/eclipse/sisu/BeanEntry
instanceKlass org/eclipse/sisu/wire/BeanProviders$4
instanceKlass org/eclipse/sisu/wire/BeanProviders$6
instanceKlass org/eclipse/sisu/wire/BeanProviders$7
instanceKlass org/eclipse/sisu/wire/BeanProviders$1
instanceKlass com/google/inject/spi/ProviderLookup$1
instanceKlass com/google/inject/spi/ProviderWithDependencies
instanceKlass com/google/inject/spi/ProviderLookup
instanceKlass org/eclipse/sisu/wire/BeanProviders
instanceKlass org/eclipse/sisu/inject/HiddenSource
instanceKlass org/eclipse/sisu/wire/LocatorWiring
instanceKlass com/google/inject/ProvidedBy
instanceKlass com/google/inject/ImplementedBy
instanceKlass org/sonatype/plexus/components/cipher/PBECipher
instanceKlass org/codehaus/classworlds/ClassRealm
instanceKlass org/apache/maven/settings/crypto/SettingsDecryptionResult
instanceKlass org/apache/maven/settings/building/DefaultSettingsProblemCollector
instanceKlass org/apache/maven/settings/merge/MavenSettingsMerger
instanceKlass org/apache/maven/settings/building/SettingsBuildingResult
instanceKlass org/apache/maven/settings/building/SettingsProblemCollector
instanceKlass org/eclipse/aether/impl/MetadataGenerator
instanceKlass org/apache/maven/model/Relocation
instanceKlass org/apache/maven/repository/internal/ArtifactDescriptorReaderDelegate
instanceKlass org/eclipse/aether/named/support/AdaptedSemaphoreNamedLock$AdaptedSemaphore
instanceKlass org/eclipse/aether/named/support/NamedLockSupport
instanceKlass org/eclipse/aether/named/support/NamedLockFactorySupport$NamedLockHolder
instanceKlass org/eclipse/aether/named/NamedLock
instanceKlass org/eclipse/aether/internal/impl/synccontext/named/NamedLockFactoryAdapter
instanceKlass org/eclipse/aether/spi/log/Logger
instanceKlass org/eclipse/aether/internal/impl/filter/PrefixesRemoteRepositoryFilterSource$Node
instanceKlass org/eclipse/aether/spi/connector/filter/RemoteRepositoryFilter$Result
instanceKlass org/eclipse/aether/spi/connector/filter/RemoteRepositoryFilter
instanceKlass org/eclipse/aether/collection/DependencyTraverser
instanceKlass org/eclipse/aether/collection/DependencyManager
instanceKlass org/eclipse/aether/internal/impl/collect/df/DfDependencyCollector$Args
instanceKlass org/eclipse/aether/internal/impl/collect/bf/BfDependencyCollector$DescriptorResolutionResult
instanceKlass org/eclipse/aether/internal/impl/collect/bf/DependencyProcessingContext
instanceKlass org/eclipse/aether/internal/impl/collect/bf/BfDependencyCollector$Args
instanceKlass org/eclipse/aether/internal/impl/collect/bf/DependencyResolutionSkipper
instanceKlass org/eclipse/aether/graph/DefaultDependencyNode
instanceKlass org/eclipse/aether/version/Version
instanceKlass org/eclipse/aether/internal/impl/collect/PremanagedDependency
instanceKlass org/eclipse/aether/internal/impl/collect/DependencyCollectorDelegate$Results
instanceKlass org/eclipse/aether/internal/impl/collect/DefaultDependencyCollectionContext
instanceKlass org/eclipse/aether/collection/DependencyCollectionContext
instanceKlass org/eclipse/aether/internal/impl/collect/DataPool
instanceKlass org/eclipse/aether/internal/impl/collect/DefaultVersionFilterContext
instanceKlass org/eclipse/aether/collection/VersionFilter
instanceKlass org/eclipse/aether/collection/VersionFilter$VersionFilterContext
instanceKlass org/eclipse/aether/collection/DependencyGraphTransformationContext
instanceKlass org/eclipse/aether/spi/connector/Transfer
instanceKlass org/eclipse/aether/internal/impl/checksum/SummaryFileTrustedChecksumsSource$SummaryFileWriter
instanceKlass org/eclipse/aether/internal/impl/checksum/SparseDirectoryTrustedChecksumsSource$SparseDirectoryWriter
instanceKlass org/eclipse/aether/spi/checksums/TrustedChecksumsSource$Writer
instanceKlass org/eclipse/aether/spi/connector/checksum/ChecksumAlgorithm
instanceKlass org/eclipse/aether/impl/UpdateCheck
instanceKlass org/eclipse/aether/spi/connector/transport/Transporter
instanceKlass java/nio/channels/FileLock
instanceKlass org/eclipse/aether/resolution/VersionRequest
instanceKlass org/eclipse/aether/collection/CollectResult
instanceKlass org/eclipse/aether/collection/CollectRequest
instanceKlass org/eclipse/aether/resolution/VersionRangeResult
instanceKlass org/eclipse/aether/resolution/VersionRangeRequest
instanceKlass org/eclipse/aether/resolution/DependencyResult
instanceKlass org/eclipse/aether/resolution/DependencyRequest
instanceKlass org/eclipse/aether/resolution/ArtifactDescriptorRequest
instanceKlass org/eclipse/aether/spi/connector/layout/RepositoryLayout
instanceKlass org/eclipse/aether/RepositoryEvent
instanceKlass org/eclipse/aether/repository/LocalRepository
instanceKlass org/eclipse/aether/internal/impl/LocalPathPrefixComposer
instanceKlass org/eclipse/aether/transform/FileTransformer
instanceKlass org/eclipse/aether/installation/InstallResult
instanceKlass org/eclipse/aether/installation/InstallRequest
instanceKlass org/eclipse/aether/spi/io/FileProcessor$ProgressListener
instanceKlass org/eclipse/aether/internal/impl/DefaultDeployer$EventCatapult
instanceKlass org/eclipse/aether/deployment/DeployResult
instanceKlass org/eclipse/aether/deployment/DeployRequest
instanceKlass org/eclipse/aether/repository/RepositoryPolicy
instanceKlass org/eclipse/aether/transfer/TransferResource
instanceKlass org/eclipse/aether/spi/connector/checksum/ChecksumPolicy
instanceKlass org/eclipse/aether/SyncContext
instanceKlass org/eclipse/aether/resolution/VersionResult
instanceKlass org/eclipse/aether/repository/LocalArtifactResult
instanceKlass org/eclipse/aether/resolution/ArtifactRequest
instanceKlass org/eclipse/aether/internal/impl/DefaultArtifactResolver$ResolutionGroup
instanceKlass org/eclipse/aether/repository/RemoteRepository
instanceKlass org/eclipse/aether/spi/locator/ServiceLocator
instanceKlass org/eclipse/aether/spi/connector/RepositoryConnector
instanceKlass org/apache/maven/model/validation/DefaultModelValidator$1ActivationFrame
instanceKlass org/apache/maven/model/profile/activation/JdkVersionProfileActivator$RangeValue
instanceKlass org/apache/maven/model/InputLocation
instanceKlass org/apache/maven/model/InputSource
instanceKlass org/apache/maven/model/interpolation/StringVisitorModelInterpolator$InnerInterpolator
instanceKlass org/apache/maven/model/building/ModelCacheTag
instanceKlass org/apache/maven/model/building/ModelBuildingEventCatapult
instanceKlass org/apache/maven/model/building/ModelData
instanceKlass org/apache/maven/model/ActivationOS
instanceKlass org/apache/maven/model/ActivationFile
instanceKlass org/apache/maven/model/ActivationProperty
instanceKlass org/codehaus/plexus/interpolation/RegexBasedInterpolator
instanceKlass org/apache/maven/model/Activation
instanceKlass org/apache/maven/model/building/DefaultModelProblemCollector
instanceKlass org/apache/maven/model/profile/DefaultProfileActivationContext
instanceKlass org/apache/maven/model/building/ModelBuildingEvent
instanceKlass org/apache/maven/model/profile/ProfileActivationContext
instanceKlass org/apache/maven/model/building/ModelProblemCollectorExt
instanceKlass org/apache/maven/cli/internal/extension/model/CoreExtension
instanceKlass org/apache/maven/building/ProblemCollector
instanceKlass org/apache/maven/toolchain/merge/MavenToolchainMerger
instanceKlass org/codehaus/plexus/interpolation/InterpolationPostProcessor
instanceKlass org/apache/maven/toolchain/building/ToolchainsBuildingResult
instanceKlass org/eclipse/aether/graph/Dependency
instanceKlass org/eclipse/aether/resolution/ArtifactDescriptorResult
instanceKlass org/apache/maven/plugin/internal/DefaultPluginValidationManager$PluginValidationIssues
instanceKlass com/google/inject/util/Types
instanceKlass org/eclipse/sisu/Nullable
instanceKlass org/eclipse/aether/repository/AuthenticationSelector
instanceKlass org/eclipse/aether/repository/ProxySelector
instanceKlass org/eclipse/aether/repository/MirrorSelector
instanceKlass org/eclipse/aether/resolution/ResolutionErrorPolicy
instanceKlass org/eclipse/aether/repository/LocalRepositoryManager
instanceKlass org/apache/maven/classrealm/ClassRealmManagerDelegate
instanceKlass org/apache/maven/classrealm/ClassRealmConstituent
instanceKlass org/apache/maven/classrealm/ClassRealmRequest
instanceKlass org/eclipse/aether/repository/WorkspaceRepository
instanceKlass org/apache/maven/ArtifactFilterManagerDelegate
instanceKlass org/apache/maven/repository/legacy/resolver/conflict/FarthestConflictResolver
instanceKlass org/apache/maven/repository/legacy/repository/DefaultArtifactRepositoryFactory
instanceKlass org/eclipse/aether/resolution/ArtifactResult
instanceKlass org/eclipse/aether/resolution/ArtifactDescriptorPolicy
instanceKlass org/eclipse/aether/collection/DependencySelector
instanceKlass org/apache/maven/plugin/internal/DefaultPluginDependenciesResolver
instanceKlass org/sonatype/plexus/components/sec/dispatcher/PasswordDecryptor
instanceKlass sun/reflect/generics/tree/MethodTypeSignature
instanceKlass sun/reflect/generics/tree/VoidDescriptor
instanceKlass org/sonatype/plexus/components/sec/dispatcher/model/SettingsSecurity
instanceKlass org/apache/maven/artifact/repository/DefaultArtifactRepositoryFactory
instanceKlass org/apache/maven/artifact/repository/layout/DefaultRepositoryLayout
instanceKlass org/apache/maven/project/artifact/ProjectArtifactsCache$CacheRecord
instanceKlass org/apache/maven/project/artifact/ProjectArtifactsCache$Key
instanceKlass org/apache/maven/project/artifact/DefaultProjectArtifactsCache
instanceKlass org/apache/maven/project/ProjectRealmCache$Key
instanceKlass org/apache/maven/project/DefaultProjectRealmCache
instanceKlass org/apache/maven/plugin/PluginRealmCache$PluginRealmSupplier
instanceKlass org/apache/maven/plugin/PluginRealmCache$Key
instanceKlass org/apache/maven/plugin/DefaultPluginRealmCache
instanceKlass org/apache/maven/plugin/version/internal/DefaultPluginVersionResolver$Key
instanceKlass org/apache/maven/plugin/version/internal/DefaultPluginVersionResolver$Versions
instanceKlass org/apache/maven/plugin/version/internal/DefaultPluginVersionResult
instanceKlass org/apache/maven/plugin/version/PluginVersionResult
instanceKlass org/apache/maven/plugin/version/internal/DefaultPluginVersionResolver
instanceKlass org/apache/maven/repository/ArtifactTransferListener
instanceKlass org/apache/maven/repository/legacy/LegacyRepositorySystem
instanceKlass org/apache/maven/toolchain/DefaultToolchain
instanceKlass org/apache/maven/toolchain/java/JavaToolchain
instanceKlass org/apache/maven/toolchain/java/JavaToolchainFactory
instanceKlass org/apache/maven/DefaultProjectDependenciesResolver
instanceKlass org/apache/maven/repository/DefaultMirrorSelector
instanceKlass org/apache/maven/project/ReactorModelPool
instanceKlass org/apache/maven/model/building/ModelBuildingResult
instanceKlass org/apache/maven/project/DefaultProjectBuilder$InternalConfig
instanceKlass org/apache/maven/model/resolution/ModelResolver
instanceKlass org/apache/maven/model/building/ModelBuildingListener
instanceKlass org/apache/maven/model/building/ModelCache
instanceKlass org/apache/maven/project/DefaultProjectBuilder
instanceKlass org/apache/maven/repository/metadata/DefaultGraphConflictResolutionPolicy
instanceKlass org/apache/maven/artifact/versioning/ArtifactVersion
instanceKlass org/apache/maven/execution/DefaultRuntimeInformation
instanceKlass org/apache/maven/plugin/PluginDescriptorCache$PluginDescriptorSupplier
instanceKlass org/apache/maven/plugin/PluginDescriptorCache$Key
instanceKlass org/apache/maven/plugin/DefaultPluginDescriptorCache
instanceKlass org/apache/maven/project/artifact/MavenMetadataSource$ProjectRelocation
instanceKlass org/apache/maven/project/artifact/MavenMetadataSource
instanceKlass org/apache/maven/artifact/handler/DefaultArtifactHandler
instanceKlass org/apache/maven/repository/metadata/MetadataGraphEdge
instanceKlass org/apache/maven/repository/metadata/MetadataGraphVertex
instanceKlass org/apache/maven/repository/metadata/DefaultGraphConflictResolver
instanceKlass org/eclipse/aether/RequestTrace
instanceKlass org/apache/maven/plugin/prefix/PluginPrefixResult
instanceKlass org/eclipse/aether/repository/ArtifactRepository
instanceKlass org/apache/maven/plugin/prefix/internal/DefaultPluginPrefixResolver
instanceKlass org/apache/maven/repository/legacy/resolver/transform/DefaultArtifactTransformationManager
instanceKlass org/apache/maven/plugin/PluginArtifactsCache$CacheRecord
instanceKlass org/apache/maven/plugin/PluginArtifactsCache$Key
instanceKlass org/apache/maven/plugin/DefaultPluginArtifactsCache
instanceKlass org/apache/maven/lifecycle/internal/DefaultLifecycleMappingDelegate
instanceKlass org/apache/maven/repository/legacy/resolver/conflict/NewestConflictResolver
instanceKlass org/apache/maven/lifecycle/internal/builder/singlethreaded/SingleThreadedBuilder
instanceKlass org/apache/maven/plugin/descriptor/Parameter
instanceKlass org/apache/maven/lifecycle/internal/DefaultMojoExecutionConfigurator
instanceKlass org/eclipse/aether/RepositoryListener
instanceKlass org/apache/maven/repository/metadata/ClasspathContainer
instanceKlass org/apache/maven/repository/metadata/MetadataGraph
instanceKlass org/apache/maven/repository/metadata/DefaultClasspathTransformation
instanceKlass org/apache/maven/artifact/handler/manager/DefaultArtifactHandlerManager
instanceKlass org/apache/maven/plugin/PluginRealmCache$CacheRecord
instanceKlass org/eclipse/aether/util/graph/visitor/AbstractDepthFirstNodeListGenerator
instanceKlass org/eclipse/aether/graph/DependencyNode
instanceKlass org/apache/maven/plugin/descriptor/PluginDescriptorBuilder
instanceKlass org/apache/maven/plugin/logging/Log
instanceKlass org/codehaus/plexus/component/configurator/ConfigurationListener
instanceKlass org/apache/maven/plugin/internal/DefaultMavenPluginManager
instanceKlass org/apache/maven/repository/legacy/resolver/conflict/DefaultConflictResolverFactory
instanceKlass org/apache/maven/model/Reporting
instanceKlass org/apache/maven/model/PluginContainer
instanceKlass org/apache/maven/project/inheritance/DefaultModelInheritanceAssembler
instanceKlass org/apache/maven/artifact/repository/metadata/Metadata
instanceKlass org/apache/maven/artifact/repository/metadata/io/DefaultMetadataReader
instanceKlass org/apache/maven/execution/ExecutionEvent
instanceKlass org/apache/maven/lifecycle/internal/DefaultExecutionEventCatapult
instanceKlass org/apache/maven/profiles/ProfilesRoot
instanceKlass org/apache/maven/plugin/internal/DefaultLegacySupport
instanceKlass org/apache/maven/project/validation/ModelValidationResult
instanceKlass org/apache/maven/project/validation/DefaultModelValidator
instanceKlass org/apache/maven/lifecycle/internal/DefaultLifecycleExecutionPlanCalculator
instanceKlass org/apache/maven/lifecycle/internal/builder/multithreaded/ConcurrencyDependencyGraph
instanceKlass org/apache/maven/lifecycle/internal/builder/multithreaded/ThreadOutputMuxer
instanceKlass org/apache/maven/lifecycle/internal/ProjectSegment
instanceKlass org/apache/maven/lifecycle/internal/ReactorBuildStatus
instanceKlass org/apache/maven/lifecycle/internal/ProjectBuildList
instanceKlass java/util/concurrent/CompletionService
instanceKlass org/apache/maven/lifecycle/internal/builder/multithreaded/MultiThreadedBuilder
instanceKlass org/apache/maven/artifact/resolver/DefaultResolutionErrorHandler
instanceKlass org/eclipse/aether/DefaultRepositorySystemSession
instanceKlass org/apache/maven/execution/MavenExecutionResult
instanceKlass org/apache/maven/DefaultMaven
instanceKlass org/apache/maven/repository/legacy/resolver/DefaultLegacyArtifactCollector
instanceKlass org/apache/maven/repository/legacy/metadata/ResolutionGroup
instanceKlass org/apache/maven/project/artifact/DefaultMavenMetadataCache$CacheKey
instanceKlass org/apache/maven/project/artifact/DefaultMavenMetadataCache
instanceKlass org/apache/maven/plugin/DefaultBuildPluginManager
instanceKlass org/eclipse/aether/version/VersionScheme
instanceKlass org/apache/maven/rtinfo/internal/DefaultRuntimeInformation
instanceKlass org/apache/maven/lifecycle/MavenExecutionPlan
instanceKlass org/apache/maven/lifecycle/DefaultLifecycleExecutor
instanceKlass org/apache/maven/toolchain/model/TrackableBase
instanceKlass org/apache/maven/toolchain/DefaultToolchainsBuilder
instanceKlass org/apache/maven/plugin/ExtensionRealmCache$CacheRecord
instanceKlass org/apache/maven/plugin/ExtensionRealmCache$Key
instanceKlass org/apache/maven/plugin/DefaultExtensionRealmCache
instanceKlass org/apache/maven/model/building/ModelProblemCollector
instanceKlass org/apache/maven/model/building/ModelBuildingRequest
instanceKlass org/apache/maven/model/merge/ModelMerger
instanceKlass org/apache/maven/model/plugin/DefaultLifecycleBindingsInjector
instanceKlass org/apache/maven/settings/building/SettingsBuildingRequest
instanceKlass org/apache/maven/artifact/repository/layout/FlatRepositoryLayout
instanceKlass org/apache/maven/project/DependencyResolutionRequest
instanceKlass org/apache/maven/project/DefaultDependencyResolutionResult
instanceKlass org/eclipse/aether/graph/DependencyVisitor
instanceKlass org/apache/maven/project/DependencyResolutionResult
instanceKlass org/apache/maven/project/DefaultProjectDependenciesResolver
instanceKlass org/apache/maven/repository/legacy/resolver/conflict/NearestConflictResolver
instanceKlass org/apache/maven/settings/crypto/SettingsDecryptionRequest
instanceKlass org/apache/maven/wagon/observers/ChecksumObserver
instanceKlass org/apache/maven/repository/legacy/DefaultWagonManager
instanceKlass org/apache/maven/lifecycle/mapping/LifecyclePhase
instanceKlass org/apache/maven/lifecycle/internal/DefaultLifecyclePluginAnalyzer$GoalSpec
instanceKlass org/apache/maven/lifecycle/internal/DefaultLifecyclePluginAnalyzer
instanceKlass org/apache/maven/profiles/ProfileManager
instanceKlass org/apache/maven/project/ProjectBuilderConfiguration
instanceKlass org/apache/maven/project/DefaultMavenProjectBuilder
instanceKlass org/apache/maven/project/ProjectRealmCache$CacheRecord
instanceKlass org/eclipse/aether/graph/DependencyFilter
instanceKlass org/apache/maven/project/DefaultProjectBuildingHelper
instanceKlass org/apache/http/client/methods/CloseableHttpResponse
instanceKlass org/apache/http/HttpResponse
instanceKlass org/apache/http/config/Registry
instanceKlass org/apache/http/impl/conn/PoolingHttpClientConnectionManager
instanceKlass org/apache/http/pool/ConnPoolControl
instanceKlass org/apache/maven/wagon/shared/http/BasicAuthScope
instanceKlass org/apache/maven/wagon/shared/http/HttpConfiguration
instanceKlass org/apache/http/impl/client/CloseableHttpClient
instanceKlass org/apache/http/client/HttpClient
instanceKlass org/apache/http/protocol/HttpContext
instanceKlass org/apache/http/auth/AuthScheme
instanceKlass org/apache/http/HttpEntity
instanceKlass org/apache/http/client/HttpRequestRetryHandler
instanceKlass org/apache/http/conn/ssl/TrustStrategy
instanceKlass org/apache/http/ssl/TrustStrategy
instanceKlass org/apache/http/auth/Credentials
instanceKlass org/apache/http/client/AuthCache
instanceKlass org/apache/http/client/CredentialsProvider
instanceKlass org/apache/http/client/RedirectStrategy
instanceKlass org/apache/http/config/Lookup
instanceKlass org/apache/http/conn/HttpClientConnectionManager
instanceKlass org/apache/http/client/ServiceUnavailableRetryStrategy
instanceKlass org/apache/http/Header
instanceKlass org/apache/http/NameValuePair
instanceKlass org/apache/http/client/methods/HttpUriRequest
instanceKlass org/apache/http/HttpRequest
instanceKlass org/apache/http/HttpMessage
instanceKlass org/apache/maven/configuration/BeanConfigurationRequest
instanceKlass org/codehaus/plexus/component/configurator/converters/lookup/ConverterLookup
instanceKlass org/codehaus/plexus/component/configurator/expression/ExpressionEvaluator
instanceKlass org/codehaus/plexus/configuration/PlexusConfiguration
instanceKlass org/apache/maven/configuration/internal/DefaultBeanConfigurator
instanceKlass org/apache/maven/wagon/InputData
instanceKlass org/apache/maven/wagon/OutputData
instanceKlass java/util/EventObject
instanceKlass org/apache/maven/wagon/resource/Resource
instanceKlass org/apache/maven/wagon/events/SessionListener
instanceKlass org/apache/maven/wagon/repository/RepositoryPermissions
instanceKlass org/apache/maven/wagon/proxy/ProxyInfo
instanceKlass org/apache/maven/wagon/authentication/AuthenticationInfo
instanceKlass org/apache/maven/wagon/events/TransferEventSupport
instanceKlass org/apache/maven/wagon/events/SessionEventSupport
instanceKlass org/apache/maven/wagon/repository/Repository
instanceKlass org/apache/maven/wagon/proxy/ProxyInfoProvider
instanceKlass org/apache/maven/wagon/AbstractWagon
instanceKlass org/apache/maven/wagon/StreamingWagon
instanceKlass org/codehaus/plexus/component/repository/ComponentSetDescriptor
instanceKlass org/apache/maven/plugin/internal/DefaultPluginManager
instanceKlass org/apache/maven/lifecycle/internal/PhaseRecorder
instanceKlass org/apache/maven/lifecycle/internal/ProjectIndex
instanceKlass org/apache/maven/lifecycle/internal/DependencyContext
instanceKlass org/apache/maven/plugin/MojoExecutionRunner
instanceKlass org/apache/maven/settings/RepositoryPolicy
instanceKlass org/apache/maven/model/RepositoryPolicy
instanceKlass org/apache/maven/artifact/repository/Authentication
instanceKlass org/apache/maven/artifact/repository/ArtifactRepositoryPolicy
instanceKlass org/apache/maven/repository/Proxy
instanceKlass org/apache/maven/settings/TrackableBase
instanceKlass org/apache/maven/model/RepositoryBase
instanceKlass org/apache/maven/settings/RepositoryBase
instanceKlass org/apache/maven/model/Dependency
instanceKlass org/apache/maven/model/ConfigurationContainer
instanceKlass org/apache/maven/plugin/prefix/PluginPrefixRequest
instanceKlass org/apache/maven/plugin/version/PluginVersionRequest
instanceKlass org/apache/maven/artifact/resolver/ResolutionNode
instanceKlass org/apache/maven/repository/legacy/resolver/conflict/OldestConflictResolver
instanceKlass org/apache/maven/artifact/repository/metadata/Versioning
instanceKlass org/apache/maven/artifact/repository/metadata/RepositoryMetadata
instanceKlass org/apache/maven/lifecycle/internal/TaskSegment
instanceKlass org/apache/maven/lifecycle/internal/ReactorContext
instanceKlass org/apache/maven/execution/ProjectExecutionListener
instanceKlass org/apache/maven/execution/BuildSummary
instanceKlass org/apache/maven/lifecycle/mapping/DefaultLifecycleMapping
instanceKlass org/eclipse/sisu/space/asm/Handler
instanceKlass org/eclipse/sisu/space/asm/Frame
instanceKlass org/eclipse/sisu/space/asm/ByteVector
instanceKlass org/eclipse/sisu/space/asm/Symbol
instanceKlass org/eclipse/sisu/space/asm/SymbolTable
instanceKlass org/eclipse/sisu/space/asm/ModuleVisitor
instanceKlass org/eclipse/sisu/space/asm/RecordComponentVisitor
instanceKlass org/eclipse/sisu/space/asm/MethodVisitor
instanceKlass org/eclipse/sisu/space/asm/FieldVisitor
instanceKlass org/apache/maven/artifact/versioning/VersionRange
instanceKlass org/apache/maven/artifact/factory/DefaultArtifactFactory
instanceKlass org/apache/maven/wagon/events/TransferListener
instanceKlass org/eclipse/aether/RepositorySystemSession
instanceKlass org/apache/maven/artifact/resolver/ArtifactResolutionRequest
instanceKlass org/apache/maven/artifact/resolver/filter/ArtifactFilter
instanceKlass org/apache/maven/artifact/resolver/ArtifactResolutionResult
instanceKlass org/apache/maven/repository/legacy/metadata/MetadataResolutionRequest
instanceKlass org/apache/maven/artifact/metadata/ArtifactMetadata
instanceKlass org/apache/maven/repository/legacy/metadata/ArtifactMetadata
instanceKlass java/util/concurrent/ThreadFactory
instanceKlass org/apache/maven/artifact/repository/RepositoryRequest
instanceKlass org/apache/maven/artifact/resolver/DefaultArtifactResolver
instanceKlass org/apache/maven/project/ProjectBuildingResult
instanceKlass org/apache/maven/model/building/ModelProblem
instanceKlass org/apache/maven/exception/ExceptionSummary
instanceKlass org/apache/maven/exception/DefaultExceptionHandler
instanceKlass org/apache/maven/artifact/repository/ArtifactRepository
instanceKlass org/eclipse/aether/metadata/Metadata
instanceKlass org/eclipse/aether/artifact/Artifact
instanceKlass org/apache/maven/model/ModelBase
instanceKlass org/apache/maven/model/InputLocationTracker
instanceKlass org/apache/maven/project/path/DefaultPathTranslator
instanceKlass org/apache/maven/model/building/Result
instanceKlass org/apache/maven/execution/ProjectDependencyGraph
instanceKlass org/apache/maven/model/building/ModelSource
instanceKlass org/apache/maven/graph/DefaultGraphBuilder
instanceKlass org/apache/maven/toolchain/ToolchainPrivate
instanceKlass org/apache/maven/toolchain/Toolchain
instanceKlass org/apache/maven/toolchain/DefaultToolchainManager
instanceKlass org/apache/maven/lifecycle/internal/DefaultLifecycleTaskSegmentCalculator
instanceKlass org/apache/maven/artifact/Artifact
instanceKlass org/codehaus/plexus/logging/AbstractLogEnabled
instanceKlass com/google/inject/spi/ProviderWithExtensionVisitor
instanceKlass com/google/common/collect/Iterables
instanceKlass java/util/stream/ForEachOps$ForEachOp
instanceKlass java/util/stream/ForEachOps
instanceKlass com/google/inject/spi/InjectionPoint$$Lambda$44
instanceKlass com/google/inject/spi/InjectionPoint$$Lambda$43
instanceKlass com/google/inject/spi/InjectionPoint$$Lambda$42
instanceKlass java/util/ArrayList$ArrayListSpliterator
instanceKlass com/google/inject/spi/InjectionPoint$$Lambda$41
instanceKlass org/eclipse/sisu/plexus/PlexusBean
instanceKlass org/codehaus/plexus/component/repository/ComponentDescriptor
instanceKlass com/google/inject/spi/ProvidesMethodBinding
instanceKlass org/eclipse/sisu/inject/Guice4
instanceKlass com/google/inject/internal/GuiceInternal
instanceKlass org/sonatype/inject/Parameters
instanceKlass org/eclipse/sisu/plexus/PlexusXmlBeanConverter
instanceKlass org/eclipse/sisu/plexus/PlexusBeanConverter
instanceKlass com/google/inject/spi/TypeConverterBinding
instanceKlass java/lang/reflect/AnnotatedParameterizedType
instanceKlass sun/reflect/generics/tree/Wildcard
instanceKlass sun/reflect/generics/tree/BottomSignature
instanceKlass org/eclipse/sisu/inject/DefaultRankingFunction
instanceKlass com/google/inject/spi/ProvisionListenerBinding
instanceKlass com/google/inject/spi/TypeListenerBinding
instanceKlass org/eclipse/sisu/bean/BeanListener
instanceKlass com/google/inject/matcher/Matchers
instanceKlass org/eclipse/sisu/bean/PropertyBinder
instanceKlass org/eclipse/sisu/plexus/PlexusBeanBinder
instanceKlass com/google/inject/spi/InjectionListener
instanceKlass org/sonatype/plexus/components/sec/dispatcher/DefaultSecDispatcher
instanceKlass org/sonatype/plexus/components/cipher/DefaultPlexusCipher
instanceKlass org/sonatype/plexus/components/cipher/PlexusCipher
instanceKlass org/codehaus/plexus/component/configurator/AbstractComponentConfigurator
instanceKlass org/codehaus/plexus/component/configurator/ComponentConfigurator
instanceKlass org/apache/maven/settings/validation/DefaultSettingsValidator
instanceKlass org/apache/maven/settings/validation/SettingsValidator
instanceKlass org/apache/maven/settings/io/DefaultSettingsWriter
instanceKlass org/apache/maven/settings/io/SettingsWriter
instanceKlass org/apache/maven/settings/io/DefaultSettingsReader
instanceKlass org/apache/maven/settings/io/SettingsReader
instanceKlass org/apache/maven/settings/crypto/DefaultSettingsDecrypter
instanceKlass org/apache/maven/settings/crypto/SettingsDecrypter
instanceKlass org/apache/maven/settings/building/DefaultSettingsBuilder
instanceKlass org/apache/maven/settings/building/SettingsBuilder
instanceKlass org/eclipse/aether/transport/wagon/WagonTransporterFactory
instanceKlass org/eclipse/aether/internal/transport/wagon/PlexusWagonProvider
instanceKlass org/eclipse/aether/transport/wagon/WagonProvider
instanceKlass org/eclipse/aether/internal/transport/wagon/PlexusWagonConfigurator
instanceKlass org/eclipse/aether/transport/wagon/WagonConfigurator
instanceKlass org/eclipse/aether/transport/http/ChecksumExtractor
instanceKlass org/eclipse/aether/transport/http/HttpTransporterFactory
instanceKlass org/eclipse/aether/transport/file/FileTransporterFactory
instanceKlass org/eclipse/aether/spi/connector/transport/TransporterFactory
instanceKlass org/apache/maven/repository/internal/VersionsMetadataGeneratorFactory
instanceKlass org/apache/maven/repository/internal/SnapshotMetadataGeneratorFactory
instanceKlass org/apache/maven/repository/internal/PluginsMetadataGeneratorFactory
instanceKlass org/eclipse/aether/impl/MetadataGeneratorFactory
instanceKlass org/apache/maven/repository/internal/DefaultVersionResolver
instanceKlass org/eclipse/aether/impl/VersionResolver
instanceKlass org/apache/maven/repository/internal/DefaultVersionRangeResolver
instanceKlass org/eclipse/aether/impl/VersionRangeResolver
instanceKlass org/apache/maven/repository/internal/DefaultModelCacheFactory
instanceKlass org/apache/maven/repository/internal/ModelCacheFactory
instanceKlass org/apache/maven/repository/internal/DefaultArtifactDescriptorReader
instanceKlass org/eclipse/aether/impl/ArtifactDescriptorReader
instanceKlass org/eclipse/aether/named/support/NamedLockFactorySupport
instanceKlass org/eclipse/aether/named/NamedLockFactory
instanceKlass org/eclipse/aether/internal/impl/synccontext/named/providers/StaticNameMapperProvider
instanceKlass org/eclipse/aether/internal/impl/synccontext/named/providers/GAVNameMapperProvider
instanceKlass org/eclipse/aether/internal/impl/synccontext/named/providers/FileStaticNameMapperProvider
instanceKlass org/eclipse/aether/internal/impl/synccontext/named/providers/FileHashingGAVNameMapperProvider
instanceKlass org/eclipse/aether/internal/impl/synccontext/named/providers/FileGAVNameMapperProvider
instanceKlass org/eclipse/aether/internal/impl/synccontext/named/NameMapper
instanceKlass org/eclipse/aether/internal/impl/synccontext/named/providers/DiscriminatingNameMapperProvider
instanceKlass org/eclipse/aether/internal/impl/synccontext/named/NamedLockFactoryAdapterFactoryImpl
instanceKlass org/eclipse/aether/internal/impl/synccontext/named/NamedLockFactoryAdapterFactory
instanceKlass org/eclipse/aether/internal/impl/synccontext/legacy/DefaultSyncContextFactory
instanceKlass org/eclipse/aether/impl/SyncContextFactory
instanceKlass org/eclipse/aether/internal/impl/synccontext/DefaultSyncContextFactory
instanceKlass org/eclipse/aether/spi/synccontext/SyncContextFactory
instanceKlass java/lang/Deprecated
instanceKlass org/eclipse/aether/internal/impl/slf4j/Slf4jLoggerFactory
instanceKlass org/eclipse/aether/internal/impl/resolution/ArtifactResolverPostProcessorSupport
instanceKlass org/eclipse/aether/internal/impl/filter/RemoteRepositoryFilterSourceSupport
instanceKlass org/eclipse/aether/spi/connector/filter/RemoteRepositoryFilterSource
instanceKlass org/eclipse/aether/spi/resolution/ArtifactResolverPostProcessor
instanceKlass org/eclipse/aether/internal/impl/filter/DefaultRemoteRepositoryFilterManager
instanceKlass org/eclipse/aether/impl/RemoteRepositoryFilterManager
instanceKlass org/eclipse/aether/internal/impl/collect/DependencyCollectorDelegate
instanceKlass org/eclipse/aether/internal/impl/collect/DefaultDependencyCollector
instanceKlass org/eclipse/aether/impl/DependencyCollector
instanceKlass org/eclipse/aether/internal/impl/checksum/TrustedToProvidedChecksumsSourceAdapter
instanceKlass org/eclipse/aether/spi/checksums/ProvidedChecksumsSource
instanceKlass org/eclipse/aether/internal/impl/checksum/FileTrustedChecksumsSourceSupport
instanceKlass org/eclipse/aether/spi/checksums/TrustedChecksumsSource
instanceKlass org/eclipse/aether/spi/connector/checksum/ChecksumAlgorithmFactorySupport
instanceKlass org/eclipse/aether/spi/connector/checksum/ChecksumAlgorithmFactory
instanceKlass org/eclipse/aether/internal/impl/checksum/DefaultChecksumAlgorithmFactorySelector
instanceKlass org/eclipse/aether/spi/connector/checksum/ChecksumAlgorithmFactorySelector
instanceKlass org/eclipse/aether/internal/impl/SimpleLocalRepositoryManagerFactory
instanceKlass org/eclipse/aether/internal/impl/Maven2RepositoryLayoutFactory
instanceKlass org/eclipse/aether/spi/connector/layout/RepositoryLayoutFactory
instanceKlass org/eclipse/aether/spi/log/LoggerFactory
instanceKlass org/eclipse/aether/internal/impl/LoggerFactoryProvider
instanceKlass org/eclipse/aether/internal/impl/EnhancedLocalRepositoryManagerFactory
instanceKlass org/eclipse/aether/spi/localrepo/LocalRepositoryManagerFactory
instanceKlass org/eclipse/aether/internal/impl/DefaultUpdatePolicyAnalyzer
instanceKlass org/eclipse/aether/impl/UpdatePolicyAnalyzer
instanceKlass org/eclipse/aether/internal/impl/DefaultUpdateCheckManager
instanceKlass org/eclipse/aether/impl/UpdateCheckManager
instanceKlass org/eclipse/aether/internal/impl/DefaultTransporterProvider
instanceKlass org/eclipse/aether/spi/connector/transport/TransporterProvider
instanceKlass org/eclipse/aether/internal/impl/DefaultTrackingFileManager
instanceKlass org/eclipse/aether/internal/impl/TrackingFileManager
instanceKlass org/eclipse/aether/internal/impl/DefaultRepositorySystemLifecycle
instanceKlass org/eclipse/aether/impl/RepositorySystemLifecycle
instanceKlass org/eclipse/aether/internal/impl/DefaultRepositorySystem
instanceKlass org/eclipse/aether/RepositorySystem
instanceKlass org/eclipse/aether/internal/impl/DefaultRepositoryLayoutProvider
instanceKlass org/eclipse/aether/spi/connector/layout/RepositoryLayoutProvider
instanceKlass org/eclipse/aether/internal/impl/DefaultRepositoryEventDispatcher
instanceKlass org/eclipse/aether/impl/RepositoryEventDispatcher
instanceKlass org/eclipse/aether/internal/impl/DefaultRepositoryConnectorProvider
instanceKlass org/eclipse/aether/impl/RepositoryConnectorProvider
instanceKlass org/eclipse/aether/internal/impl/DefaultRemoteRepositoryManager
instanceKlass org/eclipse/aether/impl/RemoteRepositoryManager
instanceKlass org/eclipse/aether/internal/impl/DefaultOfflineController
instanceKlass org/eclipse/aether/impl/OfflineController
instanceKlass org/eclipse/aether/internal/impl/DefaultMetadataResolver
instanceKlass org/eclipse/aether/impl/MetadataResolver
instanceKlass org/eclipse/aether/internal/impl/DefaultLocalRepositoryProvider
instanceKlass org/eclipse/aether/impl/LocalRepositoryProvider
instanceKlass org/eclipse/aether/internal/impl/LocalPathPrefixComposerFactorySupport
instanceKlass org/eclipse/aether/internal/impl/LocalPathPrefixComposerFactory
instanceKlass org/eclipse/aether/internal/impl/DefaultLocalPathComposer
instanceKlass org/eclipse/aether/internal/impl/LocalPathComposer
instanceKlass org/eclipse/aether/internal/impl/DefaultInstaller
instanceKlass org/eclipse/aether/impl/Installer
instanceKlass org/eclipse/aether/internal/impl/DefaultFileProcessor
instanceKlass org/eclipse/aether/spi/io/FileProcessor
instanceKlass org/eclipse/aether/internal/impl/DefaultDeployer
instanceKlass org/eclipse/aether/impl/Deployer
instanceKlass org/eclipse/aether/internal/impl/DefaultChecksumPolicyProvider
instanceKlass org/eclipse/aether/spi/connector/checksum/ChecksumPolicyProvider
instanceKlass org/eclipse/aether/internal/impl/DefaultArtifactResolver
instanceKlass org/eclipse/aether/impl/ArtifactResolver
instanceKlass org/eclipse/aether/connector/basic/BasicRepositoryConnectorFactory
instanceKlass org/eclipse/aether/spi/locator/Service
instanceKlass org/eclipse/aether/spi/connector/RepositoryConnectorFactory
instanceKlass org/apache/maven/model/validation/DefaultModelValidator
instanceKlass org/apache/maven/model/validation/ModelValidator
instanceKlass org/apache/maven/model/superpom/DefaultSuperPomProvider
instanceKlass org/apache/maven/model/superpom/SuperPomProvider
instanceKlass org/apache/maven/model/profile/activation/PropertyProfileActivator
instanceKlass org/apache/maven/model/profile/activation/OperatingSystemProfileActivator
instanceKlass org/apache/maven/model/profile/activation/JdkVersionProfileActivator
instanceKlass org/apache/maven/model/profile/activation/FileProfileActivator
instanceKlass org/apache/maven/model/profile/activation/ProfileActivator
instanceKlass org/apache/maven/model/profile/DefaultProfileSelector
instanceKlass org/apache/maven/model/profile/ProfileSelector
instanceKlass org/apache/maven/model/profile/DefaultProfileInjector
instanceKlass org/apache/maven/model/profile/ProfileInjector
instanceKlass org/apache/maven/model/plugin/DefaultReportingConverter
instanceKlass org/apache/maven/model/plugin/ReportingConverter
instanceKlass org/apache/maven/model/plugin/DefaultReportConfigurationExpander
instanceKlass org/apache/maven/model/plugin/ReportConfigurationExpander
instanceKlass org/apache/maven/model/plugin/DefaultPluginConfigurationExpander
instanceKlass org/apache/maven/model/plugin/PluginConfigurationExpander
instanceKlass org/apache/maven/model/path/ProfileActivationFilePathInterpolator
instanceKlass org/apache/maven/model/path/DefaultUrlNormalizer
instanceKlass org/apache/maven/model/path/UrlNormalizer
instanceKlass org/apache/maven/model/path/DefaultPathTranslator
instanceKlass org/apache/maven/model/path/PathTranslator
instanceKlass org/apache/maven/model/path/DefaultModelUrlNormalizer
instanceKlass org/apache/maven/model/path/ModelUrlNormalizer
instanceKlass org/apache/maven/model/path/DefaultModelPathTranslator
instanceKlass org/apache/maven/model/path/ModelPathTranslator
instanceKlass org/apache/maven/model/normalization/DefaultModelNormalizer
instanceKlass org/apache/maven/model/normalization/ModelNormalizer
instanceKlass org/apache/maven/model/management/DefaultPluginManagementInjector
instanceKlass org/apache/maven/model/management/PluginManagementInjector
instanceKlass org/apache/maven/model/management/DefaultDependencyManagementInjector
instanceKlass org/apache/maven/model/management/DependencyManagementInjector
instanceKlass org/apache/maven/model/locator/DefaultModelLocator
instanceKlass org/apache/maven/model/io/DefaultModelWriter
instanceKlass org/apache/maven/model/io/ModelWriter
instanceKlass org/apache/maven/model/io/DefaultModelReader
instanceKlass org/apache/maven/model/interpolation/AbstractStringBasedModelInterpolator
instanceKlass org/apache/maven/model/interpolation/ModelInterpolator
instanceKlass org/apache/maven/model/interpolation/DefaultModelVersionProcessor
instanceKlass org/apache/maven/model/interpolation/ModelVersionProcessor
instanceKlass org/apache/maven/model/inheritance/DefaultInheritanceAssembler
instanceKlass org/apache/maven/model/inheritance/InheritanceAssembler
instanceKlass org/apache/maven/model/composition/DefaultDependencyManagementImporter
instanceKlass org/apache/maven/model/composition/DependencyManagementImporter
instanceKlass org/apache/maven/model/building/DefaultModelProcessor
instanceKlass org/apache/maven/model/building/ModelProcessor
instanceKlass org/apache/maven/model/io/ModelReader
instanceKlass org/apache/maven/model/locator/ModelLocator
instanceKlass org/apache/maven/model/building/DefaultModelBuilder
instanceKlass org/apache/maven/model/building/ModelBuilder
instanceKlass org/apache/maven/cli/internal/BootstrapCoreExtensionManager
instanceKlass org/apache/maven/cli/configuration/SettingsXmlConfigurationProcessor
instanceKlass org/apache/maven/cli/configuration/ConfigurationProcessor
instanceKlass org/apache/maven/toolchain/io/DefaultToolchainsWriter
instanceKlass org/apache/maven/toolchain/io/ToolchainsWriter
instanceKlass org/apache/maven/toolchain/io/DefaultToolchainsReader
instanceKlass org/apache/maven/toolchain/io/ToolchainsReader
instanceKlass org/apache/maven/toolchain/building/DefaultToolchainsBuilder
instanceKlass org/apache/maven/toolchain/building/ToolchainsBuilder
instanceKlass java/lang/invoke/LambdaForm$Hidden
instanceKlass org/apache/maven/execution/MavenSession
instanceKlass org/apache/maven/session/scope/internal/SessionScope$ScopeState
instanceKlass org/apache/maven/session/scope/internal/SessionScope$$Lambda$40
instanceKlass org/apache/maven/session/scope/internal/SessionScope
instanceKlass sun/reflect/ClassDefiner$1
instanceKlass sun/reflect/ClassDefiner
instanceKlass sun/reflect/MethodAccessorGenerator$1
instanceKlass sun/reflect/Label$PatchInfo
instanceKlass sun/reflect/Label
instanceKlass sun/reflect/UTF8
instanceKlass sun/reflect/ClassFileAssembler
instanceKlass sun/reflect/ByteVectorImpl
instanceKlass sun/reflect/ByteVector
instanceKlass sun/reflect/ByteVectorFactory
instanceKlass sun/reflect/AccessorGenerator
instanceKlass sun/reflect/ClassFileConstants
instanceKlass org/apache/maven/plugin/internal/AbstractMavenPluginDependenciesValidator
instanceKlass org/apache/maven/plugin/internal/MavenPluginDependenciesValidator
instanceKlass org/apache/maven/plugin/internal/AbstractMavenPluginParametersValidator
instanceKlass org/apache/maven/plugin/internal/MavenPluginConfigurationValidator
instanceKlass org/apache/maven/eventspy/AbstractEventSpy
instanceKlass org/apache/maven/eventspy/EventSpy
instanceKlass org/apache/maven/plugin/PluginValidationManager
instanceKlass org/apache/maven/plugin/DefaultMojosExecutionStrategy
instanceKlass org/apache/maven/plugin/MojosExecutionStrategy
instanceKlass org/apache/maven/lifecycle/internal/LifecycleDependencyResolver
instanceKlass org/apache/maven/lifecycle/internal/DefaultProjectArtifactFactory
instanceKlass org/apache/maven/lifecycle/internal/ProjectArtifactFactory
instanceKlass org/apache/maven/internal/aether/ResolverLifecycle
instanceKlass org/apache/maven/internal/aether/DefaultRepositorySystemSessionFactory
instanceKlass org/apache/maven/extension/internal/CoreExportsProvider
instanceKlass org/apache/maven/plugin/MojoExecution
instanceKlass org/apache/maven/project/MavenProject
instanceKlass org/apache/maven/execution/scope/internal/MojoExecutionScope$ScopeState
instanceKlass org/apache/maven/execution/MojoExecutionEvent
instanceKlass org/apache/maven/execution/scope/MojoExecutionScoped
instanceKlass com/google/inject/RestrictedBindingSource$Permit
instanceKlass org/apache/maven/execution/scope/internal/MojoExecutionScope$1
instanceKlass org/apache/maven/execution/scope/internal/MojoExecutionScope
instanceKlass org/apache/maven/execution/MojoExecutionListener
instanceKlass org/eclipse/sisu/space/QualifiedTypeBinder$1
instanceKlass org/apache/maven/execution/DefaultMavenExecutionRequestPopulator
instanceKlass org/apache/maven/execution/MavenExecutionRequestPopulator
instanceKlass org/apache/maven/classrealm/DefaultClassRealmManager
instanceKlass org/apache/maven/classrealm/ClassRealmManager
instanceKlass org/apache/maven/SessionScoped
instanceKlass org/apache/maven/ReactorReader
instanceKlass org/apache/maven/repository/internal/MavenWorkspaceReader
instanceKlass org/eclipse/aether/repository/WorkspaceReader
instanceKlass org/eclipse/sisu/space/WildcardKey$QualifiedImpl
instanceKlass org/eclipse/sisu/space/WildcardKey$Qualified
instanceKlass org/eclipse/sisu/space/WildcardKey
instanceKlass org/eclipse/sisu/Typed
instanceKlass org/sonatype/inject/EagerSingleton
instanceKlass org/eclipse/sisu/EagerSingleton
instanceKlass org/sonatype/inject/Mediator
instanceKlass org/eclipse/sisu/inject/TypeArguments
instanceKlass org/apache/maven/DefaultArtifactFilterManager
instanceKlass org/apache/maven/ArtifactFilterManager
instanceKlass org/eclipse/sisu/space/asm/Context
instanceKlass org/eclipse/sisu/space/asm/Attribute
instanceKlass org/eclipse/sisu/space/asm/AnnotationVisitor
instanceKlass org/eclipse/sisu/space/asm/ClassReader
instanceKlass org/eclipse/sisu/space/IndexedClassFinder$1
instanceKlass org/eclipse/sisu/inject/Logs$SLF4JSink
instanceKlass org/eclipse/sisu/inject/Logs$Sink
instanceKlass org/eclipse/sisu/inject/Logs
instanceKlass org/eclipse/sisu/space/QualifierCache
instanceKlass org/eclipse/sisu/space/QualifiedTypeVisitor
instanceKlass org/eclipse/sisu/plexus/PlexusTypeVisitor$ComponentAnnotationVisitor
instanceKlass org/eclipse/sisu/space/AnnotationVisitor
instanceKlass org/eclipse/sisu/plexus/PlexusTypeVisitor
instanceKlass org/eclipse/sisu/space/ClassVisitor
instanceKlass org/eclipse/sisu/plexus/PlexusXmlBeanModule$PlexusXmlBeanSource
instanceKlass org/eclipse/sisu/inject/DescriptionSource
instanceKlass org/eclipse/sisu/inject/AnnotatedSource
instanceKlass org/eclipse/sisu/Description
instanceKlass org/eclipse/sisu/Priority
instanceKlass org/eclipse/sisu/Hidden
instanceKlass org/eclipse/sisu/inject/Sources
instanceKlass com/google/inject/Key$AnnotationInstanceStrategy
instanceKlass com/google/inject/name/NamedImpl
instanceKlass com/google/inject/name/Named
instanceKlass com/google/inject/name/Names
instanceKlass com/google/inject/internal/MoreTypes$ParameterizedTypeImpl
instanceKlass sun/reflect/generics/reflectiveObjects/ParameterizedTypeImpl
instanceKlass sun/reflect/generics/reflectiveObjects/LazyReflectiveObjectGenerator
instanceKlass org/apache/maven/wagon/Wagon
instanceKlass org/apache/maven/toolchain/ToolchainsBuilder
instanceKlass org/apache/maven/toolchain/ToolchainManagerPrivate
instanceKlass org/apache/maven/toolchain/ToolchainManager
instanceKlass org/apache/maven/toolchain/ToolchainFactory
instanceKlass org/apache/maven/settings/MavenSettingsBuilder
instanceKlass org/apache/maven/rtinfo/RuntimeInformation
instanceKlass org/apache/maven/project/artifact/ProjectArtifactsCache
instanceKlass org/apache/maven/project/artifact/MavenMetadataCache
instanceKlass org/apache/maven/project/ProjectRealmCache
instanceKlass org/apache/maven/project/ProjectDependenciesResolver
instanceKlass org/apache/maven/project/ProjectBuildingHelper
instanceKlass org/apache/maven/project/ProjectBuilder
instanceKlass org/apache/maven/project/MavenProjectHelper
instanceKlass org/apache/maven/plugin/version/PluginVersionResolver
instanceKlass org/apache/maven/plugin/prefix/PluginPrefixResolver
instanceKlass org/apache/maven/plugin/internal/PluginDependenciesResolver
instanceKlass org/apache/maven/plugin/PluginRealmCache
instanceKlass org/apache/maven/plugin/PluginManager
instanceKlass org/apache/maven/plugin/PluginDescriptorCache
instanceKlass org/apache/maven/plugin/PluginArtifactsCache
instanceKlass org/apache/maven/plugin/MavenPluginManager
instanceKlass org/apache/maven/plugin/LegacySupport
instanceKlass org/apache/maven/plugin/ExtensionRealmCache
instanceKlass org/apache/maven/plugin/BuildPluginManager
instanceKlass org/apache/maven/model/plugin/LifecycleBindingsInjector
instanceKlass org/apache/maven/lifecycle/internal/builder/BuilderCommon
instanceKlass org/apache/maven/lifecycle/internal/builder/Builder
instanceKlass org/apache/maven/lifecycle/internal/MojoExecutor
instanceKlass org/apache/maven/lifecycle/internal/MojoDescriptorCreator
instanceKlass org/apache/maven/lifecycle/internal/LifecycleTaskSegmentCalculator
instanceKlass org/apache/maven/lifecycle/internal/LifecycleStarter
instanceKlass org/apache/maven/lifecycle/internal/LifecyclePluginResolver
instanceKlass org/apache/maven/lifecycle/internal/LifecycleModuleBuilder
instanceKlass org/apache/maven/lifecycle/internal/LifecycleExecutionPlanCalculator
instanceKlass org/apache/maven/lifecycle/internal/LifecycleDebugLogger
instanceKlass org/apache/maven/lifecycle/internal/ExecutionEventCatapult
instanceKlass org/apache/maven/lifecycle/internal/BuildListCalculator
instanceKlass org/apache/maven/lifecycle/MojoExecutionConfigurator
instanceKlass org/apache/maven/lifecycle/LifecycleMappingDelegate
instanceKlass org/apache/maven/lifecycle/LifecycleExecutor
instanceKlass org/apache/maven/lifecycle/LifeCyclePluginAnalyzer
instanceKlass org/apache/maven/lifecycle/DefaultLifecycles
instanceKlass org/apache/maven/graph/GraphBuilder
instanceKlass org/apache/maven/eventspy/internal/EventSpyDispatcher
instanceKlass org/apache/maven/configuration/BeanConfigurator
instanceKlass org/apache/maven/bridge/MavenRepositorySystem
instanceKlass org/apache/maven/artifact/resolver/ResolutionErrorHandler
instanceKlass org/apache/maven/artifact/repository/metadata/io/MetadataReader
instanceKlass org/apache/maven/artifact/metadata/ArtifactMetadataSource
instanceKlass org/apache/maven/repository/legacy/metadata/ArtifactMetadataSource
instanceKlass org/apache/maven/artifact/handler/manager/ArtifactHandlerManager
instanceKlass org/apache/maven/artifact/factory/ArtifactFactory
instanceKlass org/apache/maven/ProjectDependenciesResolver
instanceKlass org/apache/maven/Maven
instanceKlass org/apache/maven/artifact/handler/ArtifactHandler
instanceKlass org/sonatype/plexus/components/sec/dispatcher/SecDispatcher
instanceKlass org/apache/maven/lifecycle/Lifecycle
instanceKlass org/eclipse/sisu/space/CloningClassSpace$1
instanceKlass org/apache/maven/lifecycle/mapping/LifecycleMapping
instanceKlass org/apache/maven/repository/metadata/GraphConflictResolver
instanceKlass org/apache/maven/repository/metadata/GraphConflictResolutionPolicy
instanceKlass org/eclipse/sisu/plexus/ConfigurationImpl
instanceKlass org/apache/maven/repository/metadata/ClasspathTransformation
instanceKlass org/apache/maven/repository/legacy/resolver/transform/ArtifactTransformationManager
instanceKlass org/apache/maven/repository/legacy/resolver/transform/ArtifactTransformation
instanceKlass org/apache/maven/repository/legacy/resolver/conflict/ConflictResolverFactory
instanceKlass org/apache/maven/repository/legacy/resolver/conflict/ConflictResolver
instanceKlass org/apache/maven/repository/legacy/repository/ArtifactRepositoryFactory
instanceKlass org/apache/maven/repository/legacy/UpdateCheckManager
instanceKlass org/apache/maven/repository/RepositorySystem
instanceKlass org/apache/maven/repository/MirrorSelector
instanceKlass org/apache/maven/project/validation/ModelValidator
instanceKlass org/apache/maven/project/path/PathTranslator
instanceKlass org/apache/maven/project/interpolation/ModelInterpolator
instanceKlass org/apache/maven/project/inheritance/ModelInheritanceAssembler
instanceKlass org/apache/maven/project/MavenProjectBuilder
instanceKlass org/apache/maven/profiles/MavenProfilesBuilder
instanceKlass org/apache/maven/execution/RuntimeInformation
instanceKlass org/apache/maven/artifact/resolver/ArtifactResolver
instanceKlass org/apache/maven/artifact/resolver/ArtifactCollector
instanceKlass org/apache/maven/repository/legacy/resolver/LegacyArtifactCollector
instanceKlass org/apache/maven/artifact/repository/metadata/RepositoryMetadataManager
instanceKlass org/apache/maven/artifact/repository/layout/ArtifactRepositoryLayout
instanceKlass org/apache/maven/artifact/repository/ArtifactRepositoryFactory
instanceKlass org/apache/maven/artifact/manager/WagonManager
instanceKlass org/apache/maven/repository/legacy/WagonManager
instanceKlass org/apache/maven/artifact/installer/ArtifactInstaller
instanceKlass org/eclipse/sisu/plexus/PlexusXmlMetadata
instanceKlass org/eclipse/sisu/plexus/Roles
instanceKlass org/apache/maven/artifact/deployer/ArtifactDeployer
instanceKlass org/eclipse/sisu/plexus/Hints
instanceKlass org/eclipse/sisu/space/AbstractDeferredClass
instanceKlass org/eclipse/sisu/plexus/RequirementImpl
instanceKlass org/codehaus/plexus/component/annotations/Requirement
instanceKlass org/eclipse/sisu/space/Streams
instanceKlass org/eclipse/sisu/plexus/ComponentImpl
instanceKlass org/codehaus/plexus/component/annotations/Component
instanceKlass org/eclipse/sisu/plexus/PlexusTypeRegistry
instanceKlass org/eclipse/sisu/plexus/PlexusXmlScanner
instanceKlass org/eclipse/sisu/space/QualifiedTypeBinder
instanceKlass org/eclipse/sisu/plexus/PlexusTypeBinder
instanceKlass com/google/inject/spi/InjectionRequest
instanceKlass org/eclipse/sisu/bean/BeanProperty
instanceKlass com/google/common/collect/ObjectArrays
instanceKlass com/google/inject/internal/Nullability
instanceKlass com/google/inject/internal/KotlinSupport$KotlinUnsupported$$Lambda$39
instanceKlass java/lang/invoke/LambdaForm$DMH
instanceKlass com/google/inject/internal/KotlinSupport$KotlinUnsupported
instanceKlass com/google/inject/internal/KotlinSupport$KotlinSupportHolder
instanceKlass com/google/inject/internal/KotlinSupportInterface
instanceKlass com/google/inject/internal/KotlinSupport
instanceKlass com/google/inject/spi/InjectionPoint$OverrideIndex
instanceKlass org/eclipse/sisu/inject/RankedBindings
instanceKlass org/eclipse/sisu/Mediator
instanceKlass sun/reflect/generics/tree/TypeVariableSignature
instanceKlass com/google/inject/Inject
instanceKlass javax/inject/Inject
instanceKlass com/google/inject/internal/DeclaredMembers$$Lambda$38
instanceKlass com/google/inject/internal/DeclaredMembers$$Lambda$37
instanceKlass com/google/inject/internal/DeclaredMembers$$Lambda$36
instanceKlass com/google/inject/internal/DeclaredMembers$$Lambda$35
instanceKlass java/lang/reflect/WildcardType
instanceKlass java/lang/reflect/TypeVariable
instanceKlass com/google/inject/spi/InjectionPoint$InjectableMembers
instanceKlass com/google/inject/spi/InjectionPoint$InjectableMember
instanceKlass com/google/inject/spi/InjectionPoint
instanceKlass java/lang/reflect/ParameterizedType
instanceKlass com/google/inject/internal/MoreTypes$GenericArrayTypeImpl
instanceKlass com/google/inject/internal/MoreTypes$CompositeType
instanceKlass com/google/inject/Key$AnnotationTypeStrategy
instanceKlass com/google/common/cache/LocalCache$StrongValueReference
instanceKlass com/google/common/util/concurrent/AbstractFuture$Failure
instanceKlass com/google/common/util/concurrent/AbstractFuture$Cancellation
instanceKlass com/google/common/util/concurrent/AbstractFuture$SetFuture
instanceKlass com/google/common/util/concurrent/Uninterruptibles
instanceKlass java/util/concurrent/locks/LockSupport
instanceKlass com/google/common/util/concurrent/AbstractFuture$Waiter
instanceKlass com/google/common/util/concurrent/AbstractFuture$Listener
instanceKlass com/google/common/util/concurrent/AbstractFuture$UnsafeAtomicHelper$1
instanceKlass com/google/common/util/concurrent/LazyLogger
instanceKlass com/google/common/util/concurrent/AbstractFuture$AtomicHelper
instanceKlass java/util/concurrent/Executor
instanceKlass com/google/common/util/concurrent/internal/InternalFutureFailureAccess
instanceKlass com/google/common/util/concurrent/AbstractFuture$Trusted
instanceKlass com/google/common/util/concurrent/ListenableFuture
instanceKlass java/lang/annotation/Documented
instanceKlass java/lang/annotation/Target
instanceKlass javax/inject/Named
instanceKlass javax/inject/Qualifier
instanceKlass com/google/inject/BindingAnnotation
instanceKlass javax/inject/Scope
instanceKlass com/google/inject/ScopeAnnotation
instanceKlass com/google/inject/internal/Annotations$AnnotationChecker
instanceKlass java/lang/reflect/Proxy$1
instanceKlass java/lang/reflect/WeakCache$Value
instanceKlass sun/misc/ProxyGenerator$ExceptionTableEntry
instanceKlass sun/misc/ProxyGenerator$PrimitiveTypeInfo
instanceKlass sun/misc/ProxyGenerator$FieldInfo
instanceKlass java/io/DataOutput
instanceKlass sun/misc/ProxyGenerator$ConstantPool$Entry
instanceKlass sun/misc/ProxyGenerator$MethodInfo
instanceKlass sun/misc/ProxyGenerator$ProxyMethod
instanceKlass sun/misc/ProxyGenerator$ConstantPool
instanceKlass sun/misc/ProxyGenerator
instanceKlass java/lang/reflect/WeakCache$Factory
instanceKlass java/lang/reflect/Proxy$ProxyClassFactory
instanceKlass java/lang/reflect/Proxy$KeyFactory
instanceKlass java/lang/reflect/WeakCache
instanceKlass java/lang/reflect/Proxy
instanceKlass sun/reflect/annotation/AnnotationInvocationHandler
instanceKlass sun/reflect/annotation/AnnotationParser$1
instanceKlass sun/reflect/annotation/ExceptionProxy
instanceKlass java/lang/annotation/Inherited
instanceKlass java/lang/annotation/Retention
instanceKlass sun/reflect/annotation/AnnotationType$1
instanceKlass java/lang/reflect/GenericArrayType
instanceKlass sun/reflect/generics/visitor/Reifier
instanceKlass sun/reflect/generics/visitor/TypeTreeVisitor
instanceKlass sun/reflect/generics/factory/CoreReflectionFactory
instanceKlass sun/reflect/generics/factory/GenericsFactory
instanceKlass sun/reflect/generics/scope/AbstractScope
instanceKlass sun/reflect/generics/scope/Scope
instanceKlass com/google/inject/internal/Annotations$TestAnnotation
instanceKlass com/google/inject/internal/Annotations$AnnotationToStringConfig
instanceKlass com/google/common/base/Joiner$MapJoiner
instanceKlass com/google/common/base/Joiner
instanceKlass java/lang/reflect/InvocationHandler
instanceKlass com/google/inject/internal/Annotations
instanceKlass org/eclipse/sisu/Parameters
instanceKlass org/eclipse/sisu/wire/ParameterKeys
instanceKlass com/google/inject/internal/util/StackTraceElements$InMemoryStackTraceElement
instanceKlass com/google/inject/internal/util/StackTraceElements
instanceKlass org/eclipse/sisu/wire/TypeConverterCache
instanceKlass com/google/inject/internal/Scoping
instanceKlass com/google/inject/internal/InternalFactory
instanceKlass com/google/inject/internal/InternalFlags$1
instanceKlass com/google/inject/internal/InternalFlags
instanceKlass com/google/inject/spi/ProviderKeyBinding
instanceKlass com/google/inject/spi/ProviderInstanceBinding
instanceKlass com/google/inject/internal/DelayedInitialize
instanceKlass com/google/inject/spi/ConstructorBinding
instanceKlass com/google/inject/spi/InstanceBinding
instanceKlass com/google/inject/spi/HasDependencies
instanceKlass com/google/inject/spi/LinkedKeyBinding
instanceKlass com/google/inject/spi/UntargettedBinding
instanceKlass com/google/inject/internal/BindingImpl
instanceKlass com/google/inject/Key$AnnotationStrategy
instanceKlass org/eclipse/sisu/wire/ElementAnalyzer$1
instanceKlass com/google/inject/util/Modules$EmptyModule
instanceKlass com/google/inject/util/Modules$OverriddenModuleBuilder
instanceKlass com/google/inject/util/Modules
instanceKlass java/util/stream/Nodes$ArrayNode
instanceKlass java/util/stream/Node$Builder
instanceKlass java/util/stream/Node$OfDouble
instanceKlass java/util/stream/Node$OfLong
instanceKlass java/util/stream/Node$OfInt
instanceKlass java/util/stream/Node$OfPrimitive
instanceKlass java/util/stream/Nodes$EmptyNode
instanceKlass java/util/stream/Node
instanceKlass java/util/stream/Nodes
instanceKlass com/google/inject/internal/DeclaredMembers$$Lambda$34
instanceKlass java/util/function/IntFunction
instanceKlass java/lang/invoke/LambdaForm$DMH
instanceKlass java/util/stream/SortedOps
instanceKlass com/google/common/collect/Ordering
instanceKlass com/google/inject/internal/DeclaredMembers$$Lambda$33
instanceKlass com/google/inject/internal/DeclaredMembers$$Lambda$32
instanceKlass java/util/Comparator$$Lambda$31
instanceKlass java/lang/invoke/LambdaForm$DMH
instanceKlass java/util/Comparator$$Lambda$30
instanceKlass com/google/inject/internal/DeclaredMembers$$Lambda$29
instanceKlass com/google/inject/internal/DeclaredMembers$$Lambda$28
instanceKlass java/util/Comparator$$Lambda$27
instanceKlass java/lang/invoke/LambdaForm$BMH
instanceKlass java/lang/invoke/LambdaForm$MH
instanceKlass java/lang/invoke/LambdaForm$DMH
instanceKlass java/lang/invoke/LambdaForm$BMH
instanceKlass java/lang/invoke/LambdaForm$BMH
instanceKlass com/google/inject/internal/DeclaredMembers$$Lambda$26
instanceKlass com/google/inject/internal/DeclaredMembers
instanceKlass com/google/common/base/ExtraObjectsMethodsForWeb
instanceKlass com/google/common/collect/ImmutableMap$Builder
instanceKlass com/google/inject/internal/MoreTypes
instanceKlass com/google/inject/multibindings/ProvidesIntoOptional
instanceKlass com/google/inject/multibindings/ProvidesIntoMap
instanceKlass com/google/inject/multibindings/ProvidesIntoSet
instanceKlass com/google/inject/Provides
instanceKlass javax/inject/Singleton
instanceKlass com/google/inject/spi/ElementSource
instanceKlass com/google/inject/spi/ScopeBinding
instanceKlass com/google/inject/Scopes$2
instanceKlass com/google/inject/Scopes$1
instanceKlass com/google/inject/internal/SingletonScope
instanceKlass com/google/inject/Scopes
instanceKlass com/google/inject/Singleton
instanceKlass com/google/inject/spi/Elements$ModuleInfo
instanceKlass com/google/inject/PrivateModule
instanceKlass java/util/stream/Sink$ChainedReference
instanceKlass java/util/stream/Collectors$$Lambda$25
instanceKlass java/util/stream/Collectors$$Lambda$24
instanceKlass java/lang/invoke/LambdaForm$DMH
instanceKlass java/util/stream/Collectors$$Lambda$23
instanceKlass com/google/inject/spi/BindingSourceRestriction$PermitMapConstruction$$Lambda$22
instanceKlass com/google/inject/spi/BindingSourceRestriction$$Lambda$21
instanceKlass java/lang/invoke/LambdaForm$DMH
instanceKlass com/google/inject/spi/BindingSourceRestriction$$Lambda$20
instanceKlass java/lang/invoke/LambdaForm$DMH
instanceKlass java/util/stream/Streams$2
instanceKlass java/util/stream/Streams
instanceKlass java/util/stream/Streams$ConcatSpliterator
instanceKlass sun/reflect/annotation/AnnotatedTypeFactory$AnnotatedTypeBaseImpl
instanceKlass java/lang/reflect/AnnotatedType
instanceKlass sun/reflect/annotation/AnnotatedTypeFactory
instanceKlass sun/reflect/annotation/TypeAnnotation$LocationInfo$Location
instanceKlass sun/reflect/annotation/TypeAnnotation$LocationInfo
instanceKlass sun/reflect/generics/tree/ClassSignature
instanceKlass sun/reflect/generics/tree/Signature
instanceKlass sun/reflect/generics/tree/ClassTypeSignature
instanceKlass sun/reflect/generics/tree/SimpleClassTypeSignature
instanceKlass sun/reflect/generics/tree/FieldTypeSignature
instanceKlass sun/reflect/generics/tree/BaseType
instanceKlass sun/reflect/generics/tree/TypeSignature
instanceKlass sun/reflect/generics/tree/ReturnType
instanceKlass sun/reflect/generics/tree/TypeArgument
instanceKlass sun/reflect/generics/tree/FormalTypeParameter
instanceKlass sun/reflect/generics/tree/TypeTree
instanceKlass sun/reflect/generics/tree/Tree
instanceKlass sun/reflect/generics/parser/SignatureParser
instanceKlass sun/reflect/annotation/TypeAnnotation
instanceKlass sun/reflect/annotation/TypeAnnotationParser
instanceKlass java/util/Spliterators$ArraySpliterator
instanceKlass java/util/Spliterator$OfDouble
instanceKlass java/util/Spliterator$OfLong
instanceKlass java/util/Spliterator$OfInt
instanceKlass java/util/Spliterator$OfPrimitive
instanceKlass java/util/Spliterators$EmptySpliterator
instanceKlass java/util/Spliterators
instanceKlass sun/reflect/annotation/AnnotationParser
instanceKlass com/google/inject/RestrictedBindingSource
instanceKlass com/google/inject/spi/BindingSourceRestriction
instanceKlass com/google/inject/spi/ModuleSource
instanceKlass com/google/inject/internal/ProviderMethodsModule
instanceKlass com/google/inject/spi/BindingSourceRestriction$PermitMapConstruction$PermitMapImpl
instanceKlass com/google/inject/spi/BindingSourceRestriction$PermitMap
instanceKlass com/google/inject/spi/BindingSourceRestriction$PermitMapConstruction
instanceKlass com/google/common/collect/Hashing
instanceKlass com/google/common/math/IntMath$1
instanceKlass com/google/common/math/MathPreconditions
instanceKlass com/google/common/math/IntMath
instanceKlass com/google/inject/internal/AbstractBindingBuilder
instanceKlass com/google/inject/binder/ConstantBindingBuilder
instanceKlass com/google/inject/binder/AnnotatedElementBuilder
instanceKlass com/google/inject/spi/Elements$RecordingBinder
instanceKlass com/google/inject/Binding
instanceKlass com/google/inject/spi/DefaultBindingTargetVisitor
instanceKlass com/google/inject/spi/BindingTargetVisitor
instanceKlass com/google/inject/spi/Elements
instanceKlass com/google/inject/internal/InjectorShell$RootModule
instanceKlass com/google/common/collect/ListMultimap
instanceKlass com/google/inject/internal/InjectorBindingData
instanceKlass java/util/concurrent/atomic/AtomicReferenceArray
instanceKlass com/google/common/cache/LocalCache$LoadingValueReference
instanceKlass java/util/concurrent/Future
instanceKlass java/util/concurrent/ConcurrentLinkedQueue$Node
instanceKlass com/google/common/cache/Weigher
instanceKlass com/google/common/base/Predicate
instanceKlass java/util/function/Predicate
instanceKlass com/google/common/base/Equivalence
instanceKlass java/util/function/BiPredicate
instanceKlass com/google/common/base/MoreObjects
instanceKlass com/google/common/cache/LocalCache$1
instanceKlass com/google/common/cache/ReferenceEntry
instanceKlass com/google/common/cache/CacheLoader
instanceKlass com/google/common/cache/LocalCache$LocalManualCache
instanceKlass com/google/inject/internal/WeakKeySet$$Lambda$19
instanceKlass com/google/common/cache/RemovalListener
instanceKlass java/lang/invoke/LambdaForm$DMH
instanceKlass java/util/AbstractMap$SimpleImmutableEntry
instanceKlass com/google/common/cache/LocalCache$ValueReference
instanceKlass com/google/common/cache/CacheBuilder$2
instanceKlass com/google/common/cache/CacheStats
instanceKlass com/google/common/base/Suppliers$SupplierOfInstance
instanceKlass com/google/common/base/Suppliers
instanceKlass com/google/common/cache/CacheBuilder$1
instanceKlass com/google/common/cache/AbstractCache$StatsCounter
instanceKlass com/google/common/base/Supplier
instanceKlass com/google/common/cache/LoadingCache
instanceKlass com/google/common/cache/Cache
instanceKlass com/google/common/cache/CacheBuilder
instanceKlass com/google/inject/internal/WeakKeySet
instanceKlass com/google/common/collect/Sets
instanceKlass java/util/Optional
instanceKlass com/google/inject/internal/InjectorJitBindingData
instanceKlass com/google/inject/internal/ProcessedBindingData
instanceKlass com/google/inject/spi/DefaultElementVisitor
instanceKlass com/google/inject/internal/InjectorShell$Builder
instanceKlass com/google/common/collect/Lists
instanceKlass com/google/common/collect/AbstractMapEntry
instanceKlass com/google/common/collect/LinkedHashMultimap$ValueSetLink
instanceKlass com/google/common/collect/CollectPreconditions
instanceKlass java/lang/StrictMath
instanceKlass com/google/common/collect/Platform
instanceKlass com/google/common/collect/Multiset
instanceKlass com/google/common/collect/AbstractMultimap
instanceKlass com/google/common/collect/SetMultimap
instanceKlass com/google/common/collect/ImmutableMap
instanceKlass com/google/common/base/Converter
instanceKlass com/google/common/collect/Maps$EntryTransformer
instanceKlass com/google/common/base/Function
instanceKlass com/google/common/collect/BiMap
instanceKlass com/google/common/collect/SortedMapDifference
instanceKlass com/google/common/collect/MapDifference
instanceKlass com/google/common/collect/Maps
instanceKlass com/google/inject/internal/CycleDetectingLock
instanceKlass com/google/common/collect/Multimap
instanceKlass com/google/inject/internal/CycleDetectingLock$CycleDetectingLockFactory
instanceKlass com/google/inject/internal/Initializable
instanceKlass com/google/inject/internal/Initializer
instanceKlass com/google/common/collect/PeekingIterator
instanceKlass com/google/common/collect/UnmodifiableIterator
instanceKlass com/google/common/collect/Iterators
instanceKlass com/google/common/collect/ImmutableCollection$Builder
instanceKlass com/google/common/collect/ImmutableSet$SetBuilderImpl
instanceKlass com/google/inject/internal/util/SourceProvider
instanceKlass com/google/inject/spi/ErrorDetail
instanceKlass com/google/inject/internal/Errors
instanceKlass com/google/common/base/Preconditions
instanceKlass java/util/logging/LogManager$5
instanceKlass java/util/logging/LoggingProxyImpl
instanceKlass sun/util/logging/LoggingProxy
instanceKlass sun/util/logging/LoggingSupport$1
instanceKlass sun/util/logging/LoggingSupport
instanceKlass sun/util/logging/PlatformLogger$LoggerProxy
instanceKlass sun/util/logging/PlatformLogger$1
instanceKlass sun/util/logging/PlatformLogger
instanceKlass java/util/logging/LogManager$LoggerContext$1
instanceKlass java/util/logging/LogManager$3
instanceKlass java/util/logging/LogManager$2
instanceKlass java/util/logging/LogManager$LogNode
instanceKlass java/util/logging/LogManager$LoggerContext
instanceKlass java/util/logging/LogManager$1
instanceKlass java/util/logging/LogManager
instanceKlass java/util/concurrent/CopyOnWriteArrayList
instanceKlass java/util/logging/Logger$LoggerBundle
instanceKlass java/util/logging/Level$KnownLevel
instanceKlass java/util/logging/Level
instanceKlass java/util/logging/Handler
instanceKlass java/util/logging/Logger
instanceKlass com/google/common/base/Ticker
instanceKlass com/google/common/base/Stopwatch
instanceKlass com/google/inject/internal/util/ContinuousStopwatch
instanceKlass com/google/inject/Injector
instanceKlass com/google/inject/internal/InternalInjectorCreator
instanceKlass com/google/inject/Guice
instanceKlass org/eclipse/sisu/wire/Wiring
instanceKlass org/eclipse/sisu/wire/WireModule$Strategy$1
instanceKlass org/eclipse/sisu/wire/WireModule$Strategy
instanceKlass org/eclipse/sisu/wire/AbstractTypeConverter
instanceKlass com/google/inject/spi/ElementVisitor
instanceKlass org/eclipse/sisu/wire/WireModule
instanceKlass org/eclipse/sisu/bean/BeanBinder
instanceKlass org/eclipse/sisu/plexus/PlexusBindingModule
instanceKlass org/codehaus/plexus/DefaultPlexusContainer$BootModule
instanceKlass org/codehaus/plexus/component/annotations/Configuration
instanceKlass org/eclipse/sisu/plexus/PlexusAnnotatedMetadata
instanceKlass org/eclipse/sisu/plexus/PlexusBeanMetadata
instanceKlass org/eclipse/sisu/plexus/PlexusAnnotatedBeanModule$PlexusAnnotatedBeanSource
instanceKlass org/eclipse/sisu/space/SpaceModule$2
instanceKlass org/eclipse/sisu/space/SpaceModule$Strategy$2
instanceKlass org/eclipse/sisu/space/SpaceModule$Strategy$1
instanceKlass org/eclipse/sisu/space/DefaultClassFinder
instanceKlass org/eclipse/sisu/space/asm/ClassVisitor
instanceKlass org/eclipse/sisu/space/SpaceScanner
instanceKlass org/eclipse/sisu/space/IndexedClassFinder
instanceKlass org/eclipse/sisu/space/ClassFinder
instanceKlass org/eclipse/sisu/space/SpaceModule
instanceKlass org/eclipse/sisu/space/SpaceVisitor
instanceKlass org/eclipse/sisu/plexus/PlexusTypeListener
instanceKlass org/eclipse/sisu/space/QualifiedTypeListener
instanceKlass org/eclipse/sisu/plexus/PlexusAnnotatedBeanModule$1
instanceKlass org/eclipse/sisu/space/SpaceModule$Strategy
instanceKlass org/eclipse/sisu/plexus/PlexusAnnotatedBeanModule
instanceKlass org/eclipse/sisu/plexus/PlexusBeanSource
instanceKlass org/eclipse/sisu/plexus/PlexusXmlBeanModule
instanceKlass org/eclipse/sisu/plexus/PlexusBeanModule
instanceKlass org/eclipse/sisu/space/URLClassSpace
instanceKlass org/codehaus/plexus/DefaultPlexusContainer$SLF4JLoggerFactoryProvider
instanceKlass com/google/inject/util/Providers$ConstantProvider
instanceKlass com/google/inject/util/Providers
instanceKlass org/codehaus/plexus/personality/plexus/lifecycle/phase/Disposable
instanceKlass org/codehaus/plexus/personality/plexus/lifecycle/phase/Startable
instanceKlass org/codehaus/plexus/personality/plexus/lifecycle/phase/Initializable
instanceKlass org/codehaus/plexus/personality/plexus/lifecycle/phase/Contextualizable
instanceKlass org/codehaus/plexus/logging/LogEnabled
instanceKlass org/eclipse/sisu/bean/PropertyBinding
instanceKlass javax/annotation/PreDestroy
instanceKlass javax/annotation/PostConstruct
instanceKlass org/eclipse/sisu/bean/LifecycleBuilder
instanceKlass org/eclipse/sisu/bean/BeanScheduler$1
instanceKlass com/google/inject/spi/DefaultBindingScopingVisitor
instanceKlass com/google/inject/spi/BindingScopingVisitor
instanceKlass org/eclipse/sisu/bean/BeanScheduler$CycleActivator
instanceKlass com/google/inject/MembersInjector
instanceKlass com/google/inject/spi/ModuleAnnotatedMethodScanner
instanceKlass com/google/inject/PrivateBinder
instanceKlass org/aopalliance/intercept/MethodInterceptor
instanceKlass org/aopalliance/intercept/Interceptor
instanceKlass org/aopalliance/aop/Advice
instanceKlass com/google/inject/spi/Message
instanceKlass com/google/inject/spi/Element
instanceKlass com/google/inject/spi/TypeListener
instanceKlass com/google/inject/Scope
instanceKlass com/google/inject/binder/AnnotatedConstantBindingBuilder
instanceKlass com/google/inject/TypeLiteral
instanceKlass com/google/inject/binder/AnnotatedBindingBuilder
instanceKlass com/google/inject/binder/LinkedBindingBuilder
instanceKlass com/google/inject/binder/ScopedBindingBuilder
instanceKlass com/google/inject/spi/Dependency
instanceKlass com/google/inject/Key
instanceKlass com/google/inject/spi/ProvisionListener
instanceKlass com/google/inject/Binder
instanceKlass org/eclipse/sisu/bean/BeanScheduler
instanceKlass org/eclipse/sisu/plexus/DefaultPlexusBeanLocator
instanceKlass org/eclipse/sisu/plexus/RealmManager
instanceKlass org/codehaus/plexus/context/ContextMapAdapter
instanceKlass org/codehaus/plexus/context/DefaultContext
instanceKlass org/codehaus/plexus/logging/AbstractLogger
instanceKlass org/codehaus/plexus/logging/AbstractLoggerManager
instanceKlass java/util/Date
instanceKlass java/text/DigitList
instanceKlass java/text/FieldPosition
instanceKlass java/util/Currency$CurrencyNameGetter
instanceKlass java/util/Currency$1
instanceKlass java/util/Currency
instanceKlass java/text/DecimalFormatSymbols
instanceKlass java/util/concurrent/atomic/AtomicMarkableReference$Pair
instanceKlass java/util/concurrent/atomic/AtomicMarkableReference
instanceKlass java/text/DateFormatSymbols
instanceKlass sun/util/calendar/CalendarUtils
instanceKlass sun/util/calendar/CalendarDate
instanceKlass sun/util/locale/LanguageTag
instanceKlass java/util/ResourceBundle$CacheKeyReference
instanceKlass java/util/ResourceBundle$CacheKey
instanceKlass java/util/ResourceBundle$RBClassLoader$1
instanceKlass java/util/spi/ResourceBundleControlProvider
instanceKlass java/util/ResourceBundle
instanceKlass java/util/ResourceBundle$Control
instanceKlass sun/util/resources/LocaleData$1
instanceKlass sun/util/resources/LocaleData
instanceKlass sun/util/locale/provider/LocaleResources
instanceKlass sun/util/locale/provider/CalendarDataUtility$CalendarWeekParameterGetter
instanceKlass sun/util/locale/provider/LocaleServiceProviderPool$LocalizedObjectGetter
instanceKlass java/util/ServiceLoader$1
instanceKlass java/util/ServiceLoader$LazyIterator
instanceKlass java/util/ServiceLoader
instanceKlass sun/util/locale/provider/SPILocaleProviderAdapter$1
instanceKlass sun/util/locale/provider/LocaleServiceProviderPool
instanceKlass sun/util/locale/provider/CalendarDataUtility
instanceKlass java/util/Calendar$Builder
instanceKlass sun/util/locale/provider/JRELocaleProviderAdapter$1
instanceKlass sun/util/locale/provider/LocaleDataMetaInfo
instanceKlass sun/util/locale/provider/AvailableLanguageTags
instanceKlass sun/util/locale/provider/LocaleProviderAdapter$1
instanceKlass sun/util/locale/provider/ResourceBundleBasedAdapter
instanceKlass sun/util/locale/provider/LocaleProviderAdapter
instanceKlass java/util/spi/LocaleServiceProvider
instanceKlass java/util/Calendar
instanceKlass java/util/TimeZone$1
instanceKlass sun/util/calendar/ZoneInfoFile$ZoneOffsetTransitionRule
instanceKlass java/io/DataInput
instanceKlass sun/util/calendar/ZoneInfoFile$1
instanceKlass sun/util/calendar/ZoneInfoFile
instanceKlass sun/util/calendar/CalendarSystem
instanceKlass java/util/TimeZone
instanceKlass java/text/AttributedCharacterIterator$Attribute
instanceKlass com/google/inject/matcher/AbstractMatcher
instanceKlass com/google/inject/matcher/Matcher
instanceKlass com/google/inject/spi/TypeConverter
instanceKlass org/codehaus/plexus/DefaultPlexusContainer$LoggerProvider
instanceKlass org/codehaus/plexus/DefaultPlexusContainer$DefaultsModule
instanceKlass org/codehaus/plexus/DefaultPlexusContainer$ContainerModule
instanceKlass java/util/concurrent/locks/ReentrantReadWriteLock$WriteLock
instanceKlass java/util/concurrent/locks/ReentrantReadWriteLock$ReadLock
instanceKlass java/util/concurrent/locks/ReentrantReadWriteLock
instanceKlass java/util/concurrent/locks/ReadWriteLock
instanceKlass org/eclipse/sisu/inject/ImplicitBindings
instanceKlass org/eclipse/sisu/inject/MildValues$InverseMapping
instanceKlass org/eclipse/sisu/inject/MildValues
instanceKlass org/eclipse/sisu/inject/Weak
instanceKlass org/eclipse/sisu/inject/RankedSequence$Content
instanceKlass org/eclipse/sisu/inject/RankedSequence
instanceKlass org/eclipse/sisu/inject/BindingSubscriber
instanceKlass org/eclipse/sisu/inject/DefaultBeanLocator
instanceKlass org/eclipse/sisu/inject/DeferredClass
instanceKlass org/codehaus/plexus/DefaultPlexusContainer$LoggerManagerProvider
instanceKlass org/eclipse/sisu/inject/DeferredProvider
instanceKlass com/google/inject/Provider
instanceKlass com/google/inject/AbstractModule
instanceKlass javax/inject/Provider
instanceKlass org/eclipse/sisu/bean/BeanManager
instanceKlass org/eclipse/sisu/plexus/PlexusBeanLocator
instanceKlass org/eclipse/sisu/inject/MutableBeanLocator
instanceKlass org/eclipse/sisu/inject/BeanLocator
instanceKlass org/codehaus/plexus/context/Context
instanceKlass com/google/inject/Module
instanceKlass org/eclipse/sisu/inject/BindingPublisher
instanceKlass org/eclipse/sisu/inject/RankingFunction
instanceKlass org/codehaus/plexus/classworlds/ClassWorldListener
instanceKlass org/eclipse/sisu/space/ClassSpace
instanceKlass org/codehaus/plexus/DefaultPlexusContainer
instanceKlass org/codehaus/plexus/MutablePlexusContainer
instanceKlass java/util/stream/ReduceOps$Box
instanceKlass java/util/stream/ReduceOps$AccumulatingSink
instanceKlass java/util/stream/TerminalSink
instanceKlass java/util/stream/Sink
instanceKlass java/util/stream/ReduceOps$ReduceOp
instanceKlass java/util/stream/TerminalOp
instanceKlass java/util/stream/ReduceOps
instanceKlass java/util/function/Function$$Lambda$18
instanceKlass org/apache/maven/extension/internal/CoreExports$$Lambda$17
instanceKlass java/util/stream/Collectors$$Lambda$16
instanceKlass java/util/stream/Collectors$$Lambda$15
instanceKlass java/util/stream/Collectors$CollectorImpl
instanceKlass java/util/stream/Collector
instanceKlass java/lang/invoke/LambdaForm$MH
instanceKlass java/util/stream/Collectors$$Lambda$14
instanceKlass java/lang/invoke/LambdaForm$DMH
instanceKlass java/util/stream/Collectors$$Lambda$13
instanceKlass java/lang/invoke/LambdaForm$DMH
instanceKlass java/util/stream/Collectors$$Lambda$12
instanceKlass java/util/function/BinaryOperator
instanceKlass java/util/function/BiFunction
instanceKlass java/util/stream/Collectors
instanceKlass org/apache/maven/extension/internal/CoreExports$$Lambda$11
instanceKlass sun/invoke/util/VerifyAccess$1
instanceKlass java/util/function/Function$$Lambda$10
instanceKlass java/lang/Class$4
instanceKlass java/util/EnumMap$1
instanceKlass java/util/stream/StreamOpFlag$MaskBuilder
instanceKlass java/util/stream/PipelineHelper
instanceKlass java/util/stream/Stream
instanceKlass java/util/stream/BaseStream
instanceKlass java/util/stream/StreamSupport
instanceKlass java/util/HashMap$HashMapSpliterator
instanceKlass java/util/Spliterator
instanceKlass org/apache/maven/extension/internal/CoreExports
instanceKlass org/codehaus/plexus/DefaultContainerConfiguration
instanceKlass org/codehaus/plexus/ContainerConfiguration
instanceKlass org/codehaus/plexus/util/BaseIOUtil
instanceKlass org/codehaus/plexus/util/xml/XMLWriter
instanceKlass org/codehaus/plexus/util/xml/Xpp3Dom
instanceKlass org/codehaus/plexus/util/xml/pull/MXParser
instanceKlass org/codehaus/plexus/util/xml/pull/XmlPullParser
instanceKlass org/codehaus/plexus/util/xml/Xpp3DomBuilder
instanceKlass java/util/regex/ASCII
instanceKlass java/util/Locale$1
instanceKlass org/codehaus/plexus/util/ReaderFactory
instanceKlass org/apache/maven/project/ExtensionDescriptor
instanceKlass org/apache/maven/project/ExtensionDescriptorBuilder
instanceKlass org/apache/maven/extension/internal/CoreExtensionEntry
instanceKlass org/codehaus/plexus/logging/Logger
instanceKlass org/apache/maven/cli/logging/Slf4jLoggerManager
instanceKlass org/slf4j/impl/MavenSlf4jSimpleFriend
instanceKlass org/slf4j/MavenSlf4jFriend
instanceKlass java/lang/invoke/LambdaForm$MH
instanceKlass org/apache/commons/cli/CommandLine$$Lambda$9
instanceKlass java/util/function/Supplier
instanceKlass org/apache/maven/cli/logging/BaseSlf4jConfiguration
instanceKlass org/codehaus/plexus/util/PropertyUtils
instanceKlass org/apache/maven/cli/logging/Slf4jConfiguration
instanceKlass org/apache/maven/cli/logging/Slf4jConfigurationFactory
instanceKlass org/slf4j/impl/OutputChoice
instanceKlass sun/net/DefaultProgressMeteringPolicy
instanceKlass sun/net/ProgressMeteringPolicy
instanceKlass sun/net/ProgressMonitor
instanceKlass org/slf4j/impl/SimpleLoggerConfiguration$1
instanceKlass java/text/Format
instanceKlass org/slf4j/impl/SimpleLoggerConfiguration
instanceKlass org/slf4j/helpers/NamedLoggerBase
instanceKlass org/slf4j/impl/SimpleLoggerFactory
instanceKlass org/slf4j/impl/StaticLoggerBinder
instanceKlass org/slf4j/spi/LoggerFactoryBinder
instanceKlass java/util/Collections$3
instanceKlass java/net/URLClassLoader$3$1
instanceKlass sun/misc/CompoundEnumeration
instanceKlass java/net/URLClassLoader$3
instanceKlass sun/misc/URLClassPath$1
instanceKlass java/lang/ClassLoader$2
instanceKlass sun/misc/URLClassPath$2
instanceKlass org/slf4j/helpers/Util
instanceKlass org/slf4j/helpers/NOPLoggerFactory
instanceKlass java/util/concurrent/LinkedBlockingQueue$Node
instanceKlass java/util/concurrent/locks/AbstractQueuedSynchronizer$ConditionObject
instanceKlass java/util/concurrent/locks/Condition
instanceKlass java/util/concurrent/locks/AbstractQueuedSynchronizer$Node
instanceKlass java/util/concurrent/locks/AbstractOwnableSynchronizer
instanceKlass java/util/concurrent/BlockingQueue
instanceKlass org/slf4j/helpers/SubstituteLoggerFactory
instanceKlass org/slf4j/ILoggerFactory
instanceKlass org/slf4j/event/LoggingEvent
instanceKlass org/slf4j/LoggerFactory
instanceKlass org/codehaus/plexus/interpolation/SimpleRecursionInterceptor
instanceKlass java/util/LinkedList$ListItr
instanceKlass org/codehaus/plexus/util/StringUtils
instanceKlass org/apache/maven/cli/CLIReportingUtils
instanceKlass org/apache/maven/cli/MavenCli$$Lambda$8
instanceKlass java/util/function/BiConsumer
instanceKlass java/util/Collections$EmptyIterator
instanceKlass org/codehaus/plexus/interpolation/AbstractValueSource
instanceKlass org/codehaus/plexus/interpolation/RecursionInterceptor
instanceKlass org/codehaus/plexus/interpolation/StringSearchInterpolator
instanceKlass org/codehaus/plexus/interpolation/Interpolator
instanceKlass org/codehaus/plexus/interpolation/BasicInterpolator
instanceKlass org/apache/maven/properties/internal/SystemProperties
instanceKlass java/util/Collections$UnmodifiableMap$UnmodifiableEntrySet$UnmodifiableEntry
instanceKlass java/util/Collections$UnmodifiableMap$UnmodifiableEntrySet$1
instanceKlass org/codehaus/plexus/util/Os
instanceKlass org/apache/maven/properties/internal/EnvironmentUtils
instanceKlass java/util/LinkedList$Node
instanceKlass org/apache/commons/cli/Util
instanceKlass org/apache/commons/cli/CommandLine$Builder$$Lambda$7
instanceKlass java/util/function/Consumer
instanceKlass java/lang/invoke/LambdaForm$DMH
instanceKlass org/apache/commons/cli/CommandLine$Builder
instanceKlass org/apache/commons/cli/CommandLine
instanceKlass java/util/LinkedHashMap$LinkedHashIterator
instanceKlass org/apache/commons/cli/Parser
instanceKlass org/apache/maven/cli/CleanArgument
instanceKlass org/apache/commons/cli/OptionValidator
instanceKlass org/apache/commons/cli/Option$Builder
instanceKlass org/apache/commons/cli/Option
instanceKlass org/apache/commons/cli/Options
instanceKlass org/apache/commons/cli/CommandLineParser
instanceKlass org/apache/maven/cli/CLIManager
instanceKlass org/apache/maven/cli/logging/Slf4jStdoutLogger
instanceKlass sun/nio/fs/AbstractBasicFileAttributeView
instanceKlass sun/nio/fs/DynamicFileAttributeView
instanceKlass sun/nio/fs/WindowsFileAttributeViews
instanceKlass java/nio/file/attribute/BasicFileAttributeView
instanceKlass java/nio/file/attribute/FileAttributeView
instanceKlass java/nio/file/attribute/AttributeView
instanceKlass sun/nio/fs/WindowsPath$1
instanceKlass sun/nio/fs/WindowsFileAttributes
instanceKlass java/nio/file/attribute/DosFileAttributes
instanceKlass java/nio/file/attribute/BasicFileAttributes
instanceKlass sun/nio/fs/WindowsLinkSupport
instanceKlass java/nio/file/CopyOption
instanceKlass org/eclipse/aether/DefaultRepositoryCache
instanceKlass org/eclipse/aether/RepositoryCache
instanceKlass org/apache/maven/project/ProjectBuildingRequest
instanceKlass org/apache/maven/execution/DefaultMavenExecutionRequest
instanceKlass org/apache/maven/execution/MavenExecutionRequest
instanceKlass java/lang/Shutdown$Lock
instanceKlass java/lang/Shutdown
instanceKlass java/lang/ApplicationShutdownHooks$1
instanceKlass java/lang/ApplicationShutdownHooks
instanceKlass sun/nio/cs/Surrogate
instanceKlass sun/nio/cs/Surrogate$Parser
instanceKlass java/util/regex/Matcher
instanceKlass java/util/regex/MatchResult
instanceKlass java/util/Properties$LineReader
instanceKlass sun/net/www/protocol/jar/JarFileFactory
instanceKlass sun/net/www/protocol/jar/URLJarFile$URLJarFileCloseController
instanceKlass org/fusesource/jansi/AnsiConsole$$Lambda$6
instanceKlass java/lang/invoke/LambdaForm$MH
instanceKlass java/lang/invoke/LambdaForm$DMH
instanceKlass java/net/URLClassLoader$2
instanceKlass java/lang/invoke/LambdaForm$DMH
instanceKlass org/fusesource/jansi/AnsiConsole$$Lambda$5
instanceKlass org/fusesource/jansi/io/AnsiOutputStream$IoRunnable
instanceKlass java/lang/invoke/LambdaForm$DMH
instanceKlass org/fusesource/jansi/AnsiConsole$1
instanceKlass org/fusesource/jansi/internal/Kernel32
instanceKlass org/fusesource/jansi/internal/OSInfo
instanceKlass sun/misc/Launcher$BootClassPathHolder$1
instanceKlass sun/misc/Launcher$BootClassPathHolder
instanceKlass org/fusesource/jansi/internal/JansiLoader$1
instanceKlass org/fusesource/jansi/internal/JansiLoader$$Lambda$4
instanceKlass java/lang/invoke/LambdaForm$DMH
instanceKlass org/fusesource/jansi/internal/JansiLoader
instanceKlass org/fusesource/jansi/internal/CLibrary
instanceKlass java/util/TreeMap$Entry
instanceKlass java/lang/ProcessEnvironment$CheckedEntry
instanceKlass java/lang/ProcessEnvironment$CheckedEntrySet$1
instanceKlass java/util/Collections$UnmodifiableMap
instanceKlass java/lang/ProcessEnvironment$EntryComparator
instanceKlass java/lang/ProcessEnvironment$NameComparator
instanceKlass org/fusesource/jansi/io/AnsiProcessor
instanceKlass org/fusesource/jansi/io/AnsiOutputStream$WidthSupplier
instanceKlass org/fusesource/jansi/AnsiConsole
instanceKlass org/fusesource/jansi/Ansi$$Lambda$3
instanceKlass java/util/concurrent/Callable
instanceKlass java/lang/invoke/LambdaForm$DMH
instanceKlass org/fusesource/jansi/Ansi
instanceKlass org/apache/maven/shared/utils/logging/LoggerLevelRenderer
instanceKlass org/apache/maven/shared/utils/logging/MessageBuilder
instanceKlass org/apache/maven/shared/utils/logging/MessageUtils
instanceKlass java/util/regex/Pattern$TreeInfo
instanceKlass java/util/regex/Pattern$Node
instanceKlass java/util/regex/Pattern
instanceKlass org/apache/maven/cli/CliRequest
instanceKlass org/apache/maven/exception/ExceptionHandler
instanceKlass org/apache/maven/eventspy/EventSpy$Context
instanceKlass org/codehaus/plexus/PlexusContainer
instanceKlass org/apache/maven/toolchain/building/ToolchainsBuildingRequest
instanceKlass org/apache/maven/building/Source
instanceKlass org/slf4j/Logger
instanceKlass org/codehaus/plexus/logging/LoggerManager
instanceKlass org/apache/maven/execution/ExecutionListener
instanceKlass org/eclipse/aether/transfer/TransferListener
instanceKlass org/codehaus/plexus/interpolation/ValueSource
instanceKlass org/apache/maven/cli/MavenCli
instanceKlass java/nio/file/attribute/FileTime
instanceKlass java/util/zip/ZipUtils
instanceKlass java/util/TreeMap$PrivateEntryIterator
instanceKlass java/util/TimSort
instanceKlass java/util/Arrays$LegacyMergeSort
instanceKlass java/lang/invoke/LambdaForm$MH
instanceKlass java/lang/invoke/LambdaForm$MH
instanceKlass java/lang/invoke/InnerClassLambdaMetafactory$1
instanceKlass org/codehaus/plexus/classworlds/launcher/Configurator$$Lambda$2
instanceKlass java/lang/invoke/LambdaForm$DMH
instanceKlass java/lang/invoke/LambdaForm$MH
instanceKlass org/codehaus/plexus/classworlds/launcher/ConfigurationParser$$Lambda$1
instanceKlass java/lang/invoke/InfoFromMemberName
instanceKlass java/lang/invoke/MethodHandleInfo
instanceKlass sun/security/util/SecurityConstants
instanceKlass java/security/AccessController$1
instanceKlass java/lang/invoke/AbstractValidatingLambdaMetafactory
instanceKlass java/lang/invoke/LambdaForm$BMH
instanceKlass java/lang/invoke/LambdaForm$BMH
instanceKlass java/lang/invoke/LambdaForm$BMH
instanceKlass java/lang/invoke/LambdaForm$BMH
instanceKlass sun/reflect/UnsafeFieldAccessorFactory
instanceKlass jdk/internal/org/objectweb/asm/FieldVisitor
instanceKlass java/lang/invoke/BoundMethodHandle$Factory$1
instanceKlass java/lang/invoke/BoundMethodHandle$SpeciesData$1
instanceKlass java/lang/invoke/LambdaForm$BMH
instanceKlass java/lang/invoke/LambdaForm$MH
instanceKlass java/lang/invoke/LambdaForm$BMH
instanceKlass java/lang/invoke/LambdaForm$MH
instanceKlass java/lang/invoke/LambdaForm$DMH
instanceKlass java/lang/invoke/LambdaForm$DMH
instanceKlass java/lang/invoke/LambdaForm$BMH
instanceKlass java/lang/invoke/LambdaForm$BMH
instanceKlass java/lang/invoke/LambdaForm$MH
instanceKlass java/lang/invoke/LambdaFormBuffer
instanceKlass java/lang/invoke/LambdaFormEditor
instanceKlass java/lang/invoke/LambdaForm$BMH
instanceKlass java/lang/invoke/LambdaForm$DMH
instanceKlass java/lang/invoke/LambdaForm$DMH
instanceKlass java/lang/invoke/LambdaForm$DMH
instanceKlass java/lang/invoke/LambdaForm$DMH
instanceKlass java/lang/invoke/LambdaForm$MH
instanceKlass java/lang/invoke/LambdaForm$DMH
instanceKlass java/lang/invoke/LambdaForm$DMH
instanceKlass java/lang/invoke/LambdaForm$MH
instanceKlass java/lang/invoke/LambdaForm$DMH
instanceKlass java/lang/invoke/LambdaForm$DMH
instanceKlass java/lang/invoke/LambdaForm$MH
instanceKlass java/lang/invoke/LambdaForm$DMH
instanceKlass java/lang/invoke/LambdaForm$DMH
instanceKlass java/lang/invoke/LambdaForm$MH
instanceKlass java/lang/invoke/LambdaForm$DMH
instanceKlass java/lang/invoke/LambdaForm$DMH
instanceKlass java/lang/invoke/LambdaForm$MH
instanceKlass java/lang/invoke/LambdaForm$DMH
instanceKlass java/lang/invoke/LambdaForm$MH
instanceKlass java/lang/invoke/LambdaForm$DMH
instanceKlass java/lang/invoke/LambdaForm$DMH
instanceKlass java/lang/invoke/LambdaForm$MH
instanceKlass java/lang/invoke/LambdaForm$DMH
instanceKlass java/lang/invoke/LambdaForm$DMH
instanceKlass java/lang/invoke/LambdaForm$MH
instanceKlass java/lang/invoke/LambdaForm$DMH
instanceKlass java/lang/invoke/LambdaForm$MH
instanceKlass java/lang/invoke/LambdaForm$DMH
instanceKlass java/lang/invoke/LambdaForm$MH
instanceKlass java/lang/invoke/LambdaForm$DMH
instanceKlass java/lang/invoke/LambdaForm$DMH
instanceKlass java/lang/invoke/MethodHandleImpl$Lazy
instanceKlass java/lang/invoke/LambdaForm$BMH
instanceKlass java/lang/invoke/LambdaForm$MH
instanceKlass java/lang/invoke/LambdaForm$DMH
instanceKlass java/lang/invoke/LambdaForm$DMH
instanceKlass java/lang/invoke/LambdaForm$DMH
instanceKlass java/io/FilenameFilter
instanceKlass java/lang/invoke/LambdaForm$DMH
instanceKlass java/lang/invoke/LambdaForm$DMH
instanceKlass java/util/SubList$1
instanceKlass java/util/ListIterator
instanceKlass java/lang/invoke/LambdaForm$MH
instanceKlass java/lang/invoke/LambdaForm$MH
instanceKlass java/lang/invoke/LambdaForm$MH
instanceKlass java/lang/invoke/LambdaForm$MH
instanceKlass java/lang/invoke/LambdaForm$MH
instanceKlass java/lang/invoke/LambdaForm$MH
instanceKlass java/lang/invoke/LambdaForm$MH
instanceKlass java/lang/invoke/LambdaForm$MH
instanceKlass java/lang/invoke/LambdaForm$MH
instanceKlass java/lang/invoke/LambdaForm$MH
instanceKlass java/lang/invoke/LambdaForm$MH
instanceKlass java/lang/invoke/LambdaForm$MH
instanceKlass java/lang/invoke/LambdaForm$DMH
instanceKlass java/lang/invoke/LambdaForm$DMH
instanceKlass java/lang/invoke/LambdaForm$DMH
instanceKlass java/lang/invoke/LambdaForm$DMH
instanceKlass java/lang/invoke/LambdaForm$DMH
instanceKlass java/lang/invoke/LambdaForm$DMH
instanceKlass sun/invoke/empty/Empty
instanceKlass sun/invoke/util/VerifyType
instanceKlass java/lang/invoke/InvokerBytecodeGenerator$2
instanceKlass java/lang/invoke/InvokerBytecodeGenerator$CpPatch
instanceKlass jdk/internal/org/objectweb/asm/AnnotationVisitor
instanceKlass jdk/internal/org/objectweb/asm/Frame
instanceKlass jdk/internal/org/objectweb/asm/Label
instanceKlass jdk/internal/org/objectweb/asm/Type
instanceKlass jdk/internal/org/objectweb/asm/MethodVisitor
instanceKlass jdk/internal/org/objectweb/asm/Item
instanceKlass jdk/internal/org/objectweb/asm/ByteVector
instanceKlass jdk/internal/org/objectweb/asm/ClassVisitor
instanceKlass java/lang/invoke/InvokerBytecodeGenerator
instanceKlass java/util/Collections$UnmodifiableCollection$1
instanceKlass java/lang/invoke/DirectMethodHandle$Lazy
instanceKlass sun/invoke/util/BytecodeDescriptor
instanceKlass java/lang/invoke/BoundMethodHandle$Factory
instanceKlass java/lang/invoke/BoundMethodHandle$SpeciesData
instanceKlass java/lang/invoke/LambdaForm$NamedFunction
instanceKlass java/lang/invoke/LambdaForm$Name
instanceKlass sun/invoke/util/ValueConversions
instanceKlass sun/invoke/util/VerifyAccess
instanceKlass java/lang/Long$LongCache
instanceKlass java/lang/Character$CharacterCache
instanceKlass java/lang/Short$ShortCache
instanceKlass java/lang/Byte$ByteCache
instanceKlass sun/invoke/util/Wrapper$Format
instanceKlass java/lang/invoke/MethodHandles
instanceKlass java/lang/invoke/Invokers
instanceKlass java/lang/invoke/MethodTypeForm
instanceKlass java/lang/invoke/MethodType$ConcurrentWeakInternSet
instanceKlass java/lang/invoke/MethodHandles$Lookup
instanceKlass java/lang/invoke/LambdaMetafactory
instanceKlass java/util/ArrayList$Itr
instanceKlass org/codehaus/plexus/classworlds/strategy/AbstractStrategy
instanceKlass org/codehaus/plexus/classworlds/strategy/Strategy
instanceKlass org/codehaus/plexus/classworlds/strategy/StrategyFactory
instanceKlass java/util/NavigableMap
instanceKlass java/util/SortedMap
instanceKlass java/util/NavigableSet
instanceKlass java/util/SortedSet
instanceKlass sun/nio/ch/IOStatus
instanceKlass java/nio/DirectByteBuffer$Deallocator
instanceKlass sun/nio/ch/Util$BufferCache
instanceKlass sun/nio/ch/Util$2
instanceKlass sun/nio/ch/Util
instanceKlass sun/nio/ch/NativeThread
instanceKlass java/nio/channels/spi/AbstractInterruptibleChannel$1
instanceKlass sun/nio/ch/Interruptible
instanceKlass org/codehaus/plexus/classworlds/launcher/ConfigurationParser
instanceKlass org/codehaus/plexus/classworlds/launcher/Configurator
instanceKlass org/codehaus/plexus/classworlds/launcher/ConfigurationHandler
instanceKlass java/nio/channels/Channels
instanceKlass sun/nio/ch/FileDispatcherImpl$1
instanceKlass sun/nio/ch/NativeDispatcher
instanceKlass sun/nio/ch/NativeThreadSet
instanceKlass java/net/Inet6Address$Inet6AddressHolder
instanceKlass java/net/InetAddress$2
instanceKlass sun/net/spi/nameservice/NameService
instanceKlass java/net/Inet6AddressImpl
instanceKlass java/net/InetAddressImpl
instanceKlass java/net/InetAddressImplFactory
instanceKlass java/net/InetAddress$Cache
instanceKlass java/net/InetAddress$InetAddressHolder
instanceKlass java/net/InetAddress$1
instanceKlass sun/security/action/GetBooleanAction
instanceKlass java/net/InetAddress
instanceKlass sun/nio/ch/IOUtil$1
instanceKlass sun/nio/ch/IOUtil
instanceKlass java/nio/channels/spi/AbstractInterruptibleChannel
instanceKlass java/nio/channels/InterruptibleChannel
instanceKlass java/nio/channels/ScatteringByteChannel
instanceKlass java/nio/channels/GatheringByteChannel
instanceKlass java/nio/channels/SeekableByteChannel
instanceKlass java/nio/channels/ByteChannel
instanceKlass java/nio/channels/WritableByteChannel
instanceKlass java/nio/channels/ReadableByteChannel
instanceKlass java/nio/channels/Channel
instanceKlass sun/nio/fs/NativeBuffer$Deallocator
instanceKlass sun/nio/fs/NativeBuffer
instanceKlass sun/nio/fs/NativeBuffers
instanceKlass sun/nio/fs/WindowsNativeDispatcher$BackupResult
instanceKlass sun/nio/fs/WindowsNativeDispatcher$CompletionStatus
instanceKlass sun/nio/fs/WindowsNativeDispatcher$AclInformation
instanceKlass sun/nio/fs/WindowsNativeDispatcher$Account
instanceKlass sun/nio/fs/WindowsNativeDispatcher$DiskFreeSpace
instanceKlass sun/nio/fs/WindowsNativeDispatcher$VolumeInformation
instanceKlass sun/nio/fs/WindowsNativeDispatcher$FirstStream
instanceKlass sun/nio/fs/WindowsNativeDispatcher$FirstFile
instanceKlass sun/nio/fs/WindowsNativeDispatcher$1
instanceKlass sun/nio/fs/WindowsNativeDispatcher
instanceKlass java/util/HashMap$HashIterator
instanceKlass sun/nio/fs/WindowsChannelFactory$Flags
instanceKlass sun/nio/fs/WindowsChannelFactory$1
instanceKlass sun/nio/fs/WindowsChannelFactory
instanceKlass sun/nio/fs/WindowsSecurityDescriptor
instanceKlass java/nio/file/attribute/FileAttribute
instanceKlass java/nio/file/Files
instanceKlass java/nio/file/OpenOption
instanceKlass sun/nio/fs/AbstractPath
instanceKlass java/net/URI$Parser
instanceKlass java/net/URI
instanceKlass sun/nio/fs/Util
instanceKlass sun/nio/fs/WindowsPathParser$Result
instanceKlass sun/nio/fs/WindowsPathParser
instanceKlass java/util/AbstractList$Itr
instanceKlass java/nio/file/FileSystem
instanceKlass java/nio/file/spi/FileSystemProvider
instanceKlass sun/nio/fs/DefaultFileSystemProvider
instanceKlass java/nio/file/FileSystems$DefaultFileSystemHolder$1
instanceKlass java/nio/file/FileSystems$DefaultFileSystemHolder
instanceKlass java/nio/file/FileSystems
instanceKlass java/nio/file/Paths
instanceKlass java/lang/Void
instanceKlass org/codehaus/plexus/classworlds/ClassWorld
instanceKlass java/lang/Class$MethodArray
instanceKlass sun/launcher/LauncherHelper$FXHelper
instanceKlass org/codehaus/plexus/classworlds/launcher/Launcher
instanceKlass java/io/FilePermission$1
instanceKlass sun/net/www/MessageHeader
instanceKlass java/net/URLConnection
instanceKlass java/util/zip/CRC32
instanceKlass java/util/zip/Checksum
instanceKlass sun/nio/ByteBuffered
instanceKlass java/lang/Package
instanceKlass sun/misc/ASCIICaseInsensitiveComparator
instanceKlass java/util/jar/Attributes$Name
instanceKlass java/util/jar/Attributes
instanceKlass sun/misc/Resource
instanceKlass sun/misc/IOUtils
instanceKlass sun/security/action/GetIntegerAction
instanceKlass sun/security/util/SignatureFileVerifier
instanceKlass java/util/zip/ZStreamRef
instanceKlass java/util/zip/Inflater
instanceKlass java/util/zip/ZipEntry
instanceKlass sun/misc/ExtensionDependency
instanceKlass sun/misc/JarIndex
instanceKlass sun/nio/ch/DirectBuffer
instanceKlass sun/misc/PerfCounter$CoreCounters
instanceKlass sun/misc/Perf
instanceKlass sun/misc/Perf$GetPerfAction
instanceKlass sun/misc/PerfCounter
instanceKlass java/util/zip/ZipCoder
instanceKlass java/util/Deque
instanceKlass java/util/Queue
instanceKlass java/nio/charset/StandardCharsets
instanceKlass java/util/jar/JavaUtilJarAccessImpl
instanceKlass sun/misc/JavaUtilJarAccess
instanceKlass sun/misc/FileURLMapper
instanceKlass sun/misc/URLClassPath$JarLoader$1
instanceKlass sun/nio/cs/ThreadLocalCoders$Cache
instanceKlass sun/nio/cs/ThreadLocalCoders
instanceKlass java/util/zip/ZipFile$1
instanceKlass sun/misc/JavaUtilZipFileAccess
instanceKlass java/util/zip/ZipFile
instanceKlass java/util/zip/ZipConstants
instanceKlass sun/misc/URLClassPath$Loader
instanceKlass sun/misc/URLClassPath$3
instanceKlass sun/net/util/URLUtil
instanceKlass java/net/URLClassLoader$1
instanceKlass java/lang/StringCoding$StringDecoder
instanceKlass java/io/FileOutputStream$1
instanceKlass java/lang/StringCoding$StringEncoder
instanceKlass java/lang/ThreadLocal$ThreadLocalMap
instanceKlass java/lang/StringCoding
instanceKlass sun/usagetracker/UsageTrackerClient$3
instanceKlass sun/usagetracker/UsageTrackerClient$2
instanceKlass sun/usagetracker/UsageTrackerClient$4
instanceKlass sun/usagetracker/UsageTrackerClient$1
instanceKlass java/util/concurrent/atomic/AtomicBoolean
instanceKlass sun/usagetracker/UsageTrackerClient
instanceKlass sun/misc/PostVMInitHook$1
instanceKlass jdk/internal/util/EnvUtils
instanceKlass sun/misc/PostVMInitHook$2
instanceKlass java/security/PermissionCollection
instanceKlass sun/security/validator/Validator
instanceKlass java/security/MessageDigestSpi
instanceKlass java/security/cert/X509Extension
instanceKlass java/security/cert/CertificateFactory
instanceKlass javax/crypto/JarVerifier
instanceKlass sun/misc/PostVMInitHook
instanceKlass java/lang/invoke/MethodHandleStatics$1
instanceKlass java/lang/invoke/MethodHandleStatics
instanceKlass java/lang/invoke/MemberName$Factory
instanceKlass java/lang/ClassValue$Version
instanceKlass java/lang/ClassValue$Identity
instanceKlass java/lang/ClassValue
instanceKlass java/lang/invoke/MethodHandleImpl$3
instanceKlass java/lang/invoke/MethodHandleImpl$2
instanceKlass java/util/function/Function
instanceKlass java/lang/invoke/MethodHandleImpl$1
instanceKlass java/lang/invoke/MethodHandleImpl
instanceKlass java/lang/SystemClassLoaderAction
instanceKlass sun/misc/Launcher$AppClassLoader$1
instanceKlass sun/misc/URLClassPath
instanceKlass java/security/Principal
instanceKlass java/security/ProtectionDomain$Key
instanceKlass java/security/ProtectionDomain$2
instanceKlass sun/misc/JavaSecurityProtectionDomainAccess
instanceKlass java/security/ProtectionDomain$JavaSecurityAccessImpl
instanceKlass sun/misc/JavaSecurityAccess
instanceKlass sun/net/util/IPAddressUtil
instanceKlass java/net/URLStreamHandler
instanceKlass java/net/Parts
instanceKlass java/util/BitSet
instanceKlass sun/net/www/ParseUtil
instanceKlass java/io/FileInputStream$1
instanceKlass java/lang/CharacterData
instanceKlass sun/util/locale/LocaleUtils
instanceKlass java/util/Locale$LocaleKey
instanceKlass sun/util/locale/BaseLocale$Key
instanceKlass sun/util/locale/BaseLocale
instanceKlass java/util/concurrent/ConcurrentHashMap$CollectionView
instanceKlass java/util/concurrent/ConcurrentHashMap$CounterCell
instanceKlass java/util/concurrent/ConcurrentHashMap$Node
instanceKlass java/util/concurrent/locks/ReentrantLock
instanceKlass java/util/concurrent/locks/Lock
instanceKlass java/util/concurrent/ConcurrentMap
instanceKlass sun/util/locale/LocaleObjectCache
instanceKlass java/util/Locale
instanceKlass java/lang/reflect/Array
instanceKlass java/nio/charset/CoderResult$Cache
instanceKlass java/nio/charset/CoderResult
instanceKlass java/nio/charset/CharsetDecoder
instanceKlass sun/nio/cs/ArrayDecoder
instanceKlass java/io/Reader
instanceKlass java/lang/Readable
instanceKlass sun/misc/MetaIndex
instanceKlass java/util/StringTokenizer
instanceKlass sun/misc/Launcher$ExtClassLoader$1
instanceKlass java/net/URLClassLoader$7
instanceKlass sun/misc/JavaNetAccess
instanceKlass java/lang/ClassLoader$ParallelLoaders
instanceKlass sun/security/util/Debug
instanceKlass sun/misc/Launcher$Factory
instanceKlass java/net/URLStreamHandlerFactory
instanceKlass java/lang/Compiler$1
instanceKlass java/lang/Compiler
instanceKlass java/lang/System$2
instanceKlass sun/misc/JavaLangAccess
instanceKlass sun/io/Win32ErrorMode
instanceKlass sun/misc/OSEnvironment
instanceKlass java/lang/Integer$IntegerCache
instanceKlass sun/misc/NativeSignalHandler
instanceKlass sun/misc/Signal
instanceKlass java/lang/Terminator$1
instanceKlass sun/misc/SignalHandler
instanceKlass java/lang/Terminator
instanceKlass java/io/ExpiringCache$Entry
instanceKlass java/lang/ClassLoaderHelper
instanceKlass java/lang/ClassLoader$NativeLibrary
instanceKlass java/lang/ClassLoader$3
instanceKlass java/nio/file/Path
instanceKlass java/nio/file/Watchable
instanceKlass java/lang/Enum
instanceKlass java/io/ExpiringCache
instanceKlass java/io/FileSystem
instanceKlass java/io/DefaultFileSystem
instanceKlass sun/security/action/GetPropertyAction
instanceKlass java/nio/Bits$1
instanceKlass sun/misc/JavaNioAccess
instanceKlass java/nio/ByteOrder
instanceKlass java/nio/Bits
instanceKlass java/nio/charset/CodingErrorAction
instanceKlass java/nio/charset/CharsetEncoder
instanceKlass sun/nio/cs/ArrayEncoder
instanceKlass java/io/Writer
instanceKlass sun/reflect/ReflectionFactory$1
instanceKlass java/lang/Class$1
instanceKlass sun/nio/cs/SingleByte
instanceKlass sun/nio/cs/HistoricallyNamedCharset
instanceKlass java/lang/ThreadLocal
instanceKlass java/nio/charset/spi/CharsetProvider
instanceKlass java/nio/charset/Charset
instanceKlass java/util/Arrays
instanceKlass sun/reflect/misc/ReflectUtil
instanceKlass java/lang/reflect/ReflectAccess
instanceKlass sun/reflect/LangReflectAccess
instanceKlass java/lang/reflect/Modifier
instanceKlass sun/reflect/annotation/AnnotationType
instanceKlass java/lang/Class$AnnotationData
instanceKlass sun/reflect/generics/repository/AbstractRepository
instanceKlass java/lang/Class$Atomic
instanceKlass java/lang/Class$ReflectionData
instanceKlass java/lang/Class$3
instanceKlass java/util/concurrent/atomic/AtomicReferenceFieldUpdater$AtomicReferenceFieldUpdaterImpl$1
instanceKlass java/security/PrivilegedExceptionAction
instanceKlass java/util/concurrent/atomic/AtomicReferenceFieldUpdater
instanceKlass java/io/OutputStream
instanceKlass java/io/Flushable
instanceKlass java/io/FileDescriptor$1
instanceKlass sun/misc/JavaIOFileDescriptorAccess
instanceKlass java/io/FileDescriptor
instanceKlass sun/misc/Version
instanceKlass java/lang/Runtime
instanceKlass java/util/Hashtable$Enumerator
instanceKlass java/util/Iterator
instanceKlass java/util/Enumeration
instanceKlass java/util/Objects
instanceKlass java/util/Collections$SynchronizedCollection
instanceKlass java/lang/Math
instanceKlass java/util/Hashtable$Entry
instanceKlass sun/misc/VM
instanceKlass java/util/HashMap$Node
instanceKlass java/util/Map$Entry
instanceKlass sun/reflect/Reflection
instanceKlass sun/misc/SharedSecrets
instanceKlass java/lang/ref/Reference$1
instanceKlass sun/misc/JavaLangRefAccess
instanceKlass java/lang/ref/ReferenceQueue$Lock
instanceKlass java/util/Collections$UnmodifiableCollection
instanceKlass java/util/AbstractMap
instanceKlass java/util/Set
instanceKlass java/util/Collections
instanceKlass java/lang/ref/Reference$Lock
instanceKlass sun/reflect/ReflectionFactory
instanceKlass java/util/AbstractCollection
instanceKlass java/util/RandomAccess
instanceKlass java/util/List
instanceKlass java/util/Collection
instanceKlass java/lang/Iterable
instanceKlass java/security/cert/Certificate
instanceKlass sun/reflect/ReflectionFactory$GetReflectionFactoryAction
instanceKlass java/security/PrivilegedAction
instanceKlass java/security/AccessController
instanceKlass java/security/Permission
instanceKlass java/security/Guard
instanceKlass java/lang/String$CaseInsensitiveComparator
instanceKlass java/util/Comparator
instanceKlass java/io/ObjectStreamField
instanceKlass java/lang/Number
instanceKlass java/lang/Character
instanceKlass java/lang/Boolean
instanceKlass java/nio/Buffer
instanceKlass java/lang/StackTraceElement
instanceKlass java/security/CodeSource
instanceKlass sun/misc/Launcher
instanceKlass java/util/jar/Manifest
instanceKlass java/net/URL
instanceKlass java/io/File
instanceKlass java/io/InputStream
instanceKlass java/io/Closeable
instanceKlass java/lang/AutoCloseable
instanceKlass sun/misc/Unsafe
instanceKlass java/lang/AbstractStringBuilder
instanceKlass java/lang/Appendable
instanceKlass java/lang/invoke/CallSite
instanceKlass java/lang/invoke/MethodType
instanceKlass java/lang/invoke/LambdaForm
instanceKlass java/lang/invoke/MethodHandleNatives
instanceKlass java/lang/invoke/MemberName
instanceKlass java/lang/invoke/MethodHandle
instanceKlass sun/reflect/CallerSensitive
instanceKlass java/lang/annotation/Annotation
instanceKlass sun/reflect/FieldAccessor
instanceKlass sun/reflect/ConstantPool
instanceKlass sun/reflect/ConstructorAccessor
instanceKlass sun/reflect/MethodAccessor
instanceKlass sun/reflect/MagicAccessorImpl
instanceKlass java/lang/reflect/Parameter
instanceKlass java/lang/reflect/Member
instanceKlass java/lang/reflect/AccessibleObject
instanceKlass java/util/Dictionary
instanceKlass java/util/Map
instanceKlass java/lang/ThreadGroup
instanceKlass java/lang/Thread$UncaughtExceptionHandler
instanceKlass java/lang/Thread
instanceKlass java/lang/Runnable
instanceKlass java/lang/ref/ReferenceQueue
instanceKlass java/lang/ref/Reference
instanceKlass java/security/AccessControlContext
instanceKlass java/security/ProtectionDomain
instanceKlass java/lang/SecurityManager
instanceKlass java/lang/Throwable
instanceKlass java/lang/System
instanceKlass java/lang/ClassLoader
instanceKlass java/lang/Cloneable
instanceKlass java/lang/Class
instanceKlass java/lang/reflect/Type
instanceKlass java/lang/reflect/GenericDeclaration
instanceKlass java/lang/reflect/AnnotatedElement
instanceKlass java/lang/String
instanceKlass java/lang/CharSequence
instanceKlass java/lang/Comparable
instanceKlass java/io/Serializable
ciInstanceKlass java/lang/Object 1 1 78 3 8 8 8 1 1 1 1 1 1 1 1 1 1 1 1 1 1 1 1 1 1 1 1 1 1 1 1 1 1 1 1 1 1 1 1 1 1 1 1 1 1 1 1 1 7 7 100 7 7 7 7 7 1 1 1 12 12 12 12 12 12 12 12 12 12 10 10 10 10 10 10 10 10 10 10 1
ciInstanceKlass java/io/Serializable 1 0 7 1 1 1 100 100 1
ciInstanceKlass java/lang/String 1 1 542 3 3 3 3 8 8 8 8 8 8 8 8 8 8 1 1 1 1 1 1 1 1 1 1 1 1 1 1 1 1 1 1 1 1 1 1 1 1 1 1 1 1 1 1 1 1 1 1 1 1 1 1 1 1 1 1 1 1 1 1 1 1 1 1 1 1 1 1 1 1 1 1 1 1 1 1 1 1 1 1 1 1 1 1 1 1 1 1 1 1 1 1 1 1 1 1 1 1 1 1 1 1 1 1 1 1 1 1 1 1 1 1 1 1 1 1 1 1 1 1 1 1 1 1 1 1 1 1 1 1 1 1 1 1 1 1 1 1 1 1 1 1 1 1 1 1 1 1 1 1 1 1 1 1 1 1 1 1 1 1 1 1 1 1 1 1 1 1 1 1 1 1 1 1 1 1 1 1 1 1 1 1 1 1 1 1 1 1 1 1 1 1 1 1 1 1 1 1 1 1 1 1 1 1 1 1 1 1 1 1 1 1 1 5 0 100 100 100 100 7 7 100 7 100 7 7 100 100 7 7 100 100 7 7 100 7 100 7 7 100 7 100 100 7 100 7 100 100 7 7 7 7 7 7 7 7 7 7 7 1 1 1 1 1 1 1 1 1 1 1 1 1 1 1 1 1 1 1 1 1 1 1 1 1 1 1 1 1 1 1 1 1 1 1 1 1 1 1 1 1 1 1 1 1 1 1 1 1 1 1 1 1 1 1 1 1 1 1 1 1 12 12 12 12 12 12 12 12 12 12 12 12 12 12 12 12 12 12 12 12 12 12 12 12 12 12 12 12 12 12 12 12 12 12 12 12 12 12 12 12 12 12 12 12 12 12 12 12 12 12 12 12 12 12 12 12 12 12 12 12 12 12 12 12 12 12 12 12 12 12 12 12 12 12 12 12 12 12 12 12 12 12 12 12 12 12 12 12 12 12 12 12 12 12 12 12 12 12 12 12 12 12 9 9 9 9 10 10 10 10 10 10 10 10 10 10 10 10 10 10 10 10 10 10 10 10 10 10 10 10 10 10 10 10 10 10 10 10 10 10 10 10 10 10 10 10 10 10 10 10 10 10 10 10 10 10 10 10 10 10 10 10 10 10 10 10 10 10 10 10 10 10 10 10 10 10 10 10 10 10 10 10 10 10 10 10 10 10 10 10 10 10 10 10 10 10 10 10 10 10 10 10 10 10 10 10 10 10 10 10 10 11 11 11 11 11 11 11 11 1 1
staticfield java/lang/String serialPersistentFields [Ljava/io/ObjectStreamField; 0 [Ljava/io/ObjectStreamField;
staticfield java/lang/String CASE_INSENSITIVE_ORDER Ljava/util/Comparator; java/lang/String$CaseInsensitiveComparator
ciInstanceKlass java/lang/Class 1 1 1190 8 8 8 8 8 8 8 8 8 8 8 8 8 8 8 8 8 8 7 1 1 1 1 1 1 1 1 1 1 1 1 1 1 1 1 1 1 1 1 1 1 1 1 1 1 1 1 1 1 1 1 1 1 1 1 1 1 1 1 1 1 1 1 1 1 1 1 1 1 1 1 1 1 1 1 1 1 1 1 1 1 1 1 1 1 1 1 1 1 1 1 1 1 1 1 1 1 1 1 1 1 1 1 1 1 1 1 1 1 1 1 1 1 1 1 1 1 1 1 1 1 1 1 1 1 1 1 1 1 1 1 1 1 1 1 1 1 1 1 1 1 1 1 1 1 1 1 1 1 1 1 1 1 1 1 1 1 1 1 1 1 1 1 1 1 1 1 1 1 1 1 1 1 1 1 1 1 1 1 1 1 1 1 1 1 1 1 1 1 1 1 1 1 1 1 1 1 1 1 1 1 1 1 1 1 1 1 1 1 1 1 1 1 1 1 1 1 1 1 1 1 1 1 1 1 1 1 1 1 1 1 1 1 1 1 1 1 1 1 1 1 1 1 1 1 1 1 1 1 1 1 1 1 1 1 1 1 1 1 1 1 1 1 1 1 1 1 1 1 1 1 1 1 1 1 1 1 1 1 1 1 1 1 1 1 1 1 1 1 1 1 1 1 1 1 1 1 1 1 1 1 1 1 1 1 1 1 1 1 1 1 1 1 1 1 1 1 1 1 1 1 1 1 1 1 1 1 1 1 1 1 1 1 1 1 1 1 1 1 1 1 1 1 1 1 1 1 1 1 1 1 1 1 1 1 1 1 1 1 1 1 1 1 1 1 1 1 1 1 1 1 1 1 1 1 1 1 1 1 1 1 1 1 1 1 1 1 1 1 1 1 1 1 1 1 1 1 1 1 1 1 1 1 1 1 1 1 1 1 1 1 1 1 1 1 1 1 1 1 1 1 3 3 3 5 0 8 8 8 8 8 7 7 7 100 100 100 7 7 100 7 100 7 7 7 7 100 7 7 100 7 100 100 100 7 100 100 100 100 100 100 100 7 7 7 100 100 100 7 7 7 100 7 7 7 100 100 7 7 100 7 100 7 7 100 100 100 7 7 7 100 100 7 100 7 7 100 7 7 7 7 100 100 7 7 7 7 100 7 7 7 7 100 100 7 100 7 1 1 1 1 1 1 1 1 1 1 1 1 1 1 1 1 1 1 1 1 1 1 1 1 1 1 1 1 1 1 1 1 1 1 1 1 1 1 1 1 1 1 1 1 1 1 1 1 1 1 1 1 1 1 1 1 1 1 1 1 1 1 1 1 1 1 1 1 1 1 1 1 1 1 1 1 1 1 1 1 1 1 1 1 1 1 1 1 1 1 1 1 1 1 1 1 1 1 1 1 1 1 1 1 1 1 1 1 1 1 1 1 1 1 1 1 1 1 1 1 1 1 1 1 1 1 1 1 1 1 1 1 1 1 1 1 1 1 1 1 1 1 1 1 1 1 1 1 1 1 1 1 1 1 1 1 1 1 1 1 1 1 1 1 1 1 1 12 12 12 12 12 12 12 12 12 12 12 12 12 12 12 12 12 12 12 12 12 12 12 12 12 12 12 12 12 12 12 12 12 12 12 12 12 12 12 12 12 12 12 12 12 12 12 12 12 12 12 12 12 12 12 12 12 12 12 12 12 12 12 12 12 12 12 12 12 12 12 12 12 12 12 12 12 12 12 12 12 12 12 12 12 12 12 12 12 12 12 12 12 12 12 12 12 12 12 12 12 12 12 12 12 12 12 12 12 12 12 12 12 12 12 12 12 12 12 12 12 12 12 12 12 12 12 12 12 12 12 12 12 12 12 12 12 12 12 12 12 12 12 12 12 12 12 12 12 12 12 12 12 12 12 12 12 12 12 12 12 12 12 12 12 12 12 12 12 12 12 12 12 12 12 12 12 12 12 12 12 12 12 12 12 12 12 12 12 12 12 12 12 12 12 12 12 12 12 12 12 12 12 12 12 12 12 12 12 12 12 12 12 12 12 12 12 12 12 12 12 12 12 12 12 12 12 12 12 12 12 12 9 9 9 9 9 9 9 9 9 9 9 9 9 9 9 9 9 9 9 9 9 9 9 9 9 9 9 9 9 9 9 9 9 9 9 9 9 10 10 10 10 10 10 10 10 10 10 10 10 10 10 10 10 10 10 10 10 10 10 10 10 10 10 10 10 10 10 10 10 10 10 10 10 10 10 10 10 10 10 10 10 10 10 10 10 10 10 10 10 10 10 10 10 10 10 10 10 10 10 10 10 10 10 10 10 10 10 10 10 10 10 10 10 10 10 10 10 10 10 10 10 10 10 10 10 10 10 10 10 10 10 10 10 10 10 10 10 10 10 10 10 10 10 10 10 10 10 10 10 10 10 10 10 10 10 10 10 10 10 10 10 10 10 10 10 10 10 10 10 10 10 10 10 10 10 10 10 10 10 10 10 10 10 10 10 10 10 10 10 10 10 10 10 10 10 10 10 10 10 10 10 10 10 10 10 10 10 10 10 10 10 10 10 10 10 10 10 10 10 10 10 10 10 10 10 10 10 10 10 10 10 10 10 10 10 10 10 10 10 10 10 10 10 10 10 10 10 11 11 11 11 11 11 11 11 11 11 11 11 11 11 11 11 11 11 1 1 1 1 1 1 1 1
staticfield java/lang/Class serialPersistentFields [Ljava/io/ObjectStreamField; 0 [Ljava/io/ObjectStreamField;
ciInstanceKlass java/lang/Cloneable 1 0 7 1 1 1 100 100 1
instanceKlass com/sun/org/apache/xalan/internal/xsltc/trax/TemplatesImpl$TransletClassLoader
instanceKlass org/eclipse/sisu/space/CloningClassSpace$CloningClassLoader
instanceKlass java/util/ResourceBundle$RBClassLoader
instanceKlass sun/reflect/DelegatingClassLoader
instanceKlass java/security/SecureClassLoader
ciInstanceKlass java/lang/ClassLoader 1 1 832 8 8 8 8 8 8 8 8 8 8 8 8 8 8 8 8 8 8 7 1 1 1 1 1 1 1 1 1 1 1 1 1 1 1 1 1 1 1 1 1 1 1 1 1 1 1 1 1 1 1 1 1 1 1 1 1 1 1 1 1 1 1 1 1 1 1 1 1 1 1 1 1 1 1 1 1 1 1 1 1 1 1 1 1 1 1 1 1 1 1 1 1 1 1 1 1 1 1 1 1 1 1 1 1 1 1 1 1 1 1 1 1 1 1 1 1 1 1 1 1 1 1 1 1 1 1 1 1 1 1 1 1 1 1 1 1 1 1 1 1 1 1 1 1 1 1 1 1 1 1 1 1 1 1 1 1 1 1 1 1 1 1 1 1 1 1 1 1 1 1 1 1 1 1 1 1 1 1 1 1 1 1 1 1 1 1 1 1 1 1 1 1 1 1 1 1 1 1 1 1 1 1 1 1 1 1 1 1 1 1 1 1 1 1 1 1 1 1 1 1 1 1 1 1 1 1 1 1 1 1 1 1 1 1 1 1 1 1 1 1 1 1 1 1 1 1 1 1 1 1 1 1 1 1 1 1 1 1 1 1 1 1 1 1 1 1 1 1 1 1 1 1 1 1 1 1 1 1 1 1 1 1 1 1 1 1 1 1 1 1 1 1 1 1 1 100 100 100 7 7 7 100 100 100 100 7 100 100 7 7 7 7 100 7 100 100 100 100 7 7 100 100 7 100 7 7 100 100 100 100 7 100 100 7 7 100 7 7 100 100 7 7 7 7 7 7 7 7 7 7 7 7 7 7 100 100 1 1 1 1 1 1 1 1 1 1 1 1 1 1 1 1 1 1 1 1 1 1 1 1 1 1 1 1 1 1 1 1 1 1 1 1 1 1 1 1 1 1 1 1 1 1 1 1 1 1 1 1 1 1 1 1 1 1 1 1 1 1 1 1 1 1 1 1 1 1 1 1 1 1 1 1 1 1 1 1 1 1 1 1 1 1 1 1 1 1 1 1 1 1 1 1 1 1 1 1 1 1 1 1 1 1 1 1 1 1 1 1 12 12 12 12 12 12 12 12 12 12 12 12 12 12 12 12 12 12 12 12 12 12 12 12 12 12 12 12 12 12 12 12 12 12 12 12 12 12 12 12 12 12 12 12 12 12 12 12 12 12 12 12 12 12 12 12 12 12 12 12 12 12 12 12 12 12 12 12 12 12 12 12 12 12 12 12 12 12 12 12 12 12 12 12 12 12 12 12 12 12 12 12 12 12 12 12 12 12 12 12 12 12 12 12 12 12 12 12 12 12 12 12 12 12 12 12 12 12 12 12 12 12 12 12 12 12 12 12 12 12 12 12 12 12 12 12 12 12 12 12 12 12 12 12 12 12 12 12 12 12 12 12 12 12 12 12 12 12 12 12 12 12 12 12 12 12 12 12 9 9 9 9 9 9 9 9 9 9 9 9 9 9 9 9 9 9 9 9 9 9 9 9 9 9 9 9 10 10 10 10 10 10 10 10 10 10 10 10 10 10 10 10 10 10 10 10 10 10 10 10 10 10 10 10 10 10 10 10 10 10 10 10 10 10 10 10 10 10 10 10 10 10 10 10 10 10 10 10 10 10 10 10 10 10 10 10 10 10 10 10 10 10 10 10 10 10 10 10 10 10 10 10 10 10 10 10 10 10 10 10 10 10 10 10 10 10 10 10 10 10 10 10 10 10 10 10 10 10 10 10 10 10 10 10 10 10 10 10 10 10 10 10 10 10 10 10 10 10 10 10 10 10 10 10 10 10 10 10 10 10 10 10 10 10 10 10 10 10 10 10 10 10 10 10 10 10 10 10 10 10 10 10 10 10 10 10 11 11 11 11 11 1 1
staticfield java/lang/ClassLoader nocerts [Ljava/security/cert/Certificate; 0 [Ljava/security/cert/Certificate;
ciInstanceKlass java/lang/System 1 1 369 8 8 8 8 8 8 8 8 8 8 8 8 8 7 1 1 1 1 1 1 1 1 1 1 1 1 1 1 1 1 1 1 1 1 1 1 1 1 1 1 1 1 1 1 1 1 1 1 1 1 1 1 1 1 1 1 1 1 1 1 1 1 1 1 1 1 1 1 1 1 1 1 1 1 1 1 1 1 1 1 1 1 1 1 1 1 1 1 1 1 1 1 1 1 1 1 1 1 1 1 1 1 1 1 1 1 1 1 1 1 1 1 1 1 1 1 1 1 1 1 1 1 1 1 1 1 1 1 1 1 1 1 1 1 1 1 1 1 1 1 1 1 1 1 1 1 1 1 1 1 1 7 7 7 7 7 100 7 100 100 100 100 100 100 7 7 100 100 7 100 100 7 7 7 7 100 100 100 7 100 100 7 7 7 7 1 1 1 1 1 1 1 1 1 1 1 1 1 1 1 1 1 1 1 1 1 1 1 1 1 1 1 1 1 1 1 1 1 1 1 1 1 1 1 1 12 12 12 12 12 12 12 12 12 12 12 12 12 12 12 12 12 12 12 12 12 12 12 12 12 12 12 12 12 12 12 12 12 12 12 12 12 12 12 12 12 12 12 12 12 12 12 12 12 12 12 12 12 12 12 12 12 12 12 12 12 12 12 12 12 12 12 12 9 9 9 9 9 9 9 9 9 9 10 10 10 10 10 10 10 10 10 10 10 10 10 10 10 10 10 10 10 10 10 10 10 10 10 10 10 10 10 10 10 10 10 10 10 10 10 10 10 10 10 10 10 10 10 10 10 10 10 10 10 10 10 10 10 10 10 10 10 10 10 10 10 11 1
staticfield java/lang/System in Ljava/io/InputStream; java/io/BufferedInputStream
staticfield java/lang/System out Ljava/io/PrintStream; org/fusesource/jansi/AnsiPrintStream
staticfield java/lang/System err Ljava/io/PrintStream; org/fusesource/jansi/AnsiPrintStream
instanceKlass org/apache/maven/artifact/repository/metadata/RepositoryMetadataDeploymentException
instanceKlass org/apache/maven/artifact/repository/metadata/RepositoryMetadataInstallationException
instanceKlass java/lang/Exception
instanceKlass java/lang/Error
ciInstanceKlass java/lang/Throwable 1 1 353 8 8 8 8 8 8 8 8 8 8 8 8 8 8 8 8 8 8 8 7 1 1 1 1 1 1 1 1 1 1 1 1 1 1 1 1 1 1 1 1 1 1 1 1 1 1 1 1 1 1 1 1 1 1 1 1 1 1 1 1 1 1 1 1 1 1 1 1 1 1 1 1 1 1 1 1 1 1 1 1 1 1 1 1 1 1 1 1 1 1 1 1 1 1 1 1 1 1 1 1 1 1 1 1 1 1 1 1 1 1 1 1 1 1 1 1 1 1 1 1 1 1 1 1 1 1 1 1 1 1 1 1 1 1 1 1 1 1 1 1 1 1 1 1 1 1 1 1 1 1 1 1 1 1 1 1 1 1 5 0 7 100 100 100 100 100 100 100 7 100 100 100 100 100 100 7 100 7 100 100 100 100 100 100 100 100 100 7 7 100 100 100 100 100 1 1 1 1 1 1 1 1 1 1 1 1 1 1 1 1 1 1 1 1 1 1 1 1 1 1 1 1 1 1 1 12 12 12 12 12 12 12 12 12 12 12 12 12 12 12 12 12 12 12 12 12 12 12 12 12 12 12 12 12 12 12 12 12 12 12 12 12 12 12 12 12 12 12 12 12 12 12 12 12 12 12 12 12 12 12 12 12 9 9 9 9 9 9 9 9 9 9 9 9 10 10 10 10 10 10 10 10 10 10 10 10 10 10 10 10 10 10 10 10 10 10 10 10 10 10 10 10 10 10 10 10 10 10 10 10 10 10 10 10 10 10 10 10 10 11 11 11 11 11 11 11 11 1 1 1 1 1
staticfield java/lang/Throwable UNASSIGNED_STACK [Ljava/lang/StackTraceElement; 0 [Ljava/lang/StackTraceElement;
staticfield java/lang/Throwable SUPPRESSED_SENTINEL Ljava/util/List; java/util/Collections$UnmodifiableRandomAccessList
staticfield java/lang/Throwable EMPTY_THROWABLE_ARRAY [Ljava/lang/Throwable; 0 [Ljava/lang/Throwable;
staticfield java/lang/Throwable $assertionsDisabled Z 1
instanceKlass com/sun/tools/javac/tree/Pretty$UncheckedIOException
instanceKlass java/util/ServiceConfigurationError
instanceKlass com/sun/tools/javac/processing/ServiceProxy$ServiceConfigurationError
instanceKlass com/sun/tools/javac/tree/TreeInfo$1Result
instanceKlass com/sun/tools/javac/util/Abort
instanceKlass com/sun/tools/javac/processing/AnnotationProcessingError
instanceKlass com/sun/tools/javac/util/FatalError
instanceKlass com/sun/tools/javac/file/BaseFileObject$CannotCreateUriError
instanceKlass com/google/common/util/concurrent/ExecutionError
instanceKlass java/lang/AssertionError
instanceKlass java/io/IOError
instanceKlass org/apache/maven/BuildAbort
instanceKlass java/lang/VirtualMachineError
instanceKlass java/lang/LinkageError
instanceKlass java/lang/ThreadDeath
ciInstanceKlass java/lang/Error 1 1 30 1 1 1 1 1 1 1 1 1 1 1 1 5 0 100 7 1 1 12 12 12 12 12 10 10 10 10 10 1
ciInstanceKlass java/lang/ThreadDeath 0 0 18 1 1 1 1 1 1 1 1 1 1 5 0 100 100 12 10 1
instanceKlass java/util/zip/DataFormatException
instanceKlass com/sun/tools/javac/jvm/JNIWriter$TypeSignature$SignatureException
instanceKlass com/sun/tools/javac/jvm/ClassWriter$StringOverflow
instanceKlass com/sun/tools/javac/jvm/ClassWriter$PoolOverflow
instanceKlass com/sun/tools/doclint/DocLint$BadArgs
instanceKlass org/codehaus/plexus/util/cli/CommandLineException
instanceKlass org/codehaus/plexus/compiler/manager/NoSuchCompilerException
instanceKlass org/codehaus/plexus/compiler/CompilerException
instanceKlass org/codehaus/plexus/compiler/util/scan/InclusionScanException
instanceKlass org/apache/maven/shared/filtering/MavenFilteringException
instanceKlass org/apache/rat/analysis/RatHeaderAnalysisException
instanceKlass org/apache/rat/document/RatDocumentAnalysisException
instanceKlass com/sun/org/apache/bcel/internal/generic/TargetLostException
instanceKlass org/apache/commons/cli/ParseException
instanceKlass org/codehaus/plexus/components/interactivity/PrompterException
instanceKlass org/codehaus/plexus/archiver/jar/ManifestException
instanceKlass org/apache/maven/doxia/parser/manager/ParserNotFoundException
instanceKlass org/codehaus/plexus/archiver/ArchiveFilterException
instanceKlass org/codehaus/plexus/util/cli/CommandLineException
instanceKlass org/codehaus/plexus/archiver/ArchiverException
instanceKlass org/codehaus/plexus/archiver/manager/NoSuchArchiverException
instanceKlass org/apache/maven/doxia/module/site/manager/SiteModuleNotFoundException
instanceKlass org/apache/maven/doxia/parser/ParseException
instanceKlass org/apache/maven/doxia/macro/manager/MacroNotFoundException
instanceKlass org/apache/maven/doxia/macro/MacroExecutionException
instanceKlass org/apache/maven/doxia/siterenderer/RendererException
instanceKlass org/apache/rat/api/RatException
instanceKlass org/apache/maven/artifact/DependencyResolutionRequiredException
instanceKlass org/codehaus/plexus/util/introspection/MethodMap$AmbiguousException
instanceKlass org/apache/maven/doxia/siterenderer/RendererException
instanceKlass org/apache/maven/doxia/parser/manager/ParserNotFoundException
instanceKlass org/sonatype/plexus/components/cipher/PlexusCipherException
instanceKlass org/sonatype/plexus/components/sec/dispatcher/SecDispatcherException
instanceKlass org/apache/maven/doxia/module/site/manager/SiteModuleNotFoundException
instanceKlass org/codehaus/plexus/components/interactivity/PrompterException
instanceKlass org/apache/maven/doxia/parser/ParseException
instanceKlass org/apache/maven/doxia/macro/manager/MacroNotFoundException
instanceKlass org/apache/maven/doxia/macro/MacroExecutionException
instanceKlass org/codehaus/plexus/archiver/jar/ManifestException
instanceKlass org/codehaus/plexus/archiver/ArchiveFilterException
instanceKlass org/codehaus/plexus/archiver/manager/NoSuchArchiverException
instanceKlass org/apache/maven/reporting/MavenReportException
instanceKlass javax/xml/parsers/ParserConfigurationException
instanceKlass org/xml/sax/SAXException
instanceKlass javax/xml/transform/TransformerException
instanceKlass org/apache/maven/shared/dependency/tree/DependencyTreeBuilderException
instanceKlass org/apache/maven/shared/dependency/graph/DependencyGraphBuilderException
instanceKlass java/net/URISyntaxException
instanceKlass org/codehaus/plexus/interpolation/reflection/MethodMap$AmbiguousException
instanceKlass org/apache/maven/model/resolution/UnresolvableModelException
instanceKlass org/apache/maven/model/resolution/InvalidRepositoryException
instanceKlass org/apache/maven/cli/internal/ExtensionResolutionException
instanceKlass org/apache/maven/toolchain/building/ToolchainsBuildingException
instanceKlass org/apache/maven/execution/MavenExecutionRequestPopulationException
instanceKlass org/sonatype/plexus/components/sec/dispatcher/SecDispatcherException
instanceKlass org/sonatype/plexus/components/cipher/PlexusCipherException
instanceKlass org/apache/maven/artifact/repository/metadata/RepositoryMetadataReadException
instanceKlass org/apache/maven/artifact/repository/metadata/RepositoryMetadataStoreException
instanceKlass org/apache/maven/repository/ArtifactDoesNotExistException
instanceKlass org/apache/maven/repository/ArtifactTransferFailedException
instanceKlass org/apache/maven/project/interpolation/ModelInterpolationException
instanceKlass org/apache/maven/model/building/ModelBuildingException
instanceKlass org/codehaus/plexus/personality/plexus/lifecycle/phase/InitializationException
instanceKlass org/apache/maven/repository/metadata/MetadataResolutionException
instanceKlass org/apache/maven/artifact/installer/ArtifactInstallationException
instanceKlass org/apache/maven/repository/metadata/MetadataGraphTransformationException
instanceKlass org/apache/maven/repository/metadata/GraphConflictResolutionException
instanceKlass org/codehaus/plexus/component/configurator/expression/ExpressionEvaluationException
instanceKlass org/codehaus/plexus/component/composition/CycleDetectedInComponentGraphException
instanceKlass org/codehaus/plexus/configuration/PlexusConfigurationException
instanceKlass org/apache/maven/repository/legacy/resolver/conflict/ConflictResolverNotFoundException
instanceKlass org/apache/maven/settings/building/SettingsBuildingException
instanceKlass org/apache/maven/project/DependencyResolutionException
instanceKlass org/codehaus/plexus/component/repository/exception/ComponentLifecycleException
instanceKlass org/apache/http/HttpException
instanceKlass org/apache/maven/configuration/BeanConfigurationException
instanceKlass org/codehaus/plexus/component/configurator/ComponentConfigurationException
instanceKlass org/apache/maven/wagon/WagonException
instanceKlass org/apache/maven/plugin/version/PluginVersionNotFoundException
instanceKlass org/apache/maven/plugin/InvalidPluginException
instanceKlass org/apache/maven/plugin/PluginConfigurationException
instanceKlass org/apache/maven/plugin/PluginManagerException
instanceKlass org/apache/maven/lifecycle/LifecycleExecutionException
instanceKlass org/apache/maven/artifact/InvalidRepositoryException
instanceKlass org/apache/maven/artifact/versioning/InvalidVersionSpecificationException
instanceKlass org/apache/maven/artifact/repository/metadata/RepositoryMetadataResolutionException
instanceKlass org/apache/maven/repository/legacy/metadata/ArtifactMetadataRetrievalException
instanceKlass org/apache/maven/artifact/deployer/ArtifactDeploymentException
instanceKlass org/eclipse/aether/RepositoryException
instanceKlass org/apache/maven/BuildFailureException
instanceKlass org/codehaus/plexus/util/dag/CycleDetectedException
instanceKlass org/apache/maven/MavenExecutionException
instanceKlass org/apache/maven/project/DuplicateProjectException
instanceKlass org/apache/maven/project/ProjectBuildingException
instanceKlass org/apache/maven/toolchain/MisconfiguredToolchainException
instanceKlass org/apache/maven/lifecycle/internal/builder/BuilderNotFoundException
instanceKlass org/apache/maven/lifecycle/NoGoalSpecifiedException
instanceKlass org/apache/maven/lifecycle/MissingProjectException
instanceKlass org/apache/maven/lifecycle/LifecycleNotFoundException
instanceKlass org/apache/maven/lifecycle/LifecyclePhaseNotFoundException
instanceKlass org/apache/maven/plugin/version/PluginVersionResolutionException
instanceKlass org/apache/maven/plugin/InvalidPluginDescriptorException
instanceKlass org/apache/maven/plugin/prefix/NoPluginFoundForPrefixException
instanceKlass org/apache/maven/plugin/MojoNotFoundException
instanceKlass org/apache/maven/plugin/PluginDescriptorParsingException
instanceKlass org/apache/maven/plugin/PluginResolutionException
instanceKlass org/apache/maven/artifact/resolver/AbstractArtifactResolutionException
instanceKlass org/apache/maven/plugin/AbstractMojoExecutionException
instanceKlass java/util/concurrent/TimeoutException
instanceKlass com/google/common/collect/RegularImmutableMap$BucketOverflowException
instanceKlass java/util/concurrent/ExecutionException
instanceKlass com/google/inject/internal/ErrorsException
instanceKlass com/google/inject/internal/InternalProvisionException
instanceKlass org/codehaus/plexus/context/ContextException
instanceKlass java/text/ParseException
instanceKlass org/codehaus/plexus/component/repository/exception/ComponentLookupException
instanceKlass org/codehaus/plexus/PlexusContainerException
instanceKlass org/codehaus/plexus/util/xml/pull/XmlPullParserException
instanceKlass java/lang/CloneNotSupportedException
instanceKlass sun/nio/fs/WindowsException
instanceKlass java/security/PrivilegedActionException
instanceKlass org/apache/commons/cli/ParseException
instanceKlass org/apache/maven/cli/MavenCli$ExitException
instanceKlass org/codehaus/plexus/interpolation/InterpolationException
instanceKlass org/codehaus/plexus/classworlds/launcher/ConfigurationException
instanceKlass org/codehaus/plexus/classworlds/ClassWorldException
instanceKlass java/io/IOException
instanceKlass java/security/GeneralSecurityException
instanceKlass java/lang/InterruptedException
instanceKlass java/lang/ReflectiveOperationException
instanceKlass java/lang/RuntimeException
ciInstanceKlass java/lang/Exception 1 1 30 1 1 1 1 1 1 1 1 1 1 1 1 5 0 100 7 1 1 12 12 12 12 12 10 10 10 10 10 1
instanceKlass com/sun/tools/javac/jvm/Gen$CodeSizeOverflow
instanceKlass com/sun/tools/javac/comp/Infer$GraphStrategy$NodeNotFoundException
instanceKlass com/sun/tools/javac/comp/Attr$BreakAttr
instanceKlass com/sun/tools/javac/comp/Resolve$InapplicableMethodException
instanceKlass com/sun/tools/javac/code/Types$FunctionDescriptorLookupError
instanceKlass com/sun/tools/javac/code/Types$AdaptFailure
instanceKlass com/sun/tools/javac/code/Symbol$CompletionFailure
instanceKlass com/sun/tools/javac/util/PropagatedException
instanceKlass com/sun/tools/javac/util/ClientCodeException
instanceKlass java/util/EmptyStackException
instanceKlass org/apache/rat/ReportFailedRuntimeException
instanceKlass org/apache/maven/project/DuplicateArtifactAttachmentException
instanceKlass java/time/DateTimeException
instanceKlass java/util/MissingResourceException
instanceKlass org/codehaus/plexus/archiver/ArchiverException
instanceKlass org/eclipse/aether/named/support/LockUpgradeNotSupportedException
instanceKlass java/util/ConcurrentModificationException
instanceKlass com/google/inject/internal/aop/GlueException
instanceKlass java/io/UncheckedIOException
instanceKlass org/apache/maven/artifact/InvalidArtifactRTException
instanceKlass com/google/inject/OutOfScopeException
instanceKlass java/lang/annotation/IncompleteAnnotationException
instanceKlass java/lang/reflect/UndeclaredThrowableException
instanceKlass com/google/common/util/concurrent/UncheckedExecutionException
instanceKlass com/google/common/cache/CacheLoader$InvalidCacheLoadException
instanceKlass java/util/NoSuchElementException
instanceKlass com/google/inject/CreationException
instanceKlass com/google/inject/ConfigurationException
instanceKlass com/google/inject/ProvisionException
instanceKlass java/lang/TypeNotPresentException
instanceKlass java/lang/IndexOutOfBoundsException
instanceKlass java/lang/UnsupportedOperationException
instanceKlass java/lang/SecurityException
instanceKlass java/lang/IllegalStateException
instanceKlass java/lang/invoke/WrongMethodTypeException
instanceKlass java/lang/IllegalArgumentException
instanceKlass java/lang/ArithmeticException
instanceKlass java/lang/NullPointerException
instanceKlass java/lang/IllegalMonitorStateException
instanceKlass java/lang/ArrayStoreException
instanceKlass java/lang/ClassCastException
ciInstanceKlass java/lang/RuntimeException 1 1 30 1 1 1 1 1 1 1 1 1 1 1 1 5 0 7 100 1 1 12 12 12 12 12 10 10 10 10 10 1
ciInstanceKlass java/lang/SecurityManager 0 0 375 8 8 8 8 8 8 8 8 8 8 8 8 8 8 8 8 8 8 8 8 8 8 8 8 8 8 8 8 8 8 8 8 8 8 8 8 100 1 1 1 1 1 1 1 1 1 1 1 1 1 1 1 1 1 1 1 1 1 1 1 1 1 1 1 1 1 1 1 1 1 1 1 1 1 1 1 1 1 1 1 1 1 1 1 1 1 1 1 1 1 1 1 1 1 1 1 1 1 1 1 1 1 1 1 1 1 1 1 1 1 1 1 1 1 1 1 1 1 1 1 1 1 1 1 1 1 1 1 1 1 1 1 1 1 1 1 1 1 1 1 1 1 1 1 1 1 1 1 1 1 1 1 1 1 1 1 1 1 1 1 1 1 1 1 1 1 1 1 1 1 1 1 1 1 1 1 1 1 1 1 1 1 1 1 1 1 1 1 1 1 1 1 1 1 1 1 1 1 1 1 1 100 100 100 100 100 100 100 100 100 100 100 100 100 100 100 100 100 100 100 100 100 100 100 100 100 100 100 100 1 1 1 1 1 1 1 1 1 1 1 1 1 1 1 1 1 1 1 1 1 1 1 1 1 1 1 1 1 1 1 12 12 12 12 12 12 12 12 12 12 12 12 12 12 12 12 12 12 12 12 12 12 12 12 12 12 12 12 12 12 12 12 12 12 12 12 12 12 12 12 12 12 12 12 12 12 12 12 12 12 12 9 9 9 9 9 9 9 9 9 9 9 9 9 9 9 9 9 10 10 10 10 10 10 10 10 10 10 10 10 10 10 10 10 10 10 10 10 10 10 10 10 10 10 10 10 10 10 10 10 10 10 10 10 10 10 10 10 10 10 10 10 10 1
ciInstanceKlass java/security/ProtectionDomain 1 1 272 8 8 8 8 8 8 8 8 8 8 1 1 1 1 1 1 1 1 1 1 1 1 1 1 1 1 1 1 1 1 1 1 1 1 1 1 1 1 1 1 1 1 1 1 1 1 1 1 1 1 1 1 1 1 1 1 1 1 1 1 1 1 1 1 1 1 1 1 1 1 1 1 1 1 1 1 1 1 1 1 1 1 1 1 1 1 1 1 1 1 1 1 1 1 1 1 1 1 1 1 1 1 1 1 1 1 1 1 1 100 100 100 7 100 100 100 100 100 100 100 100 100 7 7 100 7 7 100 7 7 7 100 100 100 7 7 100 1 1 1 1 1 1 1 1 1 1 1 1 1 1 1 1 1 1 1 1 1 1 1 1 1 1 1 1 1 12 12 12 12 12 12 12 12 12 12 12 12 12 12 12 12 12 12 12 12 12 12 12 12 12 12 12 12 12 12 12 12 12 12 12 12 12 12 12 12 12 12 12 12 12 12 12 12 9 9 9 9 9 9 9 9 9 9 9 10 10 10 10 10 10 10 10 10 10 10 10 10 10 10 10 10 10 10 10 10 10 10 10 10 10 10 10 10 10 10 10 10 10 10 10 10 11 11 11 11 11 11 11 1 1
staticfield java/security/ProtectionDomain debug Lsun/security/util/Debug; null
ciInstanceKlass java/security/AccessControlContext 1 1 305 8 8 8 8 8 8 8 8 8 8 8 8 8 7 1 1 1 1 1 1 1 1 1 1 1 1 1 1 1 1 1 1 1 1 1 1 1 1 1 1 1 1 1 1 1 1 1 1 1 1 1 1 1 1 1 1 1 1 1 1 1 1 1 1 1 1 1 1 1 1 1 1 1 1 1 1 1 1 1 1 1 1 1 1 1 1 1 1 1 1 1 1 1 1 1 1 1 1 1 1 1 1 1 1 1 1 1 1 1 1 1 1 1 1 1 1 1 1 1 1 1 1 1 100 100 100 100 7 100 100 7 100 100 7 100 100 7 100 100 7 100 7 100 100 100 100 1 1 1 1 1 1 1 1 1 1 1 1 1 1 1 1 1 1 1 1 1 1 1 1 1 1 1 1 1 1 1 1 1 1 12 12 12 12 12 12 12 12 12 12 12 12 12 12 12 12 12 12 12 12 12 12 12 12 12 12 12 12 12 12 12 12 12 12 12 12 12 12 12 12 12 12 12 12 12 12 12 12 12 12 12 12 12 12 12 12 12 12 9 9 9 9 9 9 9 9 9 9 9 9 9 9 10 10 10 10 10 10 10 10 10 10 10 10 10 10 10 10 10 10 10 10 10 10 10 10 10 10 10 10 10 10 10 10 10 10 10 10 10 10 10 10 10 10 10 10 10 11 11 11 11 11 11 1
instanceKlass java/net/URLClassLoader
ciInstanceKlass java/security/SecureClassLoader 1 1 130 8 8 8 8 1 1 1 1 1 1 1 1 1 1 1 1 1 1 1 1 1 1 1 1 1 1 1 1 1 1 1 1 1 1 1 1 1 1 1 1 1 1 1 1 1 1 1 1 1 1 7 100 100 100 100 7 100 7 7 7 7 7 1 1 1 1 1 1 1 1 1 1 1 1 1 1 1 1 1 1 12 12 12 12 12 12 12 12 12 12 12 12 12 12 12 12 12 12 12 12 12 12 12 9 9 9 10 10 10 10 10 10 10 10 10 10 10 10 10 10 10 10 10 10 10 10 10 10 1
staticfield java/security/SecureClassLoader debug Lsun/security/util/Debug; null
instanceKlass java/lang/NoSuchFieldException
instanceKlass java/lang/InstantiationException
instanceKlass java/lang/IllegalAccessException
instanceKlass java/lang/reflect/InvocationTargetException
instanceKlass java/lang/NoSuchMethodException
instanceKlass java/lang/ClassNotFoundException
ciInstanceKlass java/lang/ReflectiveOperationException 1 1 27 1 1 1 1 1 1 1 1 1 1 1 1 5 0 7 100 1 12 12 12 12 10 10 10 10 1
ciInstanceKlass java/lang/ClassNotFoundException 1 1 32 1 1 1 1 1 1 1 1 1 1 1 1 1 1 1 1 5 0 100 7 100 1 1 1 12 12 12 9 10 10 1
instanceKlass java/lang/ClassFormatError
instanceKlass java/lang/ExceptionInInitializerError
instanceKlass java/lang/UnsatisfiedLinkError
instanceKlass java/lang/IncompatibleClassChangeError
instanceKlass java/lang/BootstrapMethodError
instanceKlass java/lang/NoClassDefFoundError
ciInstanceKlass java/lang/LinkageError 1 1 24 1 1 1 1 1 1 1 1 1 1 1 5 0 7 100 1 12 12 12 10 10 10 1
ciInstanceKlass java/lang/NoClassDefFoundError 1 1 21 1 1 1 1 1 1 1 1 1 1 1 5 0 7 100 12 12 10 10 1
ciInstanceKlass java/lang/ClassCastException 1 1 21 1 1 1 1 1 1 1 1 1 1 1 5 0 100 100 12 12 10 10 1
ciInstanceKlass java/lang/ArrayStoreException 1 1 21 1 1 1 1 1 1 1 1 1 1 1 5 0 100 100 12 12 10 10 1
instanceKlass java/lang/InternalError
instanceKlass java/lang/StackOverflowError
instanceKlass java/lang/OutOfMemoryError
ciInstanceKlass java/lang/VirtualMachineError 1 1 27 1 1 1 1 1 1 1 1 1 1 1 1 5 0 100 100 1 12 12 12 12 10 10 10 10 1
ciInstanceKlass java/lang/OutOfMemoryError 1 1 21 1 1 1 1 1 1 1 1 1 1 1 5 0 100 100 12 12 10 10 1
ciInstanceKlass java/lang/StackOverflowError 1 1 21 1 1 1 1 1 1 1 1 1 1 1 5 0 100 100 12 12 10 10 1
ciInstanceKlass java/lang/IllegalMonitorStateException 1 1 21 1 1 1 1 1 1 1 1 1 1 1 5 0 100 100 12 12 10 10 1
instanceKlass java/lang/ref/PhantomReference
instanceKlass java/lang/ref/FinalReference
instanceKlass java/lang/ref/WeakReference
instanceKlass java/lang/ref/SoftReference
ciInstanceKlass java/lang/ref/Reference 1 1 139 8 1 1 1 1 1 1 1 1 1 1 1 1 1 1 1 1 1 1 1 1 1 1 1 1 1 1 1 1 1 1 1 1 1 1 1 1 1 1 1 1 1 1 1 1 1 1 1 1 1 1 1 1 1 1 1 1 1 1 100 100 7 100 7 7 100 7 7 7 7 7 7 7 1 1 1 1 1 1 1 1 1 1 1 1 1 1 1 1 12 12 12 12 12 12 12 12 12 12 12 12 12 12 12 12 12 12 12 12 12 12 9 9 9 9 9 9 9 10 10 10 10 10 10 10 10 10 10 10 10 10 10 10 10 10 1 1 1
instanceKlass org/eclipse/sisu/inject/MildElements$Soft
instanceKlass sun/util/locale/provider/LocaleResources$ResourceReference
instanceKlass java/util/ResourceBundle$BundleReference
instanceKlass org/eclipse/sisu/inject/MildKeys$Soft
instanceKlass java/lang/invoke/LambdaFormEditor$Transform
instanceKlass sun/util/locale/LocaleObjectCache$CacheEntry
ciInstanceKlass java/lang/ref/SoftReference 1 1 35 1 1 1 1 1 1 1 1 1 1 1 1 1 1 1 1 100 7 7 1 1 1 1 12 12 12 12 12 9 9 10 10 10 1
instanceKlass com/sun/tools/javac/util/UnsharedNameTable$HashEntry
instanceKlass sun/nio/ch/SharedFileLockTable$FileLockReference
instanceKlass org/eclipse/sisu/inject/MildElements$Weak
instanceKlass com/google/common/collect/MapMakerInternalMap$AbstractWeakKeyEntry
instanceKlass com/google/common/cache/LocalCache$WeakEntry
instanceKlass java/lang/reflect/WeakCache$CacheValue
instanceKlass java/lang/reflect/Proxy$Key1
instanceKlass java/lang/reflect/WeakCache$CacheKey
instanceKlass java/util/logging/LogManager$LoggerWeakRef
instanceKlass java/util/ResourceBundle$LoaderReference
instanceKlass org/eclipse/sisu/inject/MildKeys$Weak
instanceKlass java/lang/invoke/MethodType$ConcurrentWeakInternSet$WeakEntry
instanceKlass java/lang/ThreadLocal$ThreadLocalMap$Entry
instanceKlass java/lang/ClassValue$Entry
instanceKlass java/util/WeakHashMap$Entry
ciInstanceKlass java/lang/ref/WeakReference 1 1 20 1 1 1 1 1 1 1 1 7 100 1 1 1 1 12 12 10 10 1
instanceKlass java/lang/ref/Finalizer
ciInstanceKlass java/lang/ref/FinalReference 1 1 25 8 1 1 1 1 1 1 1 1 1 1 1 1 100 100 7 1 1 1 12 12 10 10 1
instanceKlass sun/misc/Cleaner
ciInstanceKlass java/lang/ref/PhantomReference 1 1 19 1 1 1 1 1 1 1 1 1 1 100 7 1 1 1 12 10 1
ciInstanceKlass java/lang/ref/Finalizer 1 1 140 1 1 1 1 1 1 1 1 1 1 1 1 1 1 1 1 1 1 1 1 1 1 1 1 1 1 1 1 1 1 1 1 1 1 1 1 1 1 1 1 1 1 1 1 1 1 1 1 1 1 1 1 1 1 7 7 7 7 100 7 7 100 100 7 7 100 7 100 1 1 1 1 1 1 1 1 1 1 1 1 1 1 1 12 12 12 12 12 12 12 12 12 12 12 12 12 12 12 12 12 12 12 12 12 12 12 12 12 12 9 9 9 9 9 10 10 10 10 10 10 10 10 10 10 10 10 10 10 10 10 10 10 10 10 10 10 11 1 1
staticfield java/lang/ref/Finalizer lock Ljava/lang/Object; java/lang/Object
instanceKlass java/lang/ref/ReferenceQueue$Null
ciInstanceKlass java/lang/ref/ReferenceQueue 1 1 130 8 7 1 1 1 1 1 1 1 1 1 1 1 1 1 1 1 1 1 1 1 1 1 1 1 1 1 1 1 1 1 1 1 1 1 1 1 1 1 1 1 1 1 1 1 1 1 1 1 1 1 1 1 1 1 5 0 100 7 100 100 7 100 100 7 7 100 7 7 100 7 1 1 1 1 1 1 1 1 1 1 1 1 1 1 1 1 12 12 12 12 12 12 12 12 12 12 12 12 12 12 12 12 12 12 12 9 9 9 9 9 9 9 9 10 10 10 10 10 10 10 10 10 10 10 10 11 1 1
staticfield java/lang/ref/ReferenceQueue $assertionsDisabled Z 1
instanceKlass org/apache/maven/shared/utils/logging/MessageUtils$1
instanceKlass java/util/logging/LogManager$Cleaner
instanceKlass org/apache/maven/shared/utils/logging/MessageUtils$1
instanceKlass java/lang/ref/Finalizer$FinalizerThread
instanceKlass java/lang/ref/Reference$ReferenceHandler
ciInstanceKlass java/lang/Thread 1 1 550 3 3 8 8 8 8 8 8 8 8 8 8 8 8 7 1 1 1 1 1 1 1 1 1 1 1 1 1 1 1 1 1 1 1 1 1 1 1 1 1 1 1 1 1 1 1 1 1 1 1 1 1 1 1 1 1 1 1 1 1 1 1 1 1 1 1 1 1 1 1 1 1 1 1 1 1 1 1 1 1 1 1 1 1 1 1 1 1 1 1 1 1 1 1 1 1 1 1 1 1 1 1 1 1 1 1 1 1 1 1 1 1 1 1 1 1 1 1 1 1 1 1 1 1 1 1 1 1 1 1 1 1 1 1 1 1 1 1 1 1 1 1 1 1 1 1 1 1 1 1 1 1 1 1 1 1 1 1 1 1 1 1 1 1 1 1 1 1 1 1 1 1 1 1 1 1 1 1 1 1 1 1 1 1 1 1 1 1 1 1 1 1 1 1 1 1 1 1 1 1 1 1 1 1 1 1 1 1 1 1 1 1 1 1 1 1 1 1 1 1 1 1 1 1 1 1 1 3 3 3 100 100 100 100 100 100 100 100 100 100 100 100 7 7 7 100 7 100 7 7 100 100 100 100 100 100 7 7 100 100 100 100 100 100 7 100 100 100 7 100 100 100 100 1 1 1 1 1 1 1 1 1 1 1 1 1 1 1 1 1 1 1 1 1 1 1 1 1 1 1 1 1 1 1 1 1 1 1 1 1 1 1 1 1 1 1 1 1 1 1 1 1 1 1 1 1 1 1 1 1 1 1 12 12 12 12 12 12 12 12 12 12 12 12 12 12 12 12 12 12 12 12 12 12 12 12 12 12 12 12 12 12 12 12 12 12 12 12 12 12 12 12 12 12 12 12 12 12 12 12 12 12 12 12 12 12 12 12 12 12 12 12 12 12 12 12 12 12 12 12 12 12 12 12 12 12 12 12 12 12 12 12 12 12 12 12 12 12 12 12 12 12 12 12 12 12 12 12 12 12 12 9 9 9 9 9 9 9 9 9 9 9 9 9 9 9 9 9 9 9 9 9 9 9 9 9 9 9 10 10 10 10 10 10 10 10 10 10 10 10 10 10 10 10 10 10 10 10 10 10 10 10 10 10 10 10 10 10 10 10 10 10 10 10 10 10 10 10 10 10 10 10 10 10 10 10 10 10 10 10 10 10 10 10 10 10 10 10 10 10 10 10 10 10 10 10 10 10 10 10 10 10 10 10 10 10 10 11 11 11 11 11 11 11 1 1 1 1 1
staticfield java/lang/Thread EMPTY_STACK_TRACE [Ljava/lang/StackTraceElement; 0 [Ljava/lang/StackTraceElement;
staticfield java/lang/Thread SUBCLASS_IMPLEMENTATION_PERMISSION Ljava/lang/RuntimePermission; java/lang/RuntimePermission
ciInstanceKlass java/lang/ThreadGroup 1 1 268 8 8 8 8 8 8 8 1 1 1 1 1 1 1 1 1 1 1 1 1 1 1 1 1 1 1 1 1 1 1 1 1 1 1 1 1 1 1 1 1 1 1 1 1 1 1 1 1 1 1 1 1 1 1 1 1 1 1 1 1 1 1 1 1 1 1 1 1 1 1 1 1 1 1 1 1 1 1 1 1 1 1 1 1 1 1 1 1 1 1 1 1 1 1 1 1 1 1 1 1 1 1 1 1 1 1 1 1 100 100 100 100 100 100 7 100 100 7 7 100 100 7 100 100 100 1 1 1 1 1 1 1 1 1 1 1 1 1 1 1 1 1 1 1 1 1 1 1 1 1 1 1 12 12 12 12 12 12 12 12 12 12 12 12 12 12 12 12 12 12 12 12 12 12 12 12 12 12 12 12 12 12 12 12 12 12 12 12 12 12 12 12 12 12 12 12 12 12 12 12 12 12 12 12 12 9 9 9 9 9 9 9 9 9 9 9 9 9 10 10 10 10 10 10 10 10 10 10 10 10 10 10 10 10 10 10 10 10 10 10 10 10 10 10 10 10 10 10 10 10 10 10 10 10 10 10 10 10 10 10 10 10 10 10 11 1 1
ciInstanceKlass java/util/Map 1 1 132 1 1 1 1 1 1 1 1 1 1 1 1 1 1 1 1 1 1 1 1 1 1 1 1 1 1 1 1 1 1 1 1 1 1 1 1 1 1 1 1 1 1 1 1 1 1 1 1 1 1 1 1 1 1 1 1 1 1 1 1 1 100 100 100 100 7 100 100 100 100 100 100 1 1 1 1 1 1 1 1 1 1 1 1 1 1 1 1 1 1 1 1 1 1 1 1 12 12 12 12 12 12 12 12 12 12 12 12 12 12 12 12 12 10 10 10 11 11 11 11 11 11 11 11 11 11 11 11 11 11 1
instanceKlass java/util/Hashtable
ciInstanceKlass java/util/Dictionary 1 1 31 1 1 1 1 1 1 1 1 1 1 1 1 1 1 1 1 1 1 1 7 100 1 1 1 1 1 1 12 10 1
instanceKlass java/util/Properties
ciInstanceKlass java/util/Hashtable 1 1 437 3 3 4 4 4 4 8 8 8 8 8 8 8 8 100 1 1 1 1 1 1 1 1 1 1 1 1 1 1 1 1 1 1 1 1 1 1 1 1 1 1 1 1 1 1 1 1 1 1 1 1 1 1 1 1 1 1 1 1 1 1 1 1 1 1 1 1 1 1 1 1 1 1 1 1 1 1 1 1 1 1 1 1 1 1 1 1 1 1 1 1 1 1 1 1 1 1 1 1 1 1 1 1 1 1 1 1 1 1 1 1 1 1 1 1 1 1 1 1 1 1 1 1 1 1 1 1 1 1 1 1 1 1 1 1 1 1 1 1 1 1 1 1 1 1 1 1 1 1 1 1 1 1 1 1 1 1 1 1 1 1 1 1 1 1 1 1 1 1 1 1 1 1 1 1 3 3 3 5 0 100 100 100 100 100 100 100 100 100 100 100 7 100 100 7 100 7 100 100 100 7 100 7 7 100 7 7 7 100 100 100 7 7 7 7 7 100 100 7 100 100 1 1 1 1 1 1 1 1 1 1 1 1 1 1 1 1 1 1 1 1 1 1 1 1 1 1 1 1 1 1 1 1 1 1 1 1 1 1 1 1 1 1 1 1 1 1 1 1 1 1 1 1 1 1 1 1 1 1 1 12 12 12 12 12 12 12 12 12 12 12 12 12 12 12 12 12 12 12 12 12 12 12 12 12 12 12 12 12 12 12 12 12 12 12 12 12 12 12 12 12 12 12 12 12 12 12 12 12 12 12 12 12 12 12 12 12 12 12 12 12 12 12 12 12 12 12 12 9 9 9 9 9 9 9 9 9 9 9 9 10 10 10 10 10 10 10 10 10 10 10 10 10 10 10 10 10 10 10 10 10 10 10 10 10 10 10 10 10 10 10 10 10 10 10 10 10 10 10 10 10 10 10 10 10 10 10 10 10 10 10 10 10 10 10 10 11 11 11 11 11 11 11 11 11 11 11 11 11 1 1 1 1 1 1 1
instanceKlass java/security/Provider
ciInstanceKlass java/util/Properties 1 1 263 3 8 8 8 8 8 8 8 1 1 1 1 1 1 1 1 1 1 1 1 1 1 1 1 1 1 1 1 1 1 1 1 1 1 1 1 1 1 1 1 1 1 1 1 1 1 1 1 1 1 1 1 1 1 1 1 1 1 1 1 1 1 1 1 1 1 1 1 1 1 1 1 1 1 1 1 1 1 1 1 1 1 1 1 1 1 1 1 1 1 1 1 1 1 1 1 1 1 1 1 1 1 1 1 1 5 0 100 100 100 100 100 100 100 100 100 100 100 7 100 100 100 100 7 7 100 100 7 7 100 1 1 1 1 1 1 1 1 1 1 1 1 1 1 1 1 1 1 1 1 1 1 1 1 1 1 1 1 1 1 1 12 12 12 12 12 12 12 12 12 12 12 12 12 12 12 12 12 12 12 12 12 12 12 12 12 12 12 12 12 12 12 12 12 12 12 12 12 12 12 12 12 12 12 12 12 9 9 9 10 10 10 10 10 10 10 10 10 10 10 10 10 10 10 10 10 10 10 10 10 10 10 10 10 10 10 10 10 10 10 10 10 10 10 10 10 10 10 10 10 10 10 10 10 10 10 10 11 11 1 1 1
staticfield java/util/Properties hexDigit [C 16
instanceKlass java/lang/reflect/Executable
instanceKlass java/lang/reflect/Field
ciInstanceKlass java/lang/reflect/AccessibleObject 1 1 144 8 8 8 7 1 1 1 1 1 1 1 1 1 1 1 1 1 1 1 1 1 1 1 1 1 1 1 1 1 1 1 1 1 1 1 1 1 1 1 1 1 1 1 1 1 1 1 1 1 1 1 1 1 1 1 1 1 1 1 1 1 1 1 100 100 100 7 100 100 7 7 7 7 100 7 7 7 7 7 1 1 1 1 1 1 1 1 1 1 1 1 1 1 1 1 1 1 1 1 12 12 12 12 12 12 12 12 12 12 12 12 12 12 12 12 12 12 12 12 9 9 9 9 10 10 10 10 10 10 10 10 10 10 10 10 10 10 10 10 10 11 1 1
staticfield java/lang/reflect/AccessibleObject ACCESS_PERMISSION Ljava/security/Permission; java/lang/reflect/ReflectPermission
staticfield java/lang/reflect/AccessibleObject reflectionFactory Lsun/reflect/ReflectionFactory; sun/reflect/ReflectionFactory
ciInstanceKlass java/lang/reflect/Field 1 1 362 8 8 8 8 1 1 1 1 1 1 1 1 1 1 1 1 1 1 1 1 1 1 1 1 1 1 1 1 1 1 1 1 1 1 1 1 1 1 1 1 1 1 1 1 1 1 1 1 1 1 1 1 1 1 1 1 1 1 1 1 1 1 1 1 1 1 1 1 1 1 1 1 1 1 1 1 1 1 1 1 1 1 1 1 1 1 1 1 1 1 1 1 1 1 1 1 1 1 1 1 1 1 1 1 1 1 1 1 1 1 1 1 1 1 1 1 1 1 1 1 1 1 1 1 1 1 1 1 1 1 1 1 7 100 100 7 100 7 7 7 100 7 100 7 7 7 7 7 7 7 7 100 100 7 7 7 7 7 1 1 1 1 1 1 1 1 1 1 1 1 1 1 1 1 1 1 1 1 1 1 1 1 1 1 1 1 1 1 1 1 1 1 1 1 1 1 1 1 1 1 1 1 1 1 1 1 1 1 1 1 1 1 12 12 12 12 12 12 12 12 12 12 12 12 12 12 12 12 12 12 12 12 12 12 12 12 12 12 12 12 12 12 12 12 12 12 12 12 12 12 12 12 12 12 12 12 12 12 12 12 12 12 12 12 12 12 12 12 12 12 12 12 12 12 12 12 12 12 12 12 12 12 12 9 9 9 9 9 9 9 9 9 9 9 9 9 9 9 10 10 10 10 10 10 10 10 10 10 10 10 10 10 10 10 10 10 10 10 10 10 10 10 10 10 10 10 10 10 10 10 10 10 10 10 10 10 10 10 11 11 11 11 11 11 11 11 11 11 11 11 11 11 11 11 11 11 11 11 11 1 1
ciInstanceKlass java/lang/reflect/Parameter 1 1 210 8 8 8 8 1 1 1 1 1 1 1 1 1 1 1 1 1 1 1 1 1 1 1 1 1 1 1 1 1 1 1 1 1 1 1 1 1 1 1 1 1 1 1 1 1 1 1 1 1 1 1 1 1 1 1 1 1 1 1 1 1 1 1 1 1 1 1 1 1 1 1 1 1 1 1 1 1 1 1 1 1 1 1 100 100 7 100 100 100 100 100 100 7 100 100 100 100 100 1 1 1 1 1 1 1 1 1 1 1 1 1 1 1 1 1 1 1 1 1 1 1 1 1 1 1 1 12 12 12 12 12 12 12 12 12 12 12 12 12 12 12 12 12 12 12 12 12 12 12 12 12 12 12 12 12 12 12 12 12 12 12 12 12 12 12 9 9 9 9 9 9 9 10 10 10 10 10 10 10 10 10 10 10 10 10 10 10 10 10 10 10 10 10 10 10 10 10 10 10 10 10 10 10 10 11 11 11 11 1
instanceKlass java/lang/reflect/Constructor
instanceKlass java/lang/reflect/Method
ciInstanceKlass java/lang/reflect/Executable 1 1 378 3 8 8 8 8 8 8 8 8 8 8 8 8 8 8 1 1 1 1 1 1 1 1 1 1 1 1 1 1 1 1 1 1 1 1 1 1 1 1 1 1 1 1 1 1 1 1 1 1 1 1 1 1 1 1 1 1 1 1 1 1 1 1 1 1 1 1 1 1 1 1 1 1 1 1 1 1 1 1 1 1 1 1 1 1 1 1 1 1 1 1 1 1 1 1 1 1 1 1 1 1 1 1 1 1 1 1 1 1 1 1 1 1 1 1 1 1 1 1 1 1 1 1 1 1 1 1 1 1 1 1 1 1 1 1 1 1 1 1 1 1 1 1 1 1 1 1 1 1 1 1 100 7 100 100 7 100 7 100 100 100 100 7 7 7 7 100 100 100 7 7 7 100 7 7 7 7 7 100 100 7 7 7 1 1 1 1 1 1 1 1 1 1 1 1 1 1 1 1 1 1 1 1 1 1 1 1 1 1 1 1 1 1 1 1 1 1 1 1 1 1 1 1 1 1 1 1 1 1 1 1 1 1 1 12 12 12 12 12 12 12 12 12 12 12 12 12 12 12 12 12 12 12 12 12 12 12 12 12 12 12 12 12 12 12 12 12 12 12 12 12 12 12 12 12 12 12 12 12 12 12 12 12 12 12 12 12 12 12 12 12 12 12 12 12 12 12 12 12 12 12 12 9 9 9 9 9 9 9 10 10 10 10 10 10 10 10 10 10 10 10 10 10 10 10 10 10 10 10 10 10 10 10 10 10 10 10 10 10 10 10 10 10 10 10 10 10 10 10 10 10 10 10 10 10 10 10 10 10 10 10 10 10 10 10 10 10 10 10 10 10 10 11 11 11 1 1
ciInstanceKlass java/lang/reflect/Method 1 1 346 8 8 8 1 1 1 1 1 1 1 1 1 1 1 1 1 1 1 1 1 1 1 1 1 1 1 1 1 1 1 1 1 1 1 1 1 1 1 1 1 1 1 1 1 1 1 1 1 1 1 1 1 1 1 1 1 1 1 1 1 1 1 1 1 1 1 1 1 1 1 1 1 1 1 1 1 1 1 1 1 1 1 1 1 1 1 1 1 1 1 1 1 1 1 1 1 1 1 1 1 1 1 1 1 1 1 1 1 1 1 1 1 1 1 1 1 1 1 1 1 1 1 1 1 1 1 1 1 1 1 1 7 7 7 100 100 100 100 100 100 7 100 7 100 100 7 7 7 7 7 7 7 7 7 7 7 7 7 1 1 1 1 1 1 1 1 1 1 1 1 1 1 1 1 1 1 1 1 1 1 1 1 1 1 1 1 1 1 1 1 1 1 1 1 1 1 1 1 1 1 1 1 1 1 1 1 12 12 12 12 12 12 12 12 12 12 12 12 12 12 12 12 12 12 12 12 12 12 12 12 12 12 12 12 12 12 12 12 12 12 12 12 12 12 12 12 12 12 12 12 12 12 12 12 12 12 12 12 12 12 12 12 12 12 12 12 12 12 12 12 12 12 12 9 9 9 9 9 9 9 9 9 9 9 9 9 9 9 9 10 10 10 10 10 10 10 10 10 10 10 10 10 10 10 10 10 10 10 10 10 10 10 10 10 10 10 10 10 10 10 10 10 10 10 10 10 10 10 10 10 10 10 10 10 10 10 10 10 10 10 10 11 11 11 1
ciInstanceKlass java/lang/reflect/Constructor 1 1 330 8 8 8 1 1 1 1 1 1 1 1 1 1 1 1 1 1 1 1 1 1 1 1 1 1 1 1 1 1 1 1 1 1 1 1 1 1 1 1 1 1 1 1 1 1 1 1 1 1 1 1 1 1 1 1 1 1 1 1 1 1 1 1 1 1 1 1 1 1 1 1 1 1 1 1 1 1 1 1 1 1 1 1 1 1 1 1 1 1 1 1 1 1 1 1 1 1 1 1 1 1 1 1 1 1 1 1 1 1 1 1 1 1 1 1 1 1 1 1 1 1 1 1 1 1 1 1 1 1 7 100 7 100 100 100 7 100 100 7 7 100 100 100 100 100 7 7 7 100 100 100 7 7 7 1 1 1 1 1 1 1 1 1 1 1 1 1 1 1 1 1 1 1 1 1 1 1 1 1 1 1 1 1 1 1 1 1 1 1 1 1 1 1 1 1 1 1 1 1 1 1 1 12 12 12 12 12 12 12 12 12 12 12 12 12 12 12 12 12 12 12 12 12 12 12 12 12 12 12 12 12 12 12 12 12 12 12 12 12 12 12 12 12 12 12 12 12 12 12 12 12 12 12 12 12 12 12 12 12 12 12 12 12 12 9 9 9 9 9 9 9 9 9 9 9 9 9 9 10 10 10 10 10 10 10 10 10 10 10 10 10 10 10 10 10 10 10 10 10 10 10 10 10 10 10 10 10 10 10 10 10 10 10 10 10 10 10 10 10 10 10 10 10 10 10 11 11 1 1
instanceKlass sun/reflect/FieldAccessorImpl
instanceKlass sun/reflect/ConstructorAccessorImpl
instanceKlass sun/reflect/MethodAccessorImpl
ciInstanceKlass sun/reflect/MagicAccessorImpl 1 1 13 1 1 1 1 1 1 1 7 100 12 10 1
instanceKlass sun/reflect/GeneratedMethodAccessor20
instanceKlass sun/reflect/GeneratedMethodAccessor19
instanceKlass sun/reflect/GeneratedMethodAccessor18
instanceKlass sun/reflect/GeneratedMethodAccessor17
instanceKlass sun/reflect/GeneratedMethodAccessor16
instanceKlass sun/reflect/GeneratedMethodAccessor15
instanceKlass sun/reflect/GeneratedMethodAccessor14
instanceKlass sun/reflect/GeneratedMethodAccessor13
instanceKlass sun/reflect/GeneratedMethodAccessor12
instanceKlass sun/reflect/GeneratedMethodAccessor11
instanceKlass sun/reflect/GeneratedMethodAccessor10
instanceKlass sun/reflect/GeneratedMethodAccessor9
instanceKlass sun/reflect/GeneratedMethodAccessor8
instanceKlass sun/reflect/GeneratedMethodAccessor7
instanceKlass sun/reflect/GeneratedMethodAccessor6
instanceKlass sun/reflect/GeneratedMethodAccessor5
instanceKlass sun/reflect/GeneratedMethodAccessor4
instanceKlass sun/reflect/GeneratedMethodAccessor3
instanceKlass sun/reflect/GeneratedMethodAccessor2
instanceKlass sun/reflect/GeneratedMethodAccessor1
instanceKlass sun/reflect/DelegatingMethodAccessorImpl
instanceKlass sun/reflect/NativeMethodAccessorImpl
ciInstanceKlass sun/reflect/MethodAccessorImpl 1 1 22 1 1 1 1 1 1 1 1 1 1 1 1 1 100 100 7 100 100 12 10 1
instanceKlass sun/reflect/GeneratedConstructorAccessor9
instanceKlass sun/reflect/GeneratedConstructorAccessor8
instanceKlass sun/reflect/GeneratedConstructorAccessor7
instanceKlass sun/reflect/GeneratedConstructorAccessor6
instanceKlass sun/reflect/GeneratedConstructorAccessor5
instanceKlass sun/reflect/GeneratedConstructorAccessor4
instanceKlass sun/reflect/GeneratedConstructorAccessor3
instanceKlass sun/reflect/GeneratedConstructorAccessor2
instanceKlass sun/reflect/BootstrapConstructorAccessorImpl
instanceKlass sun/reflect/GeneratedConstructorAccessor1
instanceKlass sun/reflect/DelegatingConstructorAccessorImpl
instanceKlass sun/reflect/NativeConstructorAccessorImpl
ciInstanceKlass sun/reflect/ConstructorAccessorImpl 1 1 24 1 1 1 1 1 1 1 1 1 1 1 1 1 1 100 100 100 100 100 7 12 10 1
ciInstanceKlass sun/reflect/DelegatingClassLoader 1 1 13 1 1 1 1 1 1 1 7 100 1 12 10
ciInstanceKlass sun/reflect/ConstantPool 1 1 106 8 7 1 1 1 1 1 1 1 1 1 1 1 1 1 1 1 1 1 1 1 1 1 1 1 1 1 1 1 1 1 1 1 1 1 1 1 1 1 1 1 1 1 1 1 1 1 1 1 1 100 7 7 1 1 1 1 1 1 1 1 1 1 1 1 1 1 1 1 1 12 12 12 12 12 12 12 12 12 12 12 12 12 12 12 12 12 9 10 10 10 10 10 10 10 10 10 10 10 10 10 10 10 10 1
instanceKlass sun/reflect/UnsafeFieldAccessorImpl
ciInstanceKlass sun/reflect/FieldAccessorImpl 1 1 56 1 1 1 1 1 1 1 1 1 1 1 1 1 1 1 1 1 1 1 1 1 1 1 1 1 1 1 1 1 1 1 1 1 1 100 100 100 100 7 1 1 1 1 1 1 1 1 1 1 1 1 1 12 10 1
instanceKlass sun/reflect/UnsafeIntegerFieldAccessorImpl
instanceKlass sun/reflect/UnsafeBooleanFieldAccessorImpl
instanceKlass sun/reflect/UnsafeQualifiedFieldAccessorImpl
instanceKlass sun/reflect/UnsafeObjectFieldAccessorImpl
instanceKlass sun/reflect/UnsafeStaticFieldAccessorImpl
ciInstanceKlass sun/reflect/UnsafeFieldAccessorImpl 1 1 230 8 8 8 8 8 8 8 8 8 8 8 8 8 8 8 8 8 8 8 8 8 8 1 1 1 1 1 1 1 1 1 1 1 1 1 1 1 1 1 1 1 1 1 1 1 1 1 1 1 1 1 1 1 1 1 1 1 1 1 1 1 1 1 1 1 1 1 1 1 1 1 1 1 1 1 1 1 1 1 1 1 1 1 1 1 1 1 1 1 1 1 1 1 1 1 1 1 1 1 1 1 1 1 1 1 1 1 1 1 1 1 1 1 1 1 1 1 1 1 1 100 100 100 7 100 100 100 100 100 100 7 100 100 100 7 7 7 7 7 1 1 1 1 1 1 1 1 1 1 1 1 1 1 1 1 1 1 12 12 12 12 12 12 12 12 12 12 12 12 12 12 12 12 12 12 12 12 12 12 12 12 12 12 12 12 12 12 12 12 12 12 9 9 9 9 10 10 10 10 10 10 10 10 10 10 10 10 10 10 10 10 10 10 10 10 10 10 10 10 10 10 10 10 10 10 10 10 10 1
staticfield sun/reflect/UnsafeFieldAccessorImpl unsafe Lsun/misc/Unsafe; sun/misc/Unsafe
instanceKlass sun/reflect/UnsafeQualifiedStaticFieldAccessorImpl
instanceKlass sun/reflect/UnsafeStaticObjectFieldAccessorImpl
ciInstanceKlass sun/reflect/UnsafeStaticFieldAccessorImpl 1 1 38 8 7 1 1 1 1 1 1 1 1 1 1 1 1 1 1 1 1 7 7 7 7 1 1 1 1 12 12 12 12 12 9 9 10 10 10 1
ciInstanceKlass sun/reflect/CallerSensitive 0 0 17 1 1 1 1 1 1 1 1 100 100 100 1 1 1 1 1
instanceKlass java/lang/invoke/DelegatingMethodHandle
instanceKlass java/lang/invoke/BoundMethodHandle
instanceKlass java/lang/invoke/DirectMethodHandle
ciInstanceKlass java/lang/invoke/MethodHandle 1 1 438 8 8 8 8 8 8 8 8 8 8 8 8 8 7 1 1 1 1 1 1 1 1 1 1 1 1 1 1 1 1 1 1 1 1 1 1 1 1 1 1 1 1 1 1 1 1 1 1 1 1 1 1 1 1 1 1 1 1 1 1 1 1 1 1 1 1 1 1 1 1 1 1 1 1 1 1 1 1 1 1 1 1 1 1 1 1 1 1 1 1 1 1 1 1 1 1 1 1 1 1 1 1 1 1 1 1 1 1 1 1 1 1 1 1 1 1 1 1 1 1 1 1 1 1 1 1 1 1 1 1 1 1 1 1 1 1 1 1 1 1 1 1 1 1 1 1 1 1 1 1 1 1 1 1 1 1 1 1 1 1 1 1 1 1 1 1 1 1 1 1 1 100 7 100 100 100 100 7 100 100 100 7 100 100 7 7 7 100 7 7 7 7 100 100 100 7 1 1 1 1 1 1 1 1 1 1 1 1 1 1 1 1 1 1 1 1 1 1 1 1 1 1 1 1 1 1 1 1 1 1 1 1 1 1 1 1 1 1 1 1 1 1 1 1 1 1 1 1 1 1 1 1 1 1 1 1 1 1 1 1 1 1 1 12 12 12 12 12 12 12 12 12 12 12 12 12 12 12 12 12 12 12 12 12 12 12 12 12 12 12 12 12 12 12 12 12 12 12 12 12 12 12 12 12 12 12 12 12 12 12 12 12 12 12 12 12 12 12 12 12 12 12 12 12 12 12 12 12 12 12 12 12 12 12 12 12 12 12 12 12 12 12 12 12 12 12 9 9 9 9 9 9 9 9 9 9 9 9 10 10 10 10 10 10 10 10 10 10 10 10 10 10 10 10 10 10 10 10 10 10 10 10 10 10 10 10 10 10 10 10 10 10 10 10 10 10 10 10 10 10 10 10 10 10 10 10 10 10 10 10 10 10 10 10 10 10 10 10 10 10 10 10 10 10 10 10 10 10 10 10 10 10 10 11 1 1 1
staticfield java/lang/invoke/MethodHandle FORM_OFFSET J 20
staticfield java/lang/invoke/MethodHandle $assertionsDisabled Z 1
instanceKlass java/lang/invoke/DirectMethodHandle$Special
instanceKlass java/lang/invoke/DirectMethodHandle$Constructor
instanceKlass java/lang/invoke/DirectMethodHandle$Accessor
instanceKlass java/lang/invoke/DirectMethodHandle$Interface
ciInstanceKlass java/lang/invoke/DirectMethodHandle 1 1 701 8 8 8 8 8 8 8 8 8 8 8 8 8 8 8 8 8 8 8 8 8 7 7 7 7 7 7 7 7 7 7 7 1 1 1 1 1 1 1 1 1 1 1 1 1 1 1 1 1 1 1 1 1 1 1 1 1 1 1 1 1 1 1 1 1 1 1 1 1 1 1 1 1 1 1 1 1 1 1 1 1 1 1 1 1 1 1 1 1 1 1 1 1 1 1 1 1 1 1 1 1 1 1 1 1 1 1 1 1 1 1 1 1 1 1 1 1 1 1 1 1 1 1 1 1 1 1 1 1 1 1 1 1 1 1 1 1 1 1 1 1 1 1 1 1 1 1 1 1 1 1 1 1 1 1 1 1 1 1 1 1 1 1 1 1 1 1 1 1 1 1 1 1 1 1 1 1 1 1 1 1 1 1 1 1 1 1 1 1 1 1 1 1 1 1 1 1 1 1 1 1 1 1 1 1 1 1 1 1 1 1 1 1 1 1 1 1 1 1 1 1 1 1 1 1 1 1 1 1 1 1 1 1 1 1 1 1 1 1 1 1 1 1 1 1 1 1 1 1 1 1 1 1 1 1 1 1 1 1 1 1 1 1 100 100 7 7 7 100 7 100 7 7 100 7 7 100 7 7 7 7 7 7 100 7 7 100 7 7 100 7 7 7 100 100 100 7 7 7 7 1 1 1 1 1 1 1 1 1 1 1 1 1 1 1 1 1 1 1 1 1 1 1 1 1 1 1 1 1 1 1 1 1 1 1 1 1 1 1 1 1 1 1 1 1 1 1 1 1 1 1 1 1 1 1 1 1 1 1 1 1 1 1 1 1 1 1 1 1 1 1 1 1 1 1 1 1 1 1 12 12 12 12 12 12 12 12 12 12 12 12 12 12 12 12 12 12 12 12 12 12 12 12 12 12 12 12 12 12 12 12 12 12 12 12 12 12 12 12 12 12 12 12 12 12 12 12 12 12 12 12 12 12 12 12 12 12 12 12 12 12 12 12 12 12 12 12 12 12 12 12 12 12 12 12 12 12 12 12 12 12 12 12 12 12 12 12 12 12 12 12 12 12 12 12 12 12 12 12 12 12 12 12 12 12 12 12 12 12 12 12 12 12 12 12 12 12 12 12 12 12 12 12 12 12 12 12 12 12 12 12 12 12 12 12 12 12 12 12 12 12 12 12 12 12 12 12 12 12 12 12 9 9 9 9 9 9 9 9 9 9 9 9 9 9 9 9 9 9 9 9 9 9 9 9 9 9 9 9 9 9 9 9 9 9 9 9 10 10 10 10 10 10 10 10 10 10 10 10 10 10 10 10 10 10 10 10 10 10 10 10 10 10 10 10 10 10 10 10 10 10 10 10 10 10 10 10 10 10 10 10 10 10 10 10 10 10 10 10 10 10 10 10 10 10 10 10 10 10 10 10 10 10 10 10 10 10 10 10 10 10 10 10 10 10 10 10 10 10 10 10 10 10 10 10 10 10 10 10 10 10 10 10 10 10 10 10 10 10 10 10 10 10 10 10 10 10 10 10 10 10 10 10 10 10 10 10 10 10 10 1 1 1 1 1 1 1 1 1 1
staticfield java/lang/invoke/DirectMethodHandle IMPL_NAMES Ljava/lang/invoke/MemberName$Factory; java/lang/invoke/MemberName$Factory
staticfield java/lang/invoke/DirectMethodHandle ACCESSOR_FORMS [Ljava/lang/invoke/LambdaForm; 132 [Ljava/lang/invoke/LambdaForm;
staticfield java/lang/invoke/DirectMethodHandle $assertionsDisabled Z 1
ciInstanceKlass java/lang/invoke/MemberName 1 1 642 3 3 3 3 3 3 3 3 3 3 3 8 8 8 8 8 8 8 8 8 8 8 8 8 8 8 8 8 8 8 8 8 8 8 8 8 8 8 8 8 8 8 7 7 7 100 1 1 1 1 1 1 1 1 1 1 1 1 1 1 1 1 1 1 1 1 1 1 1 1 1 1 1 1 1 1 1 1 1 1 1 1 1 1 1 1 1 1 1 1 1 1 1 1 1 1 1 1 1 1 1 1 1 1 1 1 1 1 1 1 1 1 1 1 1 1 1 1 1 1 1 1 1 1 1 1 1 1 1 1 1 1 1 1 1 1 1 1 1 1 1 1 1 1 1 1 1 1 1 1 1 1 1 1 1 1 1 1 1 1 1 1 1 1 1 1 1 1 1 1 1 1 1 1 1 1 1 1 1 1 1 1 1 1 1 1 1 1 1 1 1 1 1 1 1 1 1 1 1 1 1 1 1 1 1 1 1 1 1 1 1 1 1 1 1 1 1 1 1 1 1 1 1 1 1 1 1 1 1 1 1 1 1 1 1 1 1 1 1 1 1 1 1 1 1 1 1 1 1 1 1 1 1 1 1 1 1 1 1 1 1 1 1 1 1 1 1 1 1 1 1 1 1 1 1 1 1 3 3 3 3 3 3 3 3 7 7 100 100 100 7 7 100 100 100 100 100 100 100 100 100 7 100 7 7 7 7 7 100 7 7 100 100 100 100 7 100 100 100 7 7 7 100 7 1 1 1 1 1 1 1 1 1 1 1 1 1 1 1 1 1 1 1 1 1 1 1 1 1 1 1 1 1 1 1 1 1 1 1 1 1 1 1 1 1 1 1 1 1 1 1 1 1 1 1 1 1 1 1 1 1 1 1 1 1 1 1 1 12 12 12 12 12 12 12 12 12 12 12 12 12 12 12 12 12 12 12 12 12 12 12 12 12 12 12 12 12 12 12 12 12 12 12 12 12 12 12 12 12 12 12 12 12 12 12 12 12 12 12 12 12 12 12 12 12 12 12 12 12 12 12 12 12 12 12 12 12 12 12 12 12 12 12 12 12 12 12 12 12 12 12 12 12 12 12 12 12 12 12 12 12 12 12 12 12 12 12 12 12 12 12 12 12 12 12 12 12 12 12 12 12 9 9 9 9 9 9 9 9 9 9 10 10 10 10 10 10 10 10 10 10 10 10 10 10 10 10 10 10 10 10 10 10 10 10 10 10 10 10 10 10 10 10 10 10 10 10 10 10 10 10 10 10 10 10 10 10 10 10 10 10 10 10 10 10 10 10 10 10 10 10 10 10 10 10 10 10 10 10 10 10 10 10 10 10 10 10 10 10 10 10 10 10 10 10 10 10 10 10 10 10 10 10 10 10 10 10 10 10 10 10 10 10 10 10 10 10 10 10 10 10 10 10 10 10 10 10 10 10 10 10 10 10 10 10 10 10 1 1 1 1
staticfield java/lang/invoke/MemberName $assertionsDisabled Z 1
ciInstanceKlass java/lang/invoke/MethodHandleNatives 1 1 427 8 8 8 8 8 8 8 8 8 8 8 8 8 8 8 8 8 8 8 8 8 8 8 8 8 8 8 8 100 100 7 7 100 1 1 1 1 1 1 1 1 1 1 1 1 1 1 1 1 1 1 1 1 1 1 1 1 1 1 1 1 1 1 1 1 1 1 1 1 1 1 1 1 1 1 1 1 1 1 1 1 1 1 1 1 1 1 1 1 1 1 1 1 1 1 1 1 1 1 1 1 1 1 1 1 1 1 1 1 1 1 1 1 1 1 1 1 1 1 1 1 1 1 1 1 1 1 1 1 1 1 1 1 1 1 1 1 1 1 1 1 1 1 1 1 1 1 1 1 1 1 1 1 1 1 1 1 1 1 1 1 1 1 1 1 1 1 1 1 1 1 1 1 1 1 1 1 1 1 1 1 1 1 1 1 1 1 1 1 1 1 1 1 1 1 1 1 1 1 1 100 100 100 100 7 100 100 100 100 100 100 100 100 100 100 100 100 100 7 100 7 100 100 100 7 7 7 7 7 7 100 7 7 100 100 1 1 1 1 1 1 1 1 1 1 1 1 1 1 1 1 1 1 1 1 1 1 1 1 1 1 1 1 1 1 1 1 1 1 1 1 1 1 1 1 1 1 1 1 1 1 1 12 12 12 12 12 12 12 12 12 12 12 12 12 12 12 12 12 12 12 12 12 12 12 12 12 12 12 12 12 12 12 12 12 12 12 12 12 12 12 12 12 12 12 12 12 12 12 12 12 12 12 12 12 12 12 12 12 12 12 12 12 12 12 12 9 9 9 9 9 9 10 10 10 10 10 10 10 10 10 10 10 10 10 10 10 10 10 10 10 10 10 10 10 10 10 10 10 10 10 10 10 10 10 10 10 10 10 10 10 10 10 10 10 10 10 10 10 10 10 10 10 10 10 10 10 10 10 10 10 10 10 10 10 10 10 10 10 10 10 10 10 1 1 1
staticfield java/lang/invoke/MethodHandleNatives COUNT_GWT Z 1
staticfield java/lang/invoke/MethodHandleNatives $assertionsDisabled Z 1
ciInstanceKlass java/lang/invoke/LambdaForm 1 1 967 8 8 8 8 8 8 8 8 8 8 8 8 8 8 8 8 8 8 8 8 8 8 8 8 8 8 8 8 8 8 8 8 8 8 8 8 8 8 8 8 8 8 8 8 8 8 8 8 8 8 8 8 8 8 100 7 7 1 1 1 1 1 1 1 1 1 1 1 1 1 1 1 1 1 1 1 1 1 1 1 1 1 1 1 1 1 1 1 1 1 1 1 1 1 1 1 1 1 1 1 1 1 1 1 1 1 1 1 1 1 1 1 1 1 1 1 1 1 1 1 1 1 1 1 1 1 1 1 1 1 1 1 1 1 1 1 1 1 1 1 1 1 1 1 1 1 1 1 1 1 1 1 1 1 1 1 1 1 1 1 1 1 1 1 1 1 1 1 1 1 1 1 1 1 1 1 1 1 1 1 1 1 1 1 1 1 1 1 1 1 1 1 1 1 1 1 1 1 1 1 1 1 1 1 1 1 1 1 1 1 1 1 1 1 1 1 1 1 1 1 1 1 1 1 1 1 1 1 1 1 1 1 1 1 1 1 1 1 1 1 1 1 1 1 1 1 1 1 1 1 1 1 1 1 1 1 1 1 1 1 1 1 1 1 1 1 1 1 1 1 1 1 1 1 1 1 1 1 1 1 1 1 1 1 1 1 1 1 1 1 1 1 1 1 1 1 1 1 1 1 1 1 1 1 1 1 1 1 1 1 1 1 1 1 1 1 1 1 1 1 1 1 1 1 1 1 1 1 1 1 1 1 1 1 1 1 1 1 1 1 1 1 1 1 1 1 1 1 1 1 1 1 1 1 1 1 1 1 1 1 1 1 1 1 1 1 1 1 1 1 1 1 1 1 1 1 1 1 1 1 1 1 1 1 1 1 1 1 1 1 1 1 1 1 1 1 1 3 3 3 3 8 100 100 100 100 7 7 100 100 100 7 100 100 100 100 100 100 100 100 7 7 7 100 7 7 100 100 100 7 100 7 100 100 7 7 7 7 7 100 100 7 7 7 7 100 100 7 7 7 1 1 1 1 1 1 1 1 1 1 1 1 1 1 1 1 1 1 1 1 1 1 1 1 1 1 1 1 1 1 1 1 1 1 1 1 1 1 1 1 1 1 1 1 1 1 1 1 1 1 1 1 1 1 1 1 1 1 1 1 1 1 1 1 1 1 1 1 1 1 1 1 1 1 1 1 1 1 1 1 1 1 1 1 1 1 1 1 1 1 1 1 1 1 1 1 1 1 1 1 1 1 1 1 1 1 1 1 1 1 1 1 1 1 12 12 12 12 12 12 12 12 12 12 12 12 12 12 12 12 12 12 12 12 12 12 12 12 12 12 12 12 12 12 12 12 12 12 12 12 12 12 12 12 12 12 12 12 12 12 12 12 12 12 12 12 12 12 12 12 12 12 12 12 12 12 12 12 12 12 12 12 12 12 12 12 12 12 12 12 12 12 12 12 12 12 12 12 12 12 12 12 12 12 12 12 12 12 12 12 12 12 12 12 12 12 12 12 12 12 12 12 12 12 12 12 12 12 12 12 12 12 12 12 12 12 12 12 12 12 12 12 12 12 12 12 12 12 12 12 12 12 12 12 12 12 12 12 12 12 12 12 12 12 12 12 12 12 12 12 12 12 12 12 12 12 12 12 12 12 12 12 12 12 12 12 12 12 12 12 12 12 12 12 12 12 12 12 12 12 12 12 12 12 12 9 9 9 9 9 9 9 9 9 9 9 9 9 9 9 9 9 9 9 9 9 9 9 9 9 9 9 9 9 9 9 9 9 9 9 9 9 9 9 9 10 10 10 10 10 10 10 10 10 10 10 10 10 10 10 10 10 10 10 10 10 10 10 10 10 10 10 10 10 10 10 10 10 10 10 10 10 10 10 10 10 10 10 10 10 10 10 10 10 10 10 10 10 10 10 10 10 10 10 10 10 10 10 10 10 10 10 10 10 10 10 10 10 10 10 10 10 10 10 10 10 10 10 10 10 10 10 10 10 10 10 10 10 10 10 10 10 10 10 10 10 10 10 10 10 10 10 10 10 10 10 10 10 10 10 10 10 10 10 10 10 10 10 10 10 10 10 10 10 10 10 10 10 10 10 10 10 10 10 10 10 10 10 10 10 10 10 10 10 10 10 10 10 10 10 10 10 10 10 10 11 11 11 11 11 1 1 1 1 1 1
staticfield java/lang/invoke/LambdaForm COMPILE_THRESHOLD I 0
staticfield java/lang/invoke/LambdaForm INTERNED_ARGUMENTS [[Ljava/lang/invoke/LambdaForm$Name; 5 [[Ljava/lang/invoke/LambdaForm$Name;
staticfield java/lang/invoke/LambdaForm IMPL_NAMES Ljava/lang/invoke/MemberName$Factory; java/lang/invoke/MemberName$Factory
staticfield java/lang/invoke/LambdaForm LF_identityForm [Ljava/lang/invoke/LambdaForm; 6 [Ljava/lang/invoke/LambdaForm;
staticfield java/lang/invoke/LambdaForm LF_zeroForm [Ljava/lang/invoke/LambdaForm; 6 [Ljava/lang/invoke/LambdaForm;
staticfield java/lang/invoke/LambdaForm NF_identity [Ljava/lang/invoke/LambdaForm$NamedFunction; 6 [Ljava/lang/invoke/LambdaForm$NamedFunction;
staticfield java/lang/invoke/LambdaForm NF_zero [Ljava/lang/invoke/LambdaForm$NamedFunction; 6 [Ljava/lang/invoke/LambdaForm$NamedFunction;
staticfield java/lang/invoke/LambdaForm DEBUG_NAME_COUNTERS Ljava/util/HashMap; null
staticfield java/lang/invoke/LambdaForm TRACE_INTERPRETER Z 0
staticfield java/lang/invoke/LambdaForm $assertionsDisabled Z 1
ciInstanceKlass java/lang/invoke/MethodType 1 1 588 8 8 8 8 8 8 8 8 8 8 8 8 7 7 7 7 1 1 1 1 1 1 1 1 1 1 1 1 1 1 1 1 1 1 1 1 1 1 1 1 1 1 1 1 1 1 1 1 1 1 1 1 1 1 1 1 1 1 1 1 1 1 1 1 1 1 1 1 1 1 1 1 1 1 1 1 1 1 1 1 1 1 1 1 1 1 1 1 1 1 1 1 1 1 1 1 1 1 1 1 1 1 1 1 1 1 1 1 1 1 1 1 1 1 1 1 1 1 1 1 1 1 1 1 1 1 1 1 1 1 1 1 1 1 1 1 1 1 1 1 1 1 1 1 1 1 1 1 1 1 1 1 1 1 1 1 1 1 1 1 1 1 1 1 1 1 1 1 1 1 1 1 1 1 1 1 1 1 1 1 1 1 1 1 1 1 1 1 1 1 1 1 1 1 1 1 1 1 1 1 1 1 1 1 1 1 1 1 1 1 1 1 1 1 3 3 3 5 0 7 100 100 100 100 7 100 100 7 100 7 100 100 100 100 100 7 7 7 7 100 7 7 7 7 7 7 7 7 7 7 100 100 7 1 1 1 1 1 1 1 1 1 1 1 1 1 1 1 1 1 1 1 1 1 1 1 1 1 1 1 1 1 1 1 1 1 1 1 1 1 1 1 1 1 1 1 1 1 1 1 1 1 1 1 1 1 1 1 1 1 1 1 1 1 1 1 1 1 1 1 1 1 1 1 1 1 1 1 1 1 1 1 1 1 1 1 1 1 1 1 1 1 1 1 1 1 1 1 1 1 1 1 1 1 1 12 12 12 12 12 12 12 12 12 12 12 12 12 12 12 12 12 12 12 12 12 12 12 12 12 12 12 12 12 12 12 12 12 12 12 12 12 12 12 12 12 12 12 12 12 12 12 12 12 12 12 12 12 12 12 12 12 12 12 12 12 12 12 12 12 12 12 12 12 12 12 12 12 12 12 12 12 12 12 12 12 12 12 12 12 12 12 12 12 12 12 12 12 12 12 12 12 12 12 12 12 12 12 12 12 12 12 12 12 12 12 9 9 9 9 9 9 9 9 9 9 9 9 9 9 9 9 9 9 10 10 10 10 10 10 10 10 10 10 10 10 10 10 10 10 10 10 10 10 10 10 10 10 10 10 10 10 10 10 10 10 10 10 10 10 10 10 10 10 10 10 10 10 10 10 10 10 10 10 10 10 10 10 10 10 10 10 10 10 10 10 10 10 10 10 10 10 10 10 10 10 10 10 10 10 10 10 10 10 10 10 10 10 10 10 10 10 10 10 10 10 10 10 10 10 10 11 11 11 11 1 1
staticfield java/lang/invoke/MethodType internTable Ljava/lang/invoke/MethodType$ConcurrentWeakInternSet; java/lang/invoke/MethodType$ConcurrentWeakInternSet
staticfield java/lang/invoke/MethodType NO_PTYPES [Ljava/lang/Class; 0 [Ljava/lang/Class;
staticfield java/lang/invoke/MethodType objectOnlyTypes [Ljava/lang/invoke/MethodType; 20 [Ljava/lang/invoke/MethodType;
staticfield java/lang/invoke/MethodType serialPersistentFields [Ljava/io/ObjectStreamField; 0 [Ljava/io/ObjectStreamField;
staticfield java/lang/invoke/MethodType rtypeOffset J 12
staticfield java/lang/invoke/MethodType ptypesOffset J 16
staticfield java/lang/invoke/MethodType $assertionsDisabled Z 1
ciInstanceKlass java/lang/BootstrapMethodError 0 0 38 1 1 1 1 1 1 1 1 1 1 1 1 1 1 1 1 1 1 5 0 100 100 100 100 1 1 12 12 12 12 12 10 10 10 10 10 1
instanceKlass java/lang/invoke/VolatileCallSite
instanceKlass java/lang/invoke/MutableCallSite
instanceKlass java/lang/invoke/ConstantCallSite
ciInstanceKlass java/lang/invoke/CallSite 1 1 311 8 8 8 8 8 8 8 8 7 7 7 7 1 1 1 1 1 1 1 1 1 1 1 1 1 1 1 1 1 1 1 1 1 1 1 1 1 1 1 1 1 1 1 1 1 1 1 1 1 1 1 1 1 1 1 1 1 1 1 1 1 1 1 1 1 1 1 1 1 1 1 1 1 1 1 1 1 1 1 1 1 1 1 1 1 1 1 1 1 1 1 1 1 1 1 1 1 1 1 1 1 1 1 1 1 1 1 1 1 1 1 1 1 1 1 1 1 1 100 7 100 100 100 100 7 100 100 100 100 100 100 7 100 7 100 7 7 100 100 7 1 1 1 1 1 1 1 1 1 1 1 1 1 1 1 1 1 1 1 1 1 1 1 1 1 1 1 1 1 1 1 1 1 1 1 1 1 1 1 1 1 1 1 12 12 12 12 12 12 12 12 12 12 12 12 12 12 12 12 12 12 12 12 12 12 12 12 12 12 12 12 12 12 12 12 12 12 12 12 12 12 12 12 12 12 12 12 12 12 12 12 12 12 12 12 12 12 12 12 12 12 12 12 9 9 9 9 9 9 10 10 10 10 10 10 10 10 10 10 10 10 10 10 10 10 10 10 10 10 10 10 10 10 10 10 10 10 10 10 10 10 10 10 10 10 10 10 10 10 10 10 10 10 10 10 10 10 10 10 10 10 10 10 10 10 10 10 10 1 1
staticfield java/lang/invoke/CallSite GET_TARGET Ljava/lang/invoke/MethodHandle; java/lang/invoke/DirectMethodHandle
staticfield java/lang/invoke/CallSite THROW_UCS Ljava/lang/invoke/MethodHandle; java/lang/invoke/MethodHandleImpl$AsVarargsCollector
staticfield java/lang/invoke/CallSite TARGET_OFFSET J 12
ciInstanceKlass java/lang/invoke/ConstantCallSite 1 1 42 1 1 1 1 1 1 1 1 1 1 1 1 1 1 1 1 1 1 1 1 100 100 100 7 7 1 1 12 12 12 12 12 12 9 9 10 10 10 10 10 1
ciInstanceKlass java/lang/invoke/MutableCallSite 0 0 57 1 1 1 1 1 1 1 1 1 1 1 1 1 1 1 1 1 1 1 1 1 1 1 1 1 100 100 100 100 1 1 1 1 1 1 12 12 12 12 12 12 12 12 12 12 9 9 10 10 10 10 10 10 10 10 1
ciInstanceKlass java/lang/invoke/VolatileCallSite 0 0 33 1 1 1 1 1 1 1 1 1 1 1 1 1 1 100 100 1 1 1 12 12 12 12 12 12 10 10 10 10 10 10 1
instanceKlass java/lang/StringBuilder
instanceKlass java/lang/StringBuffer
ciInstanceKlass java/lang/AbstractStringBuilder 1 1 318 3 3 3 8 8 8 8 8 8 8 8 8 8 8 8 8 1 1 1 1 1 1 1 1 1 1 1 1 1 1 1 1 1 1 1 1 1 1 1 1 1 1 1 1 1 1 1 1 1 1 1 1 1 1 1 1 1 1 1 1 1 1 1 1 1 1 1 1 1 1 1 1 1 1 1 1 1 1 1 1 1 1 1 1 1 1 1 1 1 1 1 1 1 1 1 1 1 1 1 1 1 1 1 1 1 1 1 1 1 1 1 1 1 1 1 1 1 1 1 1 1 1 1 1 1 1 1 1 1 1 1 1 5 0 100 7 100 7 100 100 100 7 7 7 100 7 100 100 100 7 7 100 1 1 1 1 1 1 1 1 1 1 1 1 1 1 1 1 1 1 1 1 1 1 1 1 1 1 1 1 1 1 1 1 1 1 1 1 1 1 1 1 1 1 1 12 12 12 12 12 12 12 12 12 12 12 12 12 12 12 12 12 12 12 12 12 12 12 12 12 12 12 12 12 12 12 12 12 12 12 12 12 12 12 12 12 12 12 12 12 12 12 12 12 12 12 12 12 12 12 9 9 10 10 10 10 10 10 10 10 10 10 10 10 10 10 10 10 10 10 10 10 10 10 10 10 10 10 10 10 10 10 10 10 10 10 10 10 10 10 10 10 10 10 10 10 10 10 10 10 10 10 10 10 10 10 10 10 10 10 10 10 10 10 11 11 1
ciInstanceKlass java/lang/StringBuffer 1 1 377 8 8 8 8 7 1 1 1 1 1 1 1 1 1 1 1 1 1 1 1 1 1 1 1 1 1 1 1 1 1 1 1 1 1 1 1 1 1 1 1 1 1 1 1 1 1 1 1 1 1 1 1 1 1 1 1 1 1 1 1 1 1 1 1 1 1 1 1 1 1 1 1 1 1 1 1 1 1 1 1 1 1 1 1 1 1 1 1 1 1 1 1 1 1 1 1 5 0 100 100 100 100 100 7 100 100 7 7 100 100 7 7 7 100 7 1 1 1 1 1 1 1 1 1 1 1 1 1 1 1 1 1 1 1 1 1 1 1 1 1 1 1 1 1 1 1 1 1 1 1 1 1 1 1 1 1 1 1 1 1 1 1 1 1 1 1 1 1 1 1 1 1 1 1 1 1 1 1 1 1 1 1 1 12 12 12 12 12 12 12 12 12 12 12 12 12 12 12 12 12 12 12 12 12 12 12 12 12 12 12 12 12 12 12 12 12 12 12 12 12 12 12 12 12 12 12 12 12 12 12 12 12 12 12 12 12 12 12 12 12 12 12 12 12 12 12 12 12 12 12 12 12 12 12 12 12 12 12 12 12 12 12 12 12 12 12 12 12 12 12 12 12 12 12 12 9 9 9 9 9 9 10 10 10 10 10 10 10 10 10 10 10 10 10 10 10 10 10 10 10 10 10 10 10 10 10 10 10 10 10 10 10 10 10 10 10 10 10 10 10 10 10 10 10 10 10 10 10 10 10 10 10 10 10 10 10 10 10 10 10 10 10 10 10 10 10 10 10 10 10 10 10 10 10 10 10 10 10 10 10 10 10 10 10 10 10 10 10 10 10 10 10 11 1 1 1
staticfield java/lang/StringBuffer serialPersistentFields [Ljava/io/ObjectStreamField; 3 [Ljava/io/ObjectStreamField;
ciInstanceKlass java/lang/StringBuilder 1 1 333 8 1 1 1 1 1 1 1 1 1 1 1 1 1 1 1 1 1 1 1 1 1 1 1 1 1 1 1 1 1 1 1 1 1 1 1 1 1 1 1 1 1 1 1 1 1 1 1 1 1 1 1 1 1 1 1 1 1 1 1 1 1 1 1 1 1 1 1 1 1 1 1 1 5 0 100 100 100 100 100 100 7 100 100 7 7 1 1 1 1 1 1 1 1 1 1 1 1 1 1 1 1 1 1 1 1 1 1 1 1 1 1 1 1 1 1 1 1 1 1 1 1 1 1 1 1 1 1 1 1 1 1 1 1 1 1 1 1 1 1 1 1 1 1 1 1 1 1 12 12 12 12 12 12 12 12 12 12 12 12 12 12 12 12 12 12 12 12 12 12 12 12 12 12 12 12 12 12 12 12 12 12 12 12 12 12 12 12 12 12 12 12 12 12 12 12 12 12 12 12 12 12 12 12 12 12 12 12 12 12 12 12 12 12 12 12 12 12 12 12 12 12 12 12 12 12 12 12 12 12 12 12 12 12 12 12 12 12 9 9 10 10 10 10 10 10 10 10 10 10 10 10 10 10 10 10 10 10 10 10 10 10 10 10 10 10 10 10 10 10 10 10 10 10 10 10 10 10 10 10 10 10 10 10 10 10 10 10 10 10 10 10 10 10 10 10 10 10 10 10 10 10 10 10 10 10 10 10 10 10 10 10 10 10 10 10 10 10 10 10 10 10 10 10 10 10 10 10 10 10 11 1
ciInstanceKlass sun/misc/Unsafe 1 1 389 8 8 7 7 7 7 7 7 7 7 7 7 1 1 1 1 1 1 1 1 1 1 1 1 1 1 1 1 1 1 1 1 1 1 1 1 1 1 1 1 1 1 1 1 1 1 1 1 1 1 1 1 1 1 1 1 1 1 1 1 1 1 1 1 1 1 1 1 1 1 1 1 1 1 1 1 1 1 1 1 1 1 1 1 1 1 1 1 1 1 1 1 1 1 1 1 1 1 1 1 1 1 1 1 1 1 1 1 1 1 1 1 1 1 1 1 1 1 1 1 1 1 1 1 1 1 1 1 1 1 1 1 1 1 1 1 1 1 1 1 1 1 1 1 1 1 1 1 1 1 1 1 1 1 1 1 1 1 1 1 1 1 1 1 1 1 1 1 1 1 1 1 1 1 1 1 1 1 1 1 3 100 7 100 7 7 7 7 100 100 7 7 1 1 1 1 1 1 1 1 1 1 1 1 1 1 1 1 1 1 1 1 1 1 1 1 1 1 1 1 1 1 1 1 1 1 1 1 1 1 1 1 1 1 1 1 1 1 1 1 1 1 1 1 1 1 1 1 1 1 1 1 1 1 1 1 1 1 1 1 1 12 12 12 12 12 12 12 12 12 12 12 12 12 12 12 12 12 12 12 12 12 12 12 12 12 12 12 12 12 12 12 12 12 12 12 12 12 12 12 12 12 12 12 12 12 12 12 12 12 12 12 12 12 12 12 12 12 12 12 12 12 12 9 9 9 9 9 9 9 9 9 9 9 9 9 9 9 9 9 9 9 9 10 10 10 10 10 10 10 10 10 10 10 10 10 10 10 10 10 10 10 10 10 10 10 10 10 10 10 10 10 10 10 10 10 10 10 10 10 10 10 10 10 10 10 10 1
staticfield sun/misc/Unsafe theUnsafe Lsun/misc/Unsafe; sun/misc/Unsafe
staticfield sun/misc/Unsafe ARRAY_BOOLEAN_BASE_OFFSET I 16
staticfield sun/misc/Unsafe ARRAY_BYTE_BASE_OFFSET I 16
staticfield sun/misc/Unsafe ARRAY_SHORT_BASE_OFFSET I 16
staticfield sun/misc/Unsafe ARRAY_CHAR_BASE_OFFSET I 16
staticfield sun/misc/Unsafe ARRAY_INT_BASE_OFFSET I 16
staticfield sun/misc/Unsafe ARRAY_LONG_BASE_OFFSET I 16
staticfield sun/misc/Unsafe ARRAY_FLOAT_BASE_OFFSET I 16
staticfield sun/misc/Unsafe ARRAY_DOUBLE_BASE_OFFSET I 16
staticfield sun/misc/Unsafe ARRAY_OBJECT_BASE_OFFSET I 16
staticfield sun/misc/Unsafe ARRAY_BOOLEAN_INDEX_SCALE I 1
staticfield sun/misc/Unsafe ARRAY_BYTE_INDEX_SCALE I 1
staticfield sun/misc/Unsafe ARRAY_SHORT_INDEX_SCALE I 2
staticfield sun/misc/Unsafe ARRAY_CHAR_INDEX_SCALE I 2
staticfield sun/misc/Unsafe ARRAY_INT_INDEX_SCALE I 4
staticfield sun/misc/Unsafe ARRAY_LONG_INDEX_SCALE I 8
staticfield sun/misc/Unsafe ARRAY_FLOAT_INDEX_SCALE I 4
staticfield sun/misc/Unsafe ARRAY_DOUBLE_INDEX_SCALE I 8
staticfield sun/misc/Unsafe ARRAY_OBJECT_INDEX_SCALE I 4
staticfield sun/misc/Unsafe ADDRESS_SIZE I 8
instanceKlass com/sun/org/apache/xerces/internal/impl/XMLEntityManager$RewindableInputStream
instanceKlass org/codehaus/plexus/archiver/bzip2/CBZip2InputStream
instanceKlass org/apache/commons/compress/compressors/CompressorInputStream
instanceKlass org/apache/commons/compress/archivers/ArchiveInputStream
instanceKlass org/codehaus/plexus/components/io/resources/ClosingInputStream
instanceKlass sun/nio/ch/ChannelInputStream
instanceKlass java/util/zip/ZipFile$ZipFileInputStream
instanceKlass java/io/FilterInputStream
instanceKlass java/io/FileInputStream
instanceKlass java/io/ByteArrayInputStream
ciInstanceKlass java/io/InputStream 1 1 61 8 1 1 1 1 1 1 1 1 1 1 1 1 1 1 1 1 1 1 1 1 1 1 1 1 1 1 1 1 1 1 1 1 1 1 1 3 5 0 100 100 100 7 100 100 100 7 12 12 12 12 12 10 10 10 10 10 10 10 1
ciInstanceKlass java/io/ByteArrayInputStream 1 1 62 1 1 1 1 1 1 1 1 1 1 1 1 1 1 1 1 1 1 1 1 1 1 1 1 1 1 1 1 1 1 1 1 1 1 1 1 7 100 7 100 7 100 7 1 12 12 12 12 12 12 12 9 9 9 9 10 10 10 10 10 1
ciInstanceKlass java/io/File 1 1 582 8 8 8 8 8 8 8 8 8 8 8 8 8 8 8 8 8 8 8 7 1 1 1 1 1 1 1 1 1 1 1 1 1 1 1 1 1 1 1 1 1 1 1 1 1 1 1 1 1 1 1 1 1 1 1 1 1 1 1 1 1 1 1 1 1 1 1 1 1 1 1 1 1 1 1 1 1 1 1 1 1 1 1 1 1 1 1 1 1 1 1 1 1 1 1 1 1 1 1 1 1 1 1 1 1 1 1 1 1 1 1 1 1 1 1 1 1 1 1 1 1 1 1 1 1 1 1 1 1 1 1 1 1 1 1 1 1 1 1 1 1 1 1 1 1 1 1 1 1 1 1 1 1 1 1 1 1 1 1 1 1 1 1 1 1 1 1 1 1 1 1 1 1 1 1 1 1 1 1 1 1 1 1 1 1 1 1 1 1 1 1 1 1 1 1 1 1 1 1 1 1 1 1 1 1 1 1 1 1 1 1 1 1 1 1 1 1 1 1 1 1 1 1 1 1 1 1 1 1 1 1 1 1 1 1 1 1 1 5 0 7 100 7 100 7 100 100 7 7 100 100 100 100 100 100 7 100 100 100 100 100 7 100 100 100 100 7 7 7 100 100 7 100 100 7 7 100 7 100 7 1 1 1 1 1 1 1 1 1 1 1 1 1 1 1 1 1 1 1 1 1 1 1 1 1 1 1 1 1 1 1 1 1 1 1 1 1 1 1 1 1 1 1 1 1 1 1 1 1 1 1 1 1 1 1 12 12 12 12 12 12 12 12 12 12 12 12 12 12 12 12 12 12 12 12 12 12 12 12 12 12 12 12 12 12 12 12 12 12 12 12 12 12 12 12 12 12 12 12 12 12 12 12 12 12 12 12 12 12 12 12 12 12 12 12 12 12 12 12 12 12 12 12 12 12 12 12 12 12 12 12 12 12 12 12 12 12 12 12 12 12 12 12 12 12 12 12 12 12 12 12 12 12 12 12 12 12 12 12 12 12 12 12 12 12 12 12 12 12 12 9 9 9 9 9 9 9 9 9 9 9 9 9 9 9 10 10 10 10 10 10 10 10 10 10 10 10 10 10 10 10 10 10 10 10 10 10 10 10 10 10 10 10 10 10 10 10 10 10 10 10 10 10 10 10 10 10 10 10 10 10 10 10 10 10 10 10 10 10 10 10 10 10 10 10 10 10 10 10 10 10 10 10 10 10 10 10 10 10 10 10 10 10 10 10 10 10 10 10 10 10 10 10 10 10 10 10 10 10 10 10 10 10 10 10 10 10 10 10 10 10 10 11 11 11 11 11 1 1 1 1
staticfield java/io/File fs Ljava/io/FileSystem; java/io/WinNTFileSystem
staticfield java/io/File separatorChar C 92
staticfield java/io/File separator Ljava/lang/String; "\"
staticfield java/io/File pathSeparatorChar C 59
staticfield java/io/File pathSeparator Ljava/lang/String; ";"
staticfield java/io/File PATH_OFFSET J 16
staticfield java/io/File PREFIX_LENGTH_OFFSET J 12
staticfield java/io/File UNSAFE Lsun/misc/Unsafe; sun/misc/Unsafe
staticfield java/io/File $assertionsDisabled Z 1
instanceKlass java/net/FactoryURLClassLoader
instanceKlass org/codehaus/plexus/classworlds/realm/ClassRealm
instanceKlass sun/misc/Launcher$ExtClassLoader
instanceKlass sun/misc/Launcher$AppClassLoader
ciInstanceKlass java/net/URLClassLoader 1 1 524 8 8 8 8 8 8 8 8 8 8 8 8 1 1 1 1 1 1 1 1 1 1 1 1 1 1 1 1 1 1 1 1 1 1 1 1 1 1 1 1 1 1 1 1 1 1 1 1 1 1 1 1 1 1 1 1 1 1 1 1 1 1 1 1 1 1 1 1 1 1 1 1 1 1 1 1 1 1 1 1 1 1 1 1 1 1 1 1 1 1 1 1 1 1 1 1 1 1 1 1 1 1 1 1 1 1 1 1 1 1 1 1 1 1 1 1 1 1 1 1 1 1 1 1 1 1 1 1 1 1 1 1 1 1 1 1 1 1 1 1 1 1 1 1 1 1 1 1 1 1 1 1 1 1 1 1 1 1 1 1 1 1 1 1 1 1 1 1 1 1 1 1 1 1 1 1 1 1 1 1 1 1 1 1 1 1 1 1 1 1 1 1 1 100 100 7 7 100 100 100 7 7 7 100 100 7 100 100 100 7 100 7 100 7 100 7 7 7 7 7 100 100 7 7 7 100 100 100 7 7 7 7 7 7 7 7 7 7 7 7 100 7 7 7 7 7 7 100 7 1 1 1 1 1 1 1 1 1 1 1 1 1 1 1 1 1 1 1 1 1 1 1 1 1 1 1 1 1 1 1 1 1 1 1 1 1 1 1 1 1 1 1 1 1 1 1 1 1 1 1 1 1 1 1 1 1 1 1 1 1 1 1 1 1 1 1 1 1 1 12 12 12 12 12 12 12 12 12 12 12 12 12 12 12 12 12 12 12 12 12 12 12 12 12 12 12 12 12 12 12 12 12 12 12 12 12 12 12 12 12 12 12 12 12 12 12 12 12 12 12 12 12 12 12 12 12 12 12 12 12 12 12 12 12 12 12 12 12 12 12 12 12 12 12 12 12 12 12 12 12 12 12 12 12 12 12 12 12 12 12 12 12 12 12 12 12 9 9 9 9 9 9 9 9 9 9 9 9 10 10 10 10 10 10 10 10 10 10 10 10 10 10 10 10 10 10 10 10 10 10 10 10 10 10 10 10 10 10 10 10 10 10 10 10 10 10 10 10 10 10 10 10 10 10 10 10 10 10 10 10 10 10 10 10 10 10 10 10 10 10 10 10 10 10 10 10 10 10 10 10 10 10 10 10 10 10 10 10 10 10 10 10 10 10 11 11 11 11 11 11 11 11 11
ciInstanceKlass java/net/URL 1 1 584 8 8 8 8 8 8 8 8 8 8 8 8 8 8 8 8 8 8 8 8 8 8 8 8 8 8 7 1 1 1 1 1 1 1 1 1 1 1 1 1 1 1 1 1 1 1 1 1 1 1 1 1 1 1 1 1 1 1 1 1 1 1 1 1 1 1 1 1 1 1 1 1 1 1 1 1 1 1 1 1 1 1 1 1 1 1 1 1 1 1 1 1 1 1 1 1 1 1 1 1 1 1 1 1 1 1 1 1 1 1 1 1 1 1 1 1 1 1 1 1 1 1 1 1 1 1 1 1 1 1 1 1 1 1 1 1 1 1 1 1 1 1 1 1 1 1 1 1 1 1 1 1 1 1 1 1 1 1 1 1 1 1 1 1 1 1 1 1 1 1 1 1 1 1 1 1 1 1 1 1 1 1 1 1 1 1 1 1 1 1 1 1 1 1 1 1 1 1 1 1 1 1 1 1 1 1 1 1 1 1 1 1 1 1 1 1 1 1 1 1 1 1 1 1 1 1 1 1 1 1 1 1 1 1 1 1 5 0 100 100 100 100 100 100 7 100 7 7 100 100 100 100 100 7 7 100 100 7 7 100 100 100 100 7 100 100 100 100 7 7 7 100 100 100 7 7 7 100 7 7 7 100 1 1 1 1 1 1 1 1 1 1 1 1 1 1 1 1 1 1 1 1 1 1 1 1 1 1 1 1 1 1 1 1 1 1 1 1 1 1 1 1 1 1 1 1 1 1 1 1 1 1 1 1 1 1 1 12 12 12 12 12 12 12 12 12 12 12 12 12 12 12 12 12 12 12 12 12 12 12 12 12 12 12 12 12 12 12 12 12 12 12 12 12 12 12 12 12 12 12 12 12 12 12 12 12 12 12 12 12 12 12 12 12 12 12 12 12 12 12 12 12 12 12 12 12 12 12 12 12 12 12 12 12 12 12 12 12 12 12 12 12 12 12 12 12 12 12 12 12 12 12 12 12 12 12 12 12 12 12 12 12 12 12 12 12 12 12 12 12 12 12 9 9 9 9 9 9 9 9 9 9 9 9 9 9 9 9 9 9 9 9 9 10 10 10 10 10 10 10 10 10 10 10 10 10 10 10 10 10 10 10 10 10 10 10 10 10 10 10 10 10 10 10 10 10 10 10 10 10 10 10 10 10 10 10 10 10 10 10 10 10 10 10 10 10 10 10 10 10 10 10 10 10 10 10 10 10 10 10 10 10 10 10 10 10 10 10 10 10 10 10 10 10 10 10 10 10 10 10 10 10 10 10 10 10 10 10 10 10 10 10 10 10 10 10 10 10 10 10 10 11 1
staticfield java/net/URL serialPersistentFields [Ljava/io/ObjectStreamField; 7 [Ljava/io/ObjectStreamField;
instanceKlass org/codehaus/plexus/archiver/jar/Manifest
ciInstanceKlass java/util/jar/Manifest 1 1 256 8 8 8 8 8 8 8 1 1 1 1 1 1 1 1 1 1 1 1 1 1 1 1 1 1 1 1 1 1 1 1 1 1 1 1 1 1 1 1 1 1 1 1 1 1 1 1 1 1 1 1 1 1 1 1 1 1 1 1 1 1 1 1 1 1 1 1 1 1 1 1 1 1 1 1 1 1 1 1 1 1 1 1 1 1 1 1 1 1 1 1 1 1 1 1 1 1 1 1 1 100 100 100 100 100 100 7 7 100 7 100 100 7 7 100 7 100 100 7 100 7 7 1 1 1 1 1 1 1 1 1 1 1 1 1 1 1 1 1 1 1 1 1 1 1 1 1 12 12 12 12 12 12 12 12 12 12 12 12 12 12 12 12 12 12 12 12 12 12 12 12 12 12 12 12 12 12 12 12 12 12 12 12 12 12 12 12 12 12 12 12 12 12 12 12 9 9 9 10 10 10 10 10 10 10 10 10 10 10 10 10 10 10 10 10 10 10 10 10 10 10 10 10 10 10 10 10 10 10 10 10 10 10 10 10 10 10 10 10 10 10 11 11 11 11 11 11 11 11 11 11 11 11 1 1
ciInstanceKlass sun/misc/Launcher 1 1 222 8 8 8 8 8 8 8 8 8 8 1 1 1 1 1 1 1 1 1 1 1 1 1 1 1 1 1 1 1 1 1 1 1 1 1 1 1 1 1 1 1 1 1 1 1 1 1 1 1 1 1 1 1 1 1 1 1 1 1 1 1 1 1 1 1 1 1 1 1 1 1 1 1 1 1 1 1 1 1 1 1 1 1 1 1 1 1 1 1 1 1 1 1 1 1 1 1 1 1 1 100 100 7 100 100 100 100 100 100 100 100 7 100 7 100 7 7 100 7 7 100 7 7 7 7 7 1 1 1 1 1 1 1 1 1 1 1 1 1 1 1 1 1 1 1 1 1 1 1 12 12 12 12 12 12 12 12 12 12 12 12 12 12 12 12 12 12 12 12 12 12 12 12 12 12 12 12 12 12 12 12 9 9 9 9 9 9 10 10 10 10 10 10 10 10 10 10 10 10 10 10 10 10 10 10 10 10 10 10 10 10 10 10 10 10 10 10 1 1 1 1
ciInstanceKlass sun/misc/Launcher$AppClassLoader 1 1 201 8 8 7 1 1 1 1 1 1 1 1 1 1 1 1 1 1 1 1 1 1 1 1 1 1 1 1 1 1 1 1 1 1 1 1 1 1 1 1 1 1 1 1 1 1 1 1 1 1 1 1 1 1 1 1 1 1 1 1 1 1 1 1 1 1 1 1 1 1 1 1 1 1 1 1 1 1 1 1 1 100 100 100 100 100 7 7 100 7 100 7 7 100 100 7 100 7 100 7 100 7 7 7 100 7 7 1 1 1 1 1 1 1 1 1 1 1 1 1 1 1 1 1 1 1 1 1 1 1 1 1 12 12 12 12 12 12 12 12 12 12 12 12 12 12 12 12 12 12 12 12 12 12 12 12 12 12 12 12 12 12 12 12 12 9 9 10 10 10 10 10 10 10 10 10 10 10 10 10 10 10 10 10 10 10 10 10 10 10 10 10 10 10 10 10 10 10 10 11 1
staticfield sun/misc/Launcher$AppClassLoader $assertionsDisabled Z 1
ciInstanceKlass sun/misc/Launcher$ExtClassLoader 1 1 243 8 8 8 7 1 1 1 1 1 1 1 1 1 1 1 1 1 1 1 1 1 1 1 1 1 1 1 1 1 1 1 1 1 1 1 1 1 1 1 1 1 1 1 1 1 1 1 1 1 1 1 1 1 1 1 1 1 1 1 1 1 1 1 1 1 1 1 1 1 1 1 1 1 1 1 1 1 1 1 1 1 1 1 1 1 1 1 1 1 1 1 1 1 1 1 100 100 100 100 7 100 7 100 7 7 100 100 100 7 7 100 100 100 7 100 100 100 7 7 7 7 7 100 7 7 100 1 1 1 1 1 1 1 1 1 1 1 1 1 1 1 1 1 1 1 1 1 1 1 1 1 1 1 12 12 12 12 12 12 12 12 12 12 12 12 12 12 12 12 12 12 12 12 12 12 12 12 12 12 12 12 12 12 12 12 12 12 12 12 12 12 12 12 12 12 12 9 9 10 10 10 10 10 10 10 10 10 10 10 10 10 10 10 10 10 10 10 10 10 10 10 10 10 10 10 10 10 10 10 10 10 10 10 10 10 10 10 10 10 11 11 1
ciInstanceKlass java/security/CodeSource 1 1 324 8 8 8 8 8 8 8 8 8 8 8 8 8 8 1 1 1 1 1 1 1 1 1 1 1 1 1 1 1 1 1 1 1 1 1 1 1 1 1 1 1 1 1 1 1 1 1 1 1 1 1 1 1 1 1 1 1 1 1 1 1 1 1 1 1 1 1 1 1 1 1 1 1 1 1 1 1 1 1 1 1 1 1 1 1 1 1 1 1 1 1 1 1 1 1 1 1 1 1 1 1 1 1 1 1 1 1 1 1 1 1 1 1 1 1 1 1 1 1 1 1 1 1 1 1 1 1 1 1 1 1 1 1 1 1 1 5 0 100 100 100 100 100 100 100 100 100 7 100 100 100 7 100 7 100 100 100 100 100 100 100 100 100 100 1 1 1 1 1 1 1 1 1 1 1 1 1 1 1 1 1 1 1 1 1 1 1 1 1 12 12 12 12 12 12 12 12 12 12 12 12 12 12 12 12 12 12 12 12 12 12 12 12 12 12 12 12 12 12 12 12 12 12 12 12 12 12 12 12 12 12 12 12 12 12 12 12 12 12 12 12 12 12 12 12 12 12 12 12 12 9 9 9 9 9 10 10 10 10 10 10 10 10 10 10 10 10 10 10 10 10 10 10 10 10 10 10 10 10 10 10 10 10 10 10 10 10 10 10 10 10 10 10 10 10 10 10 10 10 10 10 10 10 10 10 10 10 10 10 10 10 10 10 10 10 10 10 10 11 11 11 11 1
ciInstanceKlass java/lang/StackTraceElement 1 1 98 8 8 8 8 8 8 8 8 1 1 1 1 1 1 1 1 1 1 1 1 1 1 1 1 1 1 1 1 1 1 1 1 1 1 1 1 1 1 1 1 1 1 1 1 1 1 1 1 1 1 1 5 0 100 100 7 100 7 100 1 1 1 1 1 1 12 12 12 12 12 12 12 12 12 12 12 12 12 12 12 9 9 9 9 10 10 10 10 10 10 10 10 10 10 10 10 1
instanceKlass java/nio/LongBuffer
instanceKlass java/nio/CharBuffer
instanceKlass java/nio/ByteBuffer
ciInstanceKlass java/nio/Buffer 1 1 132 8 8 8 8 8 8 8 8 7 1 1 1 1 1 1 1 1 1 1 1 1 1 1 1 1 1 1 1 1 1 1 1 1 1 1 1 1 1 1 1 1 1 1 1 1 1 1 1 1 1 1 1 1 1 1 1 1 1 1 1 1 1 1 1 1 1 1 1 1 1 1 1 1 1 1 1 1 3 100 7 100 100 7 100 100 100 100 100 1 1 1 1 1 1 12 12 12 12 12 12 12 12 12 12 12 12 12 12 12 9 9 9 9 9 10 10 10 10 10 10 10 10 10 10 10 10 10 10 10 10 1
staticfield java/nio/Buffer $assertionsDisabled Z 1
ciInstanceKlass java/lang/Boolean 1 1 110 8 8 8 1 1 1 1 1 1 1 1 1 1 1 1 1 1 1 1 1 1 1 1 1 1 1 1 1 1 1 1 1 1 1 1 1 1 1 1 1 1 1 1 1 1 1 1 1 1 1 1 1 1 1 1 1 1 1 1 1 5 0 100 7 7 100 100 100 7 100 7 7 1 1 1 1 1 1 1 1 12 12 12 12 12 12 12 12 12 12 12 12 12 12 9 9 9 9 10 10 10 10 10 10 10 10 10 10 1
staticfield java/lang/Boolean TRUE Ljava/lang/Boolean; java/lang/Boolean
staticfield java/lang/Boolean FALSE Ljava/lang/Boolean; java/lang/Boolean
staticfield java/lang/Boolean TYPE Ljava/lang/Class; java/lang/Class
ciInstanceKlass java/lang/Character 1 1 459 3 3 3 3 3 3 3 3 8 8 7 1 1 1 1 1 1 1 1 1 1 1 1 1 1 1 1 1 1 1 1 1 1 1 1 1 1 1 1 1 1 1 1 1 1 1 1 1 1 1 1 1 1 1 1 1 1 1 1 1 1 1 1 1 1 1 1 1 1 1 1 1 1 1 1 1 1 1 1 1 1 1 1 1 1 1 1 1 1 1 1 1 1 1 1 1 1 1 1 1 1 1 1 1 1 1 1 1 1 1 1 1 1 1 1 1 1 1 1 1 1 1 1 1 1 1 1 1 1 1 1 1 1 1 1 1 1 1 1 1 1 1 1 1 1 1 1 1 1 1 1 1 1 1 1 1 1 1 1 1 1 1 1 1 1 1 1 1 1 1 1 1 1 1 1 1 1 1 1 1 1 1 1 1 1 1 1 1 1 1 1 1 1 1 1 1 1 1 1 1 1 1 1 1 1 1 1 1 1 1 1 1 1 1 1 1 1 1 1 1 1 1 1 1 3 3 3 3 3 3 3 3 3 3 3 3 3 3 3 3 3 3 3 3 3 3 3 3 3 3 3 3 3 3 3 3 3 3 3 3 3 5 0 5 0 100 100 7 7 100 100 100 7 100 7 100 100 100 100 7 7 100 100 1 1 1 1 1 1 1 1 1 1 1 1 1 1 1 12 12 12 12 12 12 12 12 12 12 12 12 12 12 12 12 12 12 12 12 12 12 12 12 12 12 12 12 12 12 12 12 12 12 12 12 12 12 12 12 12 12 12 12 12 12 12 12 12 12 12 12 12 12 12 12 12 12 12 12 12 12 12 12 12 12 12 12 9 9 9 9 9 10 10 10 10 10 10 10 10 10 10 10 10 10 10 10 10 10 10 10 10 10 10 10 10 10 10 10 10 10 10 10 10 10 10 10 10 10 10 10 10 10 10 10 10 10 10 10 10 10 10 10 10 10 10 10 10 10 10 10 10 10 10 10 10 10 10 10 10 10 10 10 10 10 10 10 10 10 10 10 10 11 11 1 1 1 1 1
staticfield java/lang/Character TYPE Ljava/lang/Class; java/lang/Class
staticfield java/lang/Character $assertionsDisabled Z 1
instanceKlass java/math/BigInteger
instanceKlass java/util/concurrent/atomic/AtomicLong
instanceKlass java/util/concurrent/atomic/AtomicInteger
instanceKlass java/lang/Long
instanceKlass java/lang/Integer
instanceKlass java/lang/Short
instanceKlass java/lang/Byte
instanceKlass java/lang/Double
instanceKlass java/lang/Float
ciInstanceKlass java/lang/Number 1 1 34 1 1 1 1 1 1 1 1 1 1 1 1 1 1 1 1 1 1 1 1 1 1 1 5 0 100 100 7 12 12 10 10 1
ciInstanceKlass java/lang/Float 1 1 169 3 3 3 4 4 4 4 8 8 8 1 1 1 1 1 1 1 1 1 1 1 1 1 1 1 1 1 1 1 1 1 1 1 1 1 1 1 1 1 1 1 1 1 1 1 1 1 1 1 1 1 1 1 1 1 1 1 1 1 1 1 1 1 1 1 1 1 1 1 1 1 1 1 1 1 1 1 1 1 1 1 1 1 1 1 1 1 1 1 1 1 1 1 1 1 1 1 1 3 3 3 3 4 4 5 0 7 100 100 7 100 7 7 100 7 1 1 1 1 1 1 1 1 1 12 12 12 12 12 12 12 12 12 12 12 12 12 12 12 12 12 12 12 12 12 9 9 10 10 10 10 10 10 10 10 10 10 10 10 10 10 10 10 10 10 10 10 1
staticfield java/lang/Float TYPE Ljava/lang/Class; java/lang/Class
ciInstanceKlass java/lang/Double 1 1 223 8 8 8 8 8 8 8 8 8 8 1 1 1 1 1 1 1 1 1 1 1 1 1 1 1 1 1 1 1 1 1 1 1 1 1 1 1 1 1 1 1 1 1 1 1 1 1 1 1 1 1 1 1 1 1 1 1 1 1 1 1 1 1 1 1 1 1 1 1 1 1 1 1 1 1 1 1 1 1 1 1 1 1 1 1 1 1 1 1 1 1 1 1 1 1 1 1 1 1 1 1 1 1 1 1 1 1 1 1 1 1 3 3 3 3 5 0 5 0 5 0 5 0 5 0 6 0 6 0 6 0 6 0 6 0 6 0 6 0 7 100 7 100 100 7 7 100 100 7 1 1 1 1 1 1 1 1 1 1 1 12 12 12 12 12 12 12 12 12 12 12 12 12 12 12 12 12 12 12 12 12 12 12 12 12 12 12 12 12 12 9 9 10 10 10 10 10 10 10 10 10 10 10 10 10 10 10 10 10 10 10 10 10 10 10 10 10 10 10 10 10 1
staticfield java/lang/Double TYPE Ljava/lang/Class; java/lang/Class
ciInstanceKlass java/lang/Byte 1 1 153 8 8 8 8 8 1 1 1 1 1 1 1 1 1 1 1 1 1 1 1 1 1 1 1 1 1 1 1 1 1 1 1 1 1 1 1 1 1 1 1 1 1 1 1 1 1 1 1 1 1 1 1 1 1 1 1 1 1 1 1 1 1 1 1 1 1 1 1 1 1 1 1 1 1 1 1 1 3 3 3 3 5 0 5 0 7 7 7 100 100 7 7 100 1 1 1 1 1 1 1 1 1 1 1 1 1 1 12 12 12 12 12 12 12 12 12 12 12 12 12 12 12 12 12 12 12 12 12 9 9 9 10 10 10 10 10 10 10 10 10 10 10 10 10 10 10 10 10 10 10 1 1
staticfield java/lang/Byte TYPE Ljava/lang/Class; java/lang/Class
ciInstanceKlass java/lang/Short 1 1 159 3 3 8 8 8 8 8 1 1 1 1 1 1 1 1 1 1 1 1 1 1 1 1 1 1 1 1 1 1 1 1 1 1 1 1 1 1 1 1 1 1 1 1 1 1 1 1 1 1 1 1 1 1 1 1 1 1 1 1 1 1 1 1 1 1 1 1 1 1 1 1 1 1 1 1 1 1 1 1 1 1 3 3 3 3 5 0 5 0 7 100 100 7 7 7 7 100 1 1 1 1 1 1 1 1 1 1 1 1 1 1 12 12 12 12 12 12 12 12 12 12 12 12 12 12 12 12 12 12 12 12 12 12 9 9 9 10 10 10 10 10 10 10 10 10 10 10 10 10 10 10 10 10 10 10 10 1 1
staticfield java/lang/Short TYPE Ljava/lang/Class; java/lang/Class
ciInstanceKlass java/lang/Integer 1 1 313 3 3 3 3 3 3 3 3 3 3 3 3 3 3 3 8 8 8 8 8 8 8 8 8 8 8 8 8 8 8 8 1 1 1 1 1 1 1 1 1 1 1 1 1 1 1 1 1 1 1 1 1 1 1 1 1 1 1 1 1 1 1 1 1 1 1 1 1 1 1 1 1 1 1 1 1 1 1 1 1 1 1 1 1 1 1 1 1 1 1 1 1 1 1 1 1 1 1 1 1 1 1 1 1 1 1 1 1 1 1 1 1 1 1 1 1 1 1 1 1 1 1 1 1 1 1 1 1 1 1 1 1 1 1 1 1 1 1 1 1 1 1 1 1 1 1 1 1 1 1 1 1 1 1 1 1 1 1 1 1 1 1 1 1 1 1 1 1 1 1 1 3 3 5 0 5 0 5 0 100 7 7 100 100 7 7 100 7 100 7 7 100 100 7 100 7 1 1 1 1 1 1 1 1 1 1 1 1 1 1 1 1 1 12 12 12 12 12 12 12 12 12 12 12 12 12 12 12 12 12 12 12 12 12 12 12 12 12 12 12 12 12 12 12 12 12 12 12 12 12 12 12 12 12 12 12 12 12 12 12 12 9 9 9 9 9 9 9 9 10 10 10 10 10 10 10 10 10 10 10 10 10 10 10 10 10 10 10 10 10 10 10 10 10 10 10 10 10 10 10 10 10 10 10 10 10 10 10 10 10 1 1
staticfield java/lang/Integer TYPE Ljava/lang/Class; java/lang/Class
staticfield java/lang/Integer digits [C 36
staticfield java/lang/Integer DigitTens [C 100
staticfield java/lang/Integer DigitOnes [C 100
staticfield java/lang/Integer sizeTable [I 10
ciInstanceKlass java/lang/Long 1 1 360 3 3 8 8 8 8 8 8 8 8 8 8 8 8 8 8 8 8 8 1 1 1 1 1 1 1 1 1 1 1 1 1 1 1 1 1 1 1 1 1 1 1 1 1 1 1 1 1 1 1 1 1 1 1 1 1 1 1 1 1 1 1 1 1 1 1 1 1 1 1 1 1 1 1 1 1 1 1 1 1 1 1 1 1 1 1 1 1 1 1 1 1 1 1 1 1 1 1 1 1 1 1 1 1 1 1 1 1 1 1 1 1 1 1 1 1 1 1 1 1 1 1 1 1 1 1 1 1 1 1 1 1 1 1 1 1 1 1 1 1 1 1 1 1 1 1 1 1 1 1 1 1 1 1 1 1 1 1 1 1 1 1 1 1 1 3 3 5 0 5 0 5 0 5 0 5 0 5 0 5 0 5 0 5 0 5 0 5 0 5 0 5 0 5 0 5 0 100 7 7 100 100 7 7 7 7 100 7 7 100 100 7 100 100 100 1 1 1 1 1 1 1 1 1 1 1 1 1 1 1 1 1 1 1 1 1 1 12 12 12 12 12 12 12 12 12 12 12 12 12 12 12 12 12 12 12 12 12 12 12 12 12 12 12 12 12 12 12 12 12 12 12 12 12 12 12 12 12 12 12 12 12 12 12 12 12 12 12 12 12 12 12 12 12 12 12 9 9 9 9 9 9 10 10 10 10 10 10 10 10 10 10 10 10 10 10 10 10 10 10 10 10 10 10 10 10 10 10 10 10 10 10 10 10 10 10 10 10 10 10 10 10 10 10 10 10 10 10 10 10 10 10 10 10 10 10 10 1 1
staticfield java/lang/Long TYPE Ljava/lang/Class; java/lang/Class
ciInstanceKlass java/lang/NullPointerException 1 1 21 1 1 1 1 1 1 1 1 1 1 1 5 0 100 7 12 12 10 10 1
ciInstanceKlass java/lang/ArithmeticException 1 1 21 1 1 1 1 1 1 1 1 1 1 1 5 0 100 100 12 12 10 10 1
ciInstanceKlass java/util/Collection 1 1 87 1 1 1 1 1 1 1 1 1 1 1 1 1 1 1 1 1 1 1 1 1 1 1 1 1 1 1 1 1 1 1 1 1 1 1 1 1 1 1 1 1 1 100 100 7 100 100 100 100 7 1 1 1 1 1 1 1 1 1 1 1 1 1 1 1 1 1 12 12 12 12 12 12 12 12 12 10 10 10 11 11 11 11 11 11 1
ciInstanceKlass java/util/List 1 1 112 1 1 1 1 1 1 1 1 1 1 1 1 1 1 1 1 1 1 1 1 1 1 1 1 1 1 1 1 1 1 1 1 1 1 1 1 1 1 1 1 1 1 1 1 1 1 1 1 1 1 1 1 100 100 100 100 100 100 100 100 100 100 1 1 1 1 1 1 1 1 1 1 1 1 1 1 1 1 1 1 1 1 1 1 1 1 1 1 1 1 1 1 12 12 12 12 12 12 12 12 12 10 10 10 11 11 11 11 11 11 1
instanceKlass com/sun/tools/javac/util/List
instanceKlass java/util/concurrent/ConcurrentLinkedDeque
instanceKlass java/util/AbstractMap$2
instanceKlass org/eclipse/sisu/inject/MildElements
instanceKlass org/eclipse/sisu/inject/MildValues$1
instanceKlass com/google/common/collect/AbstractMapBasedMultimap$WrappedCollection
instanceKlass com/google/common/collect/Maps$Values
instanceKlass com/google/common/collect/AbstractMultimap$Values
instanceKlass java/util/TreeMap$Values
instanceKlass com/google/common/collect/ImmutableCollection
instanceKlass java/util/AbstractQueue
instanceKlass java/util/LinkedHashMap$LinkedValues
instanceKlass java/util/HashMap$Values
instanceKlass java/util/ArrayDeque
instanceKlass java/util/AbstractSet
instanceKlass java/util/AbstractList
ciInstanceKlass java/util/AbstractCollection 1 1 143 3 3 8 8 8 1 1 1 1 1 1 1 1 1 1 1 1 1 1 1 1 1 1 1 1 1 1 1 1 1 1 1 1 1 1 1 1 1 1 1 1 1 1 1 1 1 1 1 1 1 1 1 1 1 1 1 1 1 1 1 1 1 1 1 1 7 7 7 100 7 100 100 7 7 100 7 7 100 1 1 1 1 1 1 1 1 1 1 1 1 1 1 1 1 1 12 12 12 12 12 12 12 12 12 12 12 12 12 12 12 12 12 12 12 12 12 10 10 10 10 10 10 10 10 10 10 10 10 10 10 10 10 10 10 10 10 11 11 11 11 11 1
instanceKlass com/sun/tools/javac/model/FilteredMemberList
instanceKlass org/eclipse/aether/util/graph/visitor/Stack
instanceKlass org/apache/maven/model/merge/ModelMerger$MergingList
instanceKlass java/util/Collections$SingletonList
instanceKlass java/util/ArrayList$SubList
instanceKlass sun/security/jca/ProviderList$3
instanceKlass com/google/common/collect/Lists$TransformingRandomAccessList
instanceKlass java/util/AbstractSequentialList
instanceKlass java/util/SubList
instanceKlass java/util/Arrays$ArrayList
instanceKlass java/util/Collections$EmptyList
instanceKlass java/util/ArrayList
instanceKlass java/util/Vector
ciInstanceKlass java/util/AbstractList 1 1 167 8 8 1 1 1 1 1 1 1 1 1 1 1 1 1 1 1 1 1 1 1 1 1 1 1 1 1 1 1 1 1 1 1 1 1 1 1 1 1 1 1 1 1 1 1 1 1 1 1 1 1 1 1 1 1 1 1 1 1 1 1 1 1 1 1 1 1 1 1 100 7 100 100 7 7 100 7 7 100 7 7 7 7 7 100 1 1 1 1 1 1 1 1 1 1 1 1 1 1 1 1 1 1 1 1 12 12 12 12 12 12 12 12 12 12 12 12 12 12 12 12 12 12 12 12 12 12 12 12 12 12 9 10 10 10 10 10 10 10 10 10 10 10 10 10 10 10 10 10 10 10 10 10 11 11 11 11 11 11 11 11 11 11 11 1 1
instanceKlass org/apache/commons/collections/ArrayStack
instanceKlass org/apache/maven/artifact/versioning/ComparableVersion$ListItem
instanceKlass org/eclipse/sisu/bean/BeanScheduler$Pending
ciInstanceKlass java/util/ArrayList 1 1 356 3 3 8 8 8 8 8 8 8 8 7 7 1 1 1 1 1 1 1 1 1 1 1 1 1 1 1 1 1 1 1 1 1 1 1 1 1 1 1 1 1 1 1 1 1 1 1 1 1 1 1 1 1 1 1 1 1 1 1 1 1 1 1 1 1 1 1 1 1 1 1 1 1 1 1 1 1 1 1 1 1 1 1 1 1 1 1 1 1 1 1 1 1 1 1 1 1 1 1 1 1 1 1 1 1 1 1 1 1 1 1 1 1 1 1 1 1 1 1 1 1 1 1 1 1 1 1 1 1 1 1 1 1 1 1 1 1 1 1 1 1 1 1 1 1 1 1 1 1 1 1 1 1 3 5 0 100 100 100 100 100 100 100 100 100 100 7 7 100 100 7 100 7 7 7 7 7 7 7 7 100 100 7 100 7 7 100 100 100 1 1 1 1 1 1 1 1 1 1 1 1 1 1 1 1 1 1 1 1 1 1 1 1 1 1 1 1 1 1 1 1 1 1 1 1 1 1 1 1 1 1 1 1 1 1 1 1 1 1 1 12 12 12 12 12 12 12 12 12 12 12 12 12 12 12 12 12 12 12 12 12 12 12 12 12 12 12 12 12 12 12 12 12 12 12 12 12 12 12 12 12 12 12 12 12 12 12 12 12 12 12 12 12 9 9 9 9 9 10 10 10 10 10 10 10 10 10 10 10 10 10 10 10 10 10 10 10 10 10 10 10 10 10 10 10 10 10 10 10 10 10 10 10 10 10 10 10 10 10 10 10 10 10 10 11 11 11 11 11 11 1 1 1 1 1
staticfield java/util/ArrayList EMPTY_ELEMENTDATA [Ljava/lang/Object; 0 [Ljava/lang/Object;
staticfield java/util/ArrayList DEFAULTCAPACITY_EMPTY_ELEMENTDATA [Ljava/lang/Object; 0 [Ljava/lang/Object;
ciInstanceKlass java/util/Collections 1 1 675 8 8 1 1 1 1 1 1 1 1 1 1 1 1 1 1 1 1 1 1 1 1 1 1 1 1 1 1 1 1 1 1 1 1 1 1 1 1 1 1 1 1 1 1 1 1 1 1 1 1 1 1 1 1 1 1 1 1 1 1 1 1 1 1 1 1 1 1 1 1 1 1 1 1 1 1 1 1 1 1 1 1 1 1 1 1 1 1 1 1 1 1 1 1 1 1 1 1 1 1 1 1 1 1 1 1 1 1 1 1 1 1 1 1 1 1 1 1 1 1 1 1 1 1 1 1 1 1 1 1 1 1 1 1 1 1 1 1 1 1 1 1 1 1 1 1 1 1 1 1 1 1 1 1 1 1 1 1 1 1 1 1 1 1 1 1 1 1 1 1 1 1 1 1 1 1 1 1 1 1 1 1 1 1 1 1 1 1 1 1 1 1 1 1 1 1 1 1 3 3 3 3 3 3 3 3 100 7 100 100 7 100 100 7 7 7 7 100 7 100 100 100 100 100 100 100 100 100 100 100 100 7 7 7 100 7 7 7 100 7 7 7 7 100 100 7 100 100 7 7 100 100 7 7 7 100 100 100 7 7 100 100 100 7 7 7 100 100 7 7 1 1 1 1 1 1 1 1 1 1 1 1 1 1 1 1 1 1 1 1 1 1 1 1 1 1 1 1 1 1 1 1 1 1 1 1 1 1 1 1 1 1 1 1 1 1 1 1 1 1 1 1 1 1 1 1 1 1 1 1 1 1 1 1 1 1 1 1 1 1 1 1 1 1 1 1 1 1 1 1 1 1 1 1 1 1 1 1 1 1 1 1 1 1 1 1 1 1 1 1 1 1 1 1 1 1 1 1 1 1 1 1 1 1 1 1 1 1 1 1 1 1 1 1 1 1 1 1 1 1 1 1 1 1 1 1 1 1 1 1 1 1 1 1 1 1 1 1 1 1 1 1 1 1 1 1 1 1 1 1 1 1 1 1 1 1 1 1 1 1 1 1 1 12 12 12 12 12 12 12 12 12 12 12 12 12 12 12 12 12 12 12 12 12 12 12 12 12 12 12 12 12 12 12 12 12 12 12 12 12 12 12 12 12 12 12 12 12 12 12 12 12 12 12 12 12 12 12 12 12 12 12 12 12 12 12 12 12 12 12 12 12 12 12 12 12 12 12 12 12 12 12 12 12 9 9 9 9 9 9 9 9 9 10 10 10 10 10 10 10 10 10 10 10 10 10 10 10 10 10 10 10 10 10 10 10 10 10 10 10 10 10 10 10 10 10 10 10 10 10 10 10 10 10 10 10 10 10 10 10 10 10 10 10 10 10 10 10 10 10 10 10 10 10 10 10 10 10 10 10 10 10 10 10 10 10 10 10 10 11 11 11 11 11 11 11 11 11 11 11 11 11 11 11 11 11 11 11 11 11 11 1 1 1 1 1 1 1 1 1 1 1 1 1 1 1 1 1 1 1 1 1 1 1 1 1 1 1 1 1 1 1 1 1 1 1 1 1 1 1 1 1 1 1
staticfield java/util/Collections EMPTY_SET Ljava/util/Set; java/util/Collections$EmptySet
staticfield java/util/Collections EMPTY_LIST Ljava/util/List; java/util/Collections$EmptyList
staticfield java/util/Collections EMPTY_MAP Ljava/util/Map; java/util/Collections$EmptyMap
ciInstanceKlass java/util/Set 1 1 48 1 1 1 1 1 1 1 1 1 1 1 1 1 1 1 1 1 1 1 1 1 1 1 1 1 1 1 1 100 100 100 7 1 1 1 1 1 1 1 1 1 1 1 1 12 10 1
ciInstanceKlass java/util/Collections$EmptySet 1 1 82 1 1 1 1 1 1 1 1 1 1 1 1 1 1 1 1 1 1 1 1 1 1 1 1 1 1 1 1 1 1 1 1 1 1 1 1 1 1 1 5 0 100 100 7 100 7 100 7 100 100 1 1 1 1 1 1 1 1 1 1 1 1 1 1 1 1 12 12 12 12 12 12 9 10 10 10 10 10 11 1 1
ciInstanceKlass java/util/Collections$EmptyList 1 1 125 8 1 1 1 1 1 1 1 1 1 1 1 1 1 1 1 1 1 1 1 1 1 1 1 1 1 1 1 1 1 1 1 1 1 1 1 1 1 1 1 1 1 1 1 1 1 1 1 1 1 1 1 1 1 1 1 1 1 5 0 100 100 7 100 7 100 7 100 7 100 100 100 7 1 1 1 1 1 1 1 1 1 1 1 1 1 1 1 1 1 1 1 1 1 1 1 1 1 12 12 12 12 12 12 12 12 12 12 12 9 10 10 10 10 10 10 10 10 10 10 10 11 11 1
instanceKlass org/apache/maven/project/DefaultProjectBuilder$1
instanceKlass java/util/Collections$SingletonMap
instanceKlass org/eclipse/sisu/wire/EntryMapAdapter
instanceKlass com/google/common/collect/Maps$ViewCachingAbstractMap
instanceKlass com/google/common/collect/MapMakerInternalMap
instanceKlass org/eclipse/sisu/wire/MergedProperties
instanceKlass com/google/common/cache/LocalCache
instanceKlass java/util/EnumMap
instanceKlass java/util/TreeMap
instanceKlass java/util/IdentityHashMap
instanceKlass java/util/concurrent/ConcurrentHashMap
instanceKlass sun/util/PreHashedMap
instanceKlass java/util/WeakHashMap
instanceKlass java/util/HashMap
instanceKlass java/util/Collections$EmptyMap
ciInstanceKlass java/util/AbstractMap 1 1 152 8 8 1 1 1 1 1 1 1 1 1 1 1 1 1 1 1 1 1 1 1 1 1 1 1 1 1 1 1 1 1 1 1 1 1 1 1 1 1 1 1 1 1 1 1 1 1 1 1 1 1 1 1 1 1 1 1 1 1 1 1 100 7 100 7 100 100 7 7 7 100 100 100 7 7 7 7 1 1 1 1 1 1 1 1 1 1 1 1 1 1 1 1 1 1 1 12 12 12 12 12 12 12 12 12 12 12 12 12 12 12 12 12 12 12 12 12 12 12 9 9 10 10 10 10 10 10 10 10 10 10 10 10 10 10 11 11 11 11 11 11 11 11 11 11 11 11 11 1 1 1
ciInstanceKlass java/util/Collections$EmptyMap 1 1 101 1 1 1 1 1 1 1 1 1 1 1 1 1 1 1 1 1 1 1 1 1 1 1 1 1 1 1 1 1 1 1 1 1 1 1 1 1 1 1 1 1 1 1 1 1 1 1 1 1 1 1 1 5 0 100 100 7 7 100 7 7 100 100 1 1 1 1 1 1 1 1 1 1 1 1 1 1 1 1 1 1 1 1 1 1 1 12 12 12 12 12 9 10 10 10 10 10 11 1 1
instanceKlass com/sun/tools/javac/comp/CompileStates
instanceKlass org/apache/maven/artifact/versioning/ManagedVersionMap
instanceKlass java/lang/ProcessEnvironment
instanceKlass java/util/LinkedHashMap
ciInstanceKlass java/util/HashMap 1 1 497 3 3 4 4 4 4 4 8 8 8 8 100 100 100 1 1 1 1 1 1 1 1 1 1 1 1 1 1 1 1 1 1 1 1 1 1 1 1 1 1 1 1 1 1 1 1 1 1 1 1 1 1 1 1 1 1 1 1 1 1 1 1 1 1 1 1 1 1 1 1 1 1 1 1 1 1 1 1 1 1 1 1 1 1 1 1 1 1 1 1 1 1 1 1 1 1 1 1 1 1 1 1 1 1 1 1 1 1 1 1 1 1 1 1 1 1 1 1 1 1 1 1 1 1 1 1 1 1 1 1 1 1 1 1 1 1 1 1 1 1 1 1 1 1 1 1 1 1 1 1 1 1 1 1 1 1 1 1 1 1 1 1 1 1 1 1 1 1 1 1 1 1 1 1 1 1 1 1 1 1 1 1 1 1 1 1 1 1 1 1 1 1 1 1 3 3 3 3 5 0 100 7 100 100 100 100 100 100 100 100 100 100 7 100 100 100 100 7 100 100 100 7 100 100 7 100 7 100 100 100 100 7 100 7 7 100 100 100 7 7 7 7 7 100 100 7 100 100 1 1 1 1 1 1 1 1 1 1 1 1 1 1 1 1 1 1 1 1 1 1 1 1 1 1 1 1 1 1 1 1 1 1 1 1 1 1 1 1 1 1 1 1 1 1 1 1 1 1 1 1 1 1 1 1 1 1 1 1 1 1 1 1 1 1 1 1 1 1 1 1 1 1 1 12 12 12 12 12 12 12 12 12 12 12 12 12 12 12 12 12 12 12 12 12 12 12 12 12 12 12 12 12 12 12 12 12 12 12 12 12 12 12 12 12 12 12 12 12 12 12 12 12 12 12 12 12 12 12 12 12 12 12 12 12 12 12 12 12 12 12 12 12 12 12 12 12 12 12 9 9 9 9 9 9 9 9 9 9 9 9 9 9 10 10 10 10 10 10 10 10 10 10 10 10 10 10 10 10 10 10 10 10 10 10 10 10 10 10 10 10 10 10 10 10 10 10 10 10 10 10 10 10 10 10 10 10 10 10 10 10 10 10 10 10 10 10 10 11 11 11 11 11 11 11 11 11 11 11 11 11 11 1 1 1 1 1 1 1 1 1 1 1 1 1 1 1
ciInstanceKlass java/lang/Math 1 1 281 3 3 3 3 3 3 4 4 4 4 4 8 8 7 1 1 1 1 1 1 1 1 1 1 1 1 1 1 1 1 1 1 1 1 1 1 1 1 1 1 1 1 1 1 1 1 1 1 1 1 1 1 1 1 1 1 1 1 1 1 1 1 1 1 1 1 1 1 1 1 1 1 1 1 1 1 1 1 1 1 1 1 1 1 1 1 1 1 1 1 1 1 1 1 1 1 1 1 1 1 1 1 1 1 1 1 1 1 1 1 1 1 1 1 1 1 1 1 1 1 1 1 1 1 1 5 0 5 0 5 0 5 0 5 0 5 0 5 0 5 0 5 0 5 0 6 0 6 0 6 0 6 0 6 0 6 0 6 0 6 0 6 0 100 100 7 7 7 100 100 7 100 1 12 12 12 12 12 12 12 12 12 12 12 12 12 12 12 12 12 12 12 12 12 12 12 12 12 12 12 12 12 12 12 12 12 12 12 12 12 12 12 12 12 12 12 12 12 12 12 12 12 12 12 12 9 9 9 9 9 9 10 10 10 10 10 10 10 10 10 10 10 10 10 10 10 10 10 10 10 10 10 10 10 10 10 10 10 10 10 10 10 10 10 10 10 10 10 10 10 10 10 10 10 10 10 10 10 1 1
staticfield java/lang/Math $assertionsDisabled Z 1
ciInstanceKlass java/util/Objects 1 1 82 8 1 1 1 1 1 1 1 1 1 1 1 1 1 1 1 1 1 1 1 1 1 1 1 1 1 1 1 1 1 1 1 1 1 1 1 100 100 7 100 7 100 100 100 1 1 1 1 1 1 1 1 1 1 1 1 1 12 12 12 12 12 12 12 12 12 12 12 10 10 10 10 10 10 10 10 10 10 11 11 1
ciInstanceKlass java/util/Iterator 1 1 45 8 1 1 1 1 1 1 1 1 1 1 1 1 1 1 1 1 1 1 1 1 1 1 1 100 100 7 7 7 1 1 1 1 12 12 12 12 12 10 10 11 11 11 1
instanceKlass java/lang/ClassValue$ClassValueMap
ciInstanceKlass java/util/WeakHashMap 1 1 320 3 3 4 8 8 1 1 1 1 1 1 1 1 1 1 1 1 1 1 1 1 1 1 1 1 1 1 1 1 1 1 1 1 1 1 1 1 1 1 1 1 1 1 1 1 1 1 1 1 1 1 1 1 1 1 1 1 1 1 1 1 1 1 1 1 1 1 1 1 1 1 1 1 1 1 1 1 1 1 1 1 1 1 1 1 1 1 1 1 1 1 1 1 1 1 1 1 1 1 1 1 1 1 1 1 1 1 1 1 1 1 1 1 1 1 1 1 1 1 1 3 7 7 100 100 7 100 100 7 7 7 100 100 100 100 100 100 100 7 100 7 100 100 100 100 100 7 100 100 100 100 100 100 100 1 1 1 1 1 1 1 1 1 1 1 1 1 1 1 1 1 1 1 1 1 1 1 1 1 1 1 1 1 1 1 1 1 1 1 1 1 1 1 12 12 12 12 12 12 12 12 12 12 12 12 12 12 12 12 12 12 12 12 12 12 12 12 12 12 12 12 12 12 12 12 12 12 12 12 12 12 12 12 12 12 12 12 12 12 12 12 12 12 12 12 12 9 9 9 9 9 9 9 9 9 9 9 9 9 10 10 10 10 10 10 10 10 10 10 10 10 10 10 10 10 10 10 10 10 10 10 10 10 10 10 10 10 10 10 10 10 10 10 10 10 10 10 10 11 11 11 11 11 11 11 11 11 1 1 1 1 1 1 1 1 1 1 1 1
staticfield java/util/WeakHashMap NULL_KEY Ljava/lang/Object; java/lang/Object
ciInstanceKlass java/lang/ClassValue$ClassValueMap 1 1 216 3 7 1 1 1 1 1 1 1 1 1 1 1 1 1 1 1 1 1 1 1 1 1 1 1 1 1 1 1 1 1 1 1 1 1 1 1 1 1 1 1 1 1 1 1 1 1 1 1 1 1 1 1 1 1 1 1 1 1 1 1 1 1 1 1 1 1 1 1 1 1 1 1 1 1 1 3 3 3 6 0 6 0 100 100 7 7 7 100 7 100 7 1 1 1 1 1 1 1 1 1 1 1 1 1 1 1 1 1 1 1 1 1 1 1 1 1 1 1 1 1 1 1 1 1 1 1 1 1 1 1 1 12 12 12 12 12 12 12 12 12 12 12 12 12 12 12 12 12 12 12 12 12 12 12 12 12 12 12 12 12 12 12 12 12 12 12 12 12 12 12 9 9 9 9 9 9 9 9 10 10 10 10 10 10 10 10 10 10 10 10 10 10 10 10 10 10 10 10 10 10 10 10 10 10 10 10 10 10 10 10 10 1 1 1
staticfield java/lang/ClassValue$ClassValueMap $assertionsDisabled Z 1
ciInstanceKlass java/util/Arrays 1 1 800 3 8 8 8 8 8 8 8 8 100 100 100 100 100 100 7 100 100 7 1 1 1 1 1 1 1 1 1 1 1 1 1 1 1 1 1 1 1 1 1 1 1 1 1 1 1 1 1 1 1 1 1 1 1 1 1 1 1 1 1 1 1 1 1 1 1 1 1 1 1 1 1 1 1 1 1 1 1 1 1 1 1 1 1 1 1 1 1 1 1 1 1 1 1 1 1 1 1 1 1 1 1 1 1 1 1 1 1 1 1 1 1 1 1 1 1 1 1 1 1 1 1 1 1 1 1 1 1 1 1 1 1 1 1 1 1 1 1 1 1 1 1 1 1 1 1 1 1 1 1 1 1 1 1 1 1 1 1 1 1 1 1 1 1 1 1 1 1 1 1 1 1 1 1 1 1 1 1 1 1 1 1 1 1 1 1 1 1 1 1 1 1 1 1 1 1 1 1 1 1 1 1 1 1 1 1 1 1 1 1 1 1 1 1 1 1 1 1 1 1 1 1 1 1 1 1 1 1 1 1 1 1 1 1 1 1 1 1 1 1 1 1 1 1 1 1 1 1 1 1 1 1 1 1 1 1 1 1 1 1 1 1 1 1 1 1 1 1 1 1 1 1 1 1 1 3 3 100 100 100 7 7 100 100 100 7 7 100 100 7 100 100 100 7 100 100 100 100 100 7 7 100 100 100 100 100 100 100 100 100 100 100 100 100 100 100 100 100 100 7 7 100 100 7 100 100 100 100 100 7 7 100 7 100 100 100 100 7 1 1 1 1 1 1 1 1 1 1 1 1 1 1 1 1 1 1 1 1 1 1 1 1 1 1 1 1 1 1 1 1 1 1 1 1 1 1 1 1 1 1 1 1 1 1 1 1 1 1 1 1 1 1 1 1 1 1 1 1 1 1 1 1 1 1 1 1 1 1 1 1 1 1 1 1 1 1 1 1 1 1 1 1 1 1 1 1 1 1 1 1 1 1 1 1 1 1 1 1 1 1 1 1 1 1 1 1 1 1 1 1 1 1 1 1 1 1 1 1 1 1 1 1 1 1 1 1 1 1 1 1 12 12 12 12 12 12 12 12 12 12 12 12 12 12 12 12 12 12 12 12 12 12 12 12 12 12 12 12 12 12 12 12 12 12 12 12 12 12 12 12 12 12 12 12 12 12 12 12 12 12 12 12 12 12 12 12 12 12 12 12 12 12 12 12 12 12 12 12 12 12 12 12 12 12 12 12 12 12 12 12 12 12 12 12 12 12 12 12 12 12 12 12 12 12 12 12 12 12 12 12 12 12 12 12 12 12 12 12 12 12 12 12 12 12 12 12 12 12 12 12 12 12 12 12 12 12 12 12 12 12 12 12 12 12 12 12 12 12 12 12 12 12 12 9 9 10 10 10 10 10 10 10 10 10 10 10 10 10 10 10 10 10 10 10 10 10 10 10 10 10 10 10 10 10 10 10 10 10 10 10 10 10 10 10 10 10 10 10 10 10 10 10 10 10 10 10 10 10 10 10 10 10 10 10 10 10 10 10 10 10 10 10 10 10 10 10 10 10 10 10 10 10 10 10 10 10 10 10 10 10 10 10 10 10 10 10 10 10 10 10 10 10 10 10 10 10 10 10 10 10 10 10 10 10 10 10 10 10 10 10 10 10 10 10 10 10 10 10 10 10 10 10 10 10 10 10 10 10 10 10 10 10 10 10 10 10 11 11 11 11 11 11 11 11 11 11 11 11 15 15 15 15 15 16 18 18 18 18 1 1 1 1 1 1 1 1 1 1 1 1 1 1 1 1 1 1 1 1 1
staticfield java/util/Arrays $assertionsDisabled Z 1
instanceKlass java/io/ExpiringCache$1
ciInstanceKlass java/util/LinkedHashMap 1 1 230 1 1 1 1 1 1 1 1 1 1 1 1 1 1 1 1 1 1 1 1 1 1 1 1 1 1 1 1 1 1 1 1 1 1 1 1 1 1 1 1 1 1 1 1 1 1 1 1 1 1 1 1 1 1 1 1 1 1 1 1 1 1 1 1 1 1 1 1 1 1 1 1 1 1 1 1 1 1 1 1 1 1 1 1 1 5 0 100 100 100 100 100 100 7 7 100 7 7 100 7 100 100 7 100 7 100 100 100 100 100 1 1 1 1 1 1 1 1 1 1 1 1 1 1 1 1 1 1 1 1 1 1 1 1 1 1 1 1 1 1 1 1 1 1 1 1 1 1 1 1 1 1 12 12 12 12 12 12 12 12 12 12 12 12 12 12 12 12 12 12 12 12 12 12 12 12 12 12 12 12 12 12 12 9 9 9 9 9 9 9 9 9 9 9 9 9 10 10 10 10 10 10 10 10 10 10 10 10 10 10 10 10 10 10 10 10 10 10 11 11 1 1 1 1 1 1 1 1 1
ciInstanceKlass java/util/WeakHashMap$Entry 1 1 91 8 1 1 1 1 1 1 1 1 1 1 1 1 1 1 1 1 1 1 1 1 1 1 1 1 1 1 1 1 1 1 1 1 1 1 1 1 1 1 1 1 1 100 100 7 100 100 100 100 7 1 1 1 1 1 1 1 1 1 12 12 12 12 12 12 12 12 12 12 12 12 12 12 9 9 9 10 10 10 10 10 10 10 10 10 10 10 11 11 1
ciInstanceKlass java/util/concurrent/ConcurrentHashMap 1 1 1012 3 3 3 4 8 8 8 8 7 7 100 100 7 7 1 1 1 1 1 1 1 1 1 1 1 1 1 1 1 1 1 1 1 1 1 1 1 1 1 1 1 1 1 1 1 1 1 1 1 1 1 1 1 1 1 1 1 1 1 1 1 1 1 1 1 1 1 1 1 1 1 1 1 1 1 1 1 1 1 1 1 1 1 1 1 1 1 1 1 1 1 1 1 1 1 1 1 1 1 1 1 1 1 1 1 1 1 1 1 1 1 1 1 1 1 1 1 1 1 1 1 1 1 1 1 1 1 1 1 1 1 1 1 1 1 1 1 1 1 1 1 1 1 1 1 1 1 1 1 1 1 1 1 1 1 1 1 1 1 1 1 1 1 1 1 1 1 1 1 1 1 1 1 1 1 1 1 1 1 1 1 1 1 1 1 1 1 1 1 1 1 1 1 1 1 1 1 1 1 1 1 1 1 1 1 1 1 1 1 1 1 1 1 1 1 1 1 1 1 1 1 1 1 1 1 1 1 1 1 1 1 1 1 1 1 1 1 1 1 1 1 1 1 1 1 1 1 1 1 1 1 1 1 1 1 1 1 1 1 1 1 1 1 1 1 1 1 1 1 1 1 1 1 1 1 1 1 1 1 1 1 1 1 1 1 1 1 1 1 1 1 1 1 1 1 1 1 1 1 1 1 1 1 1 1 1 1 1 1 1 1 1 1 1 1 1 1 1 1 1 3 3 3 3 3 3 3 3 5 0 5 0 5 0 5 0 5 0 5 0 8 8 8 8 8 8 100 100 100 100 100 100 7 100 7 7 100 100 100 100 100 7 100 100 7 7 100 100 100 100 100 7 100 100 100 100 100 100 100 100 100 7 100 100 100 100 100 100 100 100 100 7 100 7 100 100 100 100 100 100 100 100 100 100 100 100 100 100 100 100 100 100 7 100 100 100 7 100 100 100 100 100 100 100 100 100 100 100 7 100 100 100 100 100 7 7 7 1 1 1 1 1 1 1 1 1 1 1 1 1 1 1 1 1 1 1 1 1 1 1 1 1 1 1 1 1 1 1 1 1 1 1 1 1 1 1 1 1 1 1 1 1 1 1 1 1 1 1 1 1 1 1 1 1 1 1 1 1 1 1 1 1 1 1 1 1 1 1 1 1 1 1 1 1 1 1 1 1 1 1 1 1 1 1 1 1 1 1 1 1 1 1 1 1 1 1 1 1 1 1 1 1 1 1 1 1 1 1 1 1 1 1 1 1 1 1 1 1 1 1 1 1 1 1 1 1 1 1 1 1 1 1 1 1 1 1 1 1 1 1 1 1 1 1 1 1 1 1 1 1 1 1 1 1 1 1 1 1 1 1 1 1 1 1 1 1 1 1 1 12 12 12 12 12 12 12 12 12 12 12 12 12 12 12 12 12 12 12 12 12 12 12 12 12 12 12 12 12 12 12 12 12 12 12 12 12 12 12 12 12 12 12 12 12 12 12 12 12 12 12 12 12 12 12 12 12 12 12 12 12 12 12 12 12 12 12 12 12 12 12 12 12 12 12 12 12 12 12 12 12 12 12 12 12 12 12 12 12 12 12 12 12 12 12 12 12 12 12 12 12 12 12 12 12 12 12 12 12 12 12 12 12 12 12 12 12 12 12 12 12 12 12 12 12 12 12 12 12 12 12 12 12 12 12 12 12 12 12 12 12 12 12 12 12 12 12 12 12 12 9 9 9 9 9 9 9 9 9 9 9 9 9 9 9 9 9 9 9 9 9 9 9 9 9 9 9 9 9 9 9 9 9 9 9 9 10 10 10 10 10 10 10 10 10 10 10 10 10 10 10 10 10 10 10 10 10 10 10 10 10 10 10 10 10 10 10 10 10 10 10 10 10 10 10 10 10 10 10 10 10 10 10 10 10 10 10 10 10 10 10 10 10 10 10 10 10 10 10 10 10 10 10 10 10 10 10 10 10 10 10 10 10 10 10 10 10 10 10 10 10 10 10 10 10 10 10 10 10 10 10 10 10 10 10 10 10 10 10 10 10 10 10 10 10 10 10 10 10 10 10 10 10 10 10 10 10 10 10 10 10 10 10 10 10 10 10 10 10 10 10 10 10 10 10 10 10 10 10 10 10 10 10 10 11 11 11 11 11 11 11 11 11 11 11 11 11 11 1 1 1 1 1 1 1 1 1 1 1 1 1 1 1 1 1 1 1 1 1 1 1 1 1 1 1 1 1 1 1 1 1 1 1 1 1 1 1 1 1 1 1 1 1 1 1 1 1 1 1 1 1 1
staticfield java/util/concurrent/ConcurrentHashMap MAX_RESIZERS I 65535
staticfield java/util/concurrent/ConcurrentHashMap RESIZE_STAMP_SHIFT I 16
staticfield java/util/concurrent/ConcurrentHashMap NCPU I 16
staticfield java/util/concurrent/ConcurrentHashMap serialPersistentFields [Ljava/io/ObjectStreamField; 3 [Ljava/io/ObjectStreamField;
staticfield java/util/concurrent/ConcurrentHashMap U Lsun/misc/Unsafe; sun/misc/Unsafe
staticfield java/util/concurrent/ConcurrentHashMap SIZECTL J 20
staticfield java/util/concurrent/ConcurrentHashMap TRANSFERINDEX J 32
staticfield java/util/concurrent/ConcurrentHashMap BASECOUNT J 24
staticfield java/util/concurrent/ConcurrentHashMap CELLSBUSY J 36
staticfield java/util/concurrent/ConcurrentHashMap CELLVALUE J 144
staticfield java/util/concurrent/ConcurrentHashMap ABASE J 16
staticfield java/util/concurrent/ConcurrentHashMap ASHIFT I 2
instanceKlass java/util/concurrent/ConcurrentHashMap$ReservationNode
instanceKlass java/util/concurrent/ConcurrentHashMap$ForwardingNode
ciInstanceKlass java/util/concurrent/ConcurrentHashMap$Node 1 1 87 8 1 1 1 1 1 1 1 1 1 1 1 1 1 1 1 1 1 1 1 1 1 1 1 1 1 1 1 1 1 1 1 1 1 1 1 1 1 1 1 1 1 1 7 100 100 100 100 100 7 1 1 1 1 1 1 1 1 1 12 12 12 12 12 12 12 12 12 12 12 12 9 9 9 9 10 10 10 10 10 10 10 10 11 11 1
ciInstanceKlass sun/util/locale/BaseLocale$Key 1 1 123 8 7 1 1 1 1 1 1 1 1 1 1 1 1 1 1 1 1 1 1 1 1 1 1 1 1 1 1 1 1 1 1 1 1 1 1 1 1 1 1 1 1 1 1 1 1 1 1 1 1 1 1 1 1 1 1 1 100 7 7 7 7 100 7 7 1 1 1 1 1 1 1 1 1 12 12 12 12 12 12 12 12 12 12 12 12 12 12 12 12 12 12 12 12 12 12 12 9 9 9 9 9 9 9 10 10 10 10 10 10 10 10 10 10 10 10 10 10 10 10 10 1
staticfield sun/util/locale/BaseLocale$Key $assertionsDisabled Z 1
instanceKlass java/lang/CharacterDataLatin1
ciInstanceKlass java/lang/CharacterData 1 1 72 1 1 1 1 1 1 1 1 1 1 1 1 1 1 1 1 1 1 1 1 1 1 1 1 1 1 1 1 1 1 1 1 1 1 1 1 1 1 1 1 1 1 1 100 100 100 100 100 7 100 100 7 1 1 1 1 12 12 12 12 12 9 9 9 9 9 9 9 10 10 1
ciInstanceKlass java/lang/CharacterDataLatin1 1 1 96 3 3 3 3 3 8 8 7 1 1 1 1 1 1 1 1 1 1 1 1 1 1 1 1 1 1 1 1 1 1 1 1 1 1 1 1 1 1 1 1 1 1 1 1 1 1 1 1 1 1 1 1 1 1 1 1 1 1 1 1 1 1 1 1 100 100 7 7 7 1 12 12 12 12 12 12 12 12 12 12 12 9 9 9 9 9 10 10 10 10 10 10 10 10 1
staticfield java/lang/CharacterDataLatin1 instance Ljava/lang/CharacterDataLatin1; java/lang/CharacterDataLatin1
staticfield java/lang/CharacterDataLatin1 A [I 256
staticfield java/lang/CharacterDataLatin1 B [C 256
staticfield java/lang/CharacterDataLatin1 $assertionsDisabled Z 1
ciInstanceKlass java/util/zip/ZipFile$ZipFileInputStream 1 1 97 3 1 1 1 1 1 1 1 1 1 1 1 1 1 1 1 1 1 1 1 1 1 1 1 1 1 1 1 1 1 1 1 1 1 1 1 1 1 1 1 1 1 1 1 1 5 0 100 100 7 100 100 7 7 7 1 1 1 1 1 12 12 12 12 12 12 12 12 12 12 12 12 12 12 12 12 12 9 9 9 9 9 9 10 10 10 10 10 10 10 10 10 10 11 1 1
ciInstanceKlass java/util/zip/ZipFile$ZipFileInflaterInputStream 1 1 112 3 8 1 1 1 1 1 1 1 1 1 1 1 1 1 1 1 1 1 1 1 1 1 1 1 1 1 1 1 1 1 1 1 1 1 1 1 1 1 1 1 1 1 1 1 1 1 1 1 1 5 0 100 100 7 100 100 7 7 7 7 7 7 1 1 1 1 1 1 1 1 12 12 12 12 12 12 12 12 12 12 12 12 12 12 12 12 12 12 9 9 9 9 9 9 9 9 10 10 10 10 10 10 10 10 10 10 11 1 1 1
ciInstanceKlass java/util/concurrent/ConcurrentHashMap$ForwardingNode 1 1 56 1 1 1 1 1 1 1 1 1 1 1 1 1 1 1 1 1 1 1 1 1 1 1 100 100 100 7 7 1 1 1 1 1 1 1 1 1 12 12 12 12 12 12 12 12 9 9 9 9 10 10 10 10 1 1
ciInstanceKlass java/util/IdentityHashMap 1 1 345 3 3 3 3 8 8 8 7 1 1 1 1 1 1 1 1 1 1 1 1 1 1 1 1 1 1 1 1 1 1 1 1 1 1 1 1 1 1 1 1 1 1 1 1 1 1 1 1 1 1 1 1 1 1 1 1 1 1 1 1 1 1 1 1 1 1 1 1 1 1 1 1 1 1 1 1 1 1 1 1 1 1 1 1 1 1 1 1 1 1 1 1 1 1 1 1 1 1 1 1 1 1 1 1 1 1 1 1 1 1 1 1 1 1 1 1 1 1 1 1 1 1 1 1 1 1 1 1 1 1 1 1 1 1 1 1 1 1 1 1 1 1 1 1 3 3 5 0 6 0 100 100 100 100 100 100 100 100 100 100 100 7 100 7 100 7 7 100 100 7 100 100 100 100 100 100 100 7 100 100 100 100 100 100 100 100 100 100 100 100 100 1 1 1 1 1 1 1 1 1 1 1 1 1 1 1 1 1 1 1 1 1 1 1 1 1 1 1 1 1 12 12 12 12 12 12 12 12 12 12 12 12 12 12 12 12 12 12 12 12 12 12 12 12 12 12 12 12 12 12 12 12 12 12 12 12 12 12 12 12 12 12 12 12 12 12 12 12 12 12 9 9 9 9 9 9 9 10 10 10 10 10 10 10 10 10 10 10 10 10 10 10 10 10 10 10 10 10 10 10 10 10 10 10 10 10 10 10 10 10 10 10 10 10 10 10 10 10 10 10 11 11 11 11 11 11 11 11 11 11 11 1 1 1 1 1 1 1 1 1 1 1 1 1
staticfield java/util/IdentityHashMap NULL_KEY Ljava/lang/Object; java/lang/Object
instanceKlass java/util/ArrayList$ListItr
ciInstanceKlass java/util/ArrayList$Itr 1 1 87 1 1 1 1 1 1 1 1 1 1 1 1 1 1 1 1 1 1 1 1 1 1 1 1 1 1 1 1 1 1 1 1 1 1 1 1 1 1 100 100 100 7 7 7 100 100 100 100 100 1 1 1 1 1 1 1 1 12 12 12 12 12 12 12 12 12 12 12 12 9 9 9 9 9 9 10 10 10 10 10 10 10 10 11 1 1
ciInstanceKlass java/lang/invoke/MethodType$ConcurrentWeakInternSet$WeakEntry 1 1 46 1 1 1 1 1 1 1 1 1 1 1 1 1 1 1 1 1 1 1 1 1 7 100 100 7 7 1 1 1 1 12 12 12 12 12 12 9 10 10 10 10 10 1 1 1
ciInstanceKlass sun/misc/URLClassPath$FileLoader 1 1 125 8 8 8 8 1 1 1 1 1 1 1 1 1 1 1 1 1 1 1 1 1 1 1 1 1 1 1 1 1 1 1 1 1 1 1 1 1 1 1 1 1 1 1 1 1 1 1 1 1 1 1 1 1 7 100 100 100 7 7 7 7 7 7 7 7 1 1 1 1 1 1 1 1 1 1 1 12 12 12 12 12 12 12 12 12 12 12 12 12 12 12 12 12 12 12 12 12 12 9 9 10 10 10 10 10 10 10 10 10 10 10 10 10 10 10 10 10 10 10 10 10 1 1 1
instanceKlass java/nio/channels/OverlappingFileLockException
instanceKlass org/apache/http/conn/ssl/SSLInitializationException
instanceKlass java/util/concurrent/CancellationException
ciInstanceKlass java/lang/IllegalStateException 0 0 27 1 1 1 1 1 1 1 1 1 1 1 1 5 0 100 100 1 12 12 12 12 10 10 10 10 1
ciInstanceKlass org/slf4j/Logger 1 0 36 100 100 1 1 1 8 1 1 1 1 1 1 1 1 1 1 1 1 1 1 1 1 1 1 1 1 1 1 1 1 1 1 1 1 1
ciInstanceKlass java/util/Collections$UnmodifiableMap 1 1 147 1 1 1 1 1 1 1 1 1 1 1 1 1 1 1 1 1 1 1 1 1 1 1 1 1 1 1 1 1 1 1 1 1 1 1 1 1 1 1 1 1 1 1 1 1 1 1 1 1 1 1 1 1 1 1 5 0 100 100 7 100 7 7 7 7 100 1 1 1 1 1 1 1 1 1 1 1 1 1 1 1 1 1 1 1 1 1 1 1 1 1 1 1 1 1 1 1 1 1 12 12 12 12 12 12 12 12 12 12 12 12 12 12 12 12 12 12 12 12 12 9 9 9 9 10 10 10 10 10 10 10 11 11 11 11 11 11 11 11 11 11 11 11 1 1 1
ciInstanceKlass java/util/LinkedHashMap$LinkedValueIterator 1 1 40 1 1 1 1 1 1 1 1 1 1 1 1 1 1 1 1 1 1 1 100 100 7 7 7 1 1 1 1 12 12 12 12 9 9 10 10 1 1 1
instanceKlass org/objectweb/asm/ClassTooLargeException
instanceKlass com/google/inject/internal/asm/$MethodTooLargeException
instanceKlass com/google/inject/internal/asm/$ClassTooLargeException
instanceKlass org/eclipse/sisu/space/asm/MethodTooLargeException
instanceKlass org/eclipse/sisu/space/asm/ClassTooLargeException
instanceKlass java/lang/ArrayIndexOutOfBoundsException
instanceKlass java/lang/StringIndexOutOfBoundsException
ciInstanceKlass java/lang/IndexOutOfBoundsException 0 0 21 1 1 1 1 1 1 1 1 1 1 1 5 0 100 100 12 12 10 10 1
instanceKlass com/sun/tools/javac/file/Locations$Path
ciInstanceKlass java/util/LinkedHashSet 1 1 56 4 1 1 1 1 1 1 1 1 1 1 1 1 1 1 1 1 1 1 1 1 1 1 1 1 1 1 5 0 100 100 7 7 7 7 100 100 1 1 1 1 1 1 1 12 12 12 12 12 10 10 10 10 11 1
ciInstanceKlass java/util/LinkedHashMap$LinkedKeyIterator 1 1 39 1 1 1 1 1 1 1 1 1 1 1 1 1 1 1 1 1 1 100 100 7 7 7 1 1 1 1 12 12 12 12 9 10 10 10 1 1 1
instanceKlass org/apache/commons/collections/BufferUnderflowException
ciInstanceKlass java/util/NoSuchElementException 0 0 21 1 1 1 1 1 1 1 1 1 1 1 5 0 100 100 12 12 10 10 1
ciInstanceKlass org/eclipse/aether/repository/WorkspaceReader 1 0 15 100 1 100 1 1 1 1 1 1 1 1 1 1 1
ciInstanceKlass org/apache/maven/repository/internal/MavenWorkspaceReader 1 0 11 100 1 100 1 100 1 1 1 1 1
ciInstanceKlass org/apache/maven/ReactorReader 1 1 439 10 7 12 1 1 1 18 12 1 1 9 7 12 1 1 1 18 9 12 1 9 12 1 1 10 7 12 1 1 1 11 7 12 1 1 1 11 7 12 1 1 10 7 12 1 1 1 11 7 12 1 1 1 7 1 9 12 1 1 11 12 1 1 11 7 1 10 12 1 1 9 12 1 7 1 8 1 7 1 11 12 1 1 10 12 1 10 12 1 9 12 1 1 11 7 12 1 1 1 11 12 1 11 12 1 10 7 12 1 1 1 11 12 1 1 7 1 10 12 1 1 10 12 1 1 10 12 1 1 10 7 12 1 1 1 10 7 12 1 1 10 12 1 18 12 1 1 11 12 1 1 18 11 12 1 1 10 12 1 1 18 10 12 1 1 10 12 1 1 8 1 11 12 1 10 7 12 1 1 1 10 12 1 1 10 12 1 1 10 12 1 1 11 10 12 1 1 10 12 1 8 1 10 12 1 1 7 1 10 12 1 1 10 100 12 1 1 10 12 1 8 1 8 1 11 12 1 8 1 9 12 1 1 11 12 1 10 12 1 8 1 10 12 1 10 12 1 1 10 12 1 10 12 1 10 12 1 1 8 1 8 1 8 1 10 7 12 1 1 1 10 12 1 1 10 7 12 1 1 1 10 12 1 10 12 1 1 10 12 1 1 11 12 1 1 18 12 8 1 8 1 8 1 11 12 1 10 7 12 1 1 10 10 10 8 1 8 1 8 1 8 1 8 1 8 1 8 1 8 1 8 1 10 7 12 1 1 1 100 1 1 1 1 1 8 1 1 1 1 1 1 1 1 1 1 1 1 1 1 1 1 1 1 1 1 1 1 1 1 1 1 1 1 1 1 1 100 1 1 1 1 1 1 1 1 1 1 1 1 1 1 1 1 1 1 1 1 1 1 1 1 16 15 10 12 16 15 10 12 16 15 10 12 16 15 15 10 12 1 1 16 15 10 12 16 15 10 7 12 1 1 1 1 100 1 100 1 1
staticfield org/apache/maven/ReactorReader COMPILE_PHASE_TYPES Ljava/util/Collection; java/util/HashSet
ciInstanceKlass org/apache/maven/model/building/ModelBuilder 1 0 17 100 1 100 1 1 1 1 100 1 1 1 1 1 1 1 1
ciInstanceKlass org/apache/maven/model/building/DefaultModelBuilder 1 1 1610 10 7 12 1 1 1 9 7 12 1 1 1 9 12 1 1 9 12 1 1 9 12 1 1 9 12 1 1 9 12 1 1 9 12 1 1 9 12 1 1 9 12 1 1 9 12 1 1 9 12 1 1 9 12 1 1 9 12 1 1 9 12 1 1 9 12 1 1 9 12 1 1 9 12 1 1 9 12 1 1 7 1 10 10 12 1 1 7 1 10 7 1 10 12 1 11 7 12 1 1 1 11 12 1 1 11 12 1 1 10 12 1 1 10 12 1 1 8 1 10 12 1 1 11 12 1 1 11 7 12 1 1 1 10 12 1 1 11 7 12 1 1 1 7 1 10 11 12 1 1 11 7 12 1 1 11 12 1 1 7 1 10 12 1 1 10 12 1 1 10 7 12 1 1 1 10 12 1 1 10 12 1 1 7 1 10 12 1 10 12 1 7 1 10 11 12 1 1 10 12 1 10 12 1 10 7 12 1 1 10 12 1 10 12 11 7 12 1 1 1 10 10 12 1 10 12 1 1 10 12 1 1 10 11 12 1 1 11 12 1 1 10 12 1 11 7 12 1 1 1 11 12 1 1 10 12 1 1 10 12 1 10 12 1 1 10 10 12 1 1 10 10 12 1 10 12 1 10 10 12 1 10 12 1 10 12 1 10 12 1 11 7 1 8 1 11 7 1 7 1 10 10 12 1 1 8 1 10 12 1 100 1 9 100 12 1 1 1 9 100 12 1 1 1 10 12 1 10 12 1 1 10 12 1 10 12 1 1 10 12 1 1 10 12 1 10 12 1 1 10 12 1 1 8 1 10 12 1 1 11 7 12 1 1 1 10 12 1 10 12 1 1 8 1 10 12 1 1 10 12 10 12 1 1 10 12 1 11 12 1 10 12 1 10 12 1 10 7 12 1 1 7 1 10 7 1 10 12 1 10 12 10 12 1 1 10 12 1 10 12 1 1 10 7 12 1 1 1 18 12 1 1 10 12 1 1 18 12 1 1 10 12 1 1 18 18 12 1 18 18 18 18 12 1 11 7 12 1 1 10 12 1 11 7 12 1 1 1 11 7 12 1 1 9 7 12 1 1 1 10 12 1 1 11 12 1 100 1 8 1 10 12 11 7 12 1 1 10 12 1 1 11 7 1 11 12 1 11 7 12 1 1 11 7 12 1 1 11 7 1 11 7 12 1 1 10 12 1 1 7 1 10 10 12 1 1 10 12 1 1 10 12 1 10 100 12 1 1 1 7 1 10 12 1 1 7 1 10 12 1 100 1 8 1 10 11 7 12 1 1 11 12 1 1 11 12 1 7 1 10 7 1 10 7 1 8 1 10 7 12 1 1 1 11 7 12 1 1 1 8 1 8 1 11 12 1 1 11 12 1 1 100 1 9 12 1 1 9 12 1 9 12 1 8 1 8 1 10 12 1 10 12 1 1 9 12 1 10 7 12 1 1 1 10 12 1 10 12 1 8 1 100 1 10 10 12 1 10 12 1 1 10 7 12 1 1 8 1 10 12 1 1 8 1 10 12 1 8 1 10 12 1 11 12 1 10 12 1 10 11 12 1 10 12 1 1 11 12 1 10 12 1 11 12 10 12 1 11 12 100 1 8 1 18 12 1 10 12 1 1 10 7 12 1 1 10 12 1 1 10 12 1 7 1 11 7 12 1 1 1 100 1 8 1 10 10 10 12 1 10 12 1 11 12 1 10 12 1 1 10 7 12 1 1 7 1 10 12 1 11 12 1 10 10 12 1 1 10 7 1 11 12 1 1 11 7 1 10 8 1 8 1 11 100 1 11 7 12 1 1 1 10 12 1 10 11 7 12 1 1 7 1 10 10 10 7 1 10 12 1 1 10 100 1 8 1 8 1 10 11 7 12 1 1 1 18 12 1 11 12 1 1 10 10 11 12 1 1 9 7 12 1 1 1 10 12 1 1 10 12 1 10 12 1 1 10 12 1 1 10 12 1 1 7 1 10 12 1 8 1 10 12 1 10 8 1 10 12 1 8 1 8 1 10 11 12 1 1 10 11 100 12 1 1 1 100 1 10 10 10 10 12 1 8 1 10 12 1 8 1 8 1 10 12 1 8 1 8 1 10 100 12 1 1 1 10 12 1 100 1 10 10 12 1 1 9 12 1 8 1 10 12 1 8 1 100 1 10 12 1 8 1 8 1 8 1 8 1 10 12 1 11 12 1 1 10 12 8 1 10 12 1 10 12 1 1 10 7 12 1 1 1 11 12 1 1 8 1 10 12 1 1 8 1 8 1 8 1 100 1 10 12 1 8 1 11 7 12 1 1 10 12 1 1 10 7 12 1 1 7 1 10 12 1 8 1 10 12 1 11 12 1 10 10 10 8 1 10 12 1 10 8 1 8 1 11 12 8 1 9 12 1 8 1 11 12 1 11 12 1 8 1 11 12 1 11 12 1 1 11 12 1 11 12 11 12 1 11 12 1 1 11 12 1 11 12 1 1 10 10 12 1 11 10 11 12 11 7 12 1 1 1 11 11 12 1 11 7 12 1 1 11 12 1 11 12 10 12 1 11 12 1 11 12 1 1 7 1 10 12 11 12 1 1 10 12 1 10 10 12 10 12 1 1 7 1 10 12 18 12 1 10 12 1 8 1 18 12 1 10 12 1 1 10 7 1 8 1 18 12 1 10 12 1 8 1 18 10 7 12 1 1 8 1 18 12 1 10 12 1 8 1 18 10 18 10 18 18 12 1 10 7 12 1 1 8 1 18 12 1 10 12 1 8 1 18 10 7 12 1 1 100 1 1 1 1 1 1 1 1 1 1 1 1 1 1 1 1 1 1 1 1 1 1 1 1 1 1 1 1 1 1 1 1 1 1 1 1 1 1 1 1 1 1 1 1 1 1 1 1 1 1 1 1 1 1 1 1 1 1 1 1 1 1 1 1 1 1 1 1 1 1 1 1 1 1 1 1 1 1 1 1 1 1 1 1 1 1 1 1 1 1 1 1 1 1 1 1 1 1 1 1 1 1 1 1 1 1 1 1 1 1 1 1 1 1 1 1 1 1 1 1 1 1 1 1 1 1 1 1 1 1 1 1 1 1 1 1 1 1 1 1 1 1 1 1 1 1 1 1 1 1 1 1 1 1 1 1 1 1 1 1 1 1 1 1 1 1 1 1 1 1 1 1 1 1 1 1 1 1 1 1 1 1 1 1 1 1 1 1 1 1 1 1 1 1 1 1 1 1 1 1 1 1 1 1 1 1 1 1 1 1 1 1 1 1 1 1 1 1 1 1 1 1 1 1 1 100 1 1 1 1 1 1 1 1 1 1 1 1 1 1 1 1 1 1 1 1 1 1 1 1 1 1 1 7 1 1 1 1 1 1 16 15 10 7 12 1 1 1 16 1 16 1 15 10 12 16 1 15 10 12 1 1 16 1 15 10 12 16 1 15 10 12 1 1 16 1 15 10 12 16 1 15 10 12 1 16 1 15 10 12 16 15 10 12 16 15 10 12 16 15 10 15 10 12 1 15 10 12 1 15 10 12 1 15 10 12 1 15 10 12 1 15 10 15 10 15 10 12 15 10 12 1 15 10 12 1 15 10 7 12 1 1 1 1 100 1 1 1 1 100 1 1 100 1 100 1 1
ciInstanceKlass org/eclipse/aether/impl/ArtifactResolver 1 0 16 100 1 100 1 1 1 1 100 1 1 1 1 1 1 1
ciInstanceKlass org/eclipse/aether/internal/impl/DefaultArtifactResolver 1 1 979 10 7 12 1 1 1 10 7 12 1 1 1 10 12 1 1 10 12 1 1 10 12 1 1 10 12 1 1 10 12 1 1 10 12 1 1 10 12 1 1 10 12 1 1 10 12 1 1 7 1 11 100 12 1 1 1 7 1 7 1 7 1 7 1 7 1 7 1 7 1 10 7 12 1 1 1 7 1 8 1 10 7 12 1 1 1 9 12 1 1 8 1 9 12 1 1 8 1 9 12 1 1 8 1 9 12 1 1 8 1 9 12 1 1 8 1 9 12 1 1 8 1 9 12 1 1 8 1 9 12 1 1 8 1 7 1 9 12 1 1 8 1 9 12 1 1 8 1 8 1 10 12 1 1 10 12 1 1 11 7 12 1 1 1 7 1 8 1 11 12 1 1 7 1 11 7 12 1 1 1 10 12 1 11 12 1 1 11 7 12 1 1 1 11 12 1 1 7 1 10 12 1 1 100 1 8 1 11 7 12 1 1 1 11 12 1 1 10 12 1 1 11 7 12 1 1 100 1 10 12 1 1 11 12 1 1 7 1 8 1 10 7 12 1 1 1 11 7 12 1 1 1 11 12 1 1 10 11 12 1 1 10 12 1 1 10 7 12 1 1 1 10 12 1 11 10 12 1 1 100 1 10 12 1 10 12 1 100 1 10 12 1 10 12 1 1 11 12 1 1 10 12 1 1 10 12 1 1 10 12 1 1 10 12 1 10 12 1 11 100 1 11 100 12 1 1 1 11 100 12 1 1 100 1 11 12 1 1 10 12 1 11 12 1 7 1 10 12 1 10 12 1 10 12 1 1 11 12 1 1 100 1 10 7 12 1 1 11 12 1 1 10 12 1 1 10 12 1 1 10 12 1 11 7 12 1 1 1 11 12 1 10 12 1 1 10 7 1 10 11 7 12 1 1 1 10 12 1 1 10 7 12 1 1 10 12 1 1 10 12 1 11 12 1 10 12 1 1 10 12 1 7 1 100 1 10 12 1 11 12 1 9 12 1 1 8 1 11 100 12 1 1 1 8 1 11 12 1 100 1 10 12 1 11 12 1 10 12 1 1 10 100 12 1 1 10 100 12 1 1 1 100 1 100 1 10 8 1 10 12 1 1 10 12 1 8 1 10 12 1 8 1 10 12 1 8 1 10 12 1 10 12 1 100 1 10 12 1 1 10 12 1 10 12 1 9 12 1 1 100 1 10 12 1 11 12 1 10 12 1 1 11 12 1 1 7 1 11 12 1 1 10 12 1 1 10 11 7 1 10 12 1 100 1 10 12 1 10 11 11 12 1 10 12 1 8 1 10 12 1 10 12 1 1 10 12 1 10 12 1 10 12 1 1 10 12 1 11 12 1 1 10 12 1 1 100 1 10 12 1 10 12 1 1 100 1 10 10 9 12 1 1 10 12 1 1 11 12 1 1 11 100 12 1 11 100 1 10 12 1 1 10 12 1 9 12 1 1 9 12 1 1 10 12 10 10 12 1 9 12 1 1 10 12 1 1 10 100 12 1 1 1 10 12 1 1 9 12 1 1 10 12 1 9 12 1 1 10 12 1 10 12 1 1 11 12 1 1 10 12 1 10 12 1 11 12 1 10 12 1 100 1 100 1 10 10 12 1 1 10 10 12 1 10 12 1 1 10 12 1 10 12 1 10 12 1 1 9 12 1 1 11 12 1 1 10 12 1 9 12 1 1 10 12 1 1 10 12 1 10 12 1 9 10 12 1 10 12 1 1 9 12 1 1 10 12 1 10 12 1 10 12 1 10 12 1 10 12 1 11 12 1 10 12 1 1 7 1 9 7 12 1 1 1 10 12 1 10 12 1 10 12 1 10 12 1 1 11 12 1 1 9 12 1 10 12 1 10 12 1 1 10 12 1 9 12 1 9 12 1 10 12 1 10 7 12 1 1 1 100 1 100 1 1 1 1 1 1 1 1 1 1 1 1 1 1 1 1 1 1 1 1 1 1 1 1 1 1 1 1 1 1 1 1 1 1 1 1 1 1 1 1 1 1 1 1 1 1 1 1 1 1 1 1 1 1 1 1 1 1 1 1 1 1 1 1 1 1 1 1 1 1 1 1 1 1 1 1 1 1 1 1 1 1 1 1 1 1 1 1 1 1 1 1 1 1 1 1 1 1 1 1 1 1 1 1 1 1 1 1 1 1 1 1 1 1 1 1 1 1 1 1 1 1 100 1 1 1
staticfield org/eclipse/aether/internal/impl/DefaultArtifactResolver LOGGER Lorg/slf4j/Logger; org/slf4j/impl/MavenSimpleLogger
ciInstanceKlass org/eclipse/aether/impl/RemoteRepositoryManager 1 0 13 100 1 100 1 1 1 1 1 1 1 1 1
ciInstanceKlass org/eclipse/aether/internal/impl/DefaultRemoteRepositoryManager 1 1 353 10 7 12 1 1 1 10 7 12 1 1 1 10 12 1 1 7 1 11 100 12 1 1 1 7 1 8 1 10 7 12 1 1 1 9 12 1 1 8 1 9 12 1 1 8 1 8 1 8 1 11 7 12 1 1 1 11 7 12 1 1 1 11 12 1 1 11 12 1 1 7 1 10 12 1 11 12 1 1 11 7 12 1 1 11 12 1 1 7 1 11 7 12 1 1 1 10 12 1 1 10 12 1 1 11 12 1 1 11 7 1 11 10 7 12 1 1 1 10 12 1 1 10 12 1 1 11 12 1 1 11 7 12 1 1 1 7 1 10 12 1 10 12 1 1 11 7 12 1 1 1 10 12 1 1 10 12 1 1 11 12 1 9 12 1 1 11 7 12 1 1 11 12 1 1 100 1 10 12 1 11 100 12 1 1 1 9 100 12 1 1 1 11 12 1 1 8 1 10 12 1 1 10 12 1 11 12 1 1 10 12 1 1 10 12 1 1 10 12 1 1 10 12 1 1 10 12 1 8 1 11 12 1 11 12 1 10 12 1 10 7 12 1 1 10 10 11 12 1 1 10 11 12 1 10 12 1 10 7 12 1 1 1 100 1 100 1 1 1 1 1 1 1 1 1 1 1 1 1 1 1 1 1 1 1 1 1 1 1 1 1 1 1 1 1 1 1 1 1 1 1 1 1 1 1 1 1 1 1 1 1 1 1 1 1 1 1 100 1 100 1 1 1 1 1 1 1 1 1 1 1 1 1 1 1 1 1 1 1 1 1 1 1 1 1 1 1 1 1 1 1 1
staticfield org/eclipse/aether/internal/impl/DefaultRemoteRepositoryManager LOGGER Lorg/slf4j/Logger; org/slf4j/impl/MavenSimpleLogger
instanceKlass org/eclipse/aether/internal/impl/collect/df/DfDependencyCollector
instanceKlass org/eclipse/aether/internal/impl/collect/bf/BfDependencyCollector
ciInstanceKlass org/eclipse/aether/internal/impl/collect/DependencyCollectorDelegate 1 1 720 10 7 12 1 1 1 10 12 1 1 10 7 12 1 1 1 9 7 12 1 1 1 10 12 1 1 10 12 1 1 10 12 1 1 7 1 11 100 12 1 1 1 7 1 7 1 8 1 10 7 12 1 1 1 9 12 1 1 8 1 9 12 1 1 8 1 9 12 1 1 8 1 8 1 10 12 1 1 10 7 12 1 1 1 10 7 12 1 1 1 7 1 10 12 1 11 7 12 1 1 1 11 12 1 1 10 12 1 1 10 12 1 1 10 12 1 10 12 1 7 1 10 10 7 12 1 1 1 7 1 10 7 12 1 1 1 10 12 1 1 10 12 1 10 12 1 1 11 12 1 1 7 1 10 12 1 10 12 1 1 7 1 10 12 1 1 7 1 10 12 1 10 12 1 11 7 12 1 1 1 11 12 1 1 7 1 11 12 1 11 7 12 1 1 1 10 12 1 1 7 1 10 10 12 1 10 12 1 1 10 12 1 1 10 12 1 10 12 1 1 7 1 10 12 1 11 12 1 1 100 1 10 10 11 12 1 1 10 11 12 1 1 10 10 12 1 1 10 7 1 10 12 1 10 12 1 10 12 1 10 12 1 1 10 7 12 1 1 1 10 12 1 1 10 12 1 10 12 1 1 10 12 1 1 10 12 10 12 1 10 12 1 10 12 1 1 11 7 12 1 1 1 11 12 1 7 1 10 7 1 10 12 1 7 1 10 12 1 10 12 1 1 10 12 1 11 12 1 1 7 1 10 9 7 12 1 1 1 10 12 1 1 11 7 12 1 1 1 100 1 11 7 12 1 1 100 1 10 10 100 12 1 1 10 12 1 1 8 1 10 10 100 12 1 1 1 11 100 1 8 1 8 1 11 12 1 1 8 1 10 12 1 10 12 1 7 1 10 12 1 7 1 10 10 7 12 1 1 1 10 12 1 1 100 1 10 12 1 100 1 10 12 1 11 12 1 1 11 100 12 1 1 11 12 1 1 10 12 1 1 11 100 12 1 1 1 11 11 12 1 11 12 1 10 12 1 11 12 1 11 12 1 11 12 1 10 7 12 1 1 1 11 100 1 11 10 12 1 1 11 12 1 10 12 1 10 10 12 1 10 12 1 10 12 1 10 12 1 1 10 12 1 1 10 12 1 1 100 1 8 1 11 12 1 1 100 1 10 100 12 1 1 1 10 12 1 10 12 1 8 1 10 12 1 8 1 10 12 1 11 100 12 1 1 1 10 12 1 1 11 100 12 1 1 8 1 10 12 1 10 12 8 1 8 1 100 1 1 1 1 8 1 1 1 3 1 8 1 1 3 1 1 1 1 1 1 1 1 1 1 1 1 1 1 1 1 1 1 1 1 1 1 1 1 1 1 1 1 1 1 1 1 1 1 1 1 1 1 1 1 1 1 1 1 1 1 1 1 1 1 1 1 1 1 1 1 1 1 1 1 1 1 1 1 1 1 1 1 1 1 1 1 1 1 1 1 1 100 1 1 1 1 1 1 1 1 1 1 1 1 1 1 1 1 1 1 1 1 1 1 1 1 1 1 1 1 1 1 1 1 1 1 1 1 1 1 1 1 1 1 1 1 1 1 1 1 1 1 1 1 1 1 1 1 1 1 100 1 1
ciInstanceKlass org/eclipse/aether/internal/impl/collect/df/DfDependencyCollector 1 1 496 10 7 12 1 1 1 10 12 1 7 1 10 10 12 1 1 7 1 10 12 1 11 7 12 1 1 1 11 7 12 1 1 1 11 12 1 1 11 7 12 1 1 1 11 12 1 1 11 7 12 1 1 1 11 12 1 1 11 100 12 1 1 1 10 7 12 1 1 1 11 7 12 1 1 1 11 7 12 1 1 1 11 12 1 1 7 1 10 12 1 1 10 7 12 1 1 1 10 12 1 11 12 1 1 9 12 1 1 10 7 12 1 1 1 9 12 1 1 9 12 1 10 12 1 1 9 12 1 1 10 7 12 1 1 1 10 12 1 1 10 12 1 1 10 12 1 1 11 12 1 10 12 1 1 9 12 1 1 9 12 1 1 10 12 1 1 9 12 1 1 10 12 1 1 100 1 10 100 12 1 1 1 7 1 11 12 1 11 7 12 1 1 1 10 12 1 1 10 12 1 1 10 12 1 1 10 7 1 10 12 1 1 10 7 12 1 1 1 10 12 1 1 10 12 1 1 11 7 12 1 1 10 12 1 1 11 12 1 11 12 1 1 10 12 1 11 12 1 11 12 1 10 100 12 1 1 11 12 1 10 7 12 1 1 1 10 12 1 10 7 12 1 1 1 10 12 1 1 10 12 1 1 10 12 1 10 12 1 10 12 1 1 9 12 1 1 10 12 1 10 7 12 1 1 1 9 12 1 9 12 1 1 10 12 1 11 7 12 1 1 1 10 12 1 1 10 12 1 10 7 1 10 12 1 1 10 12 1 10 12 1 1 10 12 1 10 12 1 1 10 12 1 10 12 1 1 9 12 1 1 11 7 12 1 1 1 10 12 1 1 100 1 10 12 1 9 12 1 1 100 1 1 1 1 8 1 1 1 1 1 1 1 1 1 1 1 1 1 1 1 1 1 1 1 1 1 1 1 1 1 1 1 1 1 1 1 1 100 1 100 1 1 1 1 1 1 1 1 1 1 1 1 1 1 1 1 1 1 1 1 1 1 1 1 1 1 1 1 1 1 1 1 1 1 1 1 1 1 1 1 1 1 1 1 1 1 1 100 1 1 1 1 1 1 1 1 1 1 1 100 1 1 1 1 100 1 1 1 1 1 1 1 1 1 1
ciInstanceKlass org/eclipse/aether/impl/ArtifactDescriptorReader 1 0 12 100 1 100 1 1 1 1 100 1 1 1
ciInstanceKlass org/apache/maven/repository/internal/DefaultArtifactDescriptorReader 1 1 687 10 7 12 1 1 1 7 1 10 9 7 12 1 1 1 10 12 1 1 10 7 12 1 1 1 9 12 1 1 10 12 1 1 10 12 1 1 10 12 1 1 10 12 1 1 10 12 1 1 10 12 1 1 10 12 1 1 7 1 11 100 12 1 1 1 7 1 7 1 7 1 7 1 9 12 1 1 100 1 10 10 12 1 1 7 1 7 1 8 1 10 7 12 1 1 1 9 12 1 1 8 1 9 12 1 1 8 1 9 12 1 1 8 1 9 12 1 1 8 1 9 12 1 1 8 1 8 1 9 12 1 1 7 1 10 12 1 10 12 1 1 11 7 12 1 1 1 10 7 12 1 1 1 11 7 12 1 1 1 10 12 1 1 10 7 12 1 1 1 10 7 12 1 1 1 7 1 10 10 12 1 1 10 7 12 1 1 1 7 1 10 12 1 1 10 12 1 10 12 1 10 12 1 1 11 12 1 1 10 7 12 1 1 11 7 12 1 1 1 100 1 10 12 1 1 7 1 10 12 1 7 1 10 11 12 1 10 12 1 1 10 12 1 11 12 1 11 12 1 10 12 1 11 7 12 1 1 1 100 1 8 1 10 12 1 10 12 1 10 12 1 1 10 12 1 1 100 1 7 1 10 10 12 1 11 12 1 1 10 7 1 10 12 1 1 10 12 1 1 100 1 10 12 1 1 100 1 100 1 10 12 1 11 12 1 1 7 1 11 12 1 1 7 1 10 7 1 11 12 1 1 11 12 1 1 11 12 1 11 12 1 11 12 1 10 12 1 1 11 12 1 1 7 1 10 11 12 1 11 12 1 1 11 12 1 1 7 1 10 12 1 10 12 1 11 12 1 1 7 1 11 12 1 1 11 12 1 1 7 1 10 12 1 11 12 1 1 11 12 1 1 11 7 12 1 1 11 7 12 1 1 1 11 100 12 1 1 11 12 1 1 8 1 8 1 8 1 8 1 8 1 10 100 12 1 1 1 10 100 12 1 1 1 10 100 12 1 1 1 10 100 12 1 1 1 11 12 1 1 11 100 12 1 1 11 12 1 1 100 1 8 1 11 12 1 10 100 12 1 1 1 11 12 1 8 1 8 1 8 1 11 12 1 11 12 1 1 100 1 10 11 12 1 1 100 1 10 12 1 1 10 12 1 1 100 1 10 100 1 10 10 10 10 12 1 10 12 1 10 12 1 1 10 7 12 1 1 1 10 7 12 1 1 100 1 9 100 12 1 1 1 10 12 1 10 12 1 10 12 1 10 12 1 1 10 12 1 11 12 1 1 9 12 1 11 12 1 1 100 1 10 12 1 11 12 1 100 1 100 1 1 1 1 1 1 1 1 1 1 1 1 1 1 1 1 1 1 1 1 1 1 1 1 1 1 1 1 1 1 1 1 1 1 1 1 1 1 1 1 1 1 1 1 1 1 1 1 1 1 1 1 1 1 1 1 1 1 1 1 1 1 1 1 1 1 1 1 1 100 1 100 1 1 1 1 1 1 1 1 1 1 1 1 1 1 1 1 1 1 1 1 1 100 1 1 1
ciInstanceKlass org/apache/maven/repository/internal/ModelCacheFactory 1 0 9 100 1 100 1 1 1 1 1
ciInstanceKlass org/apache/maven/repository/internal/DefaultModelCacheFactory 1 1 30 10 7 12 1 1 1 10 7 12 1 1 1 100 1 100 1 1 1 1 1 1 1 1 1 1 1 1 1 1
ciInstanceKlass org/eclipse/aether/impl/VersionRangeResolver 1 0 12 100 1 100 1 1 1 1 100 1 1 1
ciInstanceKlass org/apache/maven/repository/internal/DefaultVersionRangeResolver 1 1 530 10 7 12 1 1 1 10 7 12 1 1 1 10 12 1 1 10 12 1 1 7 1 11 100 12 1 1 1 7 1 7 1 8 1 10 7 12 1 1 1 9 12 1 1 8 1 9 12 1 1 8 1 9 12 1 1 7 1 10 12 1 7 1 10 10 7 12 1 1 1 11 7 12 1 1 1 11 7 12 1 1 1 100 1 10 12 1 1 7 1 10 12 1 10 12 1 1 11 7 12 1 1 1 11 12 1 10 12 1 1 11 100 12 1 1 1 11 12 1 10 100 12 1 1 1 10 10 12 1 1 100 1 10 11 100 12 1 1 1 11 100 12 1 1 1 11 100 12 1 1 1 11 12 1 1 100 1 11 12 1 100 1 11 12 1 1 11 12 1 1 11 100 12 1 1 11 12 1 100 1 10 12 1 1 10 100 12 1 1 1 10 12 1 1 10 12 1 1 10 100 12 1 1 1 100 1 10 100 1 11 12 1 11 12 1 8 1 9 100 12 1 1 1 10 12 1 10 12 1 1 11 12 1 1 10 12 1 100 1 10 12 1 10 12 1 11 100 1 10 12 1 1 10 12 1 1 11 12 1 1 11 100 12 1 1 1 11 100 12 1 1 1 11 12 1 1 11 12 1 1 100 1 10 12 1 1 10 12 1 1 10 12 1 11 12 1 1 10 12 1 1 10 12 1 1 10 12 1 1 10 100 12 1 11 12 1 11 12 1 1 10 12 1 1 11 100 12 1 1 1 11 100 12 1 1 1 10 100 12 1 1 100 1 10 12 1 100 1 10 10 12 1 1 10 100 12 1 1 1 10 100 12 1 1 100 1 10 12 1 1 11 100 1 10 12 1 1 10 10 12 1 10 100 12 1 1 1 10 12 1 1 10 100 12 1 1 10 12 1 1 100 1 9 100 12 1 1 1 10 12 1 10 12 1 10 12 1 1 10 12 1 1 10 12 1 10 12 1 1 11 12 1 1 100 1 100 1 1 1 1 1 1 1 1 1 1 1 1 1 1 1 1 1 1 1 1 1 1 1 1 1 1 1 1 1 1 1 1 1 1 1 1 1 1 1 1 1 1 1 1 1 1 1 1 1 1 1 1 1 1 1 1 1 1 1 1 1 1 1 1 1 1 1 1 1 1 1 1 1 1 1 1 1 1 1 1 1 1 1 1 1 1 1 1 1 100 1 1 1
ciInstanceKlass org/eclipse/aether/impl/VersionResolver 1 0 12 100 1 100 1 1 1 1 100 1 1 1
ciInstanceKlass org/apache/maven/repository/internal/DefaultVersionResolver 1 1 698 10 7 12 1 1 1 10 7 12 1 1 1 10 12 1 1 10 12 1 1 7 1 11 100 12 1 1 1 7 1 7 1 8 1 10 7 12 1 1 1 9 12 1 1 8 1 9 12 1 1 8 1 9 12 1 1 10 7 12 1 1 1 10 7 12 1 1 1 10 12 1 1 11 7 12 1 1 1 7 1 10 12 1 11 7 12 1 1 1 7 1 8 1 10 7 12 1 1 1 7 1 10 12 1 11 7 12 1 1 1 100 1 9 12 1 1 10 12 1 1 10 12 1 1 9 12 1 1 9 12 1 10 12 1 1 10 12 1 1 8 1 10 12 1 1 100 1 11 12 1 11 12 1 8 1 9 100 12 1 1 10 12 1 8 1 9 12 1 8 1 10 12 1 1 11 12 1 1 11 7 12 1 1 1 11 7 12 1 1 11 12 1 9 12 10 12 1 100 1 11 12 1 1 10 12 1 100 1 10 12 1 10 12 1 11 12 1 11 12 1 1 11 100 12 1 1 1 11 12 1 1 100 1 10 12 1 1 10 12 1 10 12 1 1 11 12 1 1 100 1 10 100 1 10 12 1 1 10 12 1 1 10 12 1 1 10 12 1 11 12 1 1 10 12 1 1 10 12 1 1 10 12 1 1 10 12 1 1 10 10 11 12 1 10 12 1 1 10 12 1 10 100 12 1 1 1 10 12 1 1 10 12 1 1 10 12 1 100 1 100 1 10 10 12 1 1 11 12 1 11 12 1 10 12 1 1 10 12 1 10 12 1 10 100 12 1 1 7 1 10 12 1 10 12 1 1 10 12 1 11 12 1 1 11 100 12 1 1 100 1 9 9 12 1 1 11 12 1 1 10 12 1 1 11 100 12 1 1 1 11 100 12 1 1 1 10 100 12 1 1 100 1 10 12 1 100 1 10 10 12 1 1 10 100 12 1 1 1 100 1 10 100 12 1 1 1 10 100 12 1 1 10 10 12 1 10 12 1 1 10 10 12 1 1 10 12 1 1 100 1 8 1 11 100 12 1 1 8 1 10 12 10 100 12 1 1 100 1 10 12 1 1 11 10 12 1 1 100 1 9 100 12 1 1 1 10 12 1 10 12 1 10 12 1 1 10 12 1 1 10 12 1 10 12 1 1 11 12 1 1 10 12 1 10 12 1 10 12 1 10 12 1 10 12 1 100 1 10 10 10 10 12 1 11 12 10 12 1 10 12 1 10 12 1 10 12 1 10 12 1 1 10 12 1 11 12 1 10 12 1 9 12 1 10 12 1 1 100 1 10 100 12 1 1 1 10 10 100 12 1 1 1 11 12 1 1 100 1 100 1 1 1 1 1 1 1 1 1 1 1 1 1 1 1 1 1 1 1 1 1 1 1 1 1 1 1 1 1 1 1 1 1 1 1 1 1 1 1 1 1 1 1 1 1 1 1 1 1 1 1 1 1 1 1 1 1 1 1 1 1 1 1 1 1 1 1 1 1 1 1 1 1 1 1 1 1 1 1 1 1 1 1 1 1 1 1 1 1 1 1 1 1 1 1 1 1 1 1 1 1 1 1 1 100 1 1 1
ciInstanceKlass java/util/ConcurrentModificationException 0 0 27 1 1 1 1 1 1 1 1 1 1 1 1 5 0 100 100 1 12 12 12 12 10 10 10 10 1
ciInstanceKlass org/apache/maven/model/building/ModelSource 1 0 12 100 1 100 1 100 1 1 1 1 1 1
instanceKlass org/apache/maven/model/Profile
instanceKlass org/apache/maven/model/Model
ciInstanceKlass org/apache/maven/model/ModelBase 1 1 320 10 7 12 1 1 1 10 7 12 1 1 1 11 7 12 1 1 1 10 12 1 10 12 1 10 12 1 1 10 7 12 1 1 1 10 12 1 10 12 1 1 9 12 1 1 7 1 10 11 12 1 1 9 12 1 1 10 7 12 1 1 9 12 1 1 10 9 12 1 1 10 7 12 1 1 9 12 1 11 12 1 1 11 7 12 1 1 1 11 12 1 7 1 10 12 1 9 12 1 7 1 10 12 1 9 12 1 9 12 1 1 100 1 10 12 1 9 12 1 1 10 7 12 1 1 9 12 1 1 7 1 10 12 1 100 1 100 1 100 1 10 10 12 1 1 10 100 12 1 1 1 10 12 1 1 8 1 10 12 1 10 12 1 10 12 1 1 100 1 7 1 10 12 1 1 8 1 10 12 1 8 8 8 8 8 8 8 8 8 9 12 1 1 9 12 1 9 12 1 9 12 1 9 12 1 9 12 1 9 12 1 9 12 1 9 12 1 9 12 1 10 12 1 1 10 12 1 1 10 11 7 1 11 12 1 1 7 1 10 11 12 1 10 12 1 100 1 100 1 100 1 1 1 1 1 1 1 1 1 1 1 1 1 1 1 1 1 1 1 1 1 1 1 1 1 1 1 1 1 1 1 1 1 1 1 1 1 1 1 1 1 1 1 1 1 1 1 1 1 1 1 1 1 1 1 1 1 1 1 1 1 1 1 1 1 7 1 1 1
ciInstanceKlass org/apache/maven/model/Model 1 1 402 10 7 12 1 1 1 8 1 9 7 12 1 1 1 8 1 9 12 1 10 12 1 1 11 7 12 1 1 1 10 12 1 10 12 1 10 12 1 10 12 1 10 12 1 1 9 12 1 1 10 7 12 1 1 9 12 1 1 10 7 12 1 1 9 12 1 1 7 1 10 11 12 1 1 11 7 12 1 1 1 11 12 1 1 7 1 10 12 1 9 12 1 7 1 10 12 1 9 12 1 7 1 10 12 1 9 12 1 7 1 10 12 1 9 12 1 1 10 7 12 1 1 9 12 1 1 10 7 12 1 1 9 12 1 1 10 7 12 1 1 9 12 1 1 10 7 12 1 1 9 12 1 1 10 7 12 1 1 9 12 1 7 1 10 12 1 10 12 1 1 100 1 100 1 7 1 10 10 100 12 1 1 1 10 100 12 1 1 1 10 12 1 1 8 1 10 12 1 10 12 1 10 12 1 1 100 1 9 12 1 9 12 1 9 12 1 9 12 1 9 12 1 9 12 1 9 12 1 9 12 1 9 12 1 11 12 1 9 12 1 1 10 7 12 1 1 1 10 12 1 10 12 1 10 12 1 8 1 8 1 10 12 1 10 12 1 10 12 1 10 12 1 10 100 12 1 1 1 10 100 12 1 1 1 10 12 1 100 1 100 1 1 1 1 1 1 1 1 1 1 1 1 1 1 1 1 1 1 1 1 1 1 1 1 1 1 1 1 1 1 1 1 1 1 1 1 1 1 1 1 1 1 1 1 1 1 1 1 1 1 1 1 1 1 1 1 1 1 1 1 1 1 1 1 1 1 1 1 1 1 1 1 1 1 1 1 1 1 1 1 1 1 1 1 1 1 1 1 1 1 1 1 1 1 1 1 1 1 1 1 1 1 1 1 1 1 1 7 1 1 1
instanceKlass org/eclipse/aether/collection/UnsolvableVersionConflictException
instanceKlass org/eclipse/aether/transfer/TransferCancelledException
instanceKlass org/eclipse/aether/transfer/ChecksumFailureException
instanceKlass org/eclipse/aether/transfer/NoTransporterException
instanceKlass org/eclipse/aether/resolution/VersionRangeResolutionException
instanceKlass org/eclipse/aether/transfer/NoRepositoryLayoutException
instanceKlass org/eclipse/aether/repository/NoLocalRepositoryManagerException
instanceKlass org/eclipse/aether/transfer/MetadataTransferException
instanceKlass org/eclipse/aether/transfer/RepositoryOfflineException
instanceKlass org/eclipse/aether/resolution/VersionResolutionException
instanceKlass org/eclipse/aether/transfer/ArtifactTransferException
instanceKlass org/eclipse/aether/transfer/NoRepositoryConnectorException
instanceKlass org/eclipse/aether/resolution/ArtifactDescriptorException
instanceKlass org/eclipse/aether/installation/InstallationException
instanceKlass org/eclipse/aether/version/InvalidVersionSpecificationException
instanceKlass org/eclipse/aether/resolution/DependencyResolutionException
instanceKlass org/eclipse/aether/collection/DependencyCollectionException
instanceKlass org/eclipse/aether/resolution/ArtifactResolutionException
instanceKlass org/eclipse/aether/deployment/DeploymentException
ciInstanceKlass org/eclipse/aether/RepositoryException 0 0 64 10 100 12 1 1 1 10 12 1 8 1 10 100 12 1 1 1 10 100 12 1 1 1 10 100 12 1 1 1 10 100 12 1 1 100 1 10 12 1 10 12 1 1 10 12 1 100 1 1 1 1 1 1 1 1 1 1 1 1 1 1 1 1
ciInstanceKlass org/eclipse/aether/artifact/Artifact 1 0 31 100 1 100 1 1 1 1 1 1 1 1 1 1 1 1 1 1 1 1 1 1 1 1 1 1 1 1 1 1 1
ciInstanceKlass org/apache/maven/model/building/ModelProblem 0 0 27 100 1 100 1 1 1 1 1 1 1 1 1 1 1 1 1 1 1 1 1 100 1 1 100 1 1
ciInstanceKlass org/eclipse/aether/resolution/ArtifactResolutionException 0 0 168 10 100 12 1 1 1 10 12 1 1 10 100 12 1 1 1 10 100 12 1 1 1 9 12 1 1 11 100 12 1 1 1 11 12 1 1 100 1 100 1 10 12 1 8 1 10 12 1 1 8 1 11 12 1 1 11 100 12 1 1 11 12 1 1 10 12 1 10 12 1 1 10 100 12 1 1 1 10 12 1 10 12 1 1 8 1 10 100 12 1 1 1 8 1 10 12 1 8 1 8 1 8 1 8 1 8 1 10 100 12 1 1 10 12 1 10 12 1 100 1 100 1 10 12 1 100 1 1 1 1 1 1 1 1 1 1 1 1 1 1 1 100 1 1 1 1 1 1 1 1 1 1 1 1 1 1 1 1 1 1 1 1 1 1 1 1 1
ciInstanceKlass org/eclipse/aether/RepositorySystemSession 1 1 61 100 1 100 1 1 1 1 1 1 1 1 1 1 1 1 1 1 1 1 1 1 1 1 1 1 1 1 1 1 1 1 1 1 1 1 1 1 1 1 1 1 1 1 1 1 1 1 1 1 1 1 1 1 1 1 1 1 1 1 1
ciInstanceKlass org/apache/maven/model/Dependency 1 1 281 10 7 12 1 1 1 8 1 9 7 12 1 1 1 10 12 1 1 11 7 12 1 1 1 10 12 1 1 9 12 1 1 7 1 10 11 12 1 1 11 7 12 1 1 1 11 12 1 7 1 10 12 1 9 12 1 1 100 1 10 12 1 100 1 100 1 7 1 10 10 12 1 1 10 100 12 1 1 1 10 12 1 1 8 1 10 12 1 10 12 1 10 12 1 1 100 1 9 12 1 9 12 1 9 12 1 7 1 10 12 1 1 8 1 10 12 1 8 8 8 1 8 8 8 1 8 1 8 8 1 9 12 1 1 9 12 1 9 12 1 9 12 1 9 12 1 9 12 1 9 12 1 9 12 1 9 12 1 9 12 1 10 12 1 1 9 12 10 12 1 1 10 11 100 12 1 1 1 11 12 1 1 100 1 9 12 9 12 9 12 11 12 1 10 7 12 1 1 1 10 12 1 1 8 1 8 1 8 1 8 1 8 1 9 12 1 8 1 10 12 1 100 1 100 1 100 1 1 1 1 1 1 1 1 1 1 1 1 1 1 1 1 1 1 1 1 1 1 1 1 1 1 1 1 1 1 1 1 1 1 1 1 1 1 1 1 1 1 1 1 1 1 1 1 1 1 100 1 1 1
instanceKlass org/apache/maven/model/DeploymentRepository
ciInstanceKlass org/apache/maven/model/Repository 1 1 89 10 7 12 1 1 1 10 12 1 1 7 1 9 12 1 1 10 7 12 1 1 9 12 1 100 1 100 1 100 1 10 10 100 12 1 1 1 10 100 12 1 1 1 10 12 1 1 8 1 10 12 1 10 12 1 10 12 1 1 100 1 10 12 1 100 1 100 1 1 1 1 1 1 1 1 1 1 1 1 1 1 1 1 1 100 1 1 1
ciInstanceKlass org/apache/maven/model/building/ModelBuildingRequest 1 0 81 100 1 100 1 1 1 1 3 1 3 1 3 1 3 1 1 1 1 1 1 1 1 1 1 1 1 1 1 1 1 1 1 1 1 1 1 1 1 1 1 1 1 1 1 1 1 1 1 1 1 1 1 1 1 1 1 1 1 1 1 1 1 1 1 1 1 1 1 1 1 1 1 1 1 1 1 1 1 1 1
ciInstanceKlass org/eclipse/aether/version/InvalidVersionSpecificationException 0 0 50 10 100 12 1 1 1 9 100 12 1 1 1 100 1 10 12 1 8 1 10 12 1 1 8 1 10 12 1 1 10 12 1 1 10 12 1 1 1 1 1 1 1 1 1 1 1 1 1 1
ciInstanceKlass org/eclipse/aether/version/VersionScheme 1 0 16 100 1 100 1 1 1 1 100 1 1 1 1 1 1 1
ciInstanceKlass org/eclipse/aether/DefaultRepositorySystemSession 1 1 484 10 7 12 1 1 1 7 1 10 9 7 12 1 1 1 10 7 12 1 1 1 9 12 1 9 12 1 9 12 1 9 12 1 9 12 1 9 7 12 1 1 1 9 12 1 9 7 12 1 1 9 12 1 9 7 12 1 1 9 12 1 9 7 12 1 1 9 12 1 9 7 12 1 1 9 12 1 7 1 10 9 12 1 1 8 1 10 7 12 1 1 1 11 7 12 1 1 1 10 12 1 1 11 12 1 10 12 1 11 12 1 1 10 12 1 1 11 12 1 1 10 12 1 1 11 12 1 1 10 12 1 1 11 12 1 10 12 1 11 12 1 1 10 12 1 1 11 12 1 1 10 12 1 1 11 12 1 1 10 12 1 1 11 12 1 1 10 12 1 1 11 12 1 1 10 12 1 1 11 12 1 10 12 1 11 12 1 10 12 1 11 12 1 1 10 12 1 1 11 12 1 1 10 12 1 1 11 12 1 1 10 12 1 1 11 12 1 1 10 12 1 1 11 12 1 1 10 12 1 1 11 12 1 1 10 12 1 1 11 12 1 1 10 12 1 1 11 12 1 1 10 12 1 1 11 12 1 1 10 12 1 1 11 12 1 1 10 12 1 1 11 12 1 1 10 12 1 1 11 12 1 1 10 12 1 1 9 12 1 1 10 12 1 9 12 1 9 12 1 1 9 12 1 1 9 12 1 1 9 12 1 10 11 7 12 1 1 1 9 12 1 1 9 12 1 1 9 12 1 1 9 12 1 1 11 7 12 1 1 11 12 1 1 4 10 12 1 11 12 1 1 11 7 12 1 1 1 11 7 12 1 1 11 12 1 1 7 1 11 12 1 7 1 11 12 1 10 7 12 1 1 1 10 12 1 10 12 1 1 11 12 1 1 10 12 1 1 11 12 1 9 12 1 1 9 12 1 1 9 12 1 1 9 12 1 1 9 12 1 1 9 12 1 1 9 12 1 100 1 8 1 10 12 1 1 1 1 1 1 1 1 1 1 1 1 1 1 1 100 1 1 1 1 1 1 1 1 1 1 1 1 1 1 1 1 1 1 1 1 1 1 1 1 1 1 1 1 1 1 1 1 1 1
ciInstanceKlass org/eclipse/aether/graph/DependencyNode 1 0 61 100 1 100 1 1 1 1 3 1 3 1 3 1 3 1 3 1 1 1 1 1 1 1 1 1 1 1 1 1 1 1 1 1 1 1 1 1 1 1 1 1 1 1 1 1 1 1 1 1 1 1 1 1 1 1 1 1 1 1 1
ciInstanceKlass org/eclipse/aether/repository/ArtifactRepository 1 0 10 100 1 100 1 1 1 1 1 1
ciInstanceKlass org/eclipse/aether/RequestTrace 1 1 49 7 1 10 12 1 1 10 12 1 1 10 12 1 10 7 12 1 1 9 12 1 1 9 12 1 1 10 12 1 1 10 100 12 1 1 1 1 1 1 1 1 1 1 1 1 1 1 1
ciInstanceKlass org/apache/maven/model/building/ModelCache 1 0 11 100 1 100 1 1 1 1 1 1 1
ciInstanceKlass org/apache/maven/model/building/ModelBuildingException 0 0 195 10 100 12 1 1 1 10 100 12 1 1 1 100 1 10 12 1 8 1 10 12 1 1 10 12 1 1 10 12 1 1 9 12 1 1 10 12 1 11 100 12 1 1 1 11 12 1 11 12 1 1 11 100 12 1 1 1 11 12 1 1 100 1 10 100 12 1 1 11 12 1 10 12 1 1 100 1 10 12 1 100 1 10 12 1 11 12 1 1 10 12 1 8 1 8 1 10 12 8 1 10 12 1 8 1 10 12 1 11 12 1 1 11 100 12 1 1 11 12 1 1 100 1 8 1 11 12 1 1 10 12 1 8 1 11 12 1 1 8 1 10 100 12 1 1 1 10 12 10 12 1 1 1 1 1 1 1 1 1 1 1 1 1 1 1 1 1 1 100 1 1 1 1 1 1 1 1 1 1 1 1 1 1 1 1 1 1 1 1 1 1 100 1 1
ciInstanceKlass org/apache/maven/model/resolution/ModelResolver 1 0 21 100 1 100 1 1 1 1 100 1 1 1 1 1 100 1 1 1 1 1 1
ciInstanceKlass org/apache/maven/model/building/ModelBuildingResult 1 0 22 100 1 100 1 1 1 1 1 1 1 1 1 1 1 1 1 1 1 1 1 1
ciInstanceKlass org/eclipse/aether/collection/DependencySelector 1 0 11 100 1 100 1 1 1 1 1 1 1
ciInstanceKlass org/eclipse/aether/resolution/ArtifactDescriptorException 0 0 86 100 1 10 12 1 1 8 1 10 12 1 1 8 1 10 100 12 1 1 1 10 100 12 1 1 1 10 12 1 10 12 1 1 8 1 10 100 12 1 1 1 10 100 12 1 1 9 12 1 1 10 12 1 1 11 100 12 1 1 1 11 12 1 1 100 1 1 1 1 1 1 1 1 100 1 1 1 1 1 1 1 1 1 1 1
ciInstanceKlass org/eclipse/aether/resolution/ArtifactResult 1 1 139 10 7 12 1 1 1 8 1 10 7 12 1 1 1 7 1 9 7 12 1 1 1 10 7 12 1 1 1 9 12 1 1 9 12 1 1 11 100 12 1 1 1 100 1 10 11 12 1 1 9 12 1 1 9 12 1 1 10 12 1 1 11 7 12 1 1 1 10 12 1 11 12 1 1 11 100 12 1 1 11 12 1 1 100 1 100 1 10 12 1 100 1 10 10 12 1 1 8 1 10 12 1 10 12 1 1 10 12 1 1 1 1 1 1 1 1 1 1 1 1 1 1 1 1 1 1 1 1 1 1 1 1 1 1 1 1 1 1
ciInstanceKlass org/eclipse/aether/repository/WorkspaceRepository 1 1 93 8 1 10 7 12 1 1 1 10 12 1 10 7 12 1 1 8 1 9 12 1 1 10 100 12 1 1 1 10 12 1 1 8 1 10 7 12 1 1 1 9 12 1 1 100 1 10 8 1 10 12 1 1 10 12 1 8 1 10 10 12 1 1 10 12 1 1 10 10 12 1 1 10 12 1 1 10 100 1 1 1 1 1 1 1 1 1 1 1 1 1 1
ciInstanceKlass org/eclipse/aether/resolution/ArtifactDescriptorResult 1 1 175 10 7 12 1 1 1 8 1 10 7 12 1 1 1 7 1 9 7 12 1 1 1 10 12 1 1 9 12 1 1 10 7 12 1 1 1 9 12 1 1 9 12 1 9 12 1 1 9 12 1 9 12 1 9 12 1 10 12 1 1 9 12 1 1 11 7 12 1 1 1 7 1 10 11 12 1 1 11 100 1 11 9 12 1 1 100 1 10 10 10 12 1 1 8 1 10 12 1 10 12 1 10 12 1 1 1 1 1 1 1 1 1 1 1 1 1 1 1 1 1 1 1 1 1 1 1 1 1 1 1 1 1 1 1 1 1 1 1 1 1 1 1 1 1 1 1 1 1 1 1 1 1 1 1 1 1 1 1 1 1 1 1 1 1 1 1 1 1 1 1 1 1 1 1
ciInstanceKlass org/eclipse/aether/graph/Dependency 1 1 174 10 7 12 1 1 1 10 7 12 1 1 1 10 12 1 10 7 12 1 1 1 10 12 1 10 7 12 1 1 8 1 10 7 12 1 1 1 7 1 9 12 1 1 8 1 9 12 1 1 9 12 1 1 9 12 1 1 11 12 1 1 10 7 1 10 12 1 1 9 12 1 10 10 12 1 10 12 1 1 11 100 1 11 7 1 11 11 12 1 1 11 11 12 1 11 100 1 10 10 12 1 1 10 12 1 1 8 1 10 12 1 10 12 1 1 10 12 1 8 1 8 1 10 12 1 10 12 1 1 10 11 12 1 10 10 1 1 1 1 1 1 1 1 1 1 1 1 1 1 1 1 1 1 1 1 1 1 1 1 1 1 1 1 1 1 1 1 1 1 1 1 1 1
ciInstanceKlass org/apache/maven/model/resolution/UnresolvableModelException 0 0 49 10 100 12 1 1 1 8 1 9 100 12 1 1 1 9 12 1 9 12 1 10 12 1 10 12 1 1 1 1 1 1 1 1 1 1 1 100 1 100 1 1 1 1 1 1 1 1 1
ciInstanceKlass org/eclipse/aether/repository/RemoteRepository 1 1 249 10 7 12 1 1 1 9 7 12 1 1 1 9 12 1 1 9 12 1 1 9 7 1 9 12 1 9 9 12 1 9 9 12 1 1 9 9 12 1 9 9 12 1 1 9 9 12 1 1 9 9 12 1 1 9 9 12 1 9 9 12 1 1 10 12 1 1 9 9 12 1 1 10 7 12 1 1 1 10 7 12 1 1 1 10 12 1 1 9 12 1 8 1 9 12 1 11 7 12 1 1 10 7 12 1 1 1 11 12 1 1 7 1 10 7 12 1 1 1 10 12 1 100 1 10 12 1 10 12 1 1 10 12 1 1 8 1 10 12 1 8 1 10 12 1 10 12 1 1 10 100 12 1 1 8 1 8 1 8 1 8 1 10 12 1 8 1 10 12 1 8 1 8 1 10 12 1 10 12 1 1 10 12 1 1 10 7 12 1 1 10 12 1 1 10 12 1 1 8 1 10 12 1 1 100 1 1 1 1 1 1 1 1 1 1 1 1 1 100 1 100 1 100 1 1 1 1 1 1 1 1 1 1 1 1 1 1 1 1 1 1 1 1 1 1 1 1 1
staticfield org/eclipse/aether/repository/RemoteRepository URL_PATTERN Ljava/util/regex/Pattern; java/util/regex/Pattern
ciInstanceKlass org/eclipse/aether/resolution/VersionResolutionException 0 0 104 10 100 12 1 1 1 10 12 1 1 10 100 12 1 1 1 9 12 1 1 100 1 10 12 1 8 1 10 12 1 1 8 1 10 100 12 1 1 1 10 100 12 1 1 1 10 12 1 10 12 1 1 11 100 12 1 1 1 8 1 11 12 1 1 11 100 12 1 1 1 100 1 10 12 1 10 12 1 11 12 1 1 100 1 1 1 1 1 1 1 1 1 1 1 1 1 1 1 1 1 1 1 1
instanceKlass org/eclipse/aether/transfer/ArtifactFilteredOutException
ciInstanceKlass org/eclipse/aether/transfer/ArtifactNotFoundException 0 0 82 10 100 12 1 1 1 10 100 12 1 1 1 100 1 10 12 1 8 1 10 12 1 1 10 12 1 8 1 10 12 1 1 100 1 8 1 11 100 12 1 1 1 8 1 8 1 8 1 10 12 1 1 10 12 1 10 12 1 1 1 1 1 1 1 1 1 1 1 1 1 1 1 100 1 1 1 1 1 1 1 1
ciInstanceKlass org/eclipse/aether/resolution/ArtifactRequest 1 1 130 10 7 12 1 1 1 10 7 12 1 1 1 9 7 12 1 1 1 8 1 9 12 1 1 10 12 1 1 10 12 1 1 10 12 1 1 10 12 1 1 11 7 12 1 1 11 12 1 1 9 12 1 1 9 12 1 1 11 12 1 1 10 7 12 1 1 1 11 100 12 1 1 1 100 1 10 11 12 1 1 9 12 1 1 100 1 10 10 10 12 1 1 8 1 10 12 1 10 10 12 1 1 1 1 1 1 1 1 1 1 1 1 1 1 1 1 1 1 1 1 1 100 1 1 1 1 1 1 1
ciInstanceKlass org/eclipse/aether/resolution/VersionResult 1 1 100 10 7 12 1 1 1 8 1 10 7 12 1 1 1 7 1 9 7 12 1 1 1 10 7 12 1 1 1 9 12 1 1 11 100 12 1 1 1 100 1 10 11 12 1 1 9 12 1 1 9 12 1 1 100 1 10 10 12 1 1 10 12 1 1 8 1 10 12 1 1 10 12 1 10 12 1 1 1 1 1 1 1 1 1 1 1 1 1 1 1 1 1 1 1 1 1 1 1 1
ciInstanceKlass org/eclipse/aether/repository/RepositoryPolicy 1 1 109 7 1 8 1 8 1 10 12 1 1 10 7 12 1 1 9 12 1 1 8 1 9 12 1 1 9 12 1 100 1 10 12 1 8 1 10 12 1 1 10 12 1 1 10 12 1 8 1 10 12 1 1 8 1 10 12 1 10 12 1 10 12 1 1 10 12 1 1 10 7 1 10 12 1 1 1 1 8 1 1 8 1 1 1 8 1 1 8 1 1 1 8 1 1 1 1 1 1 1 1 1 1 1 1 1 1 1 1
ciInstanceKlass org/eclipse/aether/resolution/ArtifactDescriptorRequest 1 1 107 10 7 12 1 1 1 10 7 12 1 1 1 9 7 12 1 1 1 8 1 9 12 1 1 10 12 1 1 10 12 1 1 10 12 1 1 9 12 1 1 11 100 12 1 1 1 100 1 10 11 12 1 1 9 12 1 1 100 1 10 10 12 1 1 10 12 1 1 8 1 10 12 1 10 12 1 10 12 1 1 1 1 1 1 1 1 1 1 1 1 1 1 1 1 1 1 1 1 100 1 1 1 1 1 1 1
ciInstanceKlass org/eclipse/aether/resolution/VersionRangeRequest 1 1 107 10 7 12 1 1 1 10 7 12 1 1 1 9 7 12 1 1 1 8 1 9 12 1 1 10 12 1 1 10 12 1 1 10 12 1 1 9 12 1 1 11 100 12 1 1 1 100 1 10 11 12 1 1 9 12 1 1 100 1 10 10 12 1 1 10 12 1 1 8 1 10 12 1 10 12 1 10 12 1 1 1 1 1 1 1 1 1 1 1 1 1 1 1 1 1 1 1 1 100 1 1 1 1 1 1 1
ciInstanceKlass org/eclipse/aether/resolution/VersionRangeResult 1 1 138 10 7 12 1 1 1 8 1 10 7 12 1 1 1 7 1 9 7 12 1 1 1 10 7 12 1 1 1 9 12 1 1 9 12 1 10 12 1 1 9 12 1 1 11 7 12 1 1 1 7 1 10 11 12 1 1 11 12 1 1 7 1 11 12 1 1 11 7 12 1 1 100 1 11 100 1 10 11 12 1 1 9 12 1 1 10 100 12 1 1 1 1 1 1 1 1 1 1 1 1 1 1 1 1 1 1 1 1 1 1 1 1 1 1 1 1 1 1 1 1 1 1 1 1 1 1 1 1 1 1 1 1 1 1 1 1 1
ciInstanceKlass org/eclipse/aether/resolution/VersionRangeResolutionException 0 0 107 10 100 12 1 1 1 10 12 1 1 10 100 12 1 1 1 9 12 1 1 100 1 10 12 1 8 1 10 12 1 1 8 1 10 100 12 1 1 1 10 100 12 1 1 1 10 12 1 10 12 1 1 11 100 12 1 1 1 8 1 11 12 1 1 11 100 12 1 1 1 100 1 10 12 1 10 12 1 11 12 1 1 100 1 10 12 1 1 1 1 1 1 1 1 1 1 1 1 1 1 1 1 1 1 1 1
ciInstanceKlass org/eclipse/aether/collection/CollectRequest 1 1 142 10 7 12 1 1 1 10 7 12 1 1 1 9 7 12 1 1 1 9 12 1 9 12 1 8 1 9 12 1 1 10 12 1 1 10 12 1 1 10 12 1 10 12 1 9 12 1 1 9 12 1 1 11 7 12 1 1 1 7 1 10 11 12 1 1 9 12 1 1 100 1 10 10 12 1 1 10 12 1 1 8 1 10 12 1 10 12 1 8 1 10 12 1 10 12 1 1 1 1 1 1 1 1 1 1 1 1 1 1 1 1 1 1 1 1 1 1 1 1 1 1 1 1 1 1 1 1 1 1 1 1 1 1 100 1 1 1 1 1 1 1
ciInstanceKlass org/eclipse/aether/collection/CollectResult 1 1 93 10 7 12 1 1 1 8 1 10 7 12 1 1 1 7 1 9 7 12 1 1 1 10 7 12 1 1 1 9 12 1 1 9 12 1 11 100 12 1 1 1 100 1 10 11 12 1 1 9 12 1 1 10 12 1 1 10 100 12 1 1 1 1 1 1 1 1 1 1 1 1 1 1 1 1 1 1 1 1 1 1 1 1 1 1 1 1 1 1 1 1 1
ciInstanceKlass org/eclipse/aether/resolution/VersionRequest 1 1 107 10 7 12 1 1 1 10 7 12 1 1 1 9 7 12 1 1 1 8 1 9 12 1 1 10 12 1 1 10 12 1 1 10 12 1 1 9 12 1 1 11 100 12 1 1 1 100 1 10 11 12 1 1 9 12 1 1 100 1 10 10 12 1 1 10 12 1 1 8 1 10 12 1 10 12 1 10 12 1 1 1 1 1 1 1 1 1 1 1 1 1 1 1 1 1 1 1 1 100 1 1 1 1 1 1 1
ciInstanceKlass org/eclipse/aether/collection/VersionFilter$VersionFilterContext 1 0 31 100 1 100 1 100 1 1 1 1 1 1 1 1 1 1 1 1 1 1 1 1 1 1 1 1 1 1 100 1 1
ciInstanceKlass org/eclipse/aether/collection/VersionFilter 0 0 18 100 1 100 1 1 1 1 100 1 1 1 1 1 1 100 1 1
ciInstanceKlass org/eclipse/aether/internal/impl/collect/DefaultVersionFilterContext 1 1 114 10 7 12 1 1 1 9 7 12 1 1 1 9 12 1 1 9 12 1 1 100 1 10 100 12 1 1 1 10 12 1 9 12 1 1 10 12 1 1 11 100 12 1 1 1 10 12 1 1 10 12 1 1 10 100 12 1 1 10 100 12 1 1 1 11 12 1 1 100 1 10 10 12 1 1 8 1 10 12 1 10 12 1 1 100 1 1 1 1 1 1 1 1 1 1 1 1 1 1 1 1 1 1 1 1 1 1 1 1 1 100 1 1
ciInstanceKlass org/eclipse/aether/internal/impl/collect/DataPool 1 1 347 10 7 12 1 1 1 11 7 12 1 1 1 7 1 7 1 8 1 10 7 12 1 1 1 9 12 1 1 8 1 9 12 1 9 12 1 1 11 7 12 1 1 1 7 1 9 12 1 9 12 1 9 12 1 8 1 8 1 10 12 1 1 10 12 1 1 11 12 1 1 8 1 8 1 8 1 8 1 9 12 1 1 9 12 1 9 12 1 9 12 1 7 1 10 12 1 9 12 1 1 9 12 1 11 12 1 1 7 1 7 1 7 1 10 7 12 1 1 1 10 12 1 11 12 1 7 1 10 12 1 1 10 7 12 1 1 1 10 12 1 10 12 1 1 10 12 1 10 12 1 7 1 10 12 1 9 100 12 1 1 1 7 1 7 1 10 12 1 10 7 1 10 12 1 10 12 1 10 12 7 1 10 12 1 10 12 1 1 7 1 10 12 1 7 1 10 100 1 7 1 10 8 1 10 12 1 1 8 1 10 12 1 1 10 12 1 10 7 12 1 1 8 1 8 1 8 1 8 1 10 10 12 1 9 12 1 1 1 1 1 1 1 1 1 1 1 1 1 1 1 1 1 1 1 1 1 1 1 1 1 1 1 1 1 1 1 1 1 1 1 1 1 1 1 1 1 1 1 1 1 1 1 1 1 1 1 1 1 1 1 1 1 1 1 1 1 1 1 1 1 1 1 1 1 1 1 1 1 1 1 1 1 1 1 1 1 1 1 1 1 1 1 1 1 1 1 1 1 1 1 1 1 1 1 1 1 100 1 1 1 1 1 1 1 1 1
staticfield org/eclipse/aether/internal/impl/collect/DataPool ARTIFACT_POOL Ljava/lang/String; "org.eclipse.aether.internal.impl.collect.DataPool$Artifact"
staticfield org/eclipse/aether/internal/impl/collect/DataPool DEPENDENCY_POOL Ljava/lang/String; "org.eclipse.aether.internal.impl.collect.DataPool$Dependency"
staticfield org/eclipse/aether/internal/impl/collect/DataPool DESCRIPTORS Ljava/lang/String; "org.eclipse.aether.internal.impl.collect.DataPool$Descriptors"
staticfield org/eclipse/aether/internal/impl/collect/DataPool DEPENDENCY_LISTS_POOL Ljava/lang/String; "org.eclipse.aether.internal.impl.collect.DataPool$DependencyLists"
staticfield org/eclipse/aether/internal/impl/collect/DataPool NO_DESCRIPTOR Lorg/eclipse/aether/resolution/ArtifactDescriptorResult; org/eclipse/aether/resolution/ArtifactDescriptorResult
ciInstanceKlass org/eclipse/aether/collection/DependencyCollectionContext 1 0 17 100 1 100 1 1 1 1 1 1 1 1 1 1 1 1 1
ciInstanceKlass org/eclipse/aether/internal/impl/collect/DefaultDependencyCollectionContext 1 1 72 10 7 12 1 1 1 9 7 12 1 1 1 10 7 12 1 1 1 9 12 1 1 9 12 1 1 9 12 1 1 10 12 1 1 10 100 12 1 1 1 100 1 1 1 1 1 1 1 1 1 1 1 100 1 100 1 100 1 1 1 1 1 1 1 1 1 1 1 1 1 1
ciInstanceKlass org/eclipse/aether/internal/impl/collect/DependencyCollectorDelegate$Results 1 1 145 100 1 10 7 12 1 1 1 9 7 12 1 1 1 7 1 8 1 10 7 12 1 1 1 9 12 1 1 8 1 9 12 1 9 12 1 1 10 100 12 1 1 1 11 100 12 1 1 1 10 12 1 1 100 1 10 12 1 11 12 1 1 11 100 12 1 1 1 11 12 1 1 100 1 10 12 1 8 1 10 12 1 1 11 12 1 1 10 100 12 1 1 1 10 12 1 10 12 1 1 10 12 1 100 1 10 12 1 10 12 1 1 1 1 1 1 1 1 1 1 1 1 1 1 1 1 1 1 1 1 1 1 1 1 1 1 1 1 1 1 1 1 1 1
ciInstanceKlass org/eclipse/aether/internal/impl/collect/PremanagedDependency 1 1 195 10 7 12 1 1 1 9 7 12 1 1 1 9 12 1 9 12 1 1 100 1 10 12 1 10 100 12 1 1 1 9 12 1 1 100 1 10 12 1 10 12 1 1 9 12 1 1 9 12 1 1 9 12 1 1 9 12 1 1 11 7 12 1 1 1 10 7 12 1 1 1 10 7 12 1 1 1 11 7 1 11 12 1 1 10 12 1 1 100 1 10 12 1 1 11 11 12 1 1 10 12 1 10 10 12 1 1 10 12 1 1 10 12 1 1 10 100 12 1 1 1 10 12 1 1 10 12 1 1 10 10 12 1 1 10 12 1 10 7 12 1 1 1 100 1 8 1 10 12 1 1 8 1 8 1 8 1 8 1 1 1 1 1 1 1 1 1 1 1 100 1 100 1 100 1 1 1 1 1 1 1 1 1 1 1 1 1 1 1 1 1 1 1 1
ciInstanceKlass org/eclipse/aether/version/Version 1 0 13 100 1 100 1 100 1 1 1 1 1 1 1
ciInstanceKlass org/eclipse/aether/graph/DefaultDependencyNode 1 1 278 10 7 12 1 1 1 9 7 12 1 1 1 10 7 12 1 1 1 9 12 1 1 7 1 10 12 1 9 12 1 1 10 7 12 1 1 1 9 12 1 1 9 12 1 9 12 1 8 1 9 12 1 1 10 12 1 1 9 12 1 1 11 7 12 1 1 1 11 11 12 1 1 10 12 1 1 11 12 1 1 10 12 1 1 11 12 1 1 10 12 1 11 12 1 10 12 1 1 11 12 1 10 12 1 11 12 1 1 10 12 1 1 11 12 1 1 10 12 1 1 11 12 1 11 100 12 1 1 1 100 1 10 12 1 10 12 1 100 1 8 1 10 12 10 12 1 1 11 7 1 11 7 1 9 12 1 1 9 12 1 1 10 12 1 1 10 12 1 1 9 12 1 1 8 1 10 100 12 1 1 1 11 12 1 1 10 12 1 11 12 1 1 11 7 12 1 1 1 11 12 1 1 11 7 12 1 1 11 12 1 1 11 12 1 1 11 12 1 10 10 10 100 12 1 1 1 10 12 1 1 1 1 1 1 1 1 1 1 1 1 1 1 100 1 1 1 1 1 1 1 1 1 1 1 1 1 1 1 1 1 1 1 1 1 1 1 1 1 1 1 1 1 1 1 1 1 1
ciInstanceKlass org/eclipse/aether/internal/impl/collect/df/DfDependencyCollector$Args 1 1 70 10 7 12 1 1 1 9 7 12 1 1 1 9 12 1 1 11 7 12 1 1 1 9 12 1 1 7 1 100 1 8 1 10 7 12 1 1 1 9 12 1 9 12 1 1 9 12 1 1 9 12 1 1 9 12 1 1 1 1 1 1 1 1 1 1 1 100 1 1
ciInstanceKlass org/eclipse/aether/collection/DependencyManager 1 0 11 100 1 100 1 1 1 1 1 1 1
ciInstanceKlass org/eclipse/aether/collection/DependencyTraverser 1 0 11 100 1 100 1 1 1 1 1 1 1
ciInstanceKlass org/apache/maven/repository/internal/ArtifactDescriptorReaderDelegate 1 1 340 10 7 12 1 1 1 11 7 12 1 1 1 10 7 12 1 1 1 11 7 12 1 1 1 11 7 12 1 1 1 11 12 1 1 7 1 10 7 12 1 1 1 10 7 12 1 1 1 10 12 1 7 1 10 7 12 1 1 1 10 12 1 1 10 12 1 1 10 7 1 10 12 1 7 1 10 10 12 1 1 8 1 10 7 12 1 1 1 11 7 12 1 1 1 10 12 1 8 1 11 12 1 1 10 7 12 1 1 1 11 12 1 1 7 1 7 1 10 8 1 10 12 1 1 10 12 1 8 1 10 12 1 10 12 1 8 1 10 12 1 8 1 10 12 1 8 1 10 12 1 10 12 1 1 10 12 1 1 10 12 1 11 7 12 1 1 100 1 10 12 1 10 12 1 10 7 12 1 1 100 1 8 1 10 7 12 1 1 1 7 1 10 12 1 10 12 1 10 12 1 10 12 1 10 12 1 7 1 10 12 1 10 12 1 7 1 10 12 1 11 12 1 1 7 1 10 12 1 10 12 1 10 12 1 10 7 12 1 1 10 12 1 7 1 10 10 8 1 10 12 1 10 12 1 1 10 7 12 1 1 10 12 1 1 7 1 11 7 12 1 1 1 10 12 1 8 1 11 12 1 10 12 1 1 1 1 1 1 1 1 1 1 1 1 1 1 1 1 1 1 1 1 1 1 1 1 1 1 1 1 1 1 1 1 1 1 1 1 1 1 1 1 1 1 1 1 1 1 1 1 1 1 100 1 1 1 1 1 1
ciInstanceKlass org/apache/maven/model/Relocation 0 0 160 10 100 12 1 1 1 10 12 1 1 100 1 9 12 1 1 100 1 10 12 1 100 1 100 1 100 1 10 10 12 1 1 10 100 12 1 1 1 10 12 1 1 8 1 10 12 1 10 12 1 10 12 1 1 100 1 9 12 1 1 9 12 1 100 1 10 12 1 1 8 1 10 12 1 1 8 8 8 1 8 1 9 12 1 1 9 12 1 9 12 1 9 12 1 9 12 1 10 12 1 1 9 12 10 12 1 1 10 11 100 12 1 1 1 11 12 1 1 100 1 9 12 10 12 1 100 1 100 1 100 1 1 1 1 1 1 1 1 1 1 1 1 1 1 1 1 1 1 1 1 1 1 1 1 1 100 1 1 1
ciInstanceKlass com/google/inject/internal/ConstructorInjector 1 1 222 1 7 1 1 7 1 1 7 1 100 1 100 1 1 100 1 7 1 1 1 1 1 1 1 1 1 1 1 1 1 1 1 1 12 10 1 7 1 1 12 10 12 9 12 9 12 9 12 9 1 1 1 1 1 1 1 1 1 1 1 1 100 1 1 7 1 1 12 10 1 7 1 1 12 10 1 1 12 10 1 100 1 1 12 10 1 100 1 1 12 10 1 100 1 1 12 10 1 1 12 10 1 1 12 10 1 1 12 9 1 1 12 10 1 12 10 1 1 12 10 1 12 10 1 12 10 1 12 10 1 100 1 1 1 1 1 1 1 1 1 1 1 1 1 1 1 100 1 7 1 1 12 10 1 7 1 1 12 11 1 1 12 10 1 12 10 1 7 1 1 12 10 1 12 10 1 12 10 1 1 12 10 1 1 12 10 1 1 12 11 1 1 12 10 1 1 1 1 1 1 1 1 1 1 1 1 1 1 1 1 1 1 1 1 1 1 1 1 1 1 1
ciInstanceKlass com/google/inject/internal/Initializer$InjectableReference 1 1 221 1 7 1 1 7 1 100 1 1 7 1 100 1 1 1 7 1 7 1 7 1 1 1 1 1 1 1 1 1 1 1 1 1 1 1 1 1 1 1 1 1 1 1 1 12 10 1 12 9 12 9 12 9 12 9 12 9 12 9 8 1 7 1 1 12 10 12 9 8 12 9 8 1 7 12 9 1 1 1 1 1 1 100 1 1 12 10 1 7 1 1 12 10 1 1 12 9 1 7 1 1 12 10 1 7 1 12 10 1 8 1 12 10 1 12 9 1 1 1 1 1 1 1 100 1 12 9 1 1 12 11 1 7 1 1 12 11 1 1 12 9 1 1 12 10 1 12 11 1 12 9 1 100 1 8 1 12 10 1 100 10 1 8 1 1 12 10 1 12 10 1 1 12 10 1 1 12 9 1 1 12 9 1 7 1 12 9 1 7 1 100 1 100 1 1 12 10 1 1 12 10 1 100 1 1 1 1 1 10 1 1 1 1 1 1 1 1 1 1 1
ciInstanceKlass com/google/inject/internal/ConstructionContext 1 1 117 1 7 1 1 7 1 1 7 1 100 1 1 1 1 1 1 1 1 1 1 1 12 10 1 1 1 1 1 12 9 1 1 1 1 1 12 9 1 1 12 9 1 1 1 100 1 12 9 1 1 12 10 1 7 1 12 10 1 12 10 1 7 10 1 7 10 1 7 1 1 12 11 1 7 1 1 12 10 1 1 1 1 1 1 1 1 1 1 1 12 11 1 7 1 12 11 1 12 11 1 12 10 1 1 1 1 1 1 1 1 1 1 1 1 1 1
ciInstanceKlass com/google/inject/internal/InternalFactoryToInitializableAdapter 1 1 97 1 7 1 1 7 1 1 1 1 1 1 1 1 1 1 12 10 12 9 1 8 1 7 1 1 12 10 1 7 12 9 1 1 1 1 1 1 1 1 100 1 12 11 1 7 1 1 12 10 1 1 1 1 1 1 1 1 1 1 100 12 10 1 1 12 10 12 9 1 1 12 10 1 1 1 1 1 1 1 1 1 1 100 12 10 1 1 1 1 1 1 1 1 1 1 1
ciInstanceKlass java/util/Collections$SynchronizedMap 1 1 195 1 1 1 1 1 1 1 1 1 1 1 1 1 1 1 1 1 1 1 1 1 1 1 1 1 1 1 1 1 1 1 1 1 1 1 1 1 1 1 1 1 1 1 1 1 1 1 1 1 1 1 1 1 1 1 1 1 1 1 1 1 1 1 1 1 1 5 0 100 100 100 7 100 100 100 7 100 7 100 7 100 100 100 1 1 1 1 1 1 1 1 1 1 1 1 1 1 1 1 1 1 1 1 1 1 1 1 1 1 1 1 1 1 1 1 1 1 1 12 12 12 12 12 12 12 12 12 12 12 12 12 12 12 12 12 12 12 12 12 12 12 12 12 12 12 12 12 12 12 12 12 12 12 12 9 9 9 9 9 10 10 10 10 10 10 11 11 11 11 11 11 11 11 11 11 11 11 11 11 11 11 11 11 11 11 11 11 11 11 11 1 1 1 1
ciInstanceKlass java/util/Collections$SingletonList 1 1 104 8 8 1 1 1 1 1 1 1 1 1 1 1 1 1 1 1 1 1 1 1 1 1 1 1 1 1 1 1 1 1 1 1 1 1 1 1 1 1 1 1 1 1 1 1 1 1 1 5 0 100 100 100 100 7 7 7 100 100 1 1 1 1 1 1 1 1 1 1 1 1 1 1 1 1 1 1 1 1 12 12 12 12 12 12 12 12 12 12 9 10 10 10 10 10 10 10 10 10 10 11 1 1
ciInstanceKlass org/eclipse/aether/artifact/ArtifactTypeRegistry 1 0 9 100 1 100 1 1 1 1 1
ciInstanceKlass org/eclipse/aether/util/graph/traverser/FatArtifactTraverser 1 1 79 10 7 12 1 1 1 8 1 10 7 12 1 1 1 10 7 12 1 1 1 100 1 8 1 8 1 11 7 12 1 1 1 10 7 12 1 1 1 8 1 10 12 1 1 10 12 1 1 10 12 1 1 100 1 100 1 1 1 1 1 1 1 1 1 1 1 1 1 100 1 1 1 1 1 1 1 1 1
ciInstanceKlass org/eclipse/aether/util/graph/manager/ClassicDependencyManager 1 1 276 10 7 12 1 1 1 10 7 12 1 1 1 10 7 12 1 1 9 12 1 1 9 12 1 1 9 12 1 9 12 1 9 12 1 9 12 1 8 1 10 7 12 1 1 1 11 7 12 1 1 1 11 7 12 1 1 1 11 7 12 1 1 1 11 12 1 1 7 1 10 12 1 1 10 12 1 1 11 7 12 1 1 1 10 7 12 1 1 1 11 7 12 1 1 1 7 1 10 12 1 11 12 1 1 10 12 1 10 12 1 1 100 1 8 1 11 12 1 1 10 12 1 1 11 7 12 1 1 18 12 1 1 11 12 1 1 11 12 1 1 8 1 11 12 1 1 7 1 10 10 12 1 1 10 12 1 100 1 8 1 10 12 1 11 12 1 11 12 1 10 12 1 1 100 1 10 12 1 1 100 1 10 12 1 10 12 1 1 7 1 10 12 1 10 12 1 1 10 11 9 12 1 11 12 10 100 1 1 1 1 1 1 1 1 1 1 1 1 1 1 1 1 1 1 1 1 1 1 1 1 1 1 1 1 1 1 1 1 1 1 1 1 1 1 1 1 1 1 1 1 1 1 1 1 1 1 16 15 10 12 16 15 10 100 12 1 1 1 1 1 100 1 100 1 1
ciInstanceKlass org/eclipse/aether/util/graph/selector/AndDependencySelector 1 1 164 10 7 12 1 1 1 7 1 10 7 12 1 1 1 10 12 1 9 7 12 1 1 1 10 100 12 1 1 1 11 100 12 1 1 1 11 7 1 11 7 12 1 1 1 10 12 1 8 1 10 7 12 1 1 1 11 12 1 1 11 7 12 1 1 11 12 1 1 11 12 1 1 8 1 11 12 1 1 11 12 1 10 11 12 1 1 10 12 1 10 12 1 1 10 11 9 12 1 1 11 12 100 1 10 10 100 12 1 1 1 10 12 1 1 10 12 1 11 12 1 8 1 10 1 1 1 1 1 1 1 1 1 100 1 1 1 1 1 1 1 1 1 1 1 1 1 1 1 1 1 1 1 1 1 1 1 1 1 1 1 1 1 1
ciInstanceKlass org/eclipse/aether/util/graph/selector/ScopeDependencySelector 1 1 152 10 7 12 1 1 1 9 7 12 1 1 1 10 12 1 1 9 12 1 1 9 12 1 11 7 12 1 1 1 7 1 10 12 1 11 12 1 1 7 1 7 1 10 10 10 7 12 1 1 1 10 12 1 8 1 10 7 12 1 1 1 10 7 12 1 1 1 11 12 1 1 8 1 11 7 12 1 1 1 10 12 1 10 12 1 1 10 12 1 10 12 1 11 12 1 8 1 10 100 12 1 1 10 100 12 1 1 1 10 100 12 1 1 1 100 1 1 1 1 1 1 1 1 1 1 1 1 1 1 1 1 100 1 1 1 1 1 1 1 1 1 1 1 1 1 1 1 1 1 1 1
ciInstanceKlass org/apache/maven/model/building/DefaultModelBuildingRequest 1 1 245 10 7 12 1 1 1 100 1 9 7 12 1 1 1 11 12 1 1 10 12 1 1 11 12 1 1 10 12 1 1 11 12 1 1 10 12 1 1 11 12 1 1 10 12 1 1 11 12 1 10 12 1 11 12 1 10 12 1 11 12 1 1 10 12 1 1 11 12 1 10 12 1 11 12 1 10 12 1 11 12 1 1 10 12 1 1 11 12 1 10 12 1 11 12 1 1 10 12 1 1 11 12 1 1 10 12 1 1 11 12 1 1 10 12 1 1 11 12 1 1 10 12 1 1 9 12 1 1 10 7 12 1 1 9 12 1 1 7 1 10 12 1 9 12 1 1 9 12 1 9 12 1 9 12 1 1 7 1 10 10 12 1 9 12 1 9 12 1 9 12 1 1 7 1 10 10 12 1 1 9 12 1 9 12 1 1 9 12 1 1 9 12 1 1 9 12 1 1 9 12 1 1 9 12 1 1 1 1 1 1 1 1 1 1 1 1 1 1 1 1 1 1 1 100 1 1 1 1 1 1 1 1 1 1 1 1 1 1 1 1 1 1 1 1
ciInstanceKlass org/apache/maven/model/building/DefaultModelBuildingResult 1 1 124 10 7 12 1 1 1 7 1 10 9 7 12 1 1 1 7 1 10 9 12 1 1 9 12 1 9 12 1 9 12 1 9 12 1 1 8 1 10 7 12 1 1 1 11 7 12 1 1 1 11 12 1 1 11 7 12 1 1 7 1 11 12 1 1 10 12 1 11 12 1 11 12 1 100 1 1 1 1 1 1 1 1 1 1 1 1 1 1 1 1 1 1 1 1 1 1 1 1 1 1 1 1 1 1 1 1 1 1 1 1 1 1 1 1 1 1 1 1 1 1 1 1 1
ciInstanceKlass org/apache/maven/model/building/FileModelSource 1 1 89 10 7 12 1 1 1 10 7 12 1 1 1 9 7 12 1 1 1 10 7 12 1 1 1 10 12 1 10 12 1 10 12 1 1 8 1 10 12 1 10 12 1 10 12 1 1 10 7 12 1 1 10 12 1 10 10 12 1 1 10 12 1 1 100 1 1 1 1 1 1 1 1 1 1 1 1 1 1 1 1 1 1 1 1 1 1 1 1
ciInstanceKlass org/apache/maven/model/License 1 1 165 10 7 12 1 1 1 10 12 1 1 7 1 9 12 1 1 100 1 10 12 1 100 1 100 1 100 1 10 10 12 1 1 10 100 12 1 1 1 10 12 1 1 8 1 10 12 1 10 12 1 10 12 1 1 100 1 9 12 1 1 9 12 1 7 1 10 12 1 1 8 1 10 12 1 1 8 1 8 1 8 8 9 12 1 1 9 12 1 9 12 1 9 12 1 9 12 1 10 12 1 1 9 12 10 12 1 1 10 11 100 12 1 1 1 11 12 1 1 100 1 9 12 8 1 8 1 8 1 10 12 1 100 1 100 1 100 1 1 1 1 1 1 1 1 1 1 1 1 1 1 1 1 1 1 1 1 1 1 1 1 100 1 1 1
ciInstanceKlass org/apache/maven/model/DependencyManagement 1 1 176 10 7 12 1 1 1 10 7 12 1 1 1 11 7 12 1 1 1 10 12 1 1 9 12 1 1 7 1 10 11 12 1 1 11 7 12 1 1 1 11 12 1 7 1 10 12 1 9 12 1 1 100 1 10 12 1 100 1 100 1 100 1 10 10 12 1 1 10 100 12 1 1 1 10 12 1 1 8 1 10 12 1 10 12 1 10 12 1 1 100 1 7 1 10 12 1 1 8 1 10 12 1 8 9 12 1 1 9 12 1 10 12 1 1 10 12 1 1 10 11 100 12 1 1 1 11 12 1 1 100 1 11 12 1 10 12 1 100 1 100 1 100 1 1 1 1 1 1 1 1 1 1 1 1 1 1 1 1 1 1 1 1 1 1 1 1 1 1 1 1 1 100 1 1 1
ciInstanceKlass org/apache/maven/repository/internal/ArtifactDescriptorUtils 1 1 132 10 100 12 1 1 1 11 7 12 1 1 1 10 7 12 1 1 1 8 1 11 12 1 10 12 1 1 7 1 11 12 1 11 12 1 11 12 1 10 12 1 7 1 10 7 12 1 1 10 12 1 10 12 1 10 12 1 10 12 1 1 10 7 12 1 1 1 10 12 1 1 10 12 1 10 12 1 10 12 1 1 7 1 8 1 8 1 10 7 12 1 1 10 12 1 10 12 1 10 12 1 1 1 1 1 1 1 1 1 1 1 1 1 1 1 1 1 1 1 1 1 1 1 1 1 1 1 1 100 1 1
ciInstanceKlass org/apache/maven/model/merge/ModelMerger$MergingList 1 1 176 10 7 12 1 1 1 7 1 10 12 1 9 7 12 1 1 1 9 12 1 1 100 1 10 12 1 11 7 12 1 1 1 11 7 12 1 1 1 9 12 1 1 11 100 1 11 12 1 1 11 11 7 12 1 1 1 11 12 1 1 11 7 12 1 1 1 11 12 1 1 11 12 1 1 11 7 1 7 1 11 12 1 11 12 1 11 12 1 11 7 12 1 1 10 12 1 1 11 12 1 11 12 1 10 12 1 1 11 12 1 1 11 12 1 11 12 11 100 1 1 1 1 1 1 1 1 1 1 1 1 1 1 1 1 1 1 100 1 1 1 1 1 1 1 1 1 1 1 1 1 1 1 1 1 1 1 100 1 1 1 1 1 1 1 1 1 1 1 1 100 1 1 1 1 1
ciInstanceKlass org/apache/maven/model/Prerequisites 1 1 135 10 7 12 1 1 1 8 1 9 7 12 1 1 1 10 12 1 1 9 12 1 1 100 1 10 12 1 100 1 100 1 100 1 10 10 12 1 1 10 100 12 1 1 1 10 12 1 1 8 1 10 12 1 10 12 1 10 12 1 1 100 1 100 1 10 12 1 1 8 1 10 12 1 1 8 9 12 1 1 9 12 1 10 12 1 1 10 12 1 1 10 11 100 12 1 1 1 11 12 1 1 100 1 10 12 1 100 1 100 1 100 1 1 1 1 1 1 1 1 1 1 1 1 1 1 1 1 1 1 1 7 1 1 1
instanceKlass org/eclipse/aether/artifact/DefaultArtifact
ciInstanceKlass org/eclipse/aether/artifact/AbstractArtifact 1 1 211 10 7 12 1 1 1 10 7 12 1 1 1 10 12 1 1 8 1 10 7 12 1 1 9 12 1 1 10 7 12 1 1 1 10 7 12 1 1 1 10 12 1 1 8 1 10 12 1 8 1 10 12 1 1 100 1 10 10 12 1 1 10 12 1 7 1 10 12 1 10 12 1 10 12 1 10 12 1 10 12 1 10 12 1 1 10 12 1 10 12 1 1 10 12 1 1 10 12 1 1 10 7 12 1 1 11 7 1 11 10 12 1 1 11 12 1 1 7 1 10 12 1 10 7 12 1 1 10 12 1 10 12 1 10 12 1 10 12 1 1 7 1 11 11 11 11 11 11 11 10 12 1 10 12 1 1 10 8 1 10 12 1 1 1 1 1 1 1 1 1 1 1 1 1 1 1 1 1 1 1 1 1 1 1 1 1 1 1 1 100 1 1 1 1 1 1 1 1 1 1 1 1 1 1 1 1 1 1 1 1
staticfield org/eclipse/aether/artifact/AbstractArtifact SNAPSHOT_TIMESTAMP Ljava/util/regex/Pattern; java/util/regex/Pattern
ciInstanceKlass org/eclipse/aether/artifact/DefaultArtifact 1 1 184 10 100 12 1 1 1 10 7 12 1 1 1 10 7 12 1 1 9 12 1 1 10 7 12 1 1 1 10 100 12 1 1 1 100 1 100 1 10 8 1 10 12 1 1 8 1 10 12 1 1 10 12 1 10 12 1 1 9 12 1 1 9 12 1 8 1 10 12 1 1 9 12 1 8 1 9 12 1 9 12 1 9 12 1 1 10 12 1 1 9 12 1 1 10 100 12 1 1 10 12 1 100 1 10 12 1 10 12 1 10 12 1 1 11 7 12 1 1 11 12 1 11 12 1 10 12 1 1 11 7 1 7 1 10 11 12 1 1 10 12 1 8 1 10 12 1 1 1 1 1 1 1 1 1 1 1 1 1 1 1 1 1 1 1 1 1 1 1 1 1 1 1 1 1 1 1 1 1 1 1 1 1 1
staticfield org/eclipse/aether/artifact/DefaultArtifact COORDINATE_PATTERN Ljava/util/regex/Pattern; java/util/regex/Pattern
ciInstanceKlass org/eclipse/aether/graph/Dependency$Exclusions 1 1 76 9 7 12 1 1 1 11 7 12 1 1 1 10 7 12 1 1 1 10 12 1 1 10 7 12 1 1 11 12 1 1 7 1 7 1 10 7 1 11 12 1 1 7 7 1 10 12 1 1 1 1 1 1 1 1 1 1 1 1 1 1 1 1 1 1 1 1 1 1 1 1 1 100 1 1
ciInstanceKlass org/eclipse/aether/util/version/GenericVersionScheme 1 1 216 10 7 12 1 1 1 7 1 10 12 1 100 1 10 8 1 10 7 12 1 1 1 7 1 7 1 10 8 1 10 12 1 1 8 1 10 12 1 1 100 1 100 1 10 8 1 10 12 1 1 10 12 1 1 10 12 1 10 12 1 1 10 7 12 1 1 1 11 7 12 1 1 1 10 12 1 10 12 1 8 1 10 12 1 1 11 12 1 1 8 1 8 1 7 1 10 12 1 1 10 12 1 10 100 12 1 1 1 10 12 1 10 12 1 1 10 12 1 10 12 1 9 100 12 1 1 1 8 1 10 100 12 1 1 10 12 1 1 8 1 10 12 1 10 12 1 8 1 8 1 8 1 10 12 1 8 1 8 1 10 12 1 8 1 10 12 1 1 10 12 1 1 100 1 1 1 1 1 1 1 1 1 1 1 1 1 1 1 1 1 1 1 1 1 1 1 1 1 1 1 1 1 1 1 1 1 1 1 100 1 1 1 1 1 1
ciInstanceKlass org/eclipse/aether/version/VersionRange 0 0 16 100 1 100 1 1 1 1 1 1 1 1 1 100 1 1
ciInstanceKlass org/eclipse/aether/version/VersionConstraint 1 0 13 100 1 100 1 1 1 1 1 1 1 1 1
ciInstanceKlass org/eclipse/aether/util/version/GenericVersionConstraint 1 1 87 10 7 12 1 1 1 8 1 10 7 12 1 1 1 100 1 9 7 12 1 1 1 9 12 1 1 8 1 7 1 11 12 1 1 11 12 1 1 10 100 12 1 1 1 10 12 1 1 10 10 12 1 10 12 1 1 10 12 1 1 10 12 1 1 10 12 1 1 100 1 1 1 1 1 1 1 1 1 1 1 1 1 1 1 1 1
ciInstanceKlass org/eclipse/aether/util/version/GenericVersion 1 1 154 10 7 12 1 1 1 8 1 10 7 12 1 1 1 7 1 9 7 12 1 1 1 10 12 1 1 9 12 1 1 11 7 12 1 1 1 9 12 1 1 7 1 10 7 1 10 12 1 10 12 1 1 10 12 1 1 11 12 1 1 10 12 1 1 10 7 12 1 1 1 11 12 1 11 12 1 1 7 1 10 12 1 10 7 12 1 1 1 10 12 1 10 12 1 1 11 12 1 10 12 1 1 10 12 1 10 12 1 7 1 1 1 1 1 1 1 1 1 1 1 1 1 1 1 1 1 1 1 1 1 1 1 1 1 1 1 1 1 1 1 1 1 1 1 1 1 1 1 1 1 1 1 1
ciInstanceKlass org/apache/maven/repository/internal/DefaultModelResolver 1 1 326 10 7 12 1 1 1 9 7 12 1 1 1 9 12 1 1 9 12 1 1 9 12 1 1 9 12 1 1 9 12 1 1 9 12 1 1 7 1 10 12 1 10 7 12 1 1 1 9 12 1 7 1 10 9 12 1 1 10 10 12 1 1 11 7 12 1 1 1 10 7 12 1 1 1 11 7 12 1 1 1 10 12 1 1 10 7 12 1 1 1 10 12 1 1 11 7 12 1 1 1 11 7 12 1 1 1 11 7 12 1 1 11 12 1 1 7 1 10 10 7 12 1 1 11 12 1 10 12 1 7 1 8 1 8 1 10 12 1 7 1 10 12 1 10 12 1 1 11 7 12 1 1 1 10 7 12 1 1 1 100 1 100 1 10 12 1 10 12 1 11 7 12 1 1 1 7 1 10 12 1 10 7 12 1 1 10 12 1 10 12 1 7 1 10 10 12 1 11 7 12 1 1 1 10 7 12 1 1 1 8 1 10 12 1 1 10 12 1 10 12 1 1 11 7 12 1 1 1 11 100 12 1 1 1 8 1 11 7 12 1 1 10 12 1 1 10 12 1 1 100 1 10 10 100 1 10 10 8 1 8 1 10 100 1 1 1 1 1 1 1 1 1 1 1 1 1 1 1 1 1 100 1 1 1 1 1 1 1 1 1 1 1 1 1 1 1 1 1 1 1 1 1 1 1 1 1 1 1 1 1 1 1 1 1 1 1 1 1 1 1 1 1 100 1 1
ciInstanceKlass org/eclipse/aether/internal/impl/collect/DataPool$InternPool 1 0 19 100 1 100 1 1 1 1 1 1 1 1 1 1 1 1 100 1 1
ciInstanceKlass org/eclipse/aether/internal/impl/collect/DataPool$WeakInternPool 1 1 81 10 7 12 1 1 1 10 7 1 7 1 10 12 1 10 7 12 1 1 1 9 12 1 1 11 7 12 1 1 1 7 1 10 12 1 10 12 1 11 12 1 1 100 1 1 1 1 1 1 1 1 1 1 1 1 1 1 1 1 1 1 1 1 1 1 1 1 1 1 1 1 1 1 1 100 1 1 1 100 1
ciInstanceKlass org/eclipse/aether/internal/impl/collect/DataPool$HardInternPool 1 1 83 10 7 12 1 1 1 10 7 1 7 1 10 12 1 9 12 1 1 10 12 1 1 18 12 1 1 10 12 1 1 100 1 1 1 1 1 1 1 1 1 1 1 1 1 1 1 1 1 1 1 1 1 1 1 1 1 1 1 1 16 15 10 12 15 10 7 12 1 1 1 1 100 1 1 1 100 1 100 1 100 1 1
ciInstanceKlass org/eclipse/aether/internal/impl/collect/df/NodeStack 1 1 70 10 7 12 1 1 1 7 1 10 12 1 9 7 12 1 1 1 10 12 1 1 100 1 8 1 10 12 1 10 12 1 1 10 12 1 1 7 1 10 12 1 1 10 12 1 10 12 1 1 1 1 1 1 1 1 1 1 1 1 1 1 1 1 1 1 1 1 1 1
ciInstanceKlass org/eclipse/aether/internal/impl/collect/CollectStepDataImpl 1 1 54 10 7 12 1 1 1 10 7 12 1 1 1 7 1 9 7 12 1 1 1 7 1 9 12 1 1 7 1 9 12 1 1 100 1 1 1 1 1 1 1 1 1 1 1 1 1 1 1 1 1 1 1 1
ciInstanceKlass org/eclipse/aether/internal/impl/collect/DataPool$ConstraintKey 1 1 117 10 7 12 1 1 1 10 7 12 1 1 1 9 7 12 1 1 1 10 12 1 1 9 12 1 1 11 7 12 1 1 1 9 12 1 11 12 1 1 10 12 1 11 7 12 1 1 11 12 1 1 11 7 12 1 1 1 11 12 1 1 7 1 10 12 1 10 12 1 10 12 1 1 10 7 1 10 12 1 1 10 7 12 1 1 1 1 1 1 1 1 1 1 1 1 1 1 1 1 1 1 1 1 1 1 1 1 1 1 1 1 1 1 100 1 1
ciInstanceKlass org/eclipse/aether/internal/impl/collect/DataPool$Constraint 1 1 112 10 7 12 1 1 1 10 7 12 1 1 1 9 7 12 1 1 1 10 12 1 1 11 7 12 1 1 1 7 1 9 12 1 1 11 12 1 1 11 7 12 1 1 1 11 12 1 1 7 1 10 12 1 1 10 12 1 10 12 1 9 12 1 1 10 12 1 1 9 12 1 1 10 12 1 1 10 12 1 1 1 1 1 1 1 1 1 1 1 1 1 1 1 1 1 1 1 1 1 1 1 100 1 100 1 1 1 100 1 1 1
ciInstanceKlass org/eclipse/aether/internal/impl/collect/DataPool$Constraint$VersionRepo 1 1 32 10 7 12 1 1 1 9 7 12 1 1 1 9 12 1 1 1 1 1 1 1 1 1 1 1 100 1 100 1 1 1
ciInstanceKlass org/eclipse/aether/internal/impl/collect/DataPool$DescriptorKey 1 1 80 10 7 12 1 1 1 10 7 12 1 1 9 12 1 1 10 7 12 1 1 1 9 12 1 10 12 1 1 10 12 1 1 100 1 10 10 100 12 1 1 1 10 12 1 1 8 1 10 12 1 10 12 1 10 12 1 1 1 1 1 1 1 1 1 1 1 1 1 1 1 1 1 1 1 100 1 1 100 1
instanceKlass org/eclipse/aether/internal/impl/collect/DataPool$GoodDescriptor
ciInstanceKlass org/eclipse/aether/internal/impl/collect/DataPool$Descriptor 1 1 22 10 7 12 1 1 1 100 1 1 1 1 1 1 1 1 1 1 1 100 1 1
ciInstanceKlass org/eclipse/aether/internal/impl/collect/DataPool$GoodDescriptor 1 1 101 10 7 12 1 1 1 10 7 12 1 1 1 9 7 12 1 1 1 10 12 1 1 9 12 1 1 10 12 1 1 9 12 1 1 10 12 1 9 12 1 10 12 1 9 12 1 10 12 1 9 12 1 10 12 1 10 12 1 1 10 12 1 1 10 12 1 1 10 12 1 10 12 1 10 12 1 1 1 1 1 1 1 1 1 1 1 1 1 1 1 1 1 1 1 1 1 100 1 1 1
ciInstanceKlass org/eclipse/aether/internal/impl/collect/DefaultDependencyCycle 1 1 152 10 100 12 1 1 1 11 7 12 1 1 1 7 1 11 12 1 1 11 12 1 1 100 1 11 12 1 1 10 12 1 10 100 12 1 1 1 10 100 12 1 1 1 9 100 12 1 1 1 9 12 1 1 11 12 1 1 11 7 12 1 1 1 10 7 12 1 1 1 11 12 1 11 12 1 11 12 1 100 1 10 12 1 11 12 1 1 11 100 12 1 1 1 11 12 1 1 8 1 10 12 1 1 10 10 100 12 1 1 1 10 12 1 100 1 1 1 1 1 1 1 1 1 1 1 1 1 1 1 1 1 1 1 1 1 100 1 1 1 1 1 1 1 1 1 1 1 1 1 1 1
ciInstanceKlass org/eclipse/aether/collection/DependencyManagement 1 1 61 10 7 12 1 1 1 9 7 12 1 1 1 9 12 1 9 12 1 1 9 12 1 1 9 12 1 1 1 1 1 1 1 1 1 1 1 1 1 1 1 1 1 1 1 1 1 1 1 1 1 1 1 1 1 1 1 1 1 1 1
ciMethod java/lang/Object <init> ()V 4097 1 1878889 0 0
ciMethod java/lang/Object getClass ()Ljava/lang/Class; 2049 1 256 0 -1
ciMethod java/lang/Object hashCode ()I 2049 1 256 0 -1
ciMethod java/lang/Object equals (Ljava/lang/Object;)Z 2105 1 13769 0 64
ciMethod java/lang/String length ()I 4097 1 485418 0 -1
ciMethod java/lang/String isEmpty ()Z 2057 1 49308 0 64
ciMethod java/lang/String equals (Ljava/lang/Object;)Z 2081 11161 2590 0 -1
ciMethod java/lang/String equalsIgnoreCase (Ljava/lang/String;)Z 2593 1 5495 0 1728
ciMethod java/lang/String regionMatches (ZILjava/lang/String;II)Z 2457 7825 10618 0 1920
ciMethod java/lang/String startsWith (Ljava/lang/String;)Z 2553 1 121729 0 -1
ciMethod java/lang/String hashCode ()I 2985 32769 2018 0 320
ciMethod java/lang/String indexOf (I)I 2057 1 182231 0 -1
ciMethod java/lang/String substring (I)Ljava/lang/String; 2049 1 5411 0 -1
ciMethod java/lang/String substring (II)Ljava/lang/String; 2089 1 5416 0 -1
ciMethod java/lang/String trim ()Ljava/lang/String; 2945 5577 5725 0 -1
ciMethod java/lang/Class getName ()Ljava/lang/String; 2113 1 31337 0 96
ciMethod java/lang/Class getName0 ()Ljava/lang/String; 2081 1 260 0 -1
ciMethod java/lang/System identityHashCode (Ljava/lang/Object;)I 2049 1 256 0 -1
ciMethod java/lang/Throwable getCause ()Ljava/lang/Throwable; 0 0 1 0 -1
ciMethod java/lang/ref/Reference get ()Ljava/lang/Object; 1121 1 140 0 -1
ciMethod java/lang/ref/Reference <init> (Ljava/lang/Object;)V 2057 1 14137 0 0
ciMethod java/lang/ref/Reference <init> (Ljava/lang/Object;Ljava/lang/ref/ReferenceQueue;)V 2145 1 22584 0 128
ciMethod java/lang/ref/WeakReference <init> (Ljava/lang/Object;)V 2089 1 9949 0 0
ciMethod java/lang/ref/WeakReference <init> (Ljava/lang/Object;Ljava/lang/ref/ReferenceQueue;)V 2049 1 8565 0 0
ciMethod java/lang/ref/ReferenceQueue poll ()Ljava/lang/ref/Reference; 2073 1 14679 0 -1
ciMethod java/util/Properties <init> ()V 993 1 7344 0 -1
ciMethod java/util/Map isEmpty ()Z 0 0 1 0 -1
ciMethod java/util/Map get (Ljava/lang/Object;)Ljava/lang/Object; 0 0 1 0 -1
ciMethod java/util/Map put (Ljava/lang/Object;Ljava/lang/Object;)Ljava/lang/Object; 0 0 1 0 -1
ciMethod java/util/Map remove (Ljava/lang/Object;)Ljava/lang/Object; 0 0 1 0 -1
ciMethod java/lang/StringBuilder <init> ()V 625 1 125867 0 -1
ciMethod java/lang/StringBuilder append (Ljava/lang/String;)Ljava/lang/StringBuilder; 1137 1 382317 0 -1
ciMethod java/lang/StringBuilder append (C)Ljava/lang/StringBuilder; 2225 1 55196 0 -1
ciMethod java/lang/StringBuilder append (I)Ljava/lang/StringBuilder; 1 1 8897 0 -1
ciMethod java/lang/StringBuilder toString ()Ljava/lang/String; 633 1 145268 0 -1
ciMethod sun/misc/Unsafe getObjectVolatile (Ljava/lang/Object;J)Ljava/lang/Object; 2049 1 256 0 -1
ciMethod java/lang/Boolean parseBoolean (Ljava/lang/String;)Z 817 1 8672 0 0
ciMethod java/lang/Boolean booleanValue ()Z 1041 1 130 0 -1
ciMethod java/lang/Boolean hashCode ()I 0 0 285 0 -1
ciMethod java/lang/Boolean equals (Ljava/lang/Object;)Z 2041 1 11119 0 0
ciMethod java/lang/Character toLowerCase (C)C 2089 1 22302 0 0
ciMethod java/lang/Character toLowerCase (I)I 4097 1 38423 0 0
ciMethod java/lang/Character toUpperCase (C)C 1289 1 18584 0 0
ciMethod java/lang/Character toUpperCase (I)I 1289 1 18584 0 0
ciMethod java/lang/Integer valueOf (I)Ljava/lang/Integer; 73 1 30673 0 -1
ciMethod java/util/Collection isEmpty ()Z 0 0 1 0 -1
ciMethod java/util/Collection add (Ljava/lang/Object;)Z 0 0 1 0 -1
ciMethod java/util/List size ()I 0 0 1 0 -1
ciMethod java/util/List isEmpty ()Z 0 0 1 0 -1
ciMethod java/util/List iterator ()Ljava/util/Iterator; 0 0 1 0 -1
ciMethod java/util/List add (Ljava/lang/Object;)Z 0 0 1 0 -1
ciMethod java/util/List get (I)Ljava/lang/Object; 0 0 1 0 -1
ciMethod java/util/AbstractList <init> ()V 2217 1 201437 0 32
ciMethod java/util/AbstractCollection <init> ()V 2049 1 453520 0 32
ciMethod java/util/ArrayList <init> (I)V 2057 1 5542 0 -1
ciMethod java/util/ArrayList <init> ()V 1129 1 176151 0 64
ciMethod java/util/ArrayList calculateCapacity ([Ljava/lang/Object;I)I 2449 1 93404 0 0
ciMethod java/util/ArrayList ensureCapacityInternal (I)V 2441 1 93402 0 0
ciMethod java/util/ArrayList ensureExplicitCapacity (I)V 2457 1 91431 0 576
ciMethod java/util/ArrayList grow (I)V 537 1 5316 0 544
ciMethod java/util/ArrayList hugeCapacity (I)I 0 0 1 0 -1
ciMethod java/util/ArrayList size ()I 1089 1 136 0 0
ciMethod java/util/ArrayList isEmpty ()Z 2153 1 21577 0 64
ciMethod java/util/ArrayList elementData (I)Ljava/lang/Object; 2049 1 46047 0 0
ciMethod java/util/ArrayList get (I)Ljava/lang/Object; 2097 1 39340 0 128
ciMethod java/util/ArrayList add (Ljava/lang/Object;)Z 2457 1 86709 0 800
ciMethod java/util/ArrayList rangeCheck (I)V 2049 1 46049 0 64
ciMethod java/util/ArrayList iterator ()Ljava/util/Iterator; 2049 1 5820 0 160
ciMethod java/util/ArrayList access$000 (Ljava/util/ArrayList;)I 1353 1 169 0 0
ciMethod java/util/Collections emptyList ()Ljava/util/List; 2113 1 61707 0 0
ciMethod java/util/Collections emptyMap ()Ljava/util/Map; 2057 1 25555 0 0
ciMethod java/util/Collections singletonList (Ljava/lang/Object;)Ljava/util/List; 1841 1 2361 0 -1
ciMethod java/util/Set size ()I 0 0 1 0 -1
ciMethod java/util/Set iterator ()Ljava/util/Iterator; 0 0 1 0 -1
ciMethod java/util/Set add (Ljava/lang/Object;)Z 0 0 1 0 -1
ciMethod java/util/Collections$EmptyList isEmpty ()Z 1033 1 129 0 0
ciMethod java/util/Collections$EmptyMap get (Ljava/lang/Object;)Ljava/lang/Object; 1121 1 140 0 0
ciMethod java/util/HashMap <init> (IF)V 1889 1 5508 0 -1
ciMethod java/lang/Math max (II)I 1601 1 46912 0 -1
ciMethod java/util/Objects equals (Ljava/lang/Object;Ljava/lang/Object;)Z 4097 1 63527 0 96
ciMethod java/util/Objects hashCode (Ljava/lang/Object;)I 2049 1 3799 0 -1
ciMethod java/util/Objects requireNonNull (Ljava/lang/Object;)Ljava/lang/Object; 2049 1 180533 0 64
ciMethod java/util/Objects requireNonNull (Ljava/lang/Object;Ljava/lang/String;)Ljava/lang/Object; 2049 1 76960 0 64
ciMethod java/util/Iterator hasNext ()Z 0 0 1 0 -1
ciMethod java/util/Iterator next ()Ljava/lang/Object; 0 0 1 0 -1
ciMethod java/util/WeakHashMap newTable (I)[Ljava/util/WeakHashMap$Entry; 2049 1 3057 0 -1
ciMethod java/util/WeakHashMap maskNull (Ljava/lang/Object;)Ljava/lang/Object; 2057 1 15540 0 64
ciMethod java/util/WeakHashMap eq (Ljava/lang/Object;Ljava/lang/Object;)Z 1049 1 7953 0 0
ciMethod java/util/WeakHashMap hash (Ljava/lang/Object;)I 2057 1 15541 0 192
ciMethod java/util/WeakHashMap indexFor (II)I 2057 1 16983 0 0
ciMethod java/util/WeakHashMap expungeStaleEntries ()V 2057 1 5413 0 2272
ciMethod java/util/WeakHashMap getTable ()[Ljava/util/WeakHashMap$Entry; 2057 1 15541 0 64
ciMethod java/util/WeakHashMap get (Ljava/lang/Object;)Ljava/lang/Object; 2057 1 5397 0 416
ciMethod java/util/WeakHashMap put (Ljava/lang/Object;Ljava/lang/Object;)Ljava/lang/Object; 2049 137 5387 0 0
ciMethod java/util/WeakHashMap resize (I)V 0 0 18 0 0
ciMethod java/util/WeakHashMap transfer ([Ljava/util/WeakHashMap$Entry;[Ljava/util/WeakHashMap$Entry;)V 145 31361 18 0 -1
ciMethod java/util/Arrays copyOf ([Ljava/lang/Object;I)[Ljava/lang/Object; 1489 1 11783 0 416
ciMethod java/util/Arrays copyOf ([Ljava/lang/Object;ILjava/lang/Class;)[Ljava/lang/Object; 2057 1 5476 0 -1
ciMethod java/util/LinkedHashMap <init> ()V 2049 1 6077 0 -1
ciMethodData java/lang/Object <init> ()V 2 1878963 orig 264 120 87 82 89 249 127 0 0 128 4 169 23 208 2 0 0 32 1 0 0 0 0 0 0 0 0 0 0 0 0 0 0 0 0 0 0 0 0 0 0 0 0 0 0 0 0 0 0 0 0 0 0 0 0 0 0 0 0 0 0 0 0 0 0 0 0 0 0 0 0 0 0 0 0 0 0 0 0 0 0 77 68 79 32 101 120 116 114 97 32 100 97 116 97 32 108 111 99 107 0 0 0 0 0 0 0 0 0 0 0 0 0 0 0 0 0 0 0 0 0 0 0 0 0 0 0 0 0 0 0 0 0 0 0 0 0 0 0 0 0 0 0 0 0 0 0 0 0 0 0 0 0 0 0 0 0 0 0 0 0 0 0 0 0 0 0 0 0 0 0 0 0 0 0 0 0 0 0 0 0 0 0 0 0 1 0 0 0 0 0 0 0 1 0 0 0 0 0 0 0 1 0 0 0 0 0 0 0 0 0 0 0 0 0 0 0 0 2 0 0 129 77 229 0 1 0 0 0 0 0 0 0 0 0 0 0 2 0 0 0 0 0 3 0 1 0 0 0 0 0 0 0 254 255 255 255 0 0 0 0 0 0 0 0 data 0 oops 0
ciMethod java/util/WeakHashMap$Entry <init> (Ljava/lang/Object;Ljava/lang/Object;Ljava/lang/ref/ReferenceQueue;ILjava/util/WeakHashMap$Entry;)V 2049 1 5160 0 0
ciMethod java/util/concurrent/ConcurrentHashMap spread (I)I 2097 1 33733 0 0
ciMethod java/util/concurrent/ConcurrentHashMap tabAt ([Ljava/util/concurrent/ConcurrentHashMap$Node;I)Ljava/util/concurrent/ConcurrentHashMap$Node; 3129 1 49676 0 64
ciMethod java/util/concurrent/ConcurrentHashMap casTabAt ([Ljava/util/concurrent/ConcurrentHashMap$Node;ILjava/util/concurrent/ConcurrentHashMap$Node;Ljava/util/concurrent/ConcurrentHashMap$Node;)Z 2049 1 7536 0 -1
ciMethod java/util/concurrent/ConcurrentHashMap get (Ljava/lang/Object;)Ljava/lang/Object; 2089 105 15641 0 640
ciMethod java/util/concurrent/ConcurrentHashMap put (Ljava/lang/Object;Ljava/lang/Object;)Ljava/lang/Object; 2049 1 4385 0 0
ciMethod java/util/concurrent/ConcurrentHashMap putVal (Ljava/lang/Object;Ljava/lang/Object;Z)Ljava/lang/Object; 2089 385 11605 0 -1
ciMethod java/util/concurrent/ConcurrentHashMap initTable ()[Ljava/util/concurrent/ConcurrentHashMap$Node; 65 1 133 0 -1
ciMethod java/util/concurrent/ConcurrentHashMap addCount (JI)V 1897 73 5364 0 -1
ciMethod java/util/concurrent/ConcurrentHashMap helpTransfer ([Ljava/util/concurrent/ConcurrentHashMap$Node;Ljava/util/concurrent/ConcurrentHashMap$Node;)[Ljava/util/concurrent/ConcurrentHashMap$Node; 0 0 1 0 -1
ciMethod java/util/concurrent/ConcurrentHashMap treeifyBin ([Ljava/util/concurrent/ConcurrentHashMap$Node;I)V 0 0 1 0 -1
ciMethod java/util/concurrent/ConcurrentHashMap$Node <init> (ILjava/lang/Object;Ljava/lang/Object;Ljava/util/concurrent/ConcurrentHashMap$Node;)V 2105 1 12830 0 -1
ciMethod java/util/concurrent/ConcurrentHashMap$Node find (ILjava/lang/Object;)Ljava/util/concurrent/ConcurrentHashMap$Node; 0 0 1 0 -1
ciMethod java/lang/CharacterData toLowerCase (I)I 0 0 1 0 -1
ciMethod java/lang/CharacterData toUpperCase (I)I 0 0 1 0 -1
ciMethod java/lang/CharacterData of (I)Ljava/lang/CharacterData; 4097 1 5739 0 96
ciMethod java/lang/CharacterDataLatin1 getProperties (I)I 4097 1 50930 0 0
ciMethod java/lang/CharacterDataLatin1 toLowerCase (I)I 4097 1 5740 0 160
ciMethod java/lang/CharacterDataLatin1 toUpperCase (I)I 2057 1 5398 0 160
ciMethodData java/lang/Character toLowerCase (I)I 2 38423 orig 264 120 87 82 89 249 127 0 0 176 183 178 23 208 2 0 0 136 1 0 0 0 0 0 0 0 0 0 0 0 0 0 0 0 0 0 0 0 0 0 0 0 0 0 0 0 0 0 0 0 0 0 0 0 0 0 0 0 0 0 0 0 0 0 0 0 0 0 0 0 0 0 0 0 0 0 0 0 0 0 0 77 68 79 32 101 120 116 114 97 32 100 97 116 97 32 108 111 99 107 0 0 0 0 0 0 0 0 0 0 0 0 0 0 0 0 0 0 0 0 0 0 0 0 0 0 0 0 0 0 0 0 0 0 0 0 0 0 0 0 0 0 0 0 0 0 0 0 0 0 0 0 0 0 0 0 0 0 0 0 0 0 0 0 0 0 0 0 0 0 0 0 0 0 0 0 0 0 0 0 0 0 0 0 0 25 0 0 0 0 0 0 0 0 0 0 0 0 0 0 0 0 0 0 0 0 0 0 0 0 0 0 0 0 0 0 0 0 2 0 0 185 160 4 0 1 0 0 0 0 0 0 0 0 0 0 0 2 0 0 0 0 0 3 0 2 0 0 0 64 0 0 0 254 255 255 255 2 0 1 0 0 0 0 0 data 8 0x10002 0x10f 0x50005 0x0 0x2d022047f70 0x9417 0x0 0x0 oops 1 4 java/lang/CharacterDataLatin1
ciMethodData java/lang/CharacterData of (I)Ljava/lang/CharacterData; 2 5739 orig 264 120 87 82 89 249 127 0 0 248 53 196 23 208 2 0 0 112 2 0 0 0 0 0 0 0 0 0 0 0 0 0 0 0 0 0 0 0 0 0 0 0 0 0 0 0 0 0 0 0 0 0 0 0 0 0 0 0 0 0 0 0 0 0 0 0 0 0 0 0 0 0 0 0 0 0 0 0 0 0 0 77 68 79 32 101 120 116 114 97 32 100 97 116 97 32 108 111 99 107 0 0 0 0 0 0 0 0 0 0 0 0 0 0 0 0 0 0 0 0 0 0 0 0 0 0 0 0 0 0 0 0 0 0 0 0 0 0 0 0 0 0 0 0 0 0 0 0 0 0 0 0 0 0 0 0 0 0 0 0 0 0 0 0 0 0 0 0 0 0 0 0 0 0 0 0 0 0 0 0 0 0 0 0 0 1 0 0 0 0 0 0 0 0 0 0 0 0 0 0 0 0 0 0 0 0 0 0 0 0 0 0 0 0 0 0 0 0 2 0 0 89 163 0 0 1 0 0 0 0 0 0 0 0 0 0 0 2 0 0 0 0 0 13 0 2 0 0 0 80 1 0 0 254 255 255 255 7 0 4 0 0 0 0 0 data 42 0x40007 0x0 0x20 0x146b 0xf0008 0x24 0x0 0x130 0x0 0x130 0x0 0x130 0x0 0x130 0x0 0x130 0x0 0x130 0x0 0x130 0x0 0x130 0x0 0x130 0x0 0x130 0x0 0x130 0x0 0x130 0x0 0x130 0x0 0x130 0x0 0x130 0x0 0x130 0x0 0x130 0x0 0x130 oops 0
ciMethodData java/lang/CharacterDataLatin1 toLowerCase (I)I 2 5740 orig 264 120 87 82 89 249 127 0 0 136 68 196 23 208 2 0 0 192 1 0 0 0 0 0 0 0 0 0 0 0 0 0 0 0 0 0 0 0 0 0 0 0 0 0 0 0 0 0 0 0 0 0 0 0 0 0 0 0 0 0 0 0 0 0 0 0 0 0 0 0 0 0 0 0 0 0 0 0 0 0 0 77 68 79 32 101 120 116 114 97 32 100 97 116 97 32 108 111 99 107 0 0 0 0 0 0 0 0 0 0 0 0 0 0 0 0 0 0 0 0 0 0 0 0 0 0 0 0 0 0 0 0 0 0 0 0 0 0 0 0 0 0 0 0 0 0 0 0 0 0 0 0 0 0 0 0 0 0 0 0 0 0 0 0 0 0 0 0 0 0 0 0 0 0 0 0 0 0 0 0 0 0 0 0 0 0 0 0 0 0 0 0 0 0 0 0 0 0 0 0 0 0 0 0 0 0 0 0 0 0 0 0 0 0 0 0 0 0 2 0 0 97 163 0 0 1 0 0 0 0 0 0 0 0 0 0 0 2 0 0 0 0 0 8 0 2 0 0 0 112 0 0 0 254 255 255 255 5 0 4 0 0 0 0 0 data 14 0x40005 0x0 0x2d022047f70 0x146c 0x0 0x0 0xc0007 0x111c 0x40 0x350 0x150007 0x0 0x20 0x350 oops 1 2 java/lang/CharacterDataLatin1
ciMethodData java/lang/CharacterDataLatin1 getProperties (I)I 2 50930 orig 264 120 87 82 89 249 127 0 0 184 60 196 23 208 2 0 0 40 1 0 0 0 0 0 0 0 0 0 0 0 0 0 0 0 0 0 0 0 0 0 0 0 0 0 0 0 0 0 0 0 0 0 0 0 0 0 0 0 0 0 0 0 0 0 0 0 0 0 0 0 0 0 0 0 0 0 0 0 0 0 0 77 68 79 32 101 120 116 114 97 32 100 97 116 97 32 108 111 99 107 0 0 0 0 0 0 0 0 0 0 0 0 0 0 0 0 0 0 0 0 0 0 0 0 0 0 0 0 0 0 0 0 0 0 0 0 0 0 0 0 0 0 0 0 0 0 0 0 0 0 0 0 0 0 0 0 0 0 0 0 0 0 0 0 0 0 0 0 0 0 0 0 0 0 0 0 0 0 0 0 0 0 0 0 0 1 0 0 0 0 0 0 0 1 0 0 0 0 0 0 0 1 0 0 0 0 0 0 0 0 0 0 0 0 0 0 0 0 2 0 0 145 39 6 0 1 0 0 0 0 0 0 0 0 0 0 0 2 0 0 0 0 0 3 0 1 0 0 0 0 0 0 0 254 255 255 255 0 0 0 0 0 0 0 0 data 0 oops 0
ciMethodData java/lang/String hashCode ()I 2 21237 orig 264 120 87 82 89 249 127 0 0 200 79 169 23 208 2 0 0 152 1 0 0 32 0 0 0 0 0 0 0 0 0 0 0 0 0 0 0 0 0 0 0 0 0 0 0 0 0 0 0 0 0 0 0 0 0 0 0 0 0 0 0 0 0 0 0 0 0 0 0 0 0 0 0 0 0 0 0 0 0 0 0 77 68 79 32 101 120 116 114 97 32 100 97 116 97 32 108 111 99 107 0 0 0 0 0 0 0 0 0 0 0 0 0 0 0 0 0 0 0 0 0 0 0 0 0 0 0 0 0 0 0 0 0 0 0 0 0 0 0 0 0 0 0 0 0 0 0 0 0 0 0 0 0 0 0 0 0 0 0 0 0 0 0 0 0 0 0 0 0 0 0 0 0 0 0 0 0 0 0 0 0 0 0 0 0 1 0 0 0 0 0 0 0 0 0 0 0 0 0 0 0 1 0 0 0 0 0 0 0 0 0 0 0 0 0 0 0 0 16 0 0 105 51 0 0 169 23 2 0 0 0 0 0 0 0 0 0 2 0 0 0 1 0 11 0 2 0 0 0 120 0 0 0 254 255 255 255 7 0 6 0 0 0 0 0 data 15 0x60007 0x3f1 0x78 0x27c 0xe0007 0x2 0x58 0x27a 0x1e0007 0x27a 0x38 0x42d0 0x2d0003 0x42d0 0xffffffffffffffe0 oops 0
ciMethodData java/util/concurrent/ConcurrentHashMap tabAt ([Ljava/util/concurrent/ConcurrentHashMap$Node;I)Ljava/util/concurrent/ConcurrentHashMap$Node; 2 49676 orig 264 120 87 82 89 249 127 0 0 128 223 194 23 208 2 0 0 176 1 0 0 0 0 0 0 0 0 0 0 0 0 0 0 0 0 0 0 0 0 0 0 0 0 0 0 0 0 0 0 0 0 0 0 0 0 0 0 0 0 0 0 0 0 0 0 0 0 0 0 0 0 0 0 0 0 0 0 0 0 0 0 77 68 79 32 101 120 116 114 97 32 100 97 116 97 32 108 111 99 107 0 0 0 0 0 0 0 0 0 0 0 0 0 0 0 0 0 0 0 0 0 0 0 0 0 0 0 0 0 0 0 0 0 0 0 0 0 0 0 0 0 0 0 0 0 0 0 0 0 0 0 0 0 0 0 0 0 0 0 0 0 0 0 0 0 0 0 0 0 0 0 0 0 0 0 0 0 0 0 0 0 0 0 0 0 0 0 0 0 0 0 0 0 0 0 0 0 0 0 0 0 0 0 0 0 0 0 0 0 0 0 0 0 0 0 0 0 135 1 0 0 41 4 6 0 1 0 0 0 0 0 0 0 0 0 0 0 2 0 0 0 0 0 3 0 2 0 0 0 96 0 0 0 254 255 255 255 5 0 14 0 0 0 0 0 data 12 0xe0005 0x2 0x0 0x0 0x0 0x0 0x110104 0x0 0x2d01ed00df0 0x8a13 0x2d01ec72a50 0x670 oops 2 8 java/util/concurrent/ConcurrentHashMap$Node 10 java/util/concurrent/ConcurrentHashMap$ForwardingNode
ciMethod java/util/IdentityHashMap maskNull (Ljava/lang/Object;)Ljava/lang/Object; 2081 1 17059 0 0
ciMethod java/util/IdentityHashMap hash (Ljava/lang/Object;I)I 2073 1 17992 0 0
ciMethod java/util/IdentityHashMap nextKeyIndex (II)I 2073 1 6953 0 0
ciMethod java/util/IdentityHashMap put (Ljava/lang/Object;Ljava/lang/Object;)Ljava/lang/Object; 2049 1705 5508 0 960
ciMethod java/util/IdentityHashMap resize (I)Z 33 4425 14 0 0
ciMethodData java/lang/Character toLowerCase (C)C 2 22302 orig 264 120 87 82 89 249 127 0 0 24 183 178 23 208 2 0 0 88 1 0 0 0 0 0 0 0 0 0 0 0 0 0 0 0 0 0 0 0 0 0 0 0 0 0 0 0 0 0 0 0 0 0 0 0 0 0 0 0 0 0 0 0 0 0 0 0 0 0 0 0 0 0 0 0 0 0 0 0 0 0 0 77 68 79 32 101 120 116 114 97 32 100 97 116 97 32 108 111 99 107 0 0 0 0 0 0 0 0 0 0 0 0 0 0 0 0 0 0 0 0 0 0 0 0 0 0 0 0 0 0 0 0 0 0 0 0 0 0 0 0 0 0 0 0 0 0 0 0 0 0 0 0 0 0 0 0 0 0 0 0 0 0 0 0 0 0 0 0 0 0 0 0 0 0 0 0 0 0 0 0 0 0 0 0 0 0 0 0 0 0 0 0 0 0 0 0 0 0 0 0 0 0 0 0 0 0 0 0 0 0 0 0 0 0 0 0 0 5 1 0 0 201 176 2 0 1 0 0 0 0 0 0 0 0 0 0 0 2 0 0 0 0 0 3 0 2 0 0 0 16 0 0 0 254 255 255 255 2 0 1 0 0 0 0 0 data 2 0x10002 0x5619 oops 0
ciMethodData java/lang/String isEmpty ()Z 2 49441 orig 264 120 87 82 89 249 127 0 0 200 60 169 23 208 2 0 0 88 1 0 0 0 0 0 0 0 0 0 0 0 0 0 0 0 0 0 0 0 0 0 0 0 0 0 0 0 0 0 0 0 0 0 0 0 0 0 0 0 0 0 0 0 0 0 0 0 0 0 0 0 0 0 0 0 0 0 0 0 0 0 0 77 68 79 32 101 120 116 114 97 32 100 97 116 97 32 108 111 99 107 0 0 0 0 0 0 0 0 0 0 0 0 0 0 0 0 0 0 0 0 0 0 0 0 0 0 0 0 0 0 0 0 0 0 0 0 0 0 0 0 0 0 0 0 0 0 0 0 0 0 0 0 0 0 0 0 0 0 0 0 0 0 0 0 0 0 0 0 0 0 0 0 0 0 0 0 0 0 0 0 0 0 0 0 0 1 0 0 0 0 0 0 0 0 0 0 0 0 0 0 0 1 0 0 0 0 0 0 0 0 0 0 0 0 0 0 0 1 1 0 0 1 1 6 0 1 0 0 0 0 0 0 0 0 0 0 0 2 0 0 0 0 0 6 0 2 0 0 0 56 0 0 0 254 255 255 255 7 0 5 0 0 0 0 0 data 7 0x50007 0x9a31 0x38 0x25ef 0x90003 0x25ef 0x18 oops 0
ciMethod java/util/ArrayList$Itr <init> (Ljava/util/ArrayList;)V 2049 1 15013 0 0
ciMethod java/util/ArrayList$Itr hasNext ()Z 2361 1 5453 0 96
ciMethod java/util/ArrayList$Itr next ()Ljava/lang/Object; 2297 1 5741 0 224
ciMethod java/util/ArrayList$Itr checkForComodification ()V 2321 1 14072 0 0
ciMethodData java/lang/ref/Reference <init> (Ljava/lang/Object;Ljava/lang/ref/ReferenceQueue;)V 2 22584 orig 264 120 87 82 89 249 127 0 0 144 133 171 23 208 2 0 0 120 1 0 0 0 0 0 0 0 0 0 0 0 0 0 0 0 0 0 0 0 0 0 0 0 0 0 0 0 0 0 0 0 0 0 0 0 0 0 0 0 0 0 0 0 0 0 0 0 0 0 0 0 0 0 0 0 0 0 0 0 0 0 0 77 68 79 32 101 120 116 114 97 32 100 97 116 97 32 108 111 99 107 0 0 0 0 0 0 0 0 0 0 0 0 0 0 0 0 0 0 0 0 0 0 0 0 0 0 0 0 0 0 0 0 0 0 0 0 0 0 0 0 0 0 0 0 0 0 0 0 0 0 0 0 0 0 0 0 0 0 0 0 0 0 0 0 0 0 0 0 0 0 0 0 0 0 0 0 0 0 0 0 0 0 0 0 0 1 0 0 0 0 0 0 0 0 0 0 0 0 0 0 0 1 0 0 0 0 0 0 0 0 0 0 0 0 0 0 0 12 1 0 0 97 185 2 0 1 0 0 0 0 0 0 0 0 0 0 0 2 0 0 0 0 0 6 0 2 0 0 0 72 0 0 0 254 255 255 255 2 0 1 0 0 0 0 0 data 9 0x10002 0x572c 0xb0007 0x34e3 0x38 0x2249 0x110003 0x2249 0x18 oops 0
ciMethodData java/util/concurrent/ConcurrentHashMap spread (I)I 2 33733 orig 264 120 87 82 89 249 127 0 0 80 220 194 23 208 2 0 0 32 1 0 0 0 0 0 0 0 0 0 0 0 0 0 0 0 0 0 0 0 0 0 0 0 0 0 0 0 0 0 0 0 0 0 0 0 0 0 0 0 0 0 0 0 0 0 0 0 0 0 0 0 0 0 0 0 0 0 0 0 0 0 0 77 68 79 32 101 120 116 114 97 32 100 97 116 97 32 108 111 99 107 0 0 0 0 0 0 0 0 0 0 0 0 0 0 0 0 0 0 0 0 0 0 0 0 0 0 0 0 0 0 0 0 0 0 0 0 0 0 0 0 0 0 0 0 0 0 0 0 0 0 0 0 0 0 0 0 0 0 0 0 0 0 0 0 0 0 0 0 0 0 0 0 0 0 0 0 0 0 0 0 0 0 0 0 0 0 0 0 0 0 0 0 0 0 0 0 0 0 0 0 0 0 0 0 0 0 0 0 0 0 0 0 0 0 0 0 0 6 1 0 0 249 21 4 0 1 0 0 0 0 0 0 0 0 0 0 0 2 0 0 0 0 0 3 0 1 0 0 0 0 0 0 0 254 255 255 255 0 0 0 0 0 0 0 0 data 0 oops 0
ciMethodData java/lang/Class getName ()Ljava/lang/String; 2 31338 orig 264 120 87 82 89 249 127 0 0 8 199 169 23 208 2 0 0 80 1 0 0 0 0 0 0 0 0 0 0 0 0 0 0 0 0 0 0 0 0 0 0 0 0 0 0 0 0 0 0 0 0 0 0 0 0 0 0 0 0 0 0 0 0 0 0 0 0 0 0 0 0 0 0 0 0 0 0 0 0 0 0 77 68 79 32 101 120 116 114 97 32 100 97 116 97 32 108 111 99 107 0 0 0 0 0 0 0 0 0 0 0 0 0 0 0 0 0 0 0 0 0 0 0 0 0 0 0 0 0 0 0 0 0 0 0 0 0 0 0 0 0 0 0 0 0 0 0 0 0 0 0 0 0 0 0 0 0 0 0 0 0 0 0 0 0 0 0 0 0 0 0 0 0 0 0 0 0 0 0 0 0 0 0 0 0 0 0 0 0 0 0 0 0 0 0 0 0 0 0 0 0 0 0 0 0 0 0 0 0 0 0 0 0 0 0 0 0 8 1 0 0 17 203 3 0 1 0 0 0 0 0 0 0 0 0 0 0 2 0 0 0 0 0 6 0 2 0 0 0 48 0 0 0 254 255 255 255 7 0 6 0 0 0 0 0 data 6 0x60007 0x767f 0x30 0x2e3 0xb0002 0x2e3 oops 0
ciMethodData java/util/concurrent/ConcurrentHashMap putVal (Ljava/lang/Object;Ljava/lang/Object;Z)Ljava/lang/Object; 2 11605 orig 264 120 87 82 89 249 127 0 0 48 235 194 23 208 2 0 0 152 6 0 0 232 2 0 0 0 0 0 0 0 0 0 0 0 0 0 0 0 0 0 0 0 0 0 0 0 0 0 0 0 0 0 0 0 0 0 0 0 0 0 0 0 0 0 0 0 0 0 0 0 0 0 0 0 0 0 0 0 0 0 0 77 68 79 32 101 120 116 114 97 32 100 97 116 97 32 108 111 99 107 0 0 0 0 0 0 0 0 0 0 0 0 0 0 0 0 0 0 0 0 0 0 0 0 0 0 0 0 0 0 0 0 0 0 0 0 0 0 0 0 0 0 0 0 0 1 0 0 0 0 0 0 0 0 0 0 0 0 0 0 0 0 0 0 0 2 0 0 0 0 0 0 0 0 0 0 0 0 0 0 1 0 0 0 0 0 0 0 0 0 0 0 0 0 0 0 0 0 0 0 0 0 0 0 0 0 0 0 0 0 0 0 0 0 0 0 0 4 1 0 0 129 98 1 0 233 74 0 0 136 20 0 0 185 4 0 0 2 0 0 0 2 0 61 0 2 0 0 0 56 5 0 0 254 255 255 255 7 0 1 0 0 0 0 0 data 167 0x10007 0x0 0x40 0x2c50 0x50007 0x2c50 0x30 0x0 0xc0002 0x0 0x110005 0x290 0x2d01b7f37b0 0x124 0x2d01848b7c0 0x289c 0x140002 0x2c50 0x240007 0x40 0x40 0x2c50 0x2d0007 0x2c50 0x48 0x0 0x310002 0x40 0x360003 0x40 0x430 0x450002 0x2c50 0x4b0007 0x1a97 0x78 0x11b9 0x5c0002 0x11b9 0x5f0002 0x11b9 0x620007 0x0 0x3c8 0x11b9 0x650003 0x11b9 0x3c0 0x710007 0x1a97 0x68 0x0 0x790005 0x0 0x0 0x0 0x0 0x0 0x7e0003 0x0 0x340 0x8e0002 0x1a97 0x930007 0x0 0x290 0x1a97 0x980007 0x0 0x180 0x1a97 0xa90007 0x1433 0xe8 0xf81 0xb50007 0x674 0x90 0x90d 0xba0007 0x0 0xa8 0x90d 0xc04005 0x0 0x2d01848b7c0 0x907 0x2d01cf134c0 0x8 0xc30007 0x8 0x58 0x907 0xcee007 0xf7b 0x98 0x1 0xd70003 0x1 0x78 0xe60007 0x91d 0x48 0xb1e 0xf40002 0xb1e 0xfa0003 0xb1e 0x30 0x1000003 0x91d 0xfffffffffffffed0 0x1030003 0x1a9a 0x108 0x1080004 0x0 0x0 0x0 0x0 0x0 0x10b0007 0x0 0xc0 0x0 0x1130004 0x0 0x0 0x0 0x0 0x0 0x11a0005 0x0 0x0 0x0 0x0 0x0 0x1200007 0x0 0x40 0x0 0x12b0007 0x0 0x20 0x0 0x1370003 0x1a9a 0x18 0x1440007 0x0 0x70 0x1a9a 0x14b0007 0x1a9a 0x30 0x0 0x1530002 0x0 0x1580007 0xb1e 0x38 0xf7c 0x15e0003 0x40 0xfffffffffffffb80 0x1650002 0x1cd7 oops 4 12 java/lang/invoke/MethodType$ConcurrentWeakInternSet$WeakEntry 14 java/lang/String 85 java/lang/String 87 org/eclipse/aether/internal/impl/collect/DataPool$ConstraintKey
ciMethodData java/util/Objects requireNonNull (Ljava/lang/Object;)Ljava/lang/Object; 2 180563 orig 264 120 87 82 89 249 127 0 0 184 198 184 23 208 2 0 0 80 1 0 0 0 0 0 0 0 0 0 0 0 0 0 0 0 0 0 0 0 0 0 0 0 0 0 0 0 0 0 0 0 0 0 0 0 0 0 0 0 0 0 0 0 0 0 0 0 0 0 0 0 0 0 0 0 0 0 0 0 0 0 0 77 68 79 32 101 120 116 114 97 32 100 97 116 97 32 108 111 99 107 0 0 0 0 0 0 0 0 0 0 0 0 0 0 0 0 0 0 0 0 0 0 0 0 0 0 0 0 0 0 0 0 0 0 0 0 0 0 0 0 0 0 0 0 0 0 0 0 0 0 0 0 0 0 0 0 0 0 0 0 0 0 0 0 0 0 0 0 0 0 0 0 0 0 0 0 0 0 0 0 0 0 0 0 0 27 0 0 0 0 0 0 0 0 0 0 0 0 0 0 0 1 0 0 0 0 0 0 0 1 0 0 0 0 0 0 0 0 1 0 0 153 2 22 0 1 0 0 0 0 0 0 0 0 0 0 0 2 0 0 0 0 0 5 0 2 0 0 0 48 0 0 0 254 255 255 255 7 0 1 0 0 0 0 0 data 6 0x10007 0x2c053 0x30 0x0 0x80002 0x0 oops 0
ciMethodData java/lang/ref/Reference <init> (Ljava/lang/Object;)V 2 14137 orig 264 120 87 82 89 249 127 0 0 224 132 171 23 208 2 0 0 56 1 0 0 0 0 0 0 0 0 0 0 0 0 0 0 0 0 0 0 0 0 0 0 0 0 0 0 0 0 0 0 0 0 0 0 0 0 0 0 0 0 0 0 0 0 0 0 0 0 0 0 0 0 0 0 0 0 0 0 0 0 0 0 77 68 79 32 101 120 116 114 97 32 100 97 116 97 32 108 111 99 107 0 0 0 0 0 0 0 0 0 0 0 0 0 0 0 0 0 0 0 0 0 0 0 0 0 0 0 0 0 0 0 0 0 0 0 0 0 0 0 0 0 0 0 0 0 0 0 0 0 0 0 0 0 0 0 0 0 0 0 0 0 0 0 0 0 0 0 0 0 0 0 0 0 0 0 0 0 0 0 0 0 0 0 0 0 1 0 0 0 0 0 0 0 0 0 0 0 0 0 0 0 1 0 0 0 0 0 0 0 0 0 0 0 0 0 0 0 1 1 0 0 193 177 1 0 1 0 0 0 0 0 0 0 0 0 0 0 2 0 0 0 0 0 6 0 2 0 0 0 16 0 0 0 254 255 255 255 2 0 3 0 0 0 0 0 data 2 0x30002 0x3638 oops 0
ciMethodData java/util/concurrent/ConcurrentHashMap get (Ljava/lang/Object;)Ljava/lang/Object; 2 15641 orig 264 120 87 82 89 249 127 0 0 216 230 194 23 208 2 0 0 8 4 0 0 152 2 0 0 0 0 0 0 0 0 0 0 0 0 0 0 0 0 0 0 0 0 0 0 0 0 0 0 0 0 0 0 0 0 0 0 0 0 0 0 0 0 0 0 0 0 0 0 0 0 0 0 0 0 0 0 0 0 0 0 77 68 79 32 101 120 116 114 97 32 100 97 116 97 32 108 111 99 107 0 0 0 0 0 0 0 0 0 0 0 0 0 0 0 0 0 0 0 0 0 0 0 0 0 0 0 0 0 0 0 0 0 0 0 0 0 0 0 0 0 0 0 0 0 2 0 0 0 0 0 0 0 0 0 0 0 0 0 0 0 0 0 0 0 0 0 0 0 0 0 0 0 0 0 0 0 0 0 0 2 0 0 0 0 0 0 0 0 0 0 0 0 0 0 0 0 0 0 0 0 0 0 0 0 0 0 0 0 0 0 0 0 0 0 0 0 5 1 0 0 161 224 1 0 49 117 0 0 28 40 0 0 150 8 0 0 2 0 0 0 1 0 36 0 2 0 0 0 184 2 0 0 254 255 255 255 5 0 1 0 0 0 0 0 data 87 0x10005 0x3048 0x2d01b7f37b0 0xa33 0x2d01b175730 0x199 0x40002 0x3c14 0xf0007 0x34 0x278 0x3be0 0x170007 0x0 0x258 0x3be0 0x220002 0x3be0 0x270007 0xf8a 0x228 0x2c56 0x330007 0x91d 0xb0 0x2339 0x3e0007 0xf96 0x90 0x13a3 0x430007 0x0 0xf8 0x13a3 0x490005 0xd27 0x2d01b7f37b0 0x644 0x2d01b175730 0x38 0x4ce007 0x51 0xa8 0x1353 0x560007 0x91d 0x88 0x0 0x5d0005 0x0 0x0 0x0 0x0 0x0 0x630007 0x0 0x38 0x0 0x6b0003 0x0 0x18 0x760007 0x549 0xd0 0x650 0x7f0007 0x1fa 0xffffffffffffffe0 0x456 0x8a0007 0x20 0x90 0x436 0x8f0007 0x0 0xffffffffffffffa0 0x436 0x950005 0x2dd 0x2d01b7f37b0 0x156 0x2d01b7f3860 0x3 0x98e007 0x31 0xffffffffffffff50 0x406 oops 6 2 java/lang/invoke/MethodType$ConcurrentWeakInternSet$WeakEntry 4 java/lang/invoke/MemberName 36 java/lang/invoke/MethodType$ConcurrentWeakInternSet$WeakEntry 38 java/lang/invoke/MemberName 79 java/lang/invoke/MethodType$ConcurrentWeakInternSet$WeakEntry 81 sun/util/locale/BaseLocale$Key
ciMethodData java/lang/Object equals (Ljava/lang/Object;)Z 2 13769 orig 264 120 87 82 89 249 127 0 0 232 6 169 23 208 2 0 0 136 1 0 0 0 0 0 0 0 0 0 0 0 0 0 0 0 0 0 0 0 0 0 0 0 0 0 0 0 0 0 0 0 0 0 0 0 0 0 0 0 0 0 0 0 0 0 0 0 0 0 0 0 0 0 0 0 0 0 0 0 0 0 0 77 68 79 32 101 120 116 114 97 32 100 97 116 97 32 108 111 99 107 0 0 0 0 0 0 0 0 0 0 0 0 0 0 0 0 0 0 0 0 0 0 0 0 0 0 0 0 0 0 0 0 0 0 0 0 0 0 0 0 0 0 0 0 0 0 0 0 0 0 0 0 0 0 0 0 0 0 0 0 0 0 0 0 0 0 0 0 0 0 0 0 0 0 0 0 0 0 0 0 0 0 0 0 0 1 0 0 0 0 0 0 0 0 0 0 0 0 0 0 0 3 0 0 0 0 0 0 0 0 0 0 0 0 0 0 0 7 1 0 0 17 166 1 0 1 0 0 0 0 0 0 0 0 0 0 0 2 0 0 0 0 0 6 0 2 0 0 0 56 0 0 0 254 255 255 255 7 0 2 0 0 0 0 0 data 7 0x20007 0x25cd 0x38 0xef5 0x60003 0xef5 0x18 oops 0
ciMethodData java/lang/ref/WeakReference <init> (Ljava/lang/Object;)V 2 9949 orig 264 120 87 82 89 249 127 0 0 64 140 171 23 208 2 0 0 56 1 0 0 0 0 0 0 0 0 0 0 0 0 0 0 0 0 0 0 0 0 0 0 0 0 0 0 0 0 0 0 0 0 0 0 0 0 0 0 0 0 0 0 0 0 0 0 0 0 0 0 0 0 0 0 0 0 0 0 0 0 0 0 77 68 79 32 101 120 116 114 97 32 100 97 116 97 32 108 111 99 107 0 0 0 0 0 0 0 0 0 0 0 0 0 0 0 0 0 0 0 0 0 0 0 0 0 0 0 0 0 0 0 0 0 0 0 0 0 0 0 0 0 0 0 0 0 0 0 0 0 0 0 0 0 0 0 0 0 0 0 0 0 0 0 0 0 0 0 0 0 0 0 0 0 0 0 0 0 0 0 0 0 0 0 0 0 0 0 0 0 0 0 0 0 0 0 0 0 0 0 0 0 0 0 0 0 0 0 0 0 0 0 0 0 0 0 0 0 5 1 0 0 193 46 1 0 1 0 0 0 0 0 0 0 0 0 0 0 2 0 0 0 0 0 7 0 2 0 0 0 16 0 0 0 254 255 255 255 2 0 2 0 0 0 0 0 data 2 0x20002 0x25d8 oops 0
ciMethodData java/util/AbstractCollection <init> ()V 2 453524 orig 264 120 87 82 89 249 127 0 0 56 121 181 23 208 2 0 0 48 1 0 0 0 0 0 0 0 0 0 0 0 0 0 0 0 0 0 0 0 0 0 0 0 0 0 0 0 0 0 0 0 0 0 0 0 0 0 0 0 0 0 0 0 0 0 0 0 0 0 0 0 0 0 0 0 0 0 0 0 0 0 0 77 68 79 32 101 120 116 114 97 32 100 97 116 97 32 108 111 99 107 0 0 0 0 0 0 0 0 0 0 0 0 0 0 0 0 0 0 0 0 0 0 0 0 0 0 0 0 0 0 0 0 0 0 0 0 0 0 0 0 0 0 0 0 0 0 0 0 0 0 0 0 0 0 0 0 0 0 0 0 0 0 0 0 0 0 0 0 0 0 0 0 0 0 0 0 0 0 0 0 0 0 0 0 0 1 0 0 0 0 0 0 0 0 0 0 0 0 0 0 0 1 0 0 0 0 0 0 0 0 0 0 0 0 0 0 0 0 1 0 0 153 84 55 0 1 0 0 0 0 0 0 0 0 0 0 0 2 0 0 0 0 0 3 0 2 0 0 0 16 0 0 0 254 255 255 255 2 0 1 0 0 0 0 0 data 2 0x10002 0x6ea93 oops 0
ciMethodData java/util/ArrayList ensureCapacityInternal (I)V 2 93404 orig 264 120 87 82 89 249 127 0 0 48 0 182 23 208 2 0 0 112 1 0 0 0 0 0 0 0 0 0 0 0 0 0 0 0 0 0 0 0 0 0 0 0 0 0 0 0 0 0 0 0 0 0 0 0 0 0 0 0 0 0 0 0 0 0 0 0 0 0 0 0 0 0 0 0 0 0 0 0 0 0 0 77 68 79 32 101 120 116 114 97 32 100 97 116 97 32 108 111 99 107 0 0 0 0 0 0 0 0 0 0 0 0 0 0 0 0 0 0 0 0 0 0 0 0 0 0 0 0 0 0 0 0 0 0 0 0 0 0 0 0 0 0 0 0 0 0 0 0 0 0 0 0 0 0 0 0 0 0 0 0 0 0 0 0 0 0 0 0 0 0 0 0 0 0 0 0 0 0 0 0 0 0 0 0 0 17 0 0 0 0 0 0 0 0 0 0 0 0 0 0 0 1 0 0 0 0 0 0 0 0 0 0 0 0 0 0 0 49 1 0 0 89 93 11 0 1 0 0 0 0 0 0 0 0 0 0 0 2 0 0 0 0 0 14 0 2 0 0 0 32 0 0 0 254 255 255 255 2 0 6 0 0 0 0 0 data 4 0x60002 0x16bab 0x90002 0x16bab oops 0
ciMethodData java/util/ArrayList calculateCapacity ([Ljava/lang/Object;I)I 2 93406 orig 264 120 87 82 89 249 127 0 0 144 255 181 23 208 2 0 0 128 1 0 0 0 0 0 0 0 0 0 0 0 0 0 0 0 0 0 0 0 0 0 0 0 0 0 0 0 0 0 0 0 0 0 0 0 0 0 0 0 0 0 0 0 0 0 0 0 0 0 0 0 0 0 0 0 0 0 0 0 0 0 0 77 68 79 32 101 120 116 114 97 32 100 97 116 97 32 108 111 99 107 0 0 0 0 0 0 0 0 0 0 0 0 0 0 0 0 0 0 0 0 0 0 0 0 0 0 0 0 0 0 0 0 0 0 0 0 0 0 0 0 0 0 0 0 0 0 0 0 0 0 0 0 0 0 0 0 0 0 0 0 0 0 0 0 0 0 0 0 0 0 0 0 0 0 0 0 0 0 0 0 0 0 0 0 0 0 0 0 0 0 0 0 0 0 0 0 0 0 0 0 0 0 0 0 0 0 0 0 0 0 0 0 0 0 0 0 0 50 1 0 0 97 93 11 0 1 0 0 0 0 0 0 0 0 0 0 0 2 0 0 0 0 0 9 0 2 0 0 0 48 0 0 0 254 255 255 255 7 0 4 0 0 0 0 0 data 6 0x40007 0x12085 0x30 0x4b27 0xa0002 0x4b27 oops 0
ciMethodData java/util/ArrayList ensureExplicitCapacity (I)V 2 91431 orig 264 120 87 82 89 249 127 0 0 224 0 182 23 208 2 0 0 88 1 0 0 0 0 0 0 0 0 0 0 0 0 0 0 0 0 0 0 0 0 0 0 0 0 0 0 0 0 0 0 0 0 0 0 0 0 0 0 0 0 0 0 0 0 0 0 0 0 0 0 0 0 0 0 0 0 0 0 0 0 0 0 77 68 79 32 101 120 116 114 97 32 100 97 116 97 32 108 111 99 107 0 0 0 0 0 0 0 0 0 0 0 0 0 0 0 0 0 0 0 0 0 0 0 0 0 0 0 0 0 0 0 0 0 0 0 0 0 0 0 0 0 0 0 0 0 0 0 0 0 0 0 0 0 0 0 0 0 0 0 0 0 0 0 0 0 0 0 0 0 0 0 0 0 0 0 0 0 0 0 0 0 0 0 0 0 17 0 0 0 0 0 0 0 0 0 0 0 0 0 0 0 1 0 0 0 0 0 0 0 0 0 0 0 0 0 0 0 51 1 0 0 161 31 11 0 1 0 0 0 0 0 0 0 0 0 0 0 2 0 0 0 0 0 6 0 2 0 0 0 48 0 0 0 254 255 255 255 7 0 17 0 0 0 0 0 data 6 0x110007 0x11423 0x30 0x4fd1 0x160002 0x4fd1 oops 0
ciMethodData java/util/ArrayList grow (I)V 2 5316 orig 264 120 87 82 89 249 127 0 0 168 1 182 23 208 2 0 0 176 1 0 0 64 0 0 0 0 0 0 0 0 0 0 0 0 0 0 0 0 0 0 0 0 0 0 0 0 0 0 0 0 0 0 0 0 0 0 0 0 0 0 0 0 0 0 0 0 0 0 0 0 0 0 0 0 0 0 0 0 0 0 0 77 68 79 32 101 120 116 114 97 32 100 97 116 97 32 108 111 99 107 0 0 0 0 0 0 0 0 0 0 0 0 0 0 0 0 0 0 0 0 0 0 0 0 0 0 0 0 0 0 0 0 0 0 0 0 0 0 0 0 0 0 0 0 0 0 0 0 0 0 0 0 0 0 0 0 0 0 0 0 0 0 0 0 0 0 0 0 0 0 0 0 0 0 0 0 0 0 0 0 0 0 0 0 0 17 0 0 0 0 0 0 0 0 0 0 0 0 0 0 0 1 0 0 0 0 0 0 0 0 0 0 0 0 0 0 0 67 0 0 0 9 164 0 0 1 0 0 0 0 0 0 0 0 0 0 0 2 0 0 0 0 0 15 0 2 0 0 0 96 0 0 0 254 255 255 255 7 0 15 0 0 0 0 0 data 12 0xf0007 0x7d 0x20 0x1404 0x180007 0x1481 0x30 0x0 0x1c0002 0x0 0x260002 0x1481 oops 0
ciMethodData java/util/ArrayList add (Ljava/lang/Object;)Z 2 86712 orig 264 120 87 82 89 249 127 0 0 184 10 182 23 208 2 0 0 144 1 0 0 0 0 0 0 0 0 0 0 0 0 0 0 0 0 0 0 0 0 0 0 0 0 0 0 0 0 0 0 0 0 0 0 0 0 0 0 0 0 0 0 0 0 0 0 0 0 0 0 0 0 0 0 0 0 0 0 0 0 0 0 77 68 79 32 101 120 116 114 97 32 100 97 116 97 32 108 111 99 107 0 0 0 0 0 0 0 0 0 0 0 0 0 0 0 0 0 0 0 0 0 0 0 0 0 0 0 0 0 0 0 0 0 0 0 0 0 0 0 0 0 0 0 0 0 0 0 0 0 0 0 0 0 0 0 0 0 0 0 0 0 0 0 0 0 0 0 0 0 0 0 0 0 0 0 0 0 0 0 0 0 0 0 0 0 17 0 0 0 0 0 0 0 0 0 0 0 0 0 0 0 1 0 0 0 0 0 0 0 0 0 0 0 0 0 0 0 51 1 0 0 41 140 10 0 1 0 0 0 0 0 0 0 0 0 0 0 2 0 0 0 0 0 15 0 2 0 0 0 64 0 0 0 254 255 255 255 2 0 7 0 0 0 0 0 data 8 0x70002 0x15185 0x1a0104 0x0 0x2d01b176500 0x58 0x2d021e38b70 0x1 oops 2 4 java/net/URL 6 sun/misc/URLClassPath$FileLoader
ciMethodData java/lang/String regionMatches (ZILjava/lang/String;II)Z 2 10618 orig 264 120 87 82 89 249 127 0 0 224 76 169 23 208 2 0 0 24 3 0 0 96 0 0 0 0 0 0 0 0 0 0 0 0 0 0 0 0 0 0 0 0 0 0 0 0 0 0 0 0 0 0 0 0 0 0 0 0 0 0 0 0 0 0 0 0 0 0 0 0 0 0 0 0 0 0 0 0 0 0 0 77 68 79 32 101 120 116 114 97 32 100 97 116 97 32 108 111 99 107 0 0 0 0 0 0 0 0 0 0 0 0 0 0 0 0 0 0 0 0 0 0 0 0 0 0 0 0 0 0 0 0 0 0 0 0 0 0 0 0 0 0 0 0 0 2 0 0 0 0 0 0 0 0 0 0 0 0 0 0 0 0 0 0 0 0 0 0 0 0 0 0 0 0 0 0 1 0 0 0 1 0 0 0 0 17 0 0 0 0 0 0 0 0 0 0 0 0 0 0 0 9 0 0 0 0 0 0 0 0 0 0 0 0 0 0 0 206 3 0 0 57 66 1 0 105 30 1 0 64 20 0 0 163 16 0 0 2 0 0 0 1 0 24 0 2 0 0 0 168 1 0 0 254 255 255 255 7 0 21 0 0 0 0 0 data 53 0x150007 0x0 0x80 0x2847 0x19e007 0x1 0x60 0x2847 0x290007 0x36a 0x40 0x24dd 0x3a0007 0x24dd 0x20 0x0 0x440007 0x482 0x128 0x4429 0x5f0007 0x2061 0x38 0x23c8 0x620003 0x23c8 0xffffffffffffffc0 0x660007 0x0 0xd0 0x2061 0x6b0002 0x2061 0x720002 0x2061 0x7b0007 0x205c 0x38 0x5 0x7e0003 0x5 0xffffffffffffff48 0x830002 0x205c 0x880002 0x205c 0x8b0007 0x205c 0x38 0x0 0x8e0003 0x0 0xfffffffffffffef0 oops 0
ciMethodData java/lang/String equalsIgnoreCase (Ljava/lang/String;)Z 2 5495 orig 264 120 87 82 89 249 127 0 0 48 73 169 23 208 2 0 0 48 2 0 0 32 0 0 0 0 0 0 0 0 0 0 0 0 0 0 0 0 0 0 0 0 0 0 0 0 0 0 0 0 0 0 0 0 0 0 0 0 0 0 0 0 0 0 0 0 0 0 0 0 0 0 0 0 0 0 0 0 0 0 0 77 68 79 32 101 120 116 114 97 32 100 97 116 97 32 108 111 99 107 0 0 0 0 0 0 0 0 0 0 0 0 0 0 0 0 0 0 0 0 0 0 0 0 0 0 0 0 0 0 0 0 0 0 0 0 0 0 0 0 0 0 0 0 0 0 0 0 0 0 0 0 0 0 0 0 0 0 0 0 0 0 0 0 0 0 0 0 0 0 0 0 0 0 0 0 0 0 0 0 0 0 0 0 0 17 0 0 0 0 0 0 0 0 0 0 0 0 0 0 0 3 0 0 0 0 0 0 0 0 0 0 0 0 0 0 0 68 1 0 0 153 161 0 0 1 0 0 0 0 0 0 0 0 0 0 0 2 0 0 0 0 0 13 0 2 0 0 0 224 0 0 0 254 255 255 255 7 0 2 0 0 0 0 0 data 28 0x20007 0x10e2 0x38 0x351 0x60003 0x351 0xc0 0xa0007 0x30e 0xa8 0xdd4 0x170007 0x629 0x88 0x7ab 0x240005 0x20 0x2d01848b7c0 0x78b 0x0 0x0 0x270007 0x365 0x38 0x446 0x2b0003 0x446 0x18 oops 1 17 java/lang/String
ciMethodData java/lang/Character toUpperCase (C)C 2 18584 orig 264 120 87 82 89 249 127 0 0 72 184 178 23 208 2 0 0 88 1 0 0 0 0 0 0 0 0 0 0 0 0 0 0 0 0 0 0 0 0 0 0 0 0 0 0 0 0 0 0 0 0 0 0 0 0 0 0 0 0 0 0 0 0 0 0 0 0 0 0 0 0 0 0 0 0 0 0 0 0 0 0 77 68 79 32 101 120 116 114 97 32 100 97 116 97 32 108 111 99 107 0 0 0 0 0 0 0 0 0 0 0 0 0 0 0 0 0 0 0 0 0 0 0 0 0 0 0 0 0 0 0 0 0 0 0 0 0 0 0 0 0 0 0 0 0 0 0 0 0 0 0 0 0 0 0 0 0 0 0 0 0 0 0 0 0 0 0 0 0 0 0 0 0 0 0 0 0 0 0 0 0 0 0 0 0 0 0 0 0 0 0 0 0 0 0 0 0 0 0 0 0 0 0 0 0 0 0 0 0 0 0 0 0 0 0 0 0 161 0 0 0 185 63 2 0 1 0 0 0 0 0 0 0 0 0 0 0 2 0 0 0 0 0 3 0 2 0 0 0 16 0 0 0 254 255 255 255 2 0 1 0 0 0 0 0 data 2 0x10002 0x47f7 oops 0
ciMethodData java/lang/Character toUpperCase (I)I 2 18584 orig 264 120 87 82 89 249 127 0 0 224 184 178 23 208 2 0 0 136 1 0 0 0 0 0 0 0 0 0 0 0 0 0 0 0 0 0 0 0 0 0 0 0 0 0 0 0 0 0 0 0 0 0 0 0 0 0 0 0 0 0 0 0 0 0 0 0 0 0 0 0 0 0 0 0 0 0 0 0 0 0 0 77 68 79 32 101 120 116 114 97 32 100 97 116 97 32 108 111 99 107 0 0 0 0 0 0 0 0 0 0 0 0 0 0 0 0 0 0 0 0 0 0 0 0 0 0 0 0 0 0 0 0 0 0 0 0 0 0 0 0 0 0 0 0 0 0 0 0 0 0 0 0 0 0 0 0 0 0 0 0 0 0 0 0 0 0 0 0 0 0 0 0 0 0 0 0 0 0 0 0 0 0 0 0 0 25 0 0 0 0 0 0 0 0 0 0 0 0 0 0 0 0 0 0 0 0 0 0 0 0 0 0 0 0 0 0 0 161 0 0 0 185 63 2 0 1 0 0 0 0 0 0 0 0 0 0 0 2 0 0 0 0 0 3 0 2 0 0 0 64 0 0 0 254 255 255 255 2 0 1 0 0 0 0 0 data 8 0x10002 0x2f9 0x50005 0x0 0x2d022047f70 0x47f7 0x0 0x0 oops 1 4 java/lang/CharacterDataLatin1
ciMethodData java/util/ArrayList rangeCheck (I)V 2 46049 orig 264 120 87 82 89 249 127 0 0 64 18 182 23 208 2 0 0 104 1 0 0 0 0 0 0 0 0 0 0 0 0 0 0 0 0 0 0 0 0 0 0 0 0 0 0 0 0 0 0 0 0 0 0 0 0 0 0 0 0 0 0 0 0 0 0 0 0 0 0 0 0 0 0 0 0 0 0 0 0 0 0 77 68 79 32 101 120 116 114 97 32 100 97 116 97 32 108 111 99 107 0 0 0 0 0 0 0 0 0 0 0 0 0 0 0 0 0 0 0 0 0 0 0 0 0 0 0 0 0 0 0 0 0 0 0 0 0 0 0 0 0 0 0 0 0 0 0 0 0 0 0 0 0 0 0 0 0 0 0 0 0 0 0 0 0 0 0 0 0 0 0 0 0 0 0 0 0 0 0 0 0 0 0 0 0 25 0 0 0 0 0 0 0 0 0 0 0 0 0 0 0 1 0 0 0 0 0 0 0 0 0 0 0 0 0 0 0 0 1 0 0 9 151 5 0 1 0 0 0 0 0 0 0 0 0 0 0 2 0 0 0 0 0 5 0 2 0 0 0 64 0 0 0 254 255 255 255 7 0 5 0 0 0 0 0 data 8 0x50007 0xb2e1 0x40 0x0 0xe0002 0x0 0x110002 0x0 oops 0
ciMethodData java/util/ArrayList elementData (I)Ljava/lang/Object; 2 46047 orig 264 120 87 82 89 249 127 0 0 192 8 182 23 208 2 0 0 40 1 0 0 0 0 0 0 0 0 0 0 0 0 0 0 0 0 0 0 0 0 0 0 0 0 0 0 0 0 0 0 0 0 0 0 0 0 0 0 0 0 0 0 0 0 0 0 0 0 0 0 0 0 0 0 0 0 0 0 0 0 0 0 77 68 79 32 101 120 116 114 97 32 100 97 116 97 32 108 111 99 107 0 0 0 0 0 0 0 0 0 0 0 0 0 0 0 0 0 0 0 0 0 0 0 0 0 0 0 0 0 0 0 0 0 0 0 0 0 0 0 0 0 0 0 0 0 0 0 0 0 0 0 0 0 0 0 0 0 0 0 0 0 0 0 0 0 0 0 0 0 0 0 0 0 0 0 0 0 0 0 0 0 0 0 0 0 1 0 0 0 0 0 0 0 0 0 0 0 0 0 0 0 1 0 0 0 0 0 0 0 0 0 0 0 0 0 0 0 0 1 0 0 249 150 5 0 1 0 0 0 0 0 0 0 0 0 0 0 2 0 0 0 0 0 3 0 1 0 0 0 0 0 0 0 254 255 255 255 0 0 0 0 0 0 0 0 data 0 oops 0
ciMethodData java/lang/CharacterDataLatin1 toUpperCase (I)I 2 5398 orig 264 120 87 82 89 249 127 0 0 88 69 196 23 208 2 0 0 248 1 0 0 112 0 0 0 0 0 0 0 0 0 0 0 0 0 0 0 0 0 0 0 0 0 0 0 0 0 0 0 0 0 0 0 0 0 0 0 0 0 0 0 0 0 0 0 0 0 0 0 0 0 0 0 0 0 0 0 0 0 0 0 77 68 79 32 101 120 116 114 97 32 100 97 116 97 32 108 111 99 107 0 0 0 0 0 0 0 0 0 0 0 0 0 0 0 0 0 0 0 0 0 0 0 0 0 0 0 0 0 0 0 0 0 0 0 0 0 0 0 0 0 0 0 0 0 0 0 0 0 0 0 0 0 0 0 0 0 0 0 0 0 0 0 0 0 0 0 0 0 0 0 0 0 0 0 0 0 0 0 0 0 0 0 0 0 0 0 0 0 0 0 0 0 0 0 0 0 0 0 0 0 0 0 0 0 0 0 0 0 0 0 0 0 0 0 0 0 1 1 0 0 169 160 0 0 1 0 0 0 0 0 0 0 0 0 0 0 2 0 0 0 0 0 10 0 2 0 0 0 168 0 0 0 254 255 255 255 5 0 4 0 0 0 0 0 data 21 0x40005 0x0 0x2d022047f70 0x1415 0x0 0x0 0xc0007 0x305 0x78 0x1110 0x150007 0x0 0x38 0x1110 0x250003 0x1110 0x38 0x2c0007 0x0 0x20 0x0 oops 1 2 java/lang/CharacterDataLatin1
ciMethodData java/util/ArrayList get (I)Ljava/lang/Object; 2 39340 orig 264 120 87 82 89 249 127 0 0 96 9 182 23 208 2 0 0 144 1 0 0 0 0 0 0 0 0 0 0 0 0 0 0 0 0 0 0 0 0 0 0 0 0 0 0 0 0 0 0 0 0 0 0 0 0 0 0 0 0 0 0 0 0 0 0 0 0 0 0 0 0 0 0 0 0 0 0 0 0 0 0 77 68 79 32 101 120 116 114 97 32 100 97 116 97 32 108 111 99 107 0 0 0 0 0 0 0 0 0 0 0 0 0 0 0 0 0 0 0 0 0 0 0 0 0 0 0 0 0 0 0 0 0 0 0 0 0 0 0 0 0 0 0 0 0 0 0 0 0 0 0 0 0 0 0 0 0 0 0 0 0 0 0 0 0 0 0 0 0 0 0 0 0 0 0 0 0 0 0 0 0 0 0 0 0 0 0 0 0 0 0 0 0 0 0 0 0 0 0 0 0 0 0 0 0 0 0 0 0 0 0 0 0 0 0 0 0 6 1 0 0 49 197 4 0 1 0 0 0 0 0 0 0 0 0 0 0 2 0 0 0 0 0 6 0 2 0 0 0 64 0 0 0 254 255 255 255 2 0 2 0 0 0 0 0 data 8 0x20002 0x98a6 0x70005 0x0 0x2d022018b70 0x98a6 0x0 0x0 oops 1 4 java/util/ArrayList
ciMethodData java/lang/ref/WeakReference <init> (Ljava/lang/Object;Ljava/lang/ref/ReferenceQueue;)V 2 8565 orig 264 120 87 82 89 249 127 0 0 216 140 171 23 208 2 0 0 64 1 0 0 0 0 0 0 0 0 0 0 0 0 0 0 0 0 0 0 0 0 0 0 0 0 0 0 0 0 0 0 0 0 0 0 0 0 0 0 0 0 0 0 0 0 0 0 0 0 0 0 0 0 0 0 0 0 0 0 0 0 0 0 77 68 79 32 101 120 116 114 97 32 100 97 116 97 32 108 111 99 107 0 0 0 0 0 0 0 0 0 0 0 0 0 0 0 0 0 0 0 0 0 0 0 0 0 0 0 0 0 0 0 0 0 0 0 0 0 0 0 0 0 0 0 0 0 0 0 0 0 0 0 0 0 0 0 0 0 0 0 0 0 0 0 0 0 0 0 0 0 0 0 0 0 0 0 0 0 0 0 0 0 0 0 0 0 1 0 0 0 0 0 0 0 0 0 0 0 0 0 0 0 1 0 0 0 0 0 0 0 0 0 0 0 0 0 0 0 0 1 0 0 169 3 1 0 1 0 0 0 0 0 0 0 0 0 0 0 2 0 0 0 0 0 7 0 2 0 0 0 16 0 0 0 254 255 255 255 2 0 3 0 0 0 0 0 data 2 0x30002 0x2075 oops 0
ciMethodData java/util/WeakHashMap maskNull (Ljava/lang/Object;)Ljava/lang/Object; 2 15540 orig 264 120 87 82 89 249 127 0 0 112 67 186 23 208 2 0 0 88 1 0 0 0 0 0 0 0 0 0 0 0 0 0 0 0 0 0 0 0 0 0 0 0 0 0 0 0 0 0 0 0 0 0 0 0 0 0 0 0 0 0 0 0 0 0 0 0 0 0 0 0 0 0 0 0 0 0 0 0 0 0 0 77 68 79 32 101 120 116 114 97 32 100 97 116 97 32 108 111 99 107 0 0 0 0 0 0 0 0 0 0 0 0 0 0 0 0 0 0 0 0 0 0 0 0 0 0 0 0 0 0 0 0 0 0 0 0 0 0 0 0 0 0 0 0 0 0 0 0 0 0 0 0 0 0 0 0 0 0 0 0 0 0 0 0 0 0 0 0 0 0 0 0 0 0 0 0 0 0 0 0 0 0 0 0 0 1 0 0 0 0 0 0 0 0 0 0 0 0 0 0 0 1 0 0 0 0 0 0 0 1 0 0 0 0 0 0 0 1 1 0 0 153 221 1 0 1 0 0 0 0 0 0 0 0 0 0 0 2 0 0 0 0 0 6 0 2 0 0 0 56 0 0 0 254 255 255 255 7 0 1 0 0 0 0 0 data 7 0x10007 0x3bb3 0x38 0x0 0x70003 0x0 0x18 oops 0
ciMethodData java/util/WeakHashMap hash (Ljava/lang/Object;)I 2 15541 orig 264 120 87 82 89 249 127 0 0 96 69 186 23 208 2 0 0 128 1 0 0 0 0 0 0 0 0 0 0 0 0 0 0 0 0 0 0 0 0 0 0 0 0 0 0 0 0 0 0 0 0 0 0 0 0 0 0 0 0 0 0 0 0 0 0 0 0 0 0 0 0 0 0 0 0 0 0 0 0 0 0 77 68 79 32 101 120 116 114 97 32 100 97 116 97 32 108 111 99 107 0 0 0 0 0 0 0 0 0 0 0 0 0 0 0 0 0 0 0 0 0 0 0 0 0 0 0 0 0 0 0 0 0 0 0 0 0 0 0 0 0 0 0 0 0 0 0 0 0 0 0 0 0 0 0 0 0 0 0 0 0 0 0 0 0 0 0 0 0 0 0 0 0 0 0 0 0 0 0 0 0 0 0 0 0 17 0 0 0 0 0 0 0 1 0 0 0 0 0 0 0 1 0 0 0 0 0 0 0 0 0 0 0 0 0 0 0 1 1 0 0 161 221 1 0 1 0 0 0 0 0 0 0 0 0 0 0 2 0 0 0 0 0 3 0 2 0 0 0 48 0 0 0 254 255 255 255 5 0 1 0 0 0 0 0 data 6 0x10005 0x1a88 0x2d01dca89c0 0x1811 0x2d01dca8a70 0x91b oops 2 2 java/util/zip/ZipFile$ZipFileInflaterInputStream 4 java/util/zip/ZipFile$ZipFileInputStream
ciMethodData java/util/WeakHashMap getTable ()[Ljava/util/WeakHashMap$Entry; 2 15541 orig 264 120 87 82 89 249 127 0 0 216 71 186 23 208 2 0 0 48 1 0 0 0 0 0 0 0 0 0 0 0 0 0 0 0 0 0 0 0 0 0 0 0 0 0 0 0 0 0 0 0 0 0 0 0 0 0 0 0 0 0 0 0 0 0 0 0 0 0 0 0 0 0 0 0 0 0 0 0 0 0 0 77 68 79 32 101 120 116 114 97 32 100 97 116 97 32 108 111 99 107 0 0 0 0 0 0 0 0 0 0 0 0 0 0 0 0 0 0 0 0 0 0 0 0 0 0 0 0 0 0 0 0 0 0 0 0 0 0 0 0 0 0 0 0 0 0 0 0 0 0 0 0 0 0 0 0 0 0 0 0 0 0 0 0 0 0 0 0 0 0 0 0 0 0 0 0 0 0 0 0 0 0 0 0 0 17 0 0 0 0 0 0 0 0 0 0 0 0 0 0 0 0 0 0 0 0 0 0 0 0 0 0 0 0 0 0 0 1 1 0 0 161 221 1 0 1 0 0 0 0 0 0 0 0 0 0 0 2 0 0 0 0 0 3 0 2 0 0 0 16 0 0 0 254 255 255 255 2 0 1 0 0 0 0 0 data 2 0x10002 0x3bb4 oops 0
ciMethodData java/util/WeakHashMap expungeStaleEntries ()V 2 5413 orig 264 120 87 82 89 249 127 0 0 56 71 186 23 208 2 0 0 224 2 0 0 128 1 0 0 0 0 0 0 0 0 0 0 0 0 0 0 0 0 0 0 0 0 0 0 0 0 0 0 0 0 0 0 0 0 0 0 0 0 0 0 0 0 0 0 0 0 0 0 0 0 0 0 0 0 0 0 0 0 0 0 77 68 79 32 101 120 116 114 97 32 100 97 116 97 32 108 111 99 107 0 0 0 0 0 0 0 0 0 0 0 0 0 0 0 0 0 0 0 0 0 0 0 0 0 0 0 0 0 0 0 0 0 0 0 0 0 0 0 0 0 0 0 0 0 0 0 0 0 0 0 0 0 0 0 0 0 0 0 0 0 0 0 0 0 0 0 0 0 0 0 0 0 0 0 0 0 0 0 0 0 0 0 0 0 17 0 0 0 0 0 0 0 0 0 0 0 0 0 0 0 0 0 0 0 0 0 0 0 0 0 0 0 0 0 0 0 1 1 0 0 33 161 0 0 9 1 0 0 0 0 0 0 0 0 0 0 2 0 0 0 2 0 26 0 2 0 0 0 152 1 0 0 254 255 255 255 5 0 4 0 0 0 0 0 data 51 0x40005 0x0 0x2d01848c950 0x1445 0x0 0x0 0x90007 0x1424 0x168 0x21 0x140004 0x0 0x2d021ca4de0 0x21 0x0 0x0 0x210002 0x21 0x350007 0x0 0xd8 0x21 0x420007 0x0 0xa0 0x21 0x480007 0x0 0x68 0x21 0x530104 0x0 0x0 0x0 0x0 0x0 0x540003 0x21 0x18 0x6d0003 0x21 0x30 0x780003 0x0 0xffffffffffffff40 0x7d0003 0x21 0x18 0x870003 0x21 0xfffffffffffffe80 oops 2 2 java/lang/ref/ReferenceQueue 12 java/util/WeakHashMap$Entry
ciMethodData java/util/WeakHashMap indexFor (II)I 2 16983 orig 264 120 87 82 89 249 127 0 0 248 69 186 23 208 2 0 0 40 1 0 0 0 0 0 0 0 0 0 0 0 0 0 0 0 0 0 0 0 0 0 0 0 0 0 0 0 0 0 0 0 0 0 0 0 0 0 0 0 0 0 0 0 0 0 0 0 0 0 0 0 0 0 0 0 0 0 0 0 0 0 0 77 68 79 32 101 120 116 114 97 32 100 97 116 97 32 108 111 99 107 0 0 0 0 0 0 0 0 0 0 0 0 0 0 0 0 0 0 0 0 0 0 0 0 0 0 0 0 0 0 0 0 0 0 0 0 0 0 0 0 0 0 0 0 0 0 0 0 0 0 0 0 0 0 0 0 0 0 0 0 0 0 0 0 0 0 0 0 0 0 0 0 0 0 0 0 0 0 0 0 0 0 0 0 0 25 0 0 0 0 0 0 0 0 0 0 0 0 0 0 0 0 0 0 0 0 0 0 0 0 0 0 0 0 0 0 0 1 1 0 0 177 10 2 0 1 0 0 0 0 0 0 0 0 0 0 0 2 0 0 0 0 0 3 0 1 0 0 0 0 0 0 0 254 255 255 255 0 0 0 0 0 0 0 0 data 0 oops 0
ciMethod java/util/Collections$UnmodifiableMap get (Ljava/lang/Object;)Ljava/lang/Object; 3361 1 5540 0 96
ciMethod org/slf4j/Logger isDebugEnabled ()Z 0 0 1 0 -1
ciMethodData java/util/AbstractList <init> ()V 2 201440 orig 264 120 87 82 89 249 127 0 0 208 101 181 23 208 2 0 0 48 1 0 0 0 0 0 0 0 0 0 0 0 0 0 0 0 0 0 0 0 0 0 0 0 0 0 0 0 0 0 0 0 0 0 0 0 0 0 0 0 0 0 0 0 0 0 0 0 0 0 0 0 0 0 0 0 0 0 0 0 0 0 0 77 68 79 32 101 120 116 114 97 32 100 97 116 97 32 108 111 99 107 0 0 0 0 0 0 0 0 0 0 0 0 0 0 0 0 0 0 0 0 0 0 0 0 0 0 0 0 0 0 0 0 0 0 0 0 0 0 0 0 0 0 0 0 0 0 0 0 0 0 0 0 0 0 0 0 0 0 0 0 0 0 0 0 0 0 0 0 0 0 0 0 0 0 0 0 0 0 0 0 0 0 0 0 0 1 0 0 0 0 0 0 0 0 0 0 0 0 0 0 0 1 0 0 0 0 0 0 0 0 0 0 0 0 0 0 0 21 1 0 0 89 142 24 0 1 0 0 0 0 0 0 0 0 0 0 0 2 0 0 0 0 0 3 0 2 0 0 0 16 0 0 0 254 255 255 255 2 0 1 0 0 0 0 0 data 2 0x10002 0x311cb oops 0
ciMethodData java/util/WeakHashMap eq (Ljava/lang/Object;Ljava/lang/Object;)Z 2 7953 orig 264 120 87 82 89 249 127 0 0 176 68 186 23 208 2 0 0 216 1 0 0 80 0 0 0 0 0 0 0 0 0 0 0 0 0 0 0 0 0 0 0 0 0 0 0 0 0 0 0 0 0 0 0 0 0 0 0 0 0 0 0 0 0 0 0 0 0 0 0 0 0 0 0 0 0 0 0 0 0 0 0 77 68 79 32 101 120 116 114 97 32 100 97 116 97 32 108 111 99 107 0 0 0 0 0 0 0 0 0 0 0 0 0 0 0 0 0 0 0 0 0 0 0 0 0 0 0 0 0 0 0 0 0 0 0 0 0 0 0 0 0 0 0 0 0 0 0 0 0 0 0 0 0 0 0 0 0 0 0 0 0 0 0 0 0 0 0 0 0 0 0 0 0 0 0 0 0 0 0 0 0 0 0 0 0 17 0 0 0 0 0 0 0 0 0 0 0 0 0 0 0 0 0 0 0 0 0 0 0 0 0 0 0 0 0 0 0 131 0 0 0 113 244 0 0 1 0 0 0 0 0 0 0 0 0 0 0 2 0 0 0 0 0 0 0 0 0 0 0 136 0 0 0 254 255 255 255 7 0 2 0 0 0 0 0 data 17 0x20007 0x1c6e 0x70 0x220 0x70005 0x162 0x2d01dca89c0 0x29 0x2d01848b7c0 0x95 0xa0007 0x29 0x38 0x1f7 0xe0003 0x1e65 0x18 oops 2 6 java/util/zip/ZipFile$ZipFileInflaterInputStream 8 java/lang/String
ciMethod java/util/LinkedHashSet <init> ()V 145 1 3345 0 -1
ciMethodData java/util/ArrayList <init> ()V 2 176163 orig 264 120 87 82 89 249 127 0 0 160 252 181 23 208 2 0 0 48 1 0 0 0 0 0 0 0 0 0 0 0 0 0 0 0 0 0 0 0 0 0 0 0 0 0 0 0 0 0 0 0 0 0 0 0 0 0 0 0 0 0 0 0 0 0 0 0 0 0 0 0 0 0 0 0 0 0 0 0 0 0 0 77 68 79 32 101 120 116 114 97 32 100 97 116 97 32 108 111 99 107 0 0 0 0 0 0 0 0 0 0 0 0 0 0 0 0 0 0 0 0 0 0 0 0 0 0 0 0 0 0 0 0 0 0 0 0 0 0 0 0 0 0 0 0 0 0 0 0 0 0 0 0 0 0 0 0 0 0 0 0 0 0 0 0 0 0 0 0 0 0 0 0 0 0 0 0 0 0 0 0 0 0 0 0 0 1 0 0 0 0 0 0 0 0 0 0 0 0 0 0 0 1 0 0 0 0 0 0 0 0 0 0 0 0 0 0 0 141 0 0 0 177 124 21 0 1 0 0 0 0 0 0 0 0 0 0 0 2 0 0 0 0 0 3 0 2 0 0 0 16 0 0 0 254 255 255 255 2 0 1 0 0 0 0 0 data 2 0x10002 0x2af96 oops 0
ciMethodData java/util/ArrayList$Itr hasNext ()Z 2 5453 orig 264 120 87 82 89 249 127 0 0 112 63 216 23 208 2 0 0 144 1 0 0 0 0 0 0 0 0 0 0 0 0 0 0 0 0 0 0 0 0 0 0 0 0 0 0 0 0 0 0 0 0 0 0 0 0 0 0 0 0 0 0 0 0 0 0 0 0 0 0 0 0 0 0 0 0 0 0 0 0 0 0 77 68 79 32 101 120 116 114 97 32 100 97 116 97 32 108 111 99 107 0 0 0 0 0 0 0 0 0 0 0 0 0 0 0 0 0 0 0 0 0 0 0 0 0 0 0 0 0 0 0 0 0 0 0 0 0 0 0 0 0 0 0 0 0 0 0 0 0 0 0 0 0 0 0 0 0 0 0 0 0 0 0 0 0 0 0 0 0 0 0 0 0 0 0 0 0 0 0 0 0 0 0 0 0 0 0 0 0 0 0 0 0 0 0 0 0 0 0 0 0 0 0 0 0 0 0 0 0 0 0 0 0 0 0 0 0 35 1 0 0 49 161 0 0 1 0 0 0 0 0 0 0 0 0 0 0 2 0 0 0 0 0 6 0 2 0 0 0 72 0 0 0 254 255 255 255 2 0 8 0 0 0 0 0 data 9 0x80002 0x1426 0xb0007 0x622 0x38 0xe04 0xf0003 0xe04 0x18 oops 0
ciMethodData java/util/ArrayList$Itr checkForComodification ()V 2 14072 orig 264 120 87 82 89 249 127 0 0 224 66 216 23 208 2 0 0 80 1 0 0 0 0 0 0 0 0 0 0 0 0 0 0 0 0 0 0 0 0 0 0 0 0 0 0 0 0 0 0 0 0 0 0 0 0 0 0 0 0 0 0 0 0 0 0 0 0 0 0 0 0 0 0 0 0 0 0 0 0 0 0 77 68 79 32 101 120 116 114 97 32 100 97 116 97 32 108 111 99 107 0 0 0 0 0 0 0 0 0 0 0 0 0 0 0 0 0 0 0 0 0 0 0 0 0 0 0 0 0 0 0 0 0 0 0 0 0 0 0 0 0 0 0 0 0 0 0 0 0 0 0 0 0 0 0 0 0 0 0 0 0 0 0 0 0 0 0 0 0 0 0 0 0 0 0 0 0 0 0 0 0 0 0 0 0 25 0 0 0 0 0 0 0 0 0 0 0 0 0 0 0 1 0 0 0 0 0 0 0 0 0 0 0 0 0 0 0 34 1 0 0 177 174 1 0 1 0 0 0 0 0 0 0 0 0 0 0 2 0 0 0 0 0 5 0 2 0 0 0 48 0 0 0 254 255 255 255 7 0 11 0 0 0 0 0 data 6 0xb0007 0x35d6 0x30 0x0 0x120002 0x0 oops 0
ciMethodData java/util/ArrayList$Itr next ()Ljava/lang/Object; 2 5741 orig 264 120 87 82 89 249 127 0 0 80 64 216 23 208 2 0 0 232 1 0 0 96 0 0 0 0 0 0 0 0 0 0 0 0 0 0 0 0 0 0 0 0 0 0 0 0 0 0 0 0 0 0 0 0 0 0 0 0 0 0 0 0 0 0 0 0 0 0 0 0 0 0 0 0 0 0 0 0 0 0 0 77 68 79 32 101 120 116 114 97 32 100 97 116 97 32 108 111 99 107 0 0 0 0 0 0 0 0 0 0 0 0 0 0 0 0 0 0 0 0 0 0 0 0 0 0 0 0 0 0 0 0 0 0 0 0 0 0 0 0 0 0 0 0 0 0 0 0 0 0 0 0 0 0 0 0 0 0 0 0 0 0 0 0 0 0 0 0 0 0 0 0 0 0 0 0 0 0 0 0 0 0 0 0 0 25 0 0 0 0 0 0 0 0 0 0 0 0 0 0 0 1 0 0 0 0 0 0 0 0 0 0 0 0 0 0 0 31 1 0 0 113 170 0 0 1 0 0 0 0 0 0 0 0 0 0 0 2 0 0 0 0 0 10 0 2 0 0 0 160 0 0 0 254 255 255 255 5 0 1 0 0 0 0 0 data 20 0x10005 0x1 0x2d022018c20 0x154d 0x0 0x0 0xe0002 0x154e 0x110007 0x154e 0x30 0x0 0x180002 0x0 0x270007 0x154e 0x30 0x0 0x2e0002 0x0 oops 1 2 java/util/ArrayList$Itr
ciMethodData java/util/Arrays copyOf ([Ljava/lang/Object;I)[Ljava/lang/Object; 2 11783 orig 264 120 87 82 89 249 127 0 0 48 35 187 23 208 2 0 0 192 1 0 0 0 0 0 0 0 0 0 0 0 0 0 0 0 0 0 0 0 0 0 0 0 0 0 0 0 0 0 0 0 0 0 0 0 0 0 0 0 0 0 0 0 0 0 0 0 0 0 0 0 0 0 0 0 0 0 0 0 0 0 0 77 68 79 32 101 120 116 114 97 32 100 97 116 97 32 108 111 99 107 0 0 0 0 0 0 0 0 0 0 0 0 0 0 0 0 0 0 0 0 0 0 0 0 0 0 0 0 0 0 0 0 0 0 0 0 0 0 0 0 0 0 0 0 0 0 0 0 0 0 0 0 0 0 0 0 0 0 0 0 0 0 0 0 0 0 0 0 0 0 0 0 0 0 0 0 0 0 0 0 0 0 0 0 0 0 0 0 0 0 0 0 0 0 0 0 0 0 0 0 0 0 0 0 0 0 0 0 0 0 0 0 0 0 0 0 0 186 0 0 0 105 106 1 0 1 0 0 0 0 0 0 0 0 0 0 0 2 0 0 0 0 0 3 0 2 0 0 0 112 0 0 0 254 255 255 255 5 0 3 0 0 0 0 0 data 14 0x30005 0xf6 0x2d023895ef0 0x41 0x2d01ec72eb0 0x2c16 0x60002 0x8e 0x90004 0x0 0x2d01ec72eb0 0x63 0x2d023895f60 0x18 oops 4 2 [Ljava/lang/reflect/Method; 4 [Ljava/lang/Object; 10 [Ljava/lang/Object; 12 [Ljava/lang/String;
ciMethodData java/util/Objects requireNonNull (Ljava/lang/Object;Ljava/lang/String;)Ljava/lang/Object; 2 78606 orig 264 120 87 82 89 249 127 0 0 88 199 184 23 208 2 0 0 88 1 0 0 0 0 0 0 0 0 0 0 0 0 0 0 0 0 0 0 0 0 0 0 0 0 0 0 0 0 0 0 0 0 0 0 0 0 0 0 0 0 0 0 0 0 0 0 0 0 0 0 0 0 0 0 0 0 0 0 0 0 0 0 77 68 79 32 101 120 116 114 97 32 100 97 116 97 32 108 111 99 107 0 0 0 0 0 0 0 0 0 0 0 0 0 0 0 0 0 0 0 0 0 0 0 0 0 0 0 0 0 0 0 0 0 0 0 0 0 0 0 0 0 0 0 0 0 0 0 0 0 0 0 0 0 0 0 0 0 0 0 0 0 0 0 0 0 0 0 0 0 0 0 0 0 0 0 0 0 0 0 0 0 0 0 0 0 27 0 0 0 0 0 0 0 0 0 0 0 0 0 0 0 1 0 0 0 0 0 0 0 1 0 0 0 0 0 0 0 0 1 0 0 105 144 9 0 1 0 0 0 0 0 0 0 0 0 0 0 2 0 0 0 0 0 5 0 2 0 0 0 48 0 0 0 254 255 255 255 7 0 1 0 0 0 0 0 data 6 0x10007 0x1320d 0x30 0x0 0x90002 0x0 oops 0
ciMethodData java/util/WeakHashMap put (Ljava/lang/Object;Ljava/lang/Object;)Ljava/lang/Object; 2 5387 orig 264 120 87 82 89 249 127 0 0 208 76 186 23 208 2 0 0 32 3 0 0 224 0 0 0 0 0 0 0 0 0 0 0 0 0 0 0 0 0 0 0 0 0 0 0 0 0 0 0 0 0 0 0 0 0 0 0 0 0 0 0 0 0 0 0 0 0 0 0 0 0 0 0 0 0 0 0 0 0 0 0 77 68 79 32 101 120 116 114 97 32 100 97 116 97 32 108 111 99 107 0 0 0 0 0 0 0 0 0 0 0 0 0 0 0 0 0 0 0 0 0 0 0 0 0 0 0 0 0 0 0 0 0 0 0 0 0 0 0 0 0 0 0 0 0 1 0 0 0 0 0 0 0 0 0 0 0 0 0 0 0 0 0 0 0 0 0 0 0 0 0 0 0 0 0 0 0 0 0 0 1 0 0 0 0 0 0 0 0 0 0 0 0 0 0 0 0 0 0 0 0 0 0 0 0 0 0 0 0 0 0 0 0 0 0 0 0 0 1 0 0 89 160 0 0 161 7 0 0 7 20 0 0 240 0 0 0 2 0 0 0 1 0 34 0 2 0 0 0 200 1 0 0 254 255 255 255 2 0 1 0 0 0 0 0 data 57 0x10002 0x140b 0x70005 0x5 0x2d021ca2df0 0x1266 0x2d01dca5600 0x1a0 0xd0002 0x140b 0x170002 0x140b 0x250007 0x1328 0xd8 0x1d7 0x2f0007 0xf3 0xa0 0xe4 0x350005 0x0 0x2d021ca4de0 0xe4 0x0 0x0 0x380002 0xe4 0x3be007 0x1 0x40 0xe4 0x480007 0x0 0x20 0xe4 0x5b0003 0xf4 0xffffffffffffff40 0x810002 0x1328 0x840004 0x0 0x2d021ca4de0 0x1328 0x0 0x0 0x940007 0x1324 0x50 0x4 0x9d0005 0x0 0x2d021ca2df0 0x4 0x0 0x0 oops 5 4 java/util/WeakHashMap 6 java/lang/ClassValue$ClassValueMap 22 java/util/WeakHashMap$Entry 43 java/util/WeakHashMap$Entry 53 java/util/WeakHashMap
ciMethodData java/util/WeakHashMap$Entry <init> (Ljava/lang/Object;Ljava/lang/Object;Ljava/lang/ref/ReferenceQueue;ILjava/util/WeakHashMap$Entry;)V 2 5160 orig 264 120 87 82 89 249 127 0 0 88 115 192 23 208 2 0 0 88 1 0 0 0 0 0 0 0 0 0 0 0 0 0 0 0 0 0 0 0 0 0 0 0 0 0 0 0 0 0 0 0 0 0 0 0 0 0 0 0 0 0 0 0 0 0 0 0 0 0 0 0 0 0 0 0 0 0 0 0 0 0 0 77 68 79 32 101 120 116 114 97 32 100 97 116 97 32 108 111 99 107 0 0 0 0 0 0 0 0 0 0 0 0 0 0 0 0 0 0 0 0 0 0 0 0 0 0 0 0 0 0 0 0 0 0 0 0 0 0 0 0 0 0 0 0 0 0 0 0 0 0 0 0 0 0 0 0 0 0 0 0 0 0 0 0 0 0 0 0 0 0 0 0 0 0 0 0 0 0 0 0 0 0 0 0 0 1 0 0 0 0 0 0 0 0 0 0 0 0 0 0 0 1 0 0 0 0 0 0 0 0 0 0 0 0 0 0 0 0 1 0 0 65 153 0 0 1 0 0 0 0 0 0 0 0 0 0 0 2 0 0 0 0 0 8 0 2 0 0 0 16 0 0 0 254 255 255 255 2 0 3 0 0 0 0 0 data 2 0x30002 0x1328 oops 0
ciMethodData java/util/WeakHashMap resize (I)V 1 18 orig 264 120 87 82 89 249 127 0 0 192 77 186 23 208 2 0 0 208 1 0 0 112 0 0 0 0 0 0 0 0 0 0 0 0 0 0 0 0 0 0 0 0 0 0 0 0 0 0 0 0 0 0 0 0 0 0 0 0 0 0 0 0 0 0 0 0 0 0 0 0 0 0 0 0 0 0 0 0 0 0 0 77 68 79 32 101 120 116 114 97 32 100 97 116 97 32 108 111 99 107 0 0 0 0 0 0 0 0 0 0 0 0 0 0 0 0 0 0 0 0 0 0 0 0 0 0 0 0 0 0 0 0 0 0 0 0 0 0 0 0 0 0 0 0 0 0 0 0 0 0 0 0 0 0 0 0 0 0 0 0 0 0 0 0 0 0 0 0 0 0 0 0 0 0 0 0 0 0 0 0 0 0 0 0 0 17 0 0 0 0 0 0 0 0 0 0 0 0 0 0 0 0 0 0 0 0 0 0 0 0 0 0 0 0 0 0 0 0 0 0 0 145 0 0 0 1 0 0 0 0 0 0 0 0 0 0 0 2 0 0 0 0 0 0 0 0 0 0 0 168 0 0 0 254 255 255 255 2 0 1 0 0 0 0 0 data 21 0x10002 0x12 0xb0007 0x12 0x20 0x0 0x170002 0x12 0x200002 0x12 0x330007 0x0 0x38 0x12 0x420003 0x12 0x38 0x460002 0x0 0x4d0002 0x0 oops 0
ciMethodData java/util/Collections emptyMap ()Ljava/util/Map; 2 25650 orig 264 120 87 82 89 249 127 0 0 8 117 182 23 208 2 0 0 24 1 0 0 0 0 0 0 0 0 0 0 0 0 0 0 0 0 0 0 0 0 0 0 0 0 0 0 0 0 0 0 0 0 0 0 0 0 0 0 0 0 0 0 0 0 0 0 0 0 0 0 0 0 0 0 0 0 0 0 0 0 0 0 77 68 79 32 101 120 116 114 97 32 100 97 116 97 32 108 111 99 107 0 0 0 0 0 0 0 0 0 0 0 0 0 0 0 0 0 0 0 0 0 0 0 0 0 0 0 0 0 0 0 0 0 0 0 0 0 0 0 0 0 0 0 0 0 0 0 0 0 0 0 0 0 0 0 0 0 0 0 0 0 0 0 0 0 0 0 0 0 0 0 0 0 0 0 0 0 0 0 0 0 0 0 0 0 0 0 0 0 0 0 0 0 0 0 0 0 0 0 0 0 0 0 0 0 0 0 0 0 0 0 0 0 0 0 0 0 1 1 0 0 137 25 3 0 1 0 0 0 0 0 0 0 0 0 0 0 2 0 0 0 0 0 3 0 1 0 0 0 0 0 0 0 254 255 255 255 0 0 0 0 0 0 0 0 data 0 oops 0
ciMethodData java/util/ArrayList$Itr <init> (Ljava/util/ArrayList;)V 2 15013 orig 264 120 87 82 89 249 127 0 0 200 62 216 23 208 2 0 0 56 1 0 0 0 0 0 0 0 0 0 0 0 0 0 0 0 0 0 0 0 0 0 0 0 0 0 0 0 0 0 0 0 0 0 0 0 0 0 0 0 0 0 0 0 0 0 0 0 0 0 0 0 0 0 0 0 0 0 0 0 0 0 0 77 68 79 32 101 120 116 114 97 32 100 97 116 97 32 108 111 99 107 0 0 0 0 0 0 0 0 0 0 0 0 0 0 0 0 0 0 0 0 0 0 0 0 0 0 0 0 0 0 0 0 0 0 0 0 0 0 0 0 0 0 0 0 0 0 0 0 0 0 0 0 0 0 0 0 0 0 0 0 0 0 0 0 0 0 0 0 0 0 0 0 0 0 0 0 0 0 0 0 0 0 0 0 0 0 0 0 0 0 0 0 0 0 0 0 0 0 0 0 0 0 0 0 0 0 0 0 0 0 0 0 0 0 0 0 0 0 1 0 0 41 205 1 0 1 0 0 0 0 0 0 0 0 0 0 0 2 0 0 0 0 0 3 0 2 0 0 0 16 0 0 0 254 255 255 255 2 0 6 0 0 0 0 0 data 2 0x60002 0x39a5 oops 0
ciMethodData java/util/ArrayList iterator ()Ljava/util/Iterator; 2 5820 orig 264 120 87 82 89 249 127 0 0 120 26 182 23 208 2 0 0 48 1 0 0 0 0 0 0 0 0 0 0 0 0 0 0 0 0 0 0 0 0 0 0 0 0 0 0 0 0 0 0 0 0 0 0 0 0 0 0 0 0 0 0 0 0 0 0 0 0 0 0 0 0 0 0 0 0 0 0 0 0 0 0 77 68 79 32 101 120 116 114 97 32 100 97 116 97 32 108 111 99 107 0 0 0 0 0 0 0 0 0 0 0 0 0 0 0 0 0 0 0 0 0 0 0 0 0 0 0 0 0 0 0 0 0 0 0 0 0 0 0 0 0 0 0 0 0 0 0 0 0 0 0 0 0 0 0 0 0 0 0 0 0 0 0 0 0 0 0 0 0 0 0 0 0 0 0 0 0 0 0 0 0 0 0 0 0 0 0 0 0 0 0 0 0 0 0 0 0 0 0 0 0 0 0 0 0 0 0 0 0 0 0 0 0 0 0 0 0 0 1 0 0 225 173 0 0 1 0 0 0 0 0 0 0 0 0 0 0 2 0 0 0 0 0 3 0 2 0 0 0 16 0 0 0 254 255 255 255 2 0 5 0 0 0 0 0 data 2 0x50002 0x15bc oops 0
ciMethod org/apache/maven/repository/internal/MavenWorkspaceReader findModel (Lorg/eclipse/aether/artifact/Artifact;)Lorg/apache/maven/model/Model; 0 0 1 0 -1
ciMethod org/apache/maven/model/building/ModelBuilder build (Lorg/apache/maven/model/building/ModelBuildingRequest;)Lorg/apache/maven/model/building/ModelBuildingResult; 0 0 1 0 -1
ciMethod org/eclipse/aether/impl/ArtifactResolver resolveArtifact (Lorg/eclipse/aether/RepositorySystemSession;Lorg/eclipse/aether/resolution/ArtifactRequest;)Lorg/eclipse/aether/resolution/ArtifactResult; 0 0 1 0 -1
ciMethod org/eclipse/aether/impl/RemoteRepositoryManager aggregateRepositories (Lorg/eclipse/aether/RepositorySystemSession;Ljava/util/List;Ljava/util/List;Z)Ljava/util/List; 0 0 1 0 -1
ciMethod org/eclipse/aether/internal/impl/collect/DependencyCollectorDelegate collectStepTrace (Lorg/eclipse/aether/RequestTrace;Ljava/lang/String;Ljava/util/List;Lorg/eclipse/aether/graph/Dependency;)Lorg/eclipse/aether/RequestTrace; 1201 1 1878 0 0
ciMethod org/eclipse/aether/internal/impl/collect/DependencyCollectorDelegate createDependencyNode (Ljava/util/List;Lorg/eclipse/aether/internal/impl/collect/PremanagedDependency;Lorg/eclipse/aether/resolution/VersionRangeResult;Lorg/eclipse/aether/version/Version;Lorg/eclipse/aether/graph/Dependency;Ljava/util/Collection;Ljava/util/List;Ljava/lang/String;)Lorg/eclipse/aether/graph/DefaultDependencyNode; 1193 1 1896 0 -1
ciMethod org/eclipse/aether/internal/impl/collect/DependencyCollectorDelegate createDependencyNode (Ljava/util/List;Lorg/eclipse/aether/internal/impl/collect/PremanagedDependency;Lorg/eclipse/aether/resolution/VersionRangeResult;Lorg/eclipse/aether/version/Version;Lorg/eclipse/aether/graph/Dependency;Lorg/eclipse/aether/resolution/ArtifactDescriptorResult;Lorg/eclipse/aether/graph/DependencyNode;)Lorg/eclipse/aether/graph/DefaultDependencyNode; 0 0 1 0 -1
ciMethod org/eclipse/aether/internal/impl/collect/DependencyCollectorDelegate createArtifactDescriptorRequest (Ljava/lang/String;Lorg/eclipse/aether/RequestTrace;Ljava/util/List;Lorg/eclipse/aether/graph/Dependency;)Lorg/eclipse/aether/resolution/ArtifactDescriptorRequest; 1201 1 1892 0 0
ciMethod org/eclipse/aether/internal/impl/collect/DependencyCollectorDelegate createVersionRangeRequest (Ljava/lang/String;Lorg/eclipse/aether/RequestTrace;Ljava/util/List;Lorg/eclipse/aether/graph/Dependency;)Lorg/eclipse/aether/resolution/VersionRangeRequest; 1201 1 1884 0 0
ciMethod org/eclipse/aether/internal/impl/collect/DependencyCollectorDelegate cachedResolveRangeResult (Lorg/eclipse/aether/resolution/VersionRangeRequest;Lorg/eclipse/aether/internal/impl/collect/DataPool;Lorg/eclipse/aether/RepositorySystemSession;)Lorg/eclipse/aether/resolution/VersionRangeResult; 1201 1 1887 0 0
ciMethod org/eclipse/aether/internal/impl/collect/DependencyCollectorDelegate isLackingDescriptor (Lorg/eclipse/aether/artifact/Artifact;)Z 1209 1 1887 0 0
ciMethod org/eclipse/aether/internal/impl/collect/DependencyCollectorDelegate getRemoteRepositories (Lorg/eclipse/aether/repository/ArtifactRepository;Ljava/util/List;)Ljava/util/List; 1193 1 1894 0 0
ciMethod org/eclipse/aether/internal/impl/collect/DependencyCollectorDelegate filterVersions (Lorg/eclipse/aether/graph/Dependency;Lorg/eclipse/aether/resolution/VersionRangeResult;Lorg/eclipse/aether/collection/VersionFilter;Lorg/eclipse/aether/internal/impl/collect/DefaultVersionFilterContext;)Ljava/util/List; 1209 1 1893 0 0
ciMethod org/eclipse/aether/internal/impl/collect/df/DfDependencyCollector process (Lorg/eclipse/aether/internal/impl/collect/df/DfDependencyCollector$Args;Lorg/eclipse/aether/RequestTrace;Lorg/eclipse/aether/internal/impl/collect/DependencyCollectorDelegate$Results;Ljava/util/List;Ljava/util/List;Lorg/eclipse/aether/collection/DependencySelector;Lorg/eclipse/aether/collection/DependencyManager;Lorg/eclipse/aether/collection/DependencyTraverser;Lorg/eclipse/aether/collection/VersionFilter;)V 1153 4537 1455 0 -1
ciMethod org/eclipse/aether/internal/impl/collect/df/DfDependencyCollector processDependency (Lorg/eclipse/aether/internal/impl/collect/df/DfDependencyCollector$Args;Lorg/eclipse/aether/RequestTrace;Lorg/eclipse/aether/internal/impl/collect/DependencyCollectorDelegate$Results;Ljava/util/List;Lorg/eclipse/aether/collection/DependencySelector;Lorg/eclipse/aether/collection/DependencyManager;Lorg/eclipse/aether/collection/DependencyTraverser;Lorg/eclipse/aether/collection/VersionFilter;Lorg/eclipse/aether/graph/Dependency;Ljava/util/List;Z)V 2089 1185 6407 0 -1
ciMethod org/eclipse/aether/internal/impl/collect/df/DfDependencyCollector doRecurse (Lorg/eclipse/aether/internal/impl/collect/df/DfDependencyCollector$Args;Lorg/eclipse/aether/RequestTrace;Lorg/eclipse/aether/internal/impl/collect/DependencyCollectorDelegate$Results;Ljava/util/List;Lorg/eclipse/aether/collection/DependencySelector;Lorg/eclipse/aether/collection/DependencyManager;Lorg/eclipse/aether/collection/DependencyTraverser;Lorg/eclipse/aether/collection/VersionFilter;Lorg/eclipse/aether/graph/Dependency;Lorg/eclipse/aether/resolution/ArtifactDescriptorResult;Lorg/eclipse/aether/graph/DefaultDependencyNode;)V 1081 1 1672 0 -1
ciMethod org/eclipse/aether/internal/impl/collect/df/DfDependencyCollector getArtifactDescriptorResult (Lorg/eclipse/aether/internal/impl/collect/df/DfDependencyCollector$Args;Lorg/eclipse/aether/internal/impl/collect/DependencyCollectorDelegate$Results;ZLorg/eclipse/aether/graph/Dependency;Lorg/eclipse/aether/resolution/ArtifactDescriptorRequest;)Lorg/eclipse/aether/resolution/ArtifactDescriptorResult; 1201 1 1893 0 0
ciMethod org/eclipse/aether/internal/impl/collect/df/DfDependencyCollector resolveCachedArtifactDescriptor (Lorg/eclipse/aether/internal/impl/collect/DataPool;Lorg/eclipse/aether/resolution/ArtifactDescriptorRequest;Lorg/eclipse/aether/RepositorySystemSession;Lorg/eclipse/aether/graph/Dependency;Lorg/eclipse/aether/internal/impl/collect/DependencyCollectorDelegate$Results;Lorg/eclipse/aether/internal/impl/collect/df/DfDependencyCollector$Args;)Lorg/eclipse/aether/resolution/ArtifactDescriptorResult; 1201 1 2591 0 0
ciMethod org/eclipse/aether/impl/ArtifactDescriptorReader readArtifactDescriptor (Lorg/eclipse/aether/RepositorySystemSession;Lorg/eclipse/aether/resolution/ArtifactDescriptorRequest;)Lorg/eclipse/aether/resolution/ArtifactDescriptorResult; 0 0 1 0 -1
ciMethod org/apache/maven/repository/internal/DefaultArtifactDescriptorReader readArtifactDescriptor (Lorg/eclipse/aether/RepositorySystemSession;Lorg/eclipse/aether/resolution/ArtifactDescriptorRequest;)Lorg/eclipse/aether/resolution/ArtifactDescriptorResult; 1377 1 555 0 0
ciMethod org/apache/maven/repository/internal/DefaultArtifactDescriptorReader loadPom (Lorg/eclipse/aether/RepositorySystemSession;Lorg/eclipse/aether/resolution/ArtifactDescriptorRequest;Lorg/eclipse/aether/resolution/ArtifactDescriptorResult;)Lorg/apache/maven/model/Model; 2049 1 555 0 0
ciMethod org/apache/maven/repository/internal/DefaultArtifactDescriptorReader toProperties (Ljava/util/Map;Ljava/util/Map;)Ljava/util/Properties; 2041 1 553 0 -1
ciMethod org/apache/maven/repository/internal/DefaultArtifactDescriptorReader getRelocation (Lorg/apache/maven/model/Model;)Lorg/apache/maven/model/Relocation; 2049 1 552 0 -1
ciMethod org/apache/maven/repository/internal/DefaultArtifactDescriptorReader missingDescriptor (Lorg/eclipse/aether/RepositorySystemSession;Lorg/eclipse/aether/RequestTrace;Lorg/eclipse/aether/artifact/Artifact;Ljava/lang/Exception;)V 0 0 1 0 -1
ciMethod org/apache/maven/repository/internal/DefaultArtifactDescriptorReader invalidDescriptor (Lorg/eclipse/aether/RepositorySystemSession;Lorg/eclipse/aether/RequestTrace;Lorg/eclipse/aether/artifact/Artifact;Ljava/lang/Exception;)V 0 0 1 0 -1
ciMethod org/apache/maven/repository/internal/DefaultArtifactDescriptorReader getPolicy (Lorg/eclipse/aether/RepositorySystemSession;Lorg/eclipse/aether/artifact/Artifact;Lorg/eclipse/aether/resolution/ArtifactDescriptorRequest;)I 0 0 1 0 -1
ciMethod org/apache/maven/repository/internal/ModelCacheFactory createCache (Lorg/eclipse/aether/RepositorySystemSession;)Lorg/apache/maven/model/building/ModelCache; 0 0 1 0 -1
ciMethod org/eclipse/aether/impl/VersionRangeResolver resolveVersionRange (Lorg/eclipse/aether/RepositorySystemSession;Lorg/eclipse/aether/resolution/VersionRangeRequest;)Lorg/eclipse/aether/resolution/VersionRangeResult; 0 0 1 0 -1
ciMethod org/apache/maven/repository/internal/DefaultVersionRangeResolver resolveVersionRange (Lorg/eclipse/aether/RepositorySystemSession;Lorg/eclipse/aether/resolution/VersionRangeRequest;)Lorg/eclipse/aether/resolution/VersionRangeResult; 2049 1 988 0 0
ciMethod org/apache/maven/repository/internal/DefaultVersionRangeResolver getVersions (Lorg/eclipse/aether/RepositorySystemSession;Lorg/eclipse/aether/resolution/VersionRangeResult;Lorg/eclipse/aether/resolution/VersionRangeRequest;)Ljava/util/Map; 0 0 1 0 0
ciMethod org/eclipse/aether/impl/VersionResolver resolveVersion (Lorg/eclipse/aether/RepositorySystemSession;Lorg/eclipse/aether/resolution/VersionRequest;)Lorg/eclipse/aether/resolution/VersionResult; 0 0 1 0 -1
ciMethod org/apache/maven/model/Model getLicenses ()Ljava/util/List; 2049 1 3514 0 -1
ciMethod org/apache/maven/model/Model getPrerequisites ()Lorg/apache/maven/model/Prerequisites; 1025 1 128 0 -1
ciMethod org/apache/maven/model/ModelBase getDependencies ()Ljava/util/List; 2057 1 8796 0 -1
ciMethod org/apache/maven/model/ModelBase getDependencyManagement ()Lorg/apache/maven/model/DependencyManagement; 1025 1 128 0 -1
ciMethod org/apache/maven/model/ModelBase getRepositories ()Ljava/util/List; 2065 1 6921 0 -1
ciMethod org/eclipse/aether/artifact/Artifact getGroupId ()Ljava/lang/String; 0 0 1 0 -1
ciMethod org/eclipse/aether/artifact/Artifact getArtifactId ()Ljava/lang/String; 0 0 1 0 -1
ciMethod org/eclipse/aether/artifact/Artifact getVersion ()Ljava/lang/String; 0 0 1 0 -1
ciMethod org/eclipse/aether/artifact/Artifact setVersion (Ljava/lang/String;)Lorg/eclipse/aether/artifact/Artifact; 0 0 1 0 -1
ciMethod org/eclipse/aether/artifact/Artifact getBaseVersion ()Ljava/lang/String; 0 0 1 0 -1
ciMethod org/eclipse/aether/artifact/Artifact getClassifier ()Ljava/lang/String; 0 0 1 0 -1
ciMethod org/eclipse/aether/artifact/Artifact getExtension ()Ljava/lang/String; 0 0 1 0 -1
ciMethod org/eclipse/aether/artifact/Artifact getFile ()Ljava/io/File; 0 0 1 0 -1
ciMethod org/eclipse/aether/artifact/Artifact getProperty (Ljava/lang/String;Ljava/lang/String;)Ljava/lang/String; 0 0 1 0 -1
ciMethod org/eclipse/aether/artifact/Artifact getProperties ()Ljava/util/Map; 0 0 1 0 -1
ciMethod org/eclipse/aether/artifact/Artifact setProperties (Ljava/util/Map;)Lorg/eclipse/aether/artifact/Artifact; 0 0 1 0 -1
ciMethod org/apache/maven/model/building/ModelProblem getException ()Ljava/lang/Exception; 0 0 1 0 -1
ciMethod org/eclipse/aether/RepositorySystemSession getWorkspaceReader ()Lorg/eclipse/aether/repository/WorkspaceReader; 0 0 1 0 -1
ciMethod org/eclipse/aether/RepositorySystemSession getSystemProperties ()Ljava/util/Map; 0 0 1 0 -1
ciMethod org/eclipse/aether/RepositorySystemSession getUserProperties ()Ljava/util/Map; 0 0 1 0 -1
ciMethod org/eclipse/aether/RepositorySystemSession getConfigProperties ()Ljava/util/Map; 0 0 1 0 -1
ciMethod org/eclipse/aether/RepositorySystemSession getArtifactTypeRegistry ()Lorg/eclipse/aether/artifact/ArtifactTypeRegistry; 0 0 1 0 -1
ciMethodData java/lang/Boolean equals (Ljava/lang/Object;)Z 2 11119 orig 264 120 87 82 89 249 127 0 0 192 111 178 23 208 2 0 0 56 2 0 0 0 0 0 0 0 0 0 0 0 0 0 0 0 0 0 0 0 0 0 0 0 0 0 0 0 0 0 0 0 0 0 0 0 0 0 0 0 0 0 0 0 0 0 0 0 0 0 0 0 0 0 0 0 0 0 0 0 0 0 0 77 68 79 32 101 120 116 114 97 32 100 97 116 97 32 108 111 99 107 0 0 0 0 0 0 0 0 0 0 0 0 0 0 0 0 0 0 0 0 0 0 0 0 0 0 0 0 0 0 0 0 0 0 0 0 0 0 0 0 0 0 0 0 0 0 0 0 0 0 0 0 0 0 0 0 0 0 0 0 0 0 0 0 0 0 0 0 0 0 0 0 0 0 0 0 0 0 0 0 0 0 0 0 0 0 0 0 0 0 0 0 0 0 0 0 0 0 0 0 0 0 0 0 0 0 0 0 0 0 0 0 0 0 0 0 0 255 0 0 0 129 83 1 0 1 0 0 0 0 0 0 0 0 0 0 0 2 0 0 0 0 0 8 0 2 0 0 0 232 0 0 0 254 255 255 255 4 1 1 0 0 0 0 0 data 29 0x10104 0x0 0x2d01b176980 0x18b1 0x0 0x0 0x40007 0x11bf 0xb8 0x18b1 0xc0004 0x0 0x2d01b176980 0x717 0x0 0x0 0xf0005 0x73 0x2d01b176980 0x183e 0x0 0x0 0x120007 0x10b3 0x38 0x7fe 0x160003 0x7fe 0x18 oops 3 2 java/lang/Boolean 12 java/lang/Boolean 18 java/lang/Boolean
ciMethod org/apache/maven/model/building/ModelBuildingRequest setModelSource (Lorg/apache/maven/model/building/ModelSource;)Lorg/apache/maven/model/building/ModelBuildingRequest; 0 0 1 0 -1
ciMethod org/apache/maven/model/building/ModelBuildingRequest setPomFile (Ljava/io/File;)Lorg/apache/maven/model/building/ModelBuildingRequest; 0 0 1 0 -1
ciMethod org/apache/maven/model/building/ModelBuildingRequest setValidationLevel (I)Lorg/apache/maven/model/building/ModelBuildingRequest; 0 0 1 0 -1
ciMethod org/apache/maven/model/building/ModelBuildingRequest setProcessPlugins (Z)Lorg/apache/maven/model/building/ModelBuildingRequest; 0 0 1 0 -1
ciMethod org/apache/maven/model/building/ModelBuildingRequest setTwoPhaseBuilding (Z)Lorg/apache/maven/model/building/ModelBuildingRequest; 0 0 1 0 -1
ciMethod org/apache/maven/model/building/ModelBuildingRequest setSystemProperties (Ljava/util/Properties;)Lorg/apache/maven/model/building/ModelBuildingRequest; 0 0 1 0 -1
ciMethod org/apache/maven/model/building/ModelBuildingRequest setUserProperties (Ljava/util/Properties;)Lorg/apache/maven/model/building/ModelBuildingRequest; 0 0 1 0 -1
ciMethod org/apache/maven/model/building/ModelBuildingRequest setModelResolver (Lorg/apache/maven/model/resolution/ModelResolver;)Lorg/apache/maven/model/building/ModelBuildingRequest; 0 0 1 0 -1
ciMethod org/apache/maven/model/building/ModelBuildingRequest setModelCache (Lorg/apache/maven/model/building/ModelCache;)Lorg/apache/maven/model/building/ModelBuildingRequest; 0 0 1 0 -1
ciMethod org/eclipse/aether/version/VersionScheme parseVersionConstraint (Ljava/lang/String;)Lorg/eclipse/aether/version/VersionConstraint; 0 0 1 0 -1
ciMethod org/eclipse/aether/graph/DependencyNode getChildren ()Ljava/util/List; 0 0 1 0 -1
ciMethod org/eclipse/aether/graph/DependencyNode getDependency ()Lorg/eclipse/aether/graph/Dependency; 0 0 1 0 -1
ciMethod org/eclipse/aether/graph/DependencyNode getArtifact ()Lorg/eclipse/aether/artifact/Artifact; 0 0 1 0 -1
ciMethod org/eclipse/aether/RequestTrace newChild (Lorg/eclipse/aether/RequestTrace;Ljava/lang/Object;)Lorg/eclipse/aether/RequestTrace; 2057 1 5661 0 0
ciMethod org/eclipse/aether/RequestTrace <init> (Ljava/lang/Object;)V 73 1 22 0 0
ciMethod org/eclipse/aether/RequestTrace <init> (Lorg/eclipse/aether/RequestTrace;Ljava/lang/Object;)V 2049 1 6247 0 0
ciMethod org/eclipse/aether/RequestTrace newChild (Ljava/lang/Object;)Lorg/eclipse/aether/RequestTrace; 2049 1 6219 0 0
ciMethod org/apache/maven/model/building/ModelBuildingException getProblems ()Ljava/util/List; 0 0 1 0 -1
ciMethod org/apache/maven/model/building/ModelBuildingResult getEffectiveModel ()Lorg/apache/maven/model/Model; 0 0 1 0 -1
ciMethod org/apache/maven/model/building/ModelBuildingResult getProblems ()Ljava/util/List; 0 0 1 0 -1
ciMethod org/eclipse/aether/collection/DependencySelector selectDependency (Lorg/eclipse/aether/graph/Dependency;)Z 0 0 1 0 -1
ciMethod org/eclipse/aether/collection/DependencySelector deriveChildSelector (Lorg/eclipse/aether/collection/DependencyCollectionContext;)Lorg/eclipse/aether/collection/DependencySelector; 0 0 1 0 -1
ciMethod org/eclipse/aether/resolution/ArtifactDescriptorException <init> (Lorg/eclipse/aether/resolution/ArtifactDescriptorResult;)V 0 0 1 0 -1
ciMethod org/eclipse/aether/resolution/ArtifactResult getArtifact ()Lorg/eclipse/aether/artifact/Artifact; 1025 1 128 0 -1
ciMethod org/eclipse/aether/resolution/ArtifactResult getRepository ()Lorg/eclipse/aether/repository/ArtifactRepository; 1025 1 128 0 -1
ciMethod org/eclipse/aether/resolution/ArtifactDescriptorResult <init> (Lorg/eclipse/aether/resolution/ArtifactDescriptorRequest;)V 1217 1 2612 0 0
ciMethod org/eclipse/aether/resolution/ArtifactDescriptorResult addException (Ljava/lang/Exception;)Lorg/eclipse/aether/resolution/ArtifactDescriptorResult; 0 0 1 0 -1
ciMethod org/eclipse/aether/resolution/ArtifactDescriptorResult getRelocations ()Ljava/util/List; 1033 1 129 0 0
ciMethod org/eclipse/aether/resolution/ArtifactDescriptorResult setRelocations (Ljava/util/List;)Lorg/eclipse/aether/resolution/ArtifactDescriptorResult; 2065 1 2048 0 0
ciMethod org/eclipse/aether/resolution/ArtifactDescriptorResult addRelocation (Lorg/eclipse/aether/artifact/Artifact;)Lorg/eclipse/aether/resolution/ArtifactDescriptorResult; 0 0 1 0 -1
ciMethod org/eclipse/aether/resolution/ArtifactDescriptorResult getAliases ()Ljava/util/Collection; 1033 1 129 0 0
ciMethod org/eclipse/aether/resolution/ArtifactDescriptorResult setAliases (Ljava/util/Collection;)Lorg/eclipse/aether/resolution/ArtifactDescriptorResult; 2065 1 2048 0 0
ciMethod org/eclipse/aether/resolution/ArtifactDescriptorResult getArtifact ()Lorg/eclipse/aether/artifact/Artifact; 1025 1 128 0 0
ciMethod org/eclipse/aether/resolution/ArtifactDescriptorResult setArtifact (Lorg/eclipse/aether/artifact/Artifact;)Lorg/eclipse/aether/resolution/ArtifactDescriptorResult; 2073 1 2053 0 0
ciMethod org/eclipse/aether/resolution/ArtifactDescriptorResult setRepository (Lorg/eclipse/aether/repository/ArtifactRepository;)Lorg/eclipse/aether/resolution/ArtifactDescriptorResult; 2049 1 555 0 -1
ciMethod org/eclipse/aether/resolution/ArtifactDescriptorResult getDependencies ()Ljava/util/List; 1041 1 130 0 0
ciMethod org/eclipse/aether/resolution/ArtifactDescriptorResult setDependencies (Ljava/util/List;)Lorg/eclipse/aether/resolution/ArtifactDescriptorResult; 2065 1 2048 0 0
ciMethod org/eclipse/aether/resolution/ArtifactDescriptorResult addDependency (Lorg/eclipse/aether/graph/Dependency;)Lorg/eclipse/aether/resolution/ArtifactDescriptorResult; 2049 1 3335 0 -1
ciMethod org/eclipse/aether/resolution/ArtifactDescriptorResult getManagedDependencies ()Ljava/util/List; 1025 1 128 0 0
ciMethod org/eclipse/aether/resolution/ArtifactDescriptorResult setManagedDependencies (Ljava/util/List;)Lorg/eclipse/aether/resolution/ArtifactDescriptorResult; 3073 1 2590 0 0
ciMethod org/eclipse/aether/resolution/ArtifactDescriptorResult addManagedDependency (Lorg/eclipse/aether/graph/Dependency;)Lorg/eclipse/aether/resolution/ArtifactDescriptorResult; 2185 1 5450 0 -1
ciMethod org/eclipse/aether/resolution/ArtifactDescriptorResult getRepositories ()Ljava/util/List; 1025 1 128 0 0
ciMethod org/eclipse/aether/resolution/ArtifactDescriptorResult setRepositories (Ljava/util/List;)Lorg/eclipse/aether/resolution/ArtifactDescriptorResult; 2081 1 2048 0 0
ciMethod org/eclipse/aether/resolution/ArtifactDescriptorResult addRepository (Lorg/eclipse/aether/repository/RemoteRepository;)Lorg/eclipse/aether/resolution/ArtifactDescriptorResult; 1417 1 1030 0 -1
ciMethod org/eclipse/aether/resolution/ArtifactDescriptorResult setProperties (Ljava/util/Map;)Lorg/eclipse/aether/resolution/ArtifactDescriptorResult; 825 1 554 0 -1
ciMethod org/eclipse/aether/graph/Dependency <init> (Lorg/eclipse/aether/artifact/Artifact;Ljava/lang/String;Ljava/util/Set;Ljava/lang/Boolean;)V 2113 1 5427 0 256
ciMethod org/eclipse/aether/graph/Dependency getArtifact ()Lorg/eclipse/aether/artifact/Artifact; 1073 1 134 0 0
ciMethod org/eclipse/aether/graph/Dependency setArtifact (Lorg/eclipse/aether/artifact/Artifact;)Lorg/eclipse/aether/graph/Dependency; 2065 1 5878 0 448
ciMethod org/eclipse/aether/graph/Dependency getScope ()Ljava/lang/String; 1025 1 128 0 -1
ciMethod org/eclipse/aether/graph/Dependency setScope (Ljava/lang/String;)Lorg/eclipse/aether/graph/Dependency; 1169 1 175 0 -1
ciMethod org/eclipse/aether/graph/Dependency isOptional ()Z 2305 1 7247 0 -1
ciMethod org/eclipse/aether/graph/Dependency getExclusions ()Ljava/util/Collection; 1033 1 129 0 -1
ciMethod org/eclipse/aether/graph/Dependency setExclusions (Ljava/util/Collection;)Lorg/eclipse/aether/graph/Dependency; 0 0 1 0 -1
ciMethod org/eclipse/aether/graph/Dependency equals (Ljava/lang/Object;)Z 2329 1 5474 0 0
ciMethod org/eclipse/aether/graph/Dependency hashCode ()I 2105 1 5580 0 2528
ciMethod org/eclipse/aether/repository/RemoteRepository getUrl ()Ljava/lang/String; 1065 1 133 0 -1
ciMethod org/eclipse/aether/repository/RemoteRepository getPolicy (Z)Lorg/eclipse/aether/repository/RepositoryPolicy; 673 1 48962 0 -1
ciMethod org/eclipse/aether/repository/RemoteRepository getMirroredRepositories ()Ljava/util/List; 1137 1 142 0 -1
ciMethod org/eclipse/aether/repository/RemoteRepository isRepositoryManager ()Z 1033 1 129 0 -1
ciMethod org/eclipse/aether/resolution/ArtifactRequest <init> (Lorg/eclipse/aether/artifact/Artifact;Ljava/util/List;Ljava/lang/String;)V 2049 1 851 0 -1
ciMethod org/eclipse/aether/resolution/ArtifactRequest setTrace (Lorg/eclipse/aether/RequestTrace;)Lorg/eclipse/aether/resolution/ArtifactRequest; 2049 1 1012 0 -1
ciMethod org/eclipse/aether/resolution/VersionResult getVersion ()Ljava/lang/String; 1025 1 128 0 -1
ciMethod org/eclipse/aether/repository/RepositoryPolicy isEnabled ()Z 1025 1 128 0 -1
ciMethod org/eclipse/aether/resolution/ArtifactDescriptorRequest <init> ()V 2065 1 2606 0 -1
ciMethod org/eclipse/aether/resolution/ArtifactDescriptorRequest getArtifact ()Lorg/eclipse/aether/artifact/Artifact; 1049 1 131 0 0
ciMethod org/eclipse/aether/resolution/ArtifactDescriptorRequest setArtifact (Lorg/eclipse/aether/artifact/Artifact;)Lorg/eclipse/aether/resolution/ArtifactDescriptorRequest; 2049 1 2611 0 -1
ciMethod org/eclipse/aether/resolution/ArtifactDescriptorRequest getRepositories ()Ljava/util/List; 1025 1 128 0 -1
ciMethod org/eclipse/aether/resolution/ArtifactDescriptorRequest setRepositories (Ljava/util/List;)Lorg/eclipse/aether/resolution/ArtifactDescriptorRequest; 2049 1 2611 0 -1
ciMethod org/eclipse/aether/resolution/ArtifactDescriptorRequest getRequestContext ()Ljava/lang/String; 1025 1 128 0 -1
ciMethod org/eclipse/aether/resolution/ArtifactDescriptorRequest setRequestContext (Ljava/lang/String;)Lorg/eclipse/aether/resolution/ArtifactDescriptorRequest; 2049 1 2611 0 -1
ciMethod org/eclipse/aether/resolution/ArtifactDescriptorRequest getTrace ()Lorg/eclipse/aether/RequestTrace; 1025 1 128 0 -1
ciMethod org/eclipse/aether/resolution/ArtifactDescriptorRequest setTrace (Lorg/eclipse/aether/RequestTrace;)Lorg/eclipse/aether/resolution/ArtifactDescriptorRequest; 3073 1 2611 0 -1
ciMethod org/eclipse/aether/resolution/VersionRangeRequest <init> ()V 3073 1 2161 0 -1
ciMethod org/eclipse/aether/resolution/VersionRangeRequest getArtifact ()Lorg/eclipse/aether/artifact/Artifact; 1033 1 129 0 0
ciMethod org/eclipse/aether/resolution/VersionRangeRequest setArtifact (Lorg/eclipse/aether/artifact/Artifact;)Lorg/eclipse/aether/resolution/VersionRangeRequest; 2065 1 2445 0 -1
ciMethod org/eclipse/aether/resolution/VersionRangeRequest getRepositories ()Ljava/util/List; 1049 1 131 0 0
ciMethod org/eclipse/aether/resolution/VersionRangeRequest setRepositories (Ljava/util/List;)Lorg/eclipse/aether/resolution/VersionRangeRequest; 2065 1 2446 0 -1
ciMethod org/eclipse/aether/resolution/VersionRangeRequest setRequestContext (Ljava/lang/String;)Lorg/eclipse/aether/resolution/VersionRangeRequest; 2065 1 2446 0 -1
ciMethod org/eclipse/aether/resolution/VersionRangeRequest getTrace ()Lorg/eclipse/aether/RequestTrace; 0 0 1 0 -1
ciMethod org/eclipse/aether/resolution/VersionRangeRequest setTrace (Lorg/eclipse/aether/RequestTrace;)Lorg/eclipse/aether/resolution/VersionRangeRequest; 2073 1 2446 0 -1
ciMethod org/eclipse/aether/resolution/VersionRangeResult <init> (Lorg/eclipse/aether/resolution/VersionRangeRequest;)V 2073 1 2732 0 0
ciMethod org/eclipse/aether/resolution/VersionRangeResult addException (Ljava/lang/Exception;)Lorg/eclipse/aether/resolution/VersionRangeResult; 0 0 1 0 0
ciMethod org/eclipse/aether/resolution/VersionRangeResult getVersions ()Ljava/util/List; 1041 1 130 0 0
ciMethod org/eclipse/aether/resolution/VersionRangeResult addVersion (Lorg/eclipse/aether/version/Version;)Lorg/eclipse/aether/resolution/VersionRangeResult; 2081 1 2735 0 0
ciMethod org/eclipse/aether/resolution/VersionRangeResult getRepository (Lorg/eclipse/aether/version/Version;)Lorg/eclipse/aether/repository/ArtifactRepository; 1753 1 2597 0 0
ciMethod org/eclipse/aether/resolution/VersionRangeResult setRepository (Lorg/eclipse/aether/version/Version;Lorg/eclipse/aether/repository/ArtifactRepository;)Lorg/eclipse/aether/resolution/VersionRangeResult; 1401 1 1749 0 0
ciMethod org/eclipse/aether/resolution/VersionRangeResult getVersionConstraint ()Lorg/eclipse/aether/version/VersionConstraint; 1025 1 128 0 0
ciMethod org/eclipse/aether/resolution/VersionRangeResult setVersionConstraint (Lorg/eclipse/aether/version/VersionConstraint;)Lorg/eclipse/aether/resolution/VersionRangeResult; 3073 1 2734 0 0
ciMethod org/eclipse/aether/resolution/VersionRangeResolutionException <init> (Lorg/eclipse/aether/resolution/VersionRangeResult;)V 0 0 1 0 -1
ciMethod org/eclipse/aether/collection/CollectRequest getRequestContext ()Ljava/lang/String; 1041 1 130 0 0
ciMethod org/eclipse/aether/collection/CollectResult getExceptions ()Ljava/util/List; 57 1 7 0 -1
ciMethod org/eclipse/aether/collection/CollectResult addException (Ljava/lang/Exception;)Lorg/eclipse/aether/collection/CollectResult; 0 0 1 0 -1
ciMethod org/eclipse/aether/resolution/VersionRequest <init> (Lorg/eclipse/aether/artifact/Artifact;Ljava/util/List;Ljava/lang/String;)V 2049 1 2122 0 -1
ciMethod org/eclipse/aether/resolution/VersionRequest setTrace (Lorg/eclipse/aether/RequestTrace;)Lorg/eclipse/aether/resolution/VersionRequest; 2049 1 2122 0 -1
ciMethod org/eclipse/aether/collection/VersionFilter filterVersions (Lorg/eclipse/aether/collection/VersionFilter$VersionFilterContext;)V 0 0 1 0 -1
ciMethod org/eclipse/aether/collection/VersionFilter deriveChildFilter (Lorg/eclipse/aether/collection/DependencyCollectionContext;)Lorg/eclipse/aether/collection/VersionFilter; 0 0 1 0 -1
ciMethod org/eclipse/aether/internal/impl/collect/DefaultVersionFilterContext set (Lorg/eclipse/aether/graph/Dependency;Lorg/eclipse/aether/resolution/VersionRangeResult;)V 0 0 1 0 -1
ciMethod org/eclipse/aether/internal/impl/collect/DefaultVersionFilterContext get ()Ljava/util/List; 0 0 1 0 -1
ciMethod org/eclipse/aether/internal/impl/collect/DataPool intern (Lorg/eclipse/aether/artifact/Artifact;)Lorg/eclipse/aether/artifact/Artifact; 1193 1 1900 0 0
ciMethod org/eclipse/aether/internal/impl/collect/DataPool intern (Lorg/eclipse/aether/graph/Dependency;)Lorg/eclipse/aether/graph/Dependency; 1193 1 1900 0 0
ciMethod org/eclipse/aether/internal/impl/collect/DataPool toKey (Lorg/eclipse/aether/resolution/ArtifactDescriptorRequest;)Lorg/eclipse/aether/internal/impl/collect/DataPool$DescriptorKey; 3073 1 2591 0 0
ciMethod org/eclipse/aether/internal/impl/collect/DataPool getDescriptor (Lorg/eclipse/aether/internal/impl/collect/DataPool$DescriptorKey;Lorg/eclipse/aether/resolution/ArtifactDescriptorRequest;)Lorg/eclipse/aether/resolution/ArtifactDescriptorResult; 3073 1 2591 0 0
ciMethod org/eclipse/aether/internal/impl/collect/DataPool putDescriptor (Lorg/eclipse/aether/internal/impl/collect/DataPool$DescriptorKey;Lorg/eclipse/aether/resolution/ArtifactDescriptorResult;)V 1297 1 542 0 0
ciMethod org/eclipse/aether/internal/impl/collect/DataPool putDescriptor (Lorg/eclipse/aether/internal/impl/collect/DataPool$DescriptorKey;Lorg/eclipse/aether/resolution/ArtifactDescriptorException;)V 0 0 1 0 0
ciMethod org/eclipse/aether/internal/impl/collect/DataPool intern (Ljava/util/List;)Ljava/util/List; 2049 1 543 0 0
ciMethod org/eclipse/aether/internal/impl/collect/DataPool toKey (Lorg/eclipse/aether/resolution/VersionRangeRequest;)Ljava/lang/Object; 3073 1 2167 0 0
ciMethod org/eclipse/aether/internal/impl/collect/DataPool getConstraint (Ljava/lang/Object;Lorg/eclipse/aether/resolution/VersionRangeRequest;)Lorg/eclipse/aether/resolution/VersionRangeResult; 3073 1 2167 0 0
ciMethod org/eclipse/aether/internal/impl/collect/DataPool putConstraint (Ljava/lang/Object;Lorg/eclipse/aether/resolution/VersionRangeResult;)V 1657 1 703 0 0
ciMethod org/eclipse/aether/internal/impl/collect/DataPool toKey (Lorg/eclipse/aether/artifact/Artifact;Ljava/util/List;Lorg/eclipse/aether/collection/DependencySelector;Lorg/eclipse/aether/collection/DependencyManager;Lorg/eclipse/aether/collection/DependencyTraverser;Lorg/eclipse/aether/collection/VersionFilter;)Ljava/lang/Object; 2153 1 2290 0 -1
ciMethod org/eclipse/aether/internal/impl/collect/DataPool getChildren (Ljava/lang/Object;)Ljava/util/List; 2193 1 2290 0 -1
ciMethod org/eclipse/aether/internal/impl/collect/DataPool putChildren (Ljava/lang/Object;Ljava/util/List;)V 1129 1 1447 0 -1
ciMethod org/eclipse/aether/internal/impl/collect/DefaultDependencyCollectionContext set (Lorg/eclipse/aether/graph/Dependency;Ljava/util/List;)V 2129 1 2290 0 -1
ciMethod org/eclipse/aether/internal/impl/collect/DependencyCollectorDelegate$Results addException (Lorg/eclipse/aether/graph/Dependency;Ljava/lang/Exception;Ljava/util/List;)V 0 0 1 0 0
ciMethod org/eclipse/aether/internal/impl/collect/DependencyCollectorDelegate$Results addCycle (Ljava/util/List;ILorg/eclipse/aether/graph/Dependency;)V 0 0 1 0 -1
ciMethod org/eclipse/aether/internal/impl/collect/PremanagedDependency <init> (Ljava/lang/String;Ljava/lang/String;Ljava/lang/Boolean;Ljava/util/Collection;Ljava/util/Map;ILorg/eclipse/aether/graph/Dependency;Z)V 3073 1 1985 0 -1
ciMethod org/eclipse/aether/internal/impl/collect/PremanagedDependency create (Lorg/eclipse/aether/collection/DependencyManager;Lorg/eclipse/aether/graph/Dependency;ZZ)Lorg/eclipse/aether/internal/impl/collect/PremanagedDependency; 1201 1 1880 0 0
ciMethod org/eclipse/aether/internal/impl/collect/PremanagedDependency getManagedDependency ()Lorg/eclipse/aether/graph/Dependency; 1049 1 131 0 0
ciMethod org/eclipse/aether/internal/impl/collect/PremanagedDependency applyTo (Lorg/eclipse/aether/graph/DefaultDependencyNode;)V 3081 1 2631 0 -1
ciMethod org/eclipse/aether/version/Version toString ()Ljava/lang/String; 0 0 1 0 -1
ciMethod org/eclipse/aether/graph/DefaultDependencyNode <init> (Lorg/eclipse/aether/graph/Dependency;)V 2089 1 2636 0 -1
ciMethod org/eclipse/aether/graph/DefaultDependencyNode getChildren ()Ljava/util/List; 1033 1 129 0 -1
ciMethod org/eclipse/aether/graph/DefaultDependencyNode setChildren (Ljava/util/List;)V 1065 1 843 0 -1
ciMethod org/eclipse/aether/graph/DefaultDependencyNode setRelocations (Ljava/util/List;)V 2089 1 2636 0 -1
ciMethod org/eclipse/aether/graph/DefaultDependencyNode setAliases (Ljava/util/Collection;)V 2089 1 2636 0 -1
ciMethod org/eclipse/aether/graph/DefaultDependencyNode setVersionConstraint (Lorg/eclipse/aether/version/VersionConstraint;)V 2089 1 2636 0 -1
ciMethod org/eclipse/aether/graph/DefaultDependencyNode setVersion (Lorg/eclipse/aether/version/Version;)V 2089 1 2636 0 -1
ciMethod org/eclipse/aether/graph/DefaultDependencyNode setManagedBits (I)V 3081 1 3062 0 -1
ciMethod org/eclipse/aether/graph/DefaultDependencyNode setRepositories (Ljava/util/List;)V 3089 1 2639 0 -1
ciMethod org/eclipse/aether/graph/DefaultDependencyNode setRequestContext (Ljava/lang/String;)V 3089 1 2668 0 -1
ciMethod org/eclipse/aether/graph/DefaultDependencyNode setData (Ljava/lang/Object;Ljava/lang/Object;)V 0 0 1 0 -1
ciMethod org/eclipse/aether/collection/DependencyManager manageDependency (Lorg/eclipse/aether/graph/Dependency;)Lorg/eclipse/aether/collection/DependencyManagement; 0 0 1 0 -1
ciMethod org/eclipse/aether/collection/DependencyManager deriveChildManager (Lorg/eclipse/aether/collection/DependencyCollectionContext;)Lorg/eclipse/aether/collection/DependencyManager; 0 0 1 0 -1
ciMethod org/eclipse/aether/collection/DependencyTraverser traverseDependency (Lorg/eclipse/aether/graph/Dependency;)Z 0 0 1 0 -1
ciMethod org/eclipse/aether/collection/DependencyTraverser deriveChildTraverser (Lorg/eclipse/aether/collection/DependencyCollectionContext;)Lorg/eclipse/aether/collection/DependencyTraverser; 0 0 1 0 -1
ciMethod org/apache/maven/repository/internal/ArtifactDescriptorReaderDelegate populateResult (Lorg/eclipse/aether/RepositorySystemSession;Lorg/eclipse/aether/resolution/ArtifactDescriptorResult;Lorg/apache/maven/model/Model;)V 825 16457 554 0 0
ciMethod org/apache/maven/repository/internal/ArtifactDescriptorReaderDelegate convert (Lorg/apache/maven/model/Dependency;Lorg/eclipse/aether/artifact/ArtifactTypeRegistry;)Lorg/eclipse/aether/graph/Dependency; 3345 73 6700 0 -1
ciMethod org/apache/maven/repository/internal/ArtifactDescriptorReaderDelegate setArtifactProperties (Lorg/eclipse/aether/resolution/ArtifactDescriptorResult;Lorg/apache/maven/model/Model;)V 825 1 554 0 -1
ciMethodData java/util/IdentityHashMap hash (Ljava/lang/Object;I)I 2 17992 orig 264 120 87 82 89 249 127 0 0 72 105 212 23 208 2 0 0 96 1 0 0 0 0 0 0 0 0 0 0 0 0 0 0 0 0 0 0 0 0 0 0 0 0 0 0 0 0 0 0 0 0 0 0 0 0 0 0 0 0 0 0 0 0 0 0 0 0 0 0 0 0 0 0 0 0 0 0 0 0 0 0 77 68 79 32 101 120 116 114 97 32 100 97 116 97 32 108 111 99 107 0 0 0 0 0 0 0 0 0 0 0 0 0 0 0 0 0 0 0 0 0 0 0 0 0 0 0 0 0 0 0 0 0 0 0 0 0 0 0 0 0 0 0 0 0 0 0 0 0 0 0 0 0 0 0 0 0 0 0 0 0 0 0 0 0 0 0 0 0 0 0 0 0 0 0 0 0 0 0 0 0 0 0 0 0 0 0 0 0 0 0 0 0 0 0 0 0 0 0 0 0 0 0 0 0 0 0 0 0 0 0 0 0 0 0 0 0 3 1 0 0 41 42 2 0 1 0 0 0 0 0 0 0 0 0 0 0 2 0 0 0 0 0 3 0 1 0 0 0 16 0 0 0 254 255 255 255 2 0 1 0 0 0 0 0 data 2 0x10002 0x4 oops 0
ciMethodData java/util/ArrayList isEmpty ()Z 2 21577 orig 264 120 87 82 89 249 127 0 0 144 3 182 23 208 2 0 0 88 1 0 0 0 0 0 0 0 0 0 0 0 0 0 0 0 0 0 0 0 0 0 0 0 0 0 0 0 0 0 0 0 0 0 0 0 0 0 0 0 0 0 0 0 0 0 0 0 0 0 0 0 0 0 0 0 0 0 0 0 0 0 0 77 68 79 32 101 120 116 114 97 32 100 97 116 97 32 108 111 99 107 0 0 0 0 0 0 0 0 0 0 0 0 0 0 0 0 0 0 0 0 0 0 0 0 0 0 0 0 0 0 0 0 0 0 0 0 0 0 0 0 0 0 0 0 0 0 0 0 0 0 0 0 0 0 0 0 0 0 0 0 0 0 0 0 0 0 0 0 0 0 0 0 0 0 0 0 0 0 0 0 0 0 0 0 0 0 0 0 0 0 0 0 0 0 0 0 0 0 0 0 0 0 0 0 0 0 0 0 0 0 0 0 0 0 0 0 0 13 1 0 0 225 153 2 0 1 0 0 0 0 0 0 0 0 0 0 0 2 0 0 0 0 0 6 0 2 0 0 0 56 0 0 0 254 255 255 255 7 0 4 0 0 0 0 0 data 7 0x40007 0x205b 0x38 0x32e1 0x80003 0x32e1 0x18 oops 0
ciMethodData java/util/IdentityHashMap maskNull (Ljava/lang/Object;)Ljava/lang/Object; 2 17059 orig 264 120 87 82 89 249 127 0 0 112 99 212 23 208 2 0 0 88 1 0 0 0 0 0 0 0 0 0 0 0 0 0 0 0 0 0 0 0 0 0 0 0 0 0 0 0 0 0 0 0 0 0 0 0 0 0 0 0 0 0 0 0 0 0 0 0 0 0 0 0 0 0 0 0 0 0 0 0 0 0 0 77 68 79 32 101 120 116 114 97 32 100 97 116 97 32 108 111 99 107 0 0 0 0 0 0 0 0 0 0 0 0 0 0 0 0 0 0 0 0 0 0 0 0 0 0 0 0 0 0 0 0 0 0 0 0 0 0 0 0 0 0 0 0 0 0 0 0 0 0 0 0 0 0 0 0 0 0 0 0 0 0 0 0 0 0 0 0 0 0 0 0 0 0 0 0 0 0 0 0 0 0 0 0 0 0 0 0 0 0 0 0 0 0 0 0 0 0 0 0 0 0 0 0 0 0 0 0 0 0 0 0 0 0 0 0 0 4 1 0 0 249 12 2 0 1 0 0 0 0 0 0 0 0 0 0 0 2 0 0 0 0 0 6 0 2 0 0 0 56 0 0 0 254 255 255 255 7 0 1 0 0 0 0 0 data 7 0x10007 0x419f 0x38 0x0 0x70003 0x0 0x18 oops 0
ciMethodData java/util/IdentityHashMap nextKeyIndex (II)I 2 6953 orig 264 120 87 82 89 249 127 0 0 232 105 212 23 208 2 0 0 96 1 0 0 0 0 0 0 0 0 0 0 0 0 0 0 0 0 0 0 0 0 0 0 0 0 0 0 0 0 0 0 0 0 0 0 0 0 0 0 0 0 0 0 0 0 0 0 0 0 0 0 0 0 0 0 0 0 0 0 0 0 0 0 77 68 79 32 101 120 116 114 97 32 100 97 116 97 32 108 111 99 107 0 0 0 0 0 0 0 0 0 0 0 0 0 0 0 0 0 0 0 0 0 0 0 0 0 0 0 0 0 0 0 0 0 0 0 0 0 0 0 0 0 0 0 0 0 0 0 0 0 0 0 0 0 0 0 0 0 0 0 0 0 0 0 0 0 0 0 0 0 0 0 0 0 0 0 0 0 0 0 0 0 0 0 0 0 0 0 0 0 0 0 0 0 0 0 0 0 0 0 0 0 0 0 0 0 0 0 0 0 0 0 0 0 0 0 0 0 3 1 0 0 49 209 0 0 1 0 0 0 0 0 0 0 0 0 0 0 2 0 0 0 0 0 6 0 2 0 0 0 56 0 0 0 254 255 255 255 7 0 4 0 0 0 0 0 data 7 0x40007 0x57 0x38 0x19cf 0xa0003 0x19cf 0x18 oops 0
ciMethodData java/util/Collections$UnmodifiableMap get (Ljava/lang/Object;)Ljava/lang/Object; 2 5540 orig 264 120 87 82 89 249 127 0 0 120 19 232 23 208 2 0 0 128 1 0 0 0 0 0 0 0 0 0 0 0 0 0 0 0 0 0 0 0 0 0 0 0 0 0 0 0 0 0 0 0 0 0 0 0 0 0 0 0 0 0 0 0 0 0 0 0 0 0 0 0 0 0 0 0 0 0 0 0 0 0 0 77 68 79 32 101 120 116 114 97 32 100 97 116 97 32 108 111 99 107 0 0 0 0 0 0 0 0 0 0 0 0 0 0 0 0 0 0 0 0 0 0 0 0 0 0 0 0 0 0 0 0 0 0 0 0 0 0 0 0 0 0 0 0 0 0 0 0 0 0 0 0 0 0 0 0 0 0 0 0 0 0 0 0 0 0 0 0 0 0 0 0 0 0 0 0 0 0 0 0 0 0 0 0 0 0 0 0 0 0 0 0 0 0 0 0 0 0 0 0 0 0 0 0 0 0 0 0 0 0 0 0 0 0 0 0 0 164 1 0 0 1 160 0 0 1 0 0 0 0 0 0 0 0 0 0 0 2 0 0 0 0 0 3 0 2 0 0 0 48 0 0 0 254 255 255 255 5 0 5 0 0 0 0 0 data 6 0x50005 0x195 0x2d02328a530 0x4aa 0x2d02328a5e0 0xdc1 oops 2 2 java/util/LinkedHashMap 4 java/util/HashMap
ciMethodData java/util/concurrent/ConcurrentHashMap put (Ljava/lang/Object;Ljava/lang/Object;)Ljava/lang/Object; 2 4385 orig 264 120 87 82 89 249 127 0 0 248 232 194 23 208 2 0 0 136 1 0 0 0 0 0 0 0 0 0 0 0 0 0 0 0 0 0 0 0 0 0 0 0 0 0 0 0 0 0 0 0 0 0 0 0 0 0 0 0 0 0 0 0 0 0 0 0 0 0 0 0 0 0 0 0 0 0 0 0 0 0 0 77 68 79 32 101 120 116 114 97 32 100 97 116 97 32 108 111 99 107 0 0 0 0 0 0 0 0 0 0 0 0 0 0 0 0 0 0 0 0 0 0 0 0 0 0 0 0 0 0 0 0 0 0 0 0 0 0 0 0 0 0 0 0 0 0 0 0 0 0 0 0 0 0 0 0 0 0 0 0 0 0 0 0 0 0 0 0 0 0 0 0 0 0 0 0 0 0 0 0 0 0 0 0 0 0 0 0 0 0 0 0 0 0 0 0 0 0 0 0 0 0 0 0 0 0 0 0 0 0 0 0 0 0 0 0 0 0 1 0 0 9 129 0 0 1 0 0 0 0 0 0 0 0 0 0 0 2 0 0 0 0 0 3 0 2 0 0 0 48 0 0 0 254 255 255 255 5 0 4 0 0 0 0 0 data 6 0x40005 0x0 0x2d01ecfe390 0x1021 0x0 0x0 oops 1 2 java/util/concurrent/ConcurrentHashMap
ciMethodData java/util/WeakHashMap get (Ljava/lang/Object;)Ljava/lang/Object; 2 5397 orig 264 120 87 82 89 249 127 0 0 8 74 186 23 208 2 0 0 104 2 0 0 224 0 0 0 0 0 0 0 0 0 0 0 0 0 0 0 0 0 0 0 0 0 0 0 0 0 0 0 0 0 0 0 0 0 0 0 0 0 0 0 0 0 0 0 0 0 0 0 0 0 0 0 0 0 0 0 0 0 0 0 77 68 79 32 101 120 116 114 97 32 100 97 116 97 32 108 111 99 107 0 0 0 0 0 0 0 0 0 0 0 0 0 0 0 0 0 0 0 0 0 0 0 0 0 0 0 0 0 0 0 0 0 0 0 0 0 0 0 0 0 0 0 0 0 0 0 0 0 0 0 0 0 0 0 0 0 0 0 0 0 0 0 0 0 0 0 0 0 0 0 0 0 0 0 0 0 0 0 0 1 0 0 0 0 0 0 0 0 0 0 0 0 0 0 0 0 0 0 0 0 0 0 0 0 0 0 0 0 0 0 0 0 0 0 0 0 1 1 0 0 161 160 0 0 81 83 0 0 20 20 0 0 104 10 0 0 2 0 0 0 1 0 22 0 2 0 0 0 24 1 0 0 254 255 255 255 2 0 1 0 0 0 0 0 data 35 0x10002 0x1414 0x70005 0x1 0x2d01dca5600 0x86 0x2d021ca2df0 0x138d 0xc0002 0x1414 0x150002 0x1414 0x230007 0x185 0xb8 0x1cf9 0x2c0007 0xa69 0x80 0x1290 0x320005 0x0 0x2d021ca4de0 0x1290 0x0 0x0 0x350002 0x1290 0x38e007 0x1 0x20 0x1290 0x480003 0xa6a 0xffffffffffffff60 oops 3 4 java/lang/ClassValue$ClassValueMap 6 java/util/WeakHashMap 22 java/util/WeakHashMap$Entry
ciMethodData java/util/IdentityHashMap put (Ljava/lang/Object;Ljava/lang/Object;)Ljava/lang/Object; 2 5508 orig 264 120 87 82 89 249 127 0 0 96 110 212 23 208 2 0 0 216 2 0 0 0 0 0 0 0 0 0 0 0 0 0 0 0 0 0 0 0 0 0 0 0 0 0 0 0 0 0 0 0 0 0 0 0 0 0 0 0 0 0 0 0 0 0 0 0 0 0 0 0 0 0 0 0 0 0 0 0 0 0 0 77 68 79 32 101 120 116 114 97 32 100 97 116 97 32 108 111 99 107 0 0 0 0 0 0 0 0 0 0 0 0 0 0 0 0 0 0 0 0 0 0 0 0 0 0 0 0 0 0 0 0 0 0 0 0 0 0 0 0 0 0 0 0 0 0 0 0 0 0 0 0 0 0 0 0 0 0 0 0 0 0 0 0 0 0 0 0 0 0 0 0 0 0 0 0 0 0 0 0 0 0 0 0 0 0 0 0 0 0 0 0 0 0 0 0 0 0 0 0 0 0 0 0 0 0 0 0 0 0 0 0 0 0 0 0 0 0 1 0 0 33 164 0 0 185 39 0 0 0 0 0 0 0 0 0 0 2 0 0 0 2 0 22 0 2 0 0 0 128 1 0 0 254 255 255 255 2 0 1 0 0 0 0 0 data 48 0x10002 0x1484 0x130002 0x1488 0x200007 0x138c 0x98 0x5ef 0x260007 0x4f3 0x50 0xfc 0x390004 0x0 0x2d01b176980 0xfc 0x0 0x0 0x410002 0x4f3 0x460003 0x4f3 0xffffffffffffff80 0x5a0007 0x1388 0x68 0x4 0x600002 0x4 0x630007 0x0 0x38 0x4 0x660003 0x4 0xffffffffffffff08 0x780004 0x0 0x2d021f0ed30 0x7e 0x2d021f0ede0 0x7d 0x800004 0x0 0x2d021f0ee90 0xfc 0x2d01b176980 0x9ba oops 5 14 java/lang/Boolean 38 com/google/inject/internal/InternalFactoryToInitializableAdapter 40 com/google/inject/internal/ConstructorInjector 44 com/google/inject/internal/ConstructionContext 46 java/lang/Boolean
ciMethodData java/util/IdentityHashMap resize (I)Z 1 1493 orig 264 120 87 82 89 249 127 0 0 168 111 212 23 208 2 0 0 48 3 0 0 80 0 0 0 0 0 0 0 0 0 0 0 0 0 0 0 0 0 0 0 0 0 0 0 0 0 0 0 0 0 0 0 0 0 0 0 0 0 0 0 0 0 0 0 0 0 0 0 0 0 0 0 0 0 0 0 0 0 0 0 77 68 79 32 101 120 116 114 97 32 100 97 116 97 32 108 111 99 107 0 0 0 0 0 0 0 0 0 0 0 0 0 0 0 0 0 0 0 0 0 0 0 0 0 0 0 0 0 0 0 0 0 0 0 0 0 0 0 0 0 0 0 0 0 0 0 0 0 0 0 0 0 0 0 0 0 0 0 0 0 0 0 0 0 0 0 0 0 0 0 0 0 0 0 0 0 0 0 0 0 0 0 0 0 0 0 0 0 0 0 0 0 0 0 0 0 0 0 0 0 0 0 0 0 0 0 0 0 0 0 0 0 0 0 0 0 41 2 0 0 81 0 0 0 97 29 0 0 0 0 0 0 0 0 0 0 2 0 0 0 0 0 0 0 0 0 0 0 224 1 0 0 254 255 255 255 7 0 17 0 0 0 0 0 data 60 0x110007 0xa 0x50 0x0 0x1a0007 0x0 0x30 0x0 0x230002 0x0 0x2c0007 0xa 0x20 0x0 0x3e0007 0xa 0x170 0x330 0x490007 0x115 0x138 0x21b 0x580104 0x0 0x0 0x0 0x0 0x0 0x5f0104 0x0 0x0 0x0 0x0 0x0 0x630002 0x21b 0x6d0007 0x21b 0x48 0x7c 0x730002 0x7c 0x780003 0x7c 0xffffffffffffffd0 0x810004 0x0 0x2d021f0ed30 0xa3 0x2d021f0ede0 0x9b 0x8a0004 0x0 0x2d021f0ee90 0x13e 0x2d01d842500 0xd3 0x8e0003 0x330 0xfffffffffffffea8 oops 4 47 com/google/inject/internal/InternalFactoryToInitializableAdapter 49 com/google/inject/internal/ConstructorInjector 53 com/google/inject/internal/ConstructionContext 55 com/google/inject/internal/Initializer$InjectableReference
ciMethod java/util/Collections$SynchronizedMap get (Ljava/lang/Object;)Ljava/lang/Object; 2057 1 5619 0 0
ciMethod java/util/Collections$SynchronizedMap put (Ljava/lang/Object;Ljava/lang/Object;)Ljava/lang/Object; 2049 1 1270 0 0
ciMethod org/eclipse/aether/util/graph/traverser/FatArtifactTraverser traverseDependency (Lorg/eclipse/aether/graph/Dependency;)Z 1209 1 2008 0 0
ciMethod org/eclipse/aether/util/graph/selector/AndDependencySelector selectDependency (Lorg/eclipse/aether/graph/Dependency;)Z 2065 3233 5404 0 2016
ciMethod java/util/Collections$SingletonList <init> (Ljava/lang/Object;)V 1841 1 2378 0 -1
ciMethod org/apache/maven/model/building/DefaultModelBuildingRequest <init> ()V 1337 1 571 0 -1
ciMethod org/apache/maven/model/building/FileModelSource <init> (Ljava/io/File;)V 1169 1 864 0 -1
ciMethod org/apache/maven/model/License getComments ()Ljava/lang/String; 1025 1 128 0 -1
ciMethod org/apache/maven/model/License getDistribution ()Ljava/lang/String; 1025 1 128 0 -1
ciMethod org/apache/maven/model/License getName ()Ljava/lang/String; 1025 1 128 0 -1
ciMethod org/apache/maven/model/License getUrl ()Ljava/lang/String; 1025 1 128 0 -1
ciMethod org/apache/maven/model/DependencyManagement getDependencies ()Ljava/util/List; 2049 1 2981 0 -1
ciMethod org/apache/maven/repository/internal/ArtifactDescriptorUtils toPomArtifact (Lorg/eclipse/aether/artifact/Artifact;)Lorg/eclipse/aether/artifact/Artifact; 2049 1 555 0 -1
ciMethod org/apache/maven/repository/internal/ArtifactDescriptorUtils toRemoteRepository (Lorg/apache/maven/model/Repository;)Lorg/eclipse/aether/repository/RemoteRepository; 2049 1 2586 0 -1
ciMethod org/apache/maven/model/Prerequisites getMaven ()Ljava/lang/String; 137 1 17 0 -1
ciMethodData java/lang/Boolean parseBoolean (Ljava/lang/String;)Z 2 8715 orig 264 120 87 82 89 249 127 0 0 192 106 178 23 208 2 0 0 208 1 0 0 0 0 0 0 0 0 0 0 0 0 0 0 0 0 0 0 0 0 0 0 0 0 0 0 0 0 0 0 0 0 0 0 0 0 0 0 0 0 0 0 0 0 0 0 0 0 0 0 0 0 0 0 0 0 0 0 0 0 0 0 77 68 79 32 101 120 116 114 97 32 100 97 116 97 32 108 111 99 107 0 0 0 0 0 0 0 0 0 0 0 0 0 0 0 0 0 0 0 0 0 0 0 0 0 0 0 0 0 0 0 0 0 0 0 0 0 0 0 0 0 0 0 0 0 0 0 0 0 0 0 0 0 0 0 0 0 0 0 0 0 0 0 0 0 0 0 0 0 0 0 0 0 0 0 0 0 0 0 0 0 0 0 0 0 0 0 0 0 0 0 0 0 0 0 0 0 0 0 0 0 0 0 0 0 0 0 0 0 0 0 0 0 0 0 0 0 102 0 0 0 33 13 1 0 1 0 0 0 0 0 0 0 0 0 0 0 2 0 0 0 0 0 9 0 2 0 0 0 136 0 0 0 254 255 255 255 7 0 1 0 0 0 0 0 data 17 0x10007 0x1 0x88 0x21a3 0x70005 0x7c 0x2d01848b7c0 0x2127 0x0 0x0 0xa0007 0x19c8 0x38 0x7db 0xe0003 0x7db 0x18 oops 1 6 java/lang/String
ciMethodData java/util/Collections emptyList ()Ljava/util/List; 2 62204 orig 264 120 87 82 89 249 127 0 0 112 116 182 23 208 2 0 0 24 1 0 0 0 0 0 0 0 0 0 0 0 0 0 0 0 0 0 0 0 0 0 0 0 0 0 0 0 0 0 0 0 0 0 0 0 0 0 0 0 0 0 0 0 0 0 0 0 0 0 0 0 0 0 0 0 0 0 0 0 0 0 0 77 68 79 32 101 120 116 114 97 32 100 97 116 97 32 108 111 99 107 0 0 0 0 0 0 0 0 0 0 0 0 0 0 0 0 0 0 0 0 0 0 0 0 0 0 0 0 0 0 0 0 0 0 0 0 0 0 0 0 0 0 0 0 0 0 0 0 0 0 0 0 0 0 0 0 0 0 0 0 0 0 0 0 0 0 0 0 0 0 0 0 0 0 0 0 0 0 0 0 0 0 0 0 0 0 0 0 0 0 0 0 0 0 0 0 0 0 0 0 0 0 0 0 0 0 0 0 0 0 0 0 0 0 0 0 0 8 1 0 0 153 143 7 0 1 0 0 0 0 0 0 0 0 0 0 0 2 0 0 0 0 0 3 0 1 0 0 0 0 0 0 0 254 255 255 255 0 0 0 0 0 0 0 0 data 0 oops 0
ciMethod org/eclipse/aether/artifact/DefaultArtifact <init> (Ljava/lang/String;Ljava/lang/String;Ljava/lang/String;Ljava/lang/String;Ljava/lang/String;Ljava/io/File;Ljava/util/Map;)V 633 1 1183 0 0
ciMethod org/eclipse/aether/artifact/DefaultArtifact emptify (Ljava/lang/String;)Ljava/lang/String; 2081 1 42600 0 64
ciMethod org/eclipse/aether/artifact/DefaultArtifact getGroupId ()Ljava/lang/String; 1025 1 128 0 0
ciMethod org/eclipse/aether/artifact/DefaultArtifact getArtifactId ()Ljava/lang/String; 1025 1 128 0 0
ciMethod org/eclipse/aether/artifact/DefaultArtifact getVersion ()Ljava/lang/String; 1033 1 129 0 0
ciMethod org/eclipse/aether/artifact/DefaultArtifact getClassifier ()Ljava/lang/String; 1121 1 140 0 0
ciMethod org/eclipse/aether/artifact/DefaultArtifact getExtension ()Ljava/lang/String; 1025 1 128 0 0
ciMethod org/eclipse/aether/artifact/DefaultArtifact getFile ()Ljava/io/File; 1033 1 129 0 0
ciMethod org/eclipse/aether/artifact/DefaultArtifact getProperties ()Ljava/util/Map; 1393 1 174 0 0
ciMethod org/eclipse/aether/artifact/AbstractArtifact <init> ()V 2049 1 8809 0 0
ciMethod org/eclipse/aether/artifact/AbstractArtifact newInstance (Ljava/lang/String;Ljava/util/Map;Ljava/io/File;)Lorg/eclipse/aether/artifact/Artifact; 633 1 1183 0 0
ciMethod org/eclipse/aether/artifact/AbstractArtifact setVersion (Ljava/lang/String;)Lorg/eclipse/aether/artifact/Artifact; 2065 1 4736 0 0
ciMethod org/eclipse/aether/artifact/AbstractArtifact getProperty (Ljava/lang/String;Ljava/lang/String;)Ljava/lang/String; 2049 1 6914 0 0
ciMethod org/eclipse/aether/artifact/AbstractArtifact equals (Ljava/lang/Object;)Z 2209 1 5715 0 3072
ciMethod org/eclipse/aether/artifact/AbstractArtifact hashCode ()I 2337 1 5806 0 1728
ciMethod org/eclipse/aether/artifact/AbstractArtifact hash (Ljava/lang/Object;)I 2353 1 5806 0 0
ciMethod org/eclipse/aether/util/version/GenericVersionScheme <init> ()V 2049 1 999 0 0
ciMethod org/eclipse/aether/util/version/GenericVersionScheme parseVersion (Ljava/lang/String;)Lorg/eclipse/aether/util/version/GenericVersion; 2049 1 1010 0 -1
ciMethod org/eclipse/aether/util/version/GenericVersionScheme parseVersionRange (Ljava/lang/String;)Lorg/eclipse/aether/util/version/GenericVersionRange; 0 0 1 0 -1
ciMethod org/eclipse/aether/util/version/GenericVersionScheme parseVersionConstraint (Ljava/lang/String;)Lorg/eclipse/aether/util/version/GenericVersionConstraint; 2049 1 999 0 0
ciMethod org/eclipse/aether/util/version/GenericVersionScheme parseVersionConstraint (Ljava/lang/String;)Lorg/eclipse/aether/version/VersionConstraint; 2049 1 999 0 0
ciMethod org/eclipse/aether/version/VersionRange getLowerBound ()Lorg/eclipse/aether/version/VersionRange$Bound; 0 0 1 0 -1
ciMethod org/eclipse/aether/version/VersionRange getUpperBound ()Lorg/eclipse/aether/version/VersionRange$Bound; 0 0 1 0 -1
ciMethod org/eclipse/aether/version/VersionConstraint getRange ()Lorg/eclipse/aether/version/VersionRange; 0 0 1 0 -1
ciMethod org/eclipse/aether/version/VersionConstraint getVersion ()Lorg/eclipse/aether/version/Version; 0 0 1 0 -1
ciMethod org/eclipse/aether/util/version/GenericVersionConstraint <init> (Lorg/eclipse/aether/version/Version;)V 2049 1 999 0 -1
ciMethod org/eclipse/aether/util/version/GenericVersion toString ()Ljava/lang/String; 1025 1 128 0 0
ciMethod org/apache/maven/repository/internal/DefaultModelResolver <init> (Lorg/eclipse/aether/RepositorySystemSession;Lorg/eclipse/aether/RequestTrace;Ljava/lang/String;Lorg/eclipse/aether/impl/ArtifactResolver;Lorg/eclipse/aether/impl/VersionRangeResolver;Lorg/eclipse/aether/impl/RemoteRepositoryManager;Ljava/util/List;)V 2041 1 553 0 -1
ciMethod org/eclipse/aether/internal/impl/collect/DataPool$InternPool get (Ljava/lang/Object;)Ljava/lang/Object; 0 0 1 0 -1
ciMethod org/eclipse/aether/internal/impl/collect/DataPool$InternPool intern (Ljava/lang/Object;Ljava/lang/Object;)Ljava/lang/Object; 0 0 1 0 -1
ciMethod org/eclipse/aether/internal/impl/collect/DataPool$WeakInternPool intern (Ljava/lang/Object;Ljava/lang/Object;)Ljava/lang/Object; 2081 1 5260 0 0
ciMethod org/eclipse/aether/internal/impl/collect/DataPool$HardInternPool get (Ljava/lang/Object;)Ljava/lang/Object; 3073 1 2591 0 0
ciMethod org/eclipse/aether/internal/impl/collect/df/NodeStack top ()Lorg/eclipse/aether/graph/DependencyNode; 1193 1 1893 0 0
ciMethod org/eclipse/aether/internal/impl/collect/df/NodeStack push (Lorg/eclipse/aether/graph/DependencyNode;)V 1153 1 1455 0 -1
ciMethod org/eclipse/aether/internal/impl/collect/df/NodeStack pop ()V 1129 1 1445 0 -1
ciMethod org/eclipse/aether/internal/impl/collect/df/NodeStack get (I)Lorg/eclipse/aether/graph/DependencyNode; 0 0 1 0 -1
ciMethod org/eclipse/aether/internal/impl/collect/CollectStepDataImpl <init> (Ljava/lang/String;Ljava/util/List;Lorg/eclipse/aether/graph/Dependency;)V 1201 1 1942 0 0
ciMethod org/eclipse/aether/internal/impl/collect/DataPool$ConstraintKey <init> (Lorg/eclipse/aether/resolution/VersionRangeRequest;)V 3073 1 2172 0 0
ciMethod org/eclipse/aether/internal/impl/collect/DataPool$ConstraintKey equals (Ljava/lang/Object;)Z 2137 1 2067 0 0
ciMethod org/eclipse/aether/internal/impl/collect/DataPool$ConstraintKey equals (Ljava/util/List;Ljava/util/List;)Z 2081 4409 2069 0 0
ciMethod org/eclipse/aether/internal/impl/collect/DataPool$ConstraintKey hashCode ()I 1033 1 129 0 0
ciMethod org/eclipse/aether/internal/impl/collect/DataPool$Constraint <init> (Lorg/eclipse/aether/resolution/VersionRangeResult;)V 1657 1657 704 0 0
ciMethod org/eclipse/aether/internal/impl/collect/DataPool$Constraint toResult (Lorg/eclipse/aether/resolution/VersionRangeRequest;)Lorg/eclipse/aether/resolution/VersionRangeResult; 1569 1569 1636 0 0
ciMethod org/eclipse/aether/internal/impl/collect/DataPool$Constraint$VersionRepo <init> (Lorg/eclipse/aether/version/Version;Lorg/eclipse/aether/repository/ArtifactRepository;)V 2097 1 704 0 0
ciMethod org/eclipse/aether/internal/impl/collect/DataPool$DescriptorKey <init> (Lorg/eclipse/aether/artifact/Artifact;)V 3073 1 2591 0 -1
ciMethod org/eclipse/aether/internal/impl/collect/DataPool$DescriptorKey equals (Ljava/lang/Object;)Z 2065 1 2048 0 0
ciMethod org/eclipse/aether/internal/impl/collect/DataPool$DescriptorKey hashCode ()I 1025 1 128 0 0
ciMethod org/eclipse/aether/internal/impl/collect/DataPool$DescriptorKey <init> (Lorg/eclipse/aether/artifact/Artifact;Lorg/eclipse/aether/internal/impl/collect/DataPool$1;)V 3073 1 2591 0 -1
ciMethod org/eclipse/aether/internal/impl/collect/DataPool$GoodDescriptor <init> (Lorg/eclipse/aether/resolution/ArtifactDescriptorResult;)V 2049 1 543 0 0
ciMethod org/eclipse/aether/internal/impl/collect/DataPool$GoodDescriptor toResult (Lorg/eclipse/aether/resolution/ArtifactDescriptorRequest;)Lorg/eclipse/aether/resolution/ArtifactDescriptorResult; 2065 1 2048 0 0
ciMethod org/eclipse/aether/internal/impl/collect/DataPool$Descriptor <init> ()V 2049 1 543 0 0
ciMethod org/eclipse/aether/internal/impl/collect/DataPool$Descriptor toResult (Lorg/eclipse/aether/resolution/ArtifactDescriptorRequest;)Lorg/eclipse/aether/resolution/ArtifactDescriptorResult; 0 0 1 0 -1
ciMethod org/eclipse/aether/internal/impl/collect/DefaultDependencyCycle find (Ljava/util/List;Lorg/eclipse/aether/artifact/Artifact;)I 1193 3833 1898 0 0
ciMethodData org/eclipse/aether/artifact/DefaultArtifact emptify (Ljava/lang/String;)Ljava/lang/String; 2 42605 orig 264 120 87 82 89 249 127 0 0 72 176 119 30 208 2 0 0 88 1 0 0 0 0 0 0 0 0 0 0 0 0 0 0 0 0 0 0 0 0 0 0 0 0 0 0 0 0 0 0 0 0 0 0 0 0 0 0 0 0 0 0 0 0 0 0 0 0 0 0 0 0 0 0 0 0 0 0 0 0 0 0 77 68 79 32 101 120 116 114 97 32 100 97 116 97 32 108 111 99 107 0 0 0 0 0 0 0 0 0 0 0 0 0 0 0 0 0 0 0 0 0 0 0 0 0 0 0 0 0 0 0 0 0 0 0 0 0 0 0 0 0 0 0 0 0 0 0 0 0 0 0 0 0 0 0 0 0 0 0 0 0 0 0 0 0 0 0 0 0 0 0 0 0 0 0 0 0 0 0 0 0 0 0 0 0 0 0 0 0 0 0 0 0 0 0 0 0 0 0 0 0 0 0 0 0 0 0 0 0 0 0 0 0 0 0 0 0 4 1 0 0 73 43 5 0 1 0 0 0 0 0 0 0 0 0 0 0 2 0 0 0 0 0 6 0 2 0 0 0 56 0 0 0 254 255 255 255 7 0 1 0 0 0 0 0 data 7 0x10007 0xa569 0x38 0x0 0x60003 0x0 0x18 oops 0
ciMethod org/eclipse/aether/collection/DependencyManagement getVersion ()Ljava/lang/String; 449 1 56 0 -1
ciMethod org/eclipse/aether/collection/DependencyManagement getScope ()Ljava/lang/String; 289 1 36 0 -1
ciMethod org/eclipse/aether/collection/DependencyManagement getOptional ()Ljava/lang/Boolean; 225 1 28 0 -1
ciMethod org/eclipse/aether/collection/DependencyManagement getExclusions ()Ljava/util/Collection; 225 1 28 0 -1
ciMethod org/eclipse/aether/collection/DependencyManagement getProperties ()Ljava/util/Map; 225 1 28 0 -1
ciMethodData java/util/Objects equals (Ljava/lang/Object;Ljava/lang/Object;)Z 2 64163 orig 264 120 87 82 89 249 127 0 0 88 194 184 23 208 2 0 0 248 1 0 0 112 0 0 0 0 0 0 0 0 0 0 0 0 0 0 0 0 0 0 0 0 0 0 0 0 0 0 0 0 0 0 0 0 0 0 0 0 0 0 0 0 0 0 0 0 0 0 0 0 0 0 0 0 0 0 0 0 0 0 0 77 68 79 32 101 120 116 114 97 32 100 97 116 97 32 108 111 99 107 0 0 0 0 0 0 0 0 0 0 0 0 0 0 0 0 0 0 0 0 0 0 0 0 0 0 0 0 0 0 0 0 0 0 0 0 0 0 0 0 0 0 0 0 0 0 0 0 0 0 0 0 0 0 0 0 0 0 0 0 0 0 0 0 0 0 0 0 0 0 0 0 0 0 0 0 0 0 0 0 0 0 0 0 0 17 0 0 0 0 0 0 0 0 0 0 0 0 0 0 0 0 0 0 0 0 0 0 0 0 0 0 0 0 0 0 0 0 2 0 0 25 197 7 0 1 0 0 0 0 0 0 0 0 0 0 0 2 0 0 0 0 0 12 0 2 0 0 0 168 0 0 0 254 255 255 255 7 0 2 0 0 0 0 0 data 21 0x20007 0xb03c 0x90 0x4867 0x60007 0x546 0x88 0x4321 0xb0005 0xc8f 0x2d022018d80 0x1a0b 0x2d01848b7c0 0x1b7a 0xe0007 0x42 0x38 0x42df 0x120003 0xf31b 0x18 oops 2 10 org/eclipse/aether/artifact/DefaultArtifact 12 java/lang/String
ciMethodData org/eclipse/aether/artifact/AbstractArtifact <init> ()V 2 8810 orig 264 120 87 82 89 249 127 0 0 144 190 119 30 208 2 0 0 48 1 0 0 0 0 0 0 0 0 0 0 0 0 0 0 0 0 0 0 0 0 0 0 0 0 0 0 0 0 0 0 0 0 0 0 0 0 0 0 0 0 0 0 0 0 0 0 0 0 0 0 0 0 0 0 0 0 0 0 0 0 0 0 77 68 79 32 101 120 116 114 97 32 100 97 116 97 32 108 111 99 107 0 0 0 0 0 0 0 0 0 0 0 0 0 0 0 0 0 0 0 0 0 0 0 0 0 0 0 0 0 0 0 0 0 0 0 0 0 0 0 0 0 0 0 0 0 0 0 0 0 0 0 0 0 0 0 0 0 0 0 0 0 0 0 0 0 0 0 0 0 0 0 0 0 0 0 0 0 0 0 0 0 0 0 0 0 0 0 0 0 0 0 0 0 0 0 0 0 0 0 0 0 0 0 0 0 0 0 0 0 0 0 0 0 0 0 0 0 0 1 0 0 81 11 1 0 1 0 0 0 0 0 0 0 0 0 0 0 2 0 0 0 0 0 3 0 2 0 0 0 16 0 0 0 254 255 255 255 2 0 1 0 0 0 0 0 data 2 0x10002 0x216a oops 0
ciMethodData org/eclipse/aether/artifact/AbstractArtifact hashCode ()I 2 5806 orig 264 120 87 82 89 249 127 0 0 72 203 119 30 208 2 0 0 104 3 0 0 0 0 0 0 0 0 0 0 0 0 0 0 0 0 0 0 0 0 0 0 0 0 0 0 0 0 0 0 0 0 0 0 0 0 0 0 0 0 0 0 0 0 0 0 0 0 0 0 0 0 0 0 0 0 0 0 0 0 0 0 77 68 79 32 101 120 116 114 97 32 100 97 116 97 32 108 111 99 107 0 0 0 0 0 0 0 0 0 0 0 0 0 0 0 0 0 0 0 0 0 0 0 0 0 0 0 0 0 0 0 0 0 0 0 0 0 0 0 0 0 0 0 0 0 0 0 0 0 0 0 0 0 0 0 0 0 0 0 0 0 0 0 0 0 0 0 0 0 0 0 0 0 0 0 0 0 0 0 0 0 0 0 0 0 0 0 0 0 0 0 0 0 0 0 0 0 0 0 0 0 0 0 0 0 0 0 0 0 0 0 0 0 0 0 0 0 36 1 0 0 81 172 0 0 1 0 0 0 0 0 0 0 0 0 0 0 2 0 0 0 0 0 7 0 2 0 0 0 32 2 0 0 254 255 255 255 5 0 8 0 0 0 0 0 data 68 0x80005 0x0 0x2d022018d80 0x158a 0x0 0x0 0xb0005 0x3 0x2d01848b7c0 0x1587 0x0 0x0 0x150005 0x0 0x2d022018d80 0x158a 0x0 0x0 0x180005 0x3 0x2d01848b7c0 0x1587 0x0 0x0 0x220005 0x0 0x2d022018d80 0x158a 0x0 0x0 0x250005 0x3 0x2d01848b7c0 0x1587 0x0 0x0 0x2f0005 0x0 0x2d022018d80 0x158a 0x0 0x0 0x320005 0x3 0x2d01848b7c0 0x1587 0x0 0x0 0x3c0005 0x0 0x2d022018d80 0x158a 0x0 0x0 0x3f0005 0x3 0x2d01848b7c0 0x1587 0x0 0x0 0x490005 0x0 0x2d022018d80 0x158a 0x0 0x0 0x4c0002 0x158a oops 11 2 org/eclipse/aether/artifact/DefaultArtifact 8 java/lang/String 14 org/eclipse/aether/artifact/DefaultArtifact 20 java/lang/String 26 org/eclipse/aether/artifact/DefaultArtifact 32 java/lang/String 38 org/eclipse/aether/artifact/DefaultArtifact 44 java/lang/String 50 org/eclipse/aether/artifact/DefaultArtifact 56 java/lang/String 62 org/eclipse/aether/artifact/DefaultArtifact
ciMethodData org/eclipse/aether/artifact/AbstractArtifact hash (Ljava/lang/Object;)I 2 5806 orig 264 120 87 82 89 249 127 0 0 240 203 119 30 208 2 0 0 176 1 0 0 0 0 0 0 0 0 0 0 0 0 0 0 0 0 0 0 0 0 0 0 0 0 0 0 0 0 0 0 0 0 0 0 0 0 0 0 0 0 0 0 0 0 0 0 0 0 0 0 0 0 0 0 0 0 0 0 0 0 0 0 77 68 79 32 101 120 116 114 97 32 100 97 116 97 32 108 111 99 107 0 0 0 0 0 0 0 0 0 0 0 0 0 0 0 0 0 0 0 0 0 0 0 0 0 0 0 0 0 0 0 0 0 0 0 0 0 0 0 0 0 0 0 0 0 0 0 0 0 0 0 0 0 0 0 0 0 0 0 0 0 0 0 0 0 0 0 0 0 0 0 0 0 0 0 0 0 0 0 0 0 0 0 0 0 0 0 0 0 0 0 0 0 0 0 0 0 0 0 0 0 0 0 0 0 0 0 0 0 0 0 0 0 0 0 0 0 38 1 0 0 65 172 0 0 1 0 0 0 0 0 0 0 0 0 0 0 2 0 0 0 0 0 6 0 2 0 0 0 104 0 0 0 254 255 255 255 7 0 1 0 0 0 0 0 data 13 0x10007 0x1588 0x68 0x0 0x50005 0x0 0x0 0x0 0x0 0x0 0x80003 0x0 0x18 oops 0
ciMethodData org/eclipse/aether/graph/Dependency <init> (Lorg/eclipse/aether/artifact/Artifact;Ljava/lang/String;Ljava/util/Set;Ljava/lang/Boolean;)V 2 5427 orig 264 120 87 82 89 249 127 0 0 56 15 53 30 208 2 0 0 240 1 0 0 0 0 0 0 0 0 0 0 0 0 0 0 0 0 0 0 0 0 0 0 0 0 0 0 0 0 0 0 0 0 0 0 0 0 0 0 0 0 0 0 0 0 0 0 0 0 0 0 0 0 0 0 0 0 0 0 0 0 0 0 77 68 79 32 101 120 116 114 97 32 100 97 116 97 32 108 111 99 107 0 0 0 0 0 0 0 0 0 0 0 0 0 0 0 0 0 0 0 0 0 0 0 0 0 0 0 0 0 0 0 0 0 0 0 0 0 0 0 0 0 0 0 0 0 0 0 0 0 0 0 0 0 0 0 0 0 0 0 0 0 0 0 0 0 0 0 0 0 0 0 0 0 0 0 0 0 0 0 0 0 0 0 0 0 0 0 0 0 0 0 0 0 0 0 0 0 0 0 0 0 0 0 0 0 0 0 0 0 0 0 0 0 0 0 0 0 8 1 0 0 89 161 0 0 1 0 0 0 0 0 0 0 0 0 0 0 2 0 0 0 0 0 9 0 2 0 0 0 136 0 0 0 254 255 255 255 2 0 1 0 0 0 0 0 data 17 0x10002 0x142b 0x80002 0x142b 0xb0004 0x0 0x0 0x0 0x0 0x0 0x130007 0xc7f 0x38 0x7ac 0x170003 0x7ac 0x18 oops 0
ciMethodData org/eclipse/aether/graph/Dependency hashCode ()I 2 5580 orig 264 120 87 82 89 249 127 0 0 160 26 53 30 208 2 0 0 64 2 0 0 176 0 0 0 0 0 0 0 0 0 0 0 0 0 0 0 0 0 0 0 0 0 0 0 0 0 0 0 0 0 0 0 0 0 0 0 0 0 0 0 0 0 0 0 0 0 0 0 0 0 0 0 0 0 0 0 0 0 0 0 77 68 79 32 101 120 116 114 97 32 100 97 116 97 32 108 111 99 107 0 0 0 0 0 0 0 0 0 0 0 0 0 0 0 0 0 0 0 0 0 0 0 0 0 0 0 0 0 0 0 0 0 0 0 0 0 0 0 0 0 0 0 0 0 0 0 0 0 0 0 0 0 0 0 0 0 0 0 0 0 0 0 0 0 0 0 0 0 0 0 0 0 0 0 0 0 0 0 0 0 0 0 0 0 0 0 0 0 0 0 0 0 0 0 0 0 0 0 0 0 0 0 0 0 0 0 0 0 0 0 0 0 0 0 0 0 7 1 0 0 41 166 0 0 1 0 0 0 0 0 0 0 0 0 0 0 2 0 0 0 0 0 11 0 2 0 0 0 248 0 0 0 254 255 255 255 5 0 11 0 0 0 0 0 data 31 0xb0005 0x0 0x2d022018d80 0x14c5 0x0 0x0 0x1a0005 0x0 0x2d01848b7c0 0x14c5 0x0 0x0 0x270007 0x13ac 0x68 0x119 0x2e0005 0x0 0x2d01b176980 0x119 0x0 0x0 0x310003 0x119 0x18 0x3f0005 0x0 0x2d01d8411d0 0x126c 0x2d01d841280 0x259 oops 5 2 org/eclipse/aether/artifact/DefaultArtifact 8 java/lang/String 18 java/lang/Boolean 27 java/util/Collections$EmptySet 29 org/eclipse/aether/graph/Dependency$Exclusions
ciMethodData org/eclipse/aether/artifact/AbstractArtifact equals (Ljava/lang/Object;)Z 2 5715 orig 264 120 87 82 89 249 127 0 0 40 202 119 30 208 2 0 0 248 5 0 0 80 0 0 0 0 0 0 0 0 0 0 0 0 0 0 0 0 0 0 0 0 0 0 0 0 0 0 0 0 0 0 0 0 0 0 0 0 0 0 0 0 0 0 0 0 0 0 0 0 0 0 0 0 0 0 0 0 0 0 0 77 68 79 32 101 120 116 114 97 32 100 97 116 97 32 108 111 99 107 0 0 0 0 0 0 0 0 0 0 0 0 0 0 0 0 0 0 0 0 0 0 0 0 0 0 0 0 0 0 0 0 0 0 0 0 0 0 0 0 0 0 0 0 0 0 0 0 0 0 0 0 0 0 0 0 0 0 0 0 0 0 0 0 0 0 0 0 0 0 0 0 0 0 0 0 0 0 0 0 0 0 0 0 0 17 0 0 0 0 0 0 0 0 0 0 0 0 0 0 0 0 0 0 0 0 0 0 0 0 0 0 0 0 0 0 0 20 1 0 0 249 169 0 0 1 0 0 0 0 0 0 0 0 0 0 0 2 0 0 0 0 0 102 0 2 0 0 0 168 4 0 0 254 255 255 255 7 0 2 0 0 0 0 0 data 149 0x20007 0x1165 0x20 0x3da 0x80004 0x0 0x2d022018d80 0x1165 0x0 0x0 0xb0007 0x1165 0x20 0x0 0x110004 0x0 0x2d022018d80 0x1165 0x0 0x0 0x160005 0x0 0x2d022018d80 0x1165 0x0 0x0 0x1a0005 0x0 0x2d022018d80 0x1165 0x0 0x0 0x1f0002 0x1165 0x220007 0x0 0x398 0x1165 0x260005 0x0 0x2d022018d80 0x1165 0x0 0x0 0x2a0005 0x0 0x2d022018d80 0x1165 0x0 0x0 0x2f0002 0x1165 0x320007 0x0 0x308 0x1165 0x360005 0x0 0x2d022018d80 0x1165 0x0 0x0 0x3a0005 0x0 0x2d022018d80 0x1165 0x0 0x0 0x3f0002 0x1165 0x420007 0x14 0x278 0x1151 0x460005 0x0 0x2d022018d80 0x1151 0x0 0x0 0x4a0005 0x0 0x2d022018d80 0x1151 0x0 0x0 0x4f0002 0x1151 0x520007 0x0 0x1e8 0x1151 0x560005 0x0 0x2d022018d80 0x1151 0x0 0x0 0x5a0005 0x0 0x2d022018d80 0x1151 0x0 0x0 0x5f0002 0x1151 0x620007 0x0 0x158 0x1151 0x660005 0x0 0x2d022018d80 0x1151 0x0 0x0 0x6a0005 0x0 0x2d022018d80 0x1151 0x0 0x0 0x6f0002 0x1151 0x720007 0x9d 0xc8 0x10b4 0x760005 0x0 0x2d022018d80 0x10b4 0x0 0x0 0x7a0005 0x0 0x2d022018d80 0x10b4 0x0 0x0 0x7f0002 0x10b4 0x820007 0x8 0x38 0x10ac 0x860003 0x10ac 0x18 oops 16 6 org/eclipse/aether/artifact/DefaultArtifact 16 org/eclipse/aether/artifact/DefaultArtifact 22 org/eclipse/aether/artifact/DefaultArtifact 28 org/eclipse/aether/artifact/DefaultArtifact 40 org/eclipse/aether/artifact/DefaultArtifact 46 org/eclipse/aether/artifact/DefaultArtifact 58 org/eclipse/aether/artifact/DefaultArtifact 64 org/eclipse/aether/artifact/DefaultArtifact 76 org/eclipse/aether/artifact/DefaultArtifact 82 org/eclipse/aether/artifact/DefaultArtifact 94 org/eclipse/aether/artifact/DefaultArtifact 100 org/eclipse/aether/artifact/DefaultArtifact 112 org/eclipse/aether/artifact/DefaultArtifact 118 org/eclipse/aether/artifact/DefaultArtifact 130 org/eclipse/aether/artifact/DefaultArtifact 136 org/eclipse/aether/artifact/DefaultArtifact
ciMethodData org/eclipse/aether/RequestTrace <init> (Lorg/eclipse/aether/RequestTrace;Ljava/lang/Object;)V 2 6251 orig 264 120 87 82 89 249 127 0 0 112 252 45 30 208 2 0 0 64 1 0 0 0 0 0 0 0 0 0 0 0 0 0 0 0 0 0 0 0 0 0 0 0 0 0 0 0 0 0 0 0 0 0 0 0 0 0 0 0 0 0 0 0 0 0 0 0 0 0 0 0 0 0 0 0 0 0 0 0 0 0 0 77 68 79 32 101 120 116 114 97 32 100 97 116 97 32 108 111 99 107 0 0 0 0 0 0 0 0 0 0 0 0 0 0 0 0 0 0 0 0 0 0 0 0 0 0 0 0 0 0 0 0 0 0 0 0 0 0 0 0 0 0 0 0 0 0 0 0 0 0 0 0 0 0 0 0 0 0 0 0 0 0 0 0 0 0 0 0 0 0 0 0 0 0 0 0 0 0 0 0 0 0 0 0 0 0 0 0 0 0 0 0 0 0 0 0 0 0 0 0 0 0 0 0 0 0 0 0 0 0 0 0 0 0 0 0 0 0 1 0 0 89 187 0 0 1 0 0 0 0 0 0 0 0 0 0 0 2 0 0 0 0 0 3 0 2 0 0 0 16 0 0 0 254 255 255 255 2 0 1 0 0 0 0 0 data 2 0x10002 0x176b oops 0
ciMethodData org/eclipse/aether/RequestTrace newChild (Ljava/lang/Object;)Lorg/eclipse/aether/RequestTrace; 2 6234 orig 264 120 87 82 89 249 127 0 0 104 254 45 30 208 2 0 0 56 1 0 0 0 0 0 0 0 0 0 0 0 0 0 0 0 0 0 0 0 0 0 0 0 0 0 0 0 0 0 0 0 0 0 0 0 0 0 0 0 0 0 0 0 0 0 0 0 0 0 0 0 0 0 0 0 0 0 0 0 0 0 0 77 68 79 32 101 120 116 114 97 32 100 97 116 97 32 108 111 99 107 0 0 0 0 0 0 0 0 0 0 0 0 0 0 0 0 0 0 0 0 0 0 0 0 0 0 0 0 0 0 0 0 0 0 0 0 0 0 0 0 0 0 0 0 0 0 0 0 0 0 0 0 0 0 0 0 0 0 0 0 0 0 0 0 0 0 0 0 0 0 0 0 0 0 0 0 0 0 0 0 0 0 0 0 0 0 0 0 0 0 0 0 0 0 0 0 0 0 0 0 0 0 0 0 0 0 0 0 0 0 0 0 0 0 0 0 0 0 1 0 0 209 186 0 0 1 0 0 0 0 0 0 0 0 0 0 0 2 0 0 0 0 0 3 0 2 0 0 0 16 0 0 0 254 255 255 255 2 0 6 0 0 0 0 0 data 2 0x60002 0x175a oops 0
ciMethodData java/util/Collections singletonList (Ljava/lang/Object;)Ljava/util/List; 2 2378 orig 264 120 87 82 89 249 127 0 0 152 120 182 23 208 2 0 0 48 1 0 0 0 0 0 0 0 0 0 0 0 0 0 0 0 0 0 0 0 0 0 0 0 0 0 0 0 0 0 0 0 0 0 0 0 0 0 0 0 0 0 0 0 0 0 0 0 0 0 0 0 0 0 0 0 0 0 0 0 0 0 0 77 68 79 32 101 120 116 114 97 32 100 97 116 97 32 108 111 99 107 0 0 0 0 0 0 0 0 0 0 0 0 0 0 0 0 0 0 0 0 0 0 0 0 0 0 0 0 0 0 0 0 0 0 0 0 0 0 0 0 0 0 0 0 0 0 0 0 0 0 0 0 0 0 0 0 0 0 0 0 0 0 0 0 0 0 0 0 0 0 0 0 0 0 0 0 0 0 0 0 0 0 0 0 0 0 0 0 0 0 0 0 0 0 0 0 0 0 0 0 0 0 0 0 0 0 0 0 0 0 0 0 0 0 0 0 0 230 0 0 0 33 67 0 0 1 0 0 0 0 0 0 0 0 0 0 0 2 0 0 0 0 0 3 0 2 0 0 0 16 0 0 0 254 255 255 255 2 0 5 0 0 0 0 0 data 2 0x50002 0x864 oops 0
ciMethodData java/util/Collections$SingletonList <init> (Ljava/lang/Object;)V 2 2378 orig 264 120 87 82 89 249 127 0 0 208 191 106 30 208 2 0 0 56 1 0 0 0 0 0 0 0 0 0 0 0 0 0 0 0 0 0 0 0 0 0 0 0 0 0 0 0 0 0 0 0 0 0 0 0 0 0 0 0 0 0 0 0 0 0 0 0 0 0 0 0 0 0 0 0 0 0 0 0 0 0 0 77 68 79 32 101 120 116 114 97 32 100 97 116 97 32 108 111 99 107 0 0 0 0 0 0 0 0 0 0 0 0 0 0 0 0 0 0 0 0 0 0 0 0 0 0 0 0 0 0 0 0 0 0 0 0 0 0 0 0 0 0 0 0 0 0 0 0 0 0 0 0 0 0 0 0 0 0 0 0 0 0 0 0 0 0 0 0 0 0 0 0 0 0 0 0 0 0 0 0 0 0 0 0 0 0 0 0 0 0 0 0 0 0 0 0 0 0 0 0 0 0 0 0 0 0 0 0 0 0 0 0 0 0 0 0 0 230 0 0 0 33 67 0 0 1 0 0 0 0 0 0 0 0 0 0 0 2 0 0 0 0 0 3 0 2 0 0 0 16 0 0 0 254 255 255 255 2 0 1 0 0 0 0 0 data 2 0x10002 0x864 oops 0
ciMethodData java/util/Collections$SynchronizedMap get (Ljava/lang/Object;)Ljava/lang/Object; 2 5619 orig 264 120 87 82 89 249 127 0 0 32 153 97 30 208 2 0 0 128 1 0 0 0 0 0 0 0 0 0 0 0 0 0 0 0 0 0 0 0 0 0 0 0 0 0 0 0 0 0 0 0 0 0 0 0 0 0 0 0 0 0 0 0 0 0 0 0 0 0 0 0 0 0 0 0 0 0 0 0 0 0 0 77 68 79 32 101 120 116 114 97 32 100 97 116 97 32 108 111 99 107 0 0 0 0 0 0 0 0 0 0 0 0 0 0 0 0 0 0 0 0 0 0 0 0 0 0 0 0 0 0 0 0 0 0 0 0 0 0 0 0 0 0 0 0 0 1 0 0 0 0 0 0 0 0 0 0 0 0 0 0 0 0 0 0 0 0 0 0 0 0 0 0 0 0 0 0 0 0 0 0 0 0 0 0 0 0 0 0 0 0 0 0 0 0 0 0 0 0 0 0 0 0 0 0 0 0 0 0 0 0 0 0 0 0 0 0 0 1 1 0 0 145 167 0 0 1 0 0 0 190 20 0 0 0 0 0 0 2 0 0 0 0 0 7 0 2 0 0 0 48 0 0 0 254 255 255 255 5 0 12 0 0 0 0 0 data 6 0xc0005 0x0 0x2d021ca2df0 0x14f2 0x0 0x0 oops 1 2 java/util/WeakHashMap
ciMethodData org/eclipse/aether/RequestTrace newChild (Lorg/eclipse/aether/RequestTrace;Ljava/lang/Object;)Lorg/eclipse/aether/RequestTrace; 2 5684 orig 264 120 87 82 89 249 127 0 0 224 250 45 30 208 2 0 0 176 1 0 0 32 0 0 0 0 0 0 0 0 0 0 0 0 0 0 0 0 0 0 0 0 0 0 0 0 0 0 0 0 0 0 0 0 0 0 0 0 0 0 0 0 0 0 0 0 0 0 0 0 0 0 0 0 0 0 0 0 0 0 0 77 68 79 32 101 120 116 114 97 32 100 97 116 97 32 108 111 99 107 0 0 0 0 0 0 0 0 0 0 0 0 0 0 0 0 0 0 0 0 0 0 0 0 0 0 0 0 0 0 0 0 0 0 0 0 0 0 0 0 0 0 0 0 0 0 0 0 0 0 0 0 0 0 0 0 0 0 0 0 0 0 0 0 0 0 0 0 0 0 0 0 0 0 0 0 0 0 0 0 0 0 0 0 0 0 0 0 0 0 0 0 0 0 0 0 0 0 0 0 0 0 0 0 0 0 0 0 0 0 0 0 0 0 0 0 0 1 1 0 0 153 169 0 0 1 0 0 0 0 0 0 0 0 0 0 0 2 0 0 0 0 0 5 0 2 0 0 0 96 0 0 0 254 255 255 255 7 0 1 0 0 0 0 0 data 12 0x10007 0x1526 0x30 0xd 0x90002 0xd 0xf0005 0x0 0x2d022017210 0x1526 0x0 0x0 oops 1 8 org/eclipse/aether/RequestTrace
ciMethodData org/eclipse/aether/RequestTrace <init> (Ljava/lang/Object;)V 1 22 orig 264 120 87 82 89 249 127 0 0 168 251 45 30 208 2 0 0 56 1 0 0 0 0 0 0 0 0 0 0 0 0 0 0 0 0 0 0 0 0 0 0 0 0 0 0 0 0 0 0 0 0 0 0 0 0 0 0 0 0 0 0 0 0 0 0 0 0 0 0 0 0 0 0 0 0 0 0 0 0 0 0 77 68 79 32 101 120 116 114 97 32 100 97 116 97 32 108 111 99 107 0 0 0 0 0 0 0 0 0 0 0 0 0 0 0 0 0 0 0 0 0 0 0 0 0 0 0 0 0 0 0 0 0 0 0 0 0 0 0 0 0 0 0 0 0 0 0 0 0 0 0 0 0 0 0 0 0 0 0 0 0 0 0 0 0 0 0 0 0 0 0 0 0 0 0 0 0 0 0 0 0 0 0 0 0 0 0 0 0 0 0 0 0 0 0 0 0 0 0 0 0 0 0 0 0 0 0 0 0 0 0 0 0 0 0 0 0 9 0 0 0 105 0 0 0 1 0 0 0 0 0 0 0 0 0 0 0 2 0 0 0 0 0 0 0 0 0 0 0 16 0 0 0 254 255 255 255 2 0 3 0 0 0 0 0 data 2 0x30002 0xd oops 0
ciMethodData org/eclipse/aether/graph/Dependency equals (Ljava/lang/Object;)Z 2 5474 orig 264 120 87 82 89 249 127 0 0 144 25 53 30 208 2 0 0 72 3 0 0 192 1 0 0 0 0 0 0 0 0 0 0 0 0 0 0 0 0 0 0 0 0 0 0 0 0 0 0 0 0 0 0 0 0 0 0 0 0 0 0 0 0 0 0 0 0 0 0 0 0 0 0 0 0 0 0 0 0 0 0 77 68 79 32 101 120 116 114 97 32 100 97 116 97 32 108 111 99 107 0 0 0 0 0 0 0 0 0 0 0 0 0 0 0 0 0 0 0 0 0 0 0 0 0 0 0 0 0 0 0 0 0 0 0 0 0 0 0 0 0 0 0 0 0 1 0 0 0 0 0 0 0 0 0 0 0 0 0 0 0 0 0 0 0 0 0 0 0 0 0 0 0 0 0 0 0 0 0 0 1 0 0 0 0 0 0 0 0 0 0 0 0 0 0 0 0 0 0 0 0 0 0 0 0 0 0 0 0 0 0 0 0 0 0 0 0 35 1 0 0 249 161 0 0 1 0 0 0 49 20 0 0 0 0 0 0 2 0 0 0 0 0 66 0 2 0 0 0 248 1 0 0 254 255 255 255 7 0 2 0 0 0 0 0 data 63 0x20007 0x143f 0x20 0x0 0x80007 0x0 0xd0 0x143f 0xc0005 0xf 0x2d0220177c0 0x1430 0x0 0x0 0x100005 0xf 0x2d0220177c0 0x1430 0x0 0x0 0x130005 0x0 0x2d01848b850 0x143f 0x0 0x0 0x160007 0x143f 0x20 0x0 0x1c0004 0x0 0x2d0220177c0 0x143f 0x0 0x0 0x280002 0x143f 0x2b0007 0x0 0xc8 0x143f 0x360002 0x143f 0x390007 0x0 0x98 0x143f 0x440002 0x143f 0x470007 0x0 0x68 0x143f 0x520002 0x143f 0x55e007 0x2 0x38 0x143e 0x590003 0x143e 0x18 oops 4 10 org/eclipse/aether/graph/Dependency 16 org/eclipse/aether/graph/Dependency 22 java/lang/Class 32 org/eclipse/aether/graph/Dependency
ciMethodData org/eclipse/aether/artifact/AbstractArtifact getProperty (Ljava/lang/String;Ljava/lang/String;)Ljava/lang/String; 2 6918 orig 264 120 87 82 89 249 127 0 0 192 198 119 30 208 2 0 0 32 2 0 0 0 0 0 0 0 0 0 0 0 0 0 0 0 0 0 0 0 0 0 0 0 0 0 0 0 0 0 0 0 0 0 0 0 0 0 0 0 0 0 0 0 0 0 0 0 0 0 0 0 0 0 0 0 0 0 0 0 0 0 0 77 68 79 32 101 120 116 114 97 32 100 97 116 97 32 108 111 99 107 0 0 0 0 0 0 0 0 0 0 0 0 0 0 0 0 0 0 0 0 0 0 0 0 0 0 0 0 0 0 0 0 0 0 0 0 0 0 0 0 0 0 0 0 0 0 0 0 0 0 0 0 0 0 0 0 0 0 0 0 0 0 0 0 0 0 0 0 0 0 0 0 0 0 0 0 0 0 0 0 0 0 0 0 0 0 0 0 0 0 0 0 0 0 0 0 0 0 0 0 0 0 0 0 0 0 0 0 0 0 0 0 0 0 0 0 0 0 1 0 0 49 208 0 0 1 0 0 0 0 0 0 0 0 0 0 0 2 0 0 0 0 0 6 0 2 0 0 0 200 0 0 0 254 255 255 255 5 0 1 0 0 0 0 0 data 25 0x10005 0x0 0x2d022018d80 0x1a06 0x0 0x0 0x50005 0x0 0x2d023287750 0x61f 0x2d023287800 0x13e7 0xa0104 0x0 0x2d01848b7c0 0xaf1 0x0 0x0 0xf0007 0xf15 0x38 0xaf1 0x130003 0xaf1 0x18 oops 4 2 org/eclipse/aether/artifact/DefaultArtifact 8 java/util/Collections$EmptyMap 10 java/util/Collections$UnmodifiableMap 14 java/lang/String
ciMethodData org/eclipse/aether/util/graph/selector/AndDependencySelector selectDependency (Lorg/eclipse/aether/graph/Dependency;)Z 2 6176 orig 264 120 87 82 89 249 127 0 0 240 33 103 30 208 2 0 0 168 2 0 0 16 0 0 0 0 0 0 0 0 0 0 0 0 0 0 0 0 0 0 0 0 0 0 0 0 0 0 0 0 0 0 0 0 0 0 0 0 0 0 0 0 0 0 0 0 0 0 0 0 0 0 0 0 0 0 0 0 0 0 0 77 68 79 32 101 120 116 114 97 32 100 97 116 97 32 108 111 99 107 0 0 0 0 0 0 0 0 0 0 0 0 0 0 0 0 0 0 0 0 0 0 0 0 0 0 0 0 0 0 0 0 0 0 0 0 0 0 0 0 0 0 0 0 0 0 0 0 0 0 0 0 0 0 0 0 0 0 0 0 0 0 0 0 0 0 0 0 0 0 0 0 0 0 0 0 0 0 0 0 0 0 0 0 0 0 0 0 0 0 0 0 0 0 0 0 0 0 0 0 0 0 0 0 0 0 0 0 0 0 0 0 0 0 0 0 0 148 1 0 0 209 160 0 0 97 180 0 0 0 0 0 0 0 0 0 0 2 0 0 0 1 0 11 0 2 0 0 0 88 1 0 0 254 255 255 255 2 0 3 0 0 0 0 0 data 43 0x30002 0x141a 0xb0005 0x0 0x2d01bcf1600 0x141a 0x0 0x0 0x120005 0x0 0x2d01ccd9050 0x2aa6 0x0 0x0 0x170007 0x68f 0xe8 0x2417 0x1b0005 0x0 0x2d01ccd9050 0x2417 0x0 0x0 0x200004 0x0 0x2d0220188b0 0x299 0x2d01ccd9100 0x1181 0x260005 0xffd 0x2d0220188b0 0x299 0x2d01ccd9100 0x1181 0x2b0007 0x168c 0x20 0xd8b 0x300003 0x168c 0xffffffffffffff00 oops 7 4 java/util/LinkedHashSet 10 java/util/LinkedHashMap$LinkedKeyIterator 20 java/util/LinkedHashMap$LinkedKeyIterator 26 org/eclipse/aether/util/graph/selector/AndDependencySelector 28 org/eclipse/aether/util/graph/selector/ScopeDependencySelector 32 org/eclipse/aether/util/graph/selector/AndDependencySelector 34 org/eclipse/aether/util/graph/selector/ScopeDependencySelector
ciMethodData org/eclipse/aether/internal/impl/collect/DependencyCollectorDelegate cachedResolveRangeResult (Lorg/eclipse/aether/resolution/VersionRangeRequest;Lorg/eclipse/aether/internal/impl/collect/DataPool;Lorg/eclipse/aether/RepositorySystemSession;)Lorg/eclipse/aether/resolution/VersionRangeResult; 2 2171 orig 264 120 87 82 89 249 127 0 0 144 14 19 29 208 2 0 0 64 2 0 0 0 0 0 0 0 0 0 0 0 0 0 0 0 0 0 0 0 0 0 0 0 0 0 0 0 0 0 0 0 0 0 0 0 0 0 0 0 0 0 0 0 0 0 0 0 0 0 0 0 0 0 0 0 0 0 0 0 0 0 0 77 68 79 32 101 120 116 114 97 32 100 97 116 97 32 108 111 99 107 0 0 0 0 0 0 0 0 0 0 0 0 0 0 0 0 0 0 0 0 0 0 0 0 0 0 0 0 0 0 0 0 0 0 0 0 0 0 0 0 0 0 0 0 0 0 0 0 0 0 0 0 0 0 0 0 0 0 0 0 0 0 0 0 0 0 0 0 0 0 0 0 0 0 0 0 0 0 0 0 0 0 0 0 0 0 0 0 0 0 0 0 0 0 0 0 0 0 0 0 0 0 0 0 0 0 0 0 0 0 0 0 0 0 0 0 0 150 0 0 0 33 63 0 0 1 0 0 0 0 0 0 0 0 0 0 0 2 0 0 0 0 0 9 0 2 0 0 0 224 0 0 0 254 255 255 255 5 0 2 0 0 0 0 0 data 28 0x20005 0x101 0x2d022019040 0x6e3 0x0 0x0 0xb0005 0x101 0x2d022019040 0x6e3 0x0 0x0 0x120007 0x56b 0x80 0x279 0x1b0005 0x0 0x2d01cf12550 0x279 0x0 0x0 0x270005 0x8a 0x2d022019040 0x1ef 0x0 0x0 oops 4 2 org/eclipse/aether/internal/impl/collect/DataPool 8 org/eclipse/aether/internal/impl/collect/DataPool 18 org/apache/maven/repository/internal/DefaultVersionRangeResolver 24 org/eclipse/aether/internal/impl/collect/DataPool
ciMethodData org/eclipse/aether/artifact/AbstractArtifact setVersion (Ljava/lang/String;)Lorg/eclipse/aether/artifact/Artifact; 2 4736 orig 264 120 87 82 89 249 127 0 0 224 195 119 30 208 2 0 0 176 2 0 0 208 0 0 0 0 0 0 0 0 0 0 0 0 0 0 0 0 0 0 0 0 0 0 0 0 0 0 0 0 0 0 0 0 0 0 0 0 0 0 0 0 0 0 0 0 0 0 0 0 0 0 0 0 0 0 0 0 0 0 0 77 68 79 32 101 120 116 114 97 32 100 97 116 97 32 108 111 99 107 0 0 0 0 0 0 0 0 0 0 0 0 0 0 0 0 0 0 0 0 0 0 0 0 0 0 0 0 0 0 0 0 0 0 0 0 0 0 0 0 0 0 0 0 0 0 0 0 0 0 0 0 0 0 0 0 0 0 0 0 0 0 0 0 0 0 0 0 0 0 0 0 0 0 0 0 0 0 0 0 0 0 0 0 0 0 0 0 0 0 0 0 0 0 0 0 0 0 0 0 0 0 0 0 0 0 0 0 0 0 0 0 0 0 0 0 0 2 1 0 0 241 139 0 0 1 0 0 0 0 0 0 0 0 0 0 0 2 0 0 0 0 0 15 0 2 0 0 0 96 1 0 0 254 255 255 255 5 0 1 0 0 0 0 0 data 44 0x10005 0x0 0x2d022018d80 0x117e 0x0 0x0 0x70005 0x1 0x2d01848b7c0 0x117d 0x0 0x0 0xa0007 0x116c 0x90 0x12 0xe0007 0x12 0x70 0x0 0x120005 0x0 0x0 0x0 0x0 0x0 0x150007 0x0 0x20 0x0 0x1d0005 0x0 0x2d022018d80 0x12 0x0 0x0 0x210005 0x0 0x2d022018d80 0x12 0x0 0x0 0x240002 0x12 oops 4 2 org/eclipse/aether/artifact/DefaultArtifact 8 java/lang/String 32 org/eclipse/aether/artifact/DefaultArtifact 38 org/eclipse/aether/artifact/DefaultArtifact
ciMethodData org/eclipse/aether/artifact/AbstractArtifact newInstance (Ljava/lang/String;Ljava/util/Map;Ljava/io/File;)Lorg/eclipse/aether/artifact/Artifact; 2 1183 orig 264 120 87 82 89 249 127 0 0 0 195 119 30 208 2 0 0 48 2 0 0 0 0 0 0 0 0 0 0 0 0 0 0 0 0 0 0 0 0 0 0 0 0 0 0 0 0 0 0 0 0 0 0 0 0 0 0 0 0 0 0 0 0 0 0 0 0 0 0 0 0 0 0 0 0 0 0 0 0 0 0 77 68 79 32 101 120 116 114 97 32 100 97 116 97 32 108 111 99 107 0 0 0 0 0 0 0 0 0 0 0 0 0 0 0 0 0 0 0 0 0 0 0 0 0 0 0 0 0 0 0 0 0 0 0 0 0 0 0 0 0 0 0 0 0 0 0 0 0 0 0 0 0 0 0 0 0 0 0 0 0 0 0 0 0 0 0 0 0 0 0 0 0 0 0 0 0 0 0 0 0 0 0 0 0 0 0 0 0 0 0 0 0 0 0 0 0 0 0 0 0 0 0 0 0 0 0 0 0 0 0 0 0 0 0 0 0 79 0 0 0 129 34 0 0 1 0 0 0 0 0 0 0 0 0 0 0 2 0 0 0 0 0 3 0 2 0 0 0 208 0 0 0 254 255 255 255 5 0 5 0 0 0 0 0 data 26 0x50005 0x0 0x2d022018d80 0x450 0x0 0x0 0x90005 0x0 0x2d022018d80 0x450 0x0 0x0 0xd0005 0x0 0x2d022018d80 0x450 0x0 0x0 0x110005 0x0 0x2d022018d80 0x450 0x0 0x0 0x170002 0x450 oops 4 2 org/eclipse/aether/artifact/DefaultArtifact 8 org/eclipse/aether/artifact/DefaultArtifact 14 org/eclipse/aether/artifact/DefaultArtifact 20 org/eclipse/aether/artifact/DefaultArtifact
ciMethodData org/eclipse/aether/artifact/DefaultArtifact <init> (Ljava/lang/String;Ljava/lang/String;Ljava/lang/String;Ljava/lang/String;Ljava/lang/String;Ljava/io/File;Ljava/util/Map;)V 2 1183 orig 264 120 87 82 89 249 127 0 0 160 175 119 30 208 2 0 0 224 1 0 0 0 0 0 0 0 0 0 0 0 0 0 0 0 0 0 0 0 0 0 0 0 0 0 0 0 0 0 0 0 0 0 0 0 0 0 0 0 0 0 0 0 0 0 0 0 0 0 0 0 0 0 0 0 0 0 0 0 0 0 0 77 68 79 32 101 120 116 114 97 32 100 97 116 97 32 108 111 99 107 0 0 0 0 0 0 0 0 0 0 0 0 0 0 0 0 0 0 0 0 0 0 0 0 0 0 0 0 0 0 0 0 0 0 0 0 0 0 0 0 0 0 0 0 0 0 0 0 0 0 0 0 0 0 0 0 0 0 0 0 0 0 0 0 0 0 0 0 0 0 0 0 0 0 0 0 0 0 0 0 0 0 0 0 0 0 0 0 0 0 0 0 0 0 0 0 0 0 0 0 0 0 0 0 0 0 0 0 0 0 0 0 0 0 0 0 0 79 0 0 0 129 34 0 0 1 0 0 0 0 0 0 0 0 0 0 0 2 0 0 0 0 0 23 0 2 0 0 0 96 0 0 0 254 255 255 255 2 0 1 0 0 0 0 0 data 12 0x10002 0x450 0x60002 0x450 0xe0002 0x450 0x160002 0x450 0x1f0002 0x450 0x280002 0x450 oops 0
ciMethodData org/eclipse/aether/graph/Dependency setArtifact (Lorg/eclipse/aether/artifact/Artifact;)Lorg/eclipse/aether/graph/Dependency; 2 6106 orig 264 120 87 82 89 249 127 0 0 232 16 53 30 208 2 0 0 176 1 0 0 48 0 0 0 0 0 0 0 0 0 0 0 0 0 0 0 0 0 0 0 0 0 0 0 0 0 0 0 0 0 0 0 0 0 0 0 0 0 0 0 0 0 0 0 0 0 0 0 0 0 0 0 0 0 0 0 0 0 0 0 77 68 79 32 101 120 116 114 97 32 100 97 116 97 32 108 111 99 107 0 0 0 0 0 0 0 0 0 0 0 0 0 0 0 0 0 0 0 0 0 0 0 0 0 0 0 0 0 0 0 0 0 0 0 0 0 0 0 0 0 0 0 0 0 0 0 0 0 0 0 0 0 0 0 0 0 0 0 0 0 0 0 0 0 0 0 0 0 0 0 0 0 0 0 0 0 0 0 0 0 0 0 0 0 0 0 0 0 0 0 0 0 0 0 0 0 0 0 0 0 0 0 0 0 0 0 0 0 0 0 0 0 0 0 0 0 2 1 0 0 193 182 0 0 1 0 0 0 0 0 0 0 0 0 0 0 2 0 0 0 0 0 5 0 2 0 0 0 96 0 0 0 254 255 255 255 5 0 5 0 0 0 0 0 data 12 0x50005 0x0 0x2d022018d80 0x16d8 0x0 0x0 0xa0007 0xbc 0x20 0x161c 0x200002 0xbc oops 1 2 org/eclipse/aether/artifact/DefaultArtifact
ciMethodData org/eclipse/aether/internal/impl/collect/DataPool$WeakInternPool intern (Ljava/lang/Object;Ljava/lang/Object;)Ljava/lang/Object; 2 5260 orig 264 120 87 82 89 249 127 0 0 0 116 125 30 208 2 0 0 104 2 0 0 176 0 0 0 0 0 0 0 0 0 0 0 0 0 0 0 0 0 0 0 0 0 0 0 0 0 0 0 0 0 0 0 0 0 0 0 0 0 0 0 0 0 0 0 0 0 0 0 0 0 0 0 0 0 0 0 0 0 0 0 77 68 79 32 101 120 116 114 97 32 100 97 116 97 32 108 111 99 107 0 0 0 0 0 0 0 0 0 0 0 0 0 0 0 0 0 0 0 0 0 0 0 0 0 0 0 0 0 0 0 0 0 0 0 0 0 0 0 0 0 0 0 0 0 0 0 0 0 0 0 0 0 0 0 0 0 0 0 0 0 0 0 0 0 0 0 0 0 0 0 0 0 0 0 0 0 0 0 0 0 0 0 0 0 0 0 0 0 0 0 0 0 0 0 0 0 0 0 0 0 0 0 0 0 0 0 0 0 0 0 0 0 0 0 0 0 4 1 0 0 65 156 0 0 1 0 0 0 0 0 0 0 0 0 0 0 2 0 0 0 0 0 13 0 2 0 0 0 16 1 0 0 254 255 255 255 5 0 5 0 0 0 0 0 data 34 0x50005 0x0 0x2d021ca0bf0 0x1388 0x0 0x0 0xa0104 0x0 0x2d01848c710 0xf86 0x0 0x0 0xf0007 0x402 0x70 0xf86 0x130005 0x0 0x2d01848c710 0xf86 0x0 0x0 0x1a0007 0x0 0x20 0xf86 0x2a0002 0x402 0x2d0005 0x0 0x2d021ca0bf0 0x402 0x0 0x0 oops 4 2 java/util/Collections$SynchronizedMap 8 java/lang/ref/WeakReference 18 java/lang/ref/WeakReference 30 java/util/Collections$SynchronizedMap
ciMethodData org/eclipse/aether/internal/impl/collect/df/DfDependencyCollector processDependency (Lorg/eclipse/aether/internal/impl/collect/df/DfDependencyCollector$Args;Lorg/eclipse/aether/RequestTrace;Lorg/eclipse/aether/internal/impl/collect/DependencyCollectorDelegate$Results;Ljava/util/List;Lorg/eclipse/aether/collection/DependencySelector;Lorg/eclipse/aether/collection/DependencyManager;Lorg/eclipse/aether/collection/DependencyTraverser;Lorg/eclipse/aether/collection/VersionFilter;Lorg/eclipse/aether/graph/Dependency;Ljava/util/List;Z)V 2 6407 orig 264 120 87 82 89 249 127 0 0 152 50 19 29 208 2 0 0 40 15 0 0 192 2 0 0 0 0 0 0 0 0 0 0 0 0 0 0 0 0 0 0 0 0 0 0 0 0 0 0 0 0 0 0 0 0 0 0 0 0 0 0 0 0 0 0 0 0 0 0 0 0 0 0 0 0 0 0 0 0 0 0 77 68 79 32 101 120 116 114 97 32 100 97 116 97 32 108 111 99 107 0 0 0 0 0 0 0 0 0 0 0 0 0 0 0 0 0 0 0 0 0 0 0 0 0 0 0 0 0 0 0 0 0 0 0 0 0 0 0 0 0 0 0 0 0 0 0 0 0 0 0 0 0 0 0 0 0 0 0 0 0 0 0 0 0 0 0 0 0 0 0 0 0 0 0 0 0 0 0 0 0 0 0 0 0 0 0 0 0 0 0 0 0 0 0 0 0 0 0 0 0 0 0 0 0 0 0 0 0 0 0 0 0 0 0 0 0 5 1 0 0 17 192 0 0 177 53 0 0 0 0 0 0 0 0 0 0 2 0 0 0 1 0 98 0 2 0 0 0 136 13 0 0 254 255 255 255 7 0 2 0 0 0 0 0 data 433 0x20007 0x0 0x70 0x1802 0x90005 0x0 0x2d0220188b0 0x1802 0x0 0x0 0xe0007 0x6bb 0x20 0x1147 0x180005 0x0 0x2d022018960 0x6bb 0x0 0x0 0x240005 0x0 0x2d022016f10 0x6bb 0x0 0x0 0x330002 0x0 0x3a0005 0x0 0x2d022018a10 0x6bb 0x0 0x0 0x410005 0x0 0x2d0220177c0 0x6bb 0x0 0x0 0x440002 0x6bb 0x4b0007 0x5 0xa8 0x6b6 0x500007 0x0 0x70 0x6b6 0x570005 0x0 0x2d022018ac0 0x6b6 0x0 0x0 0x5c0007 0x0 0x38 0x6b6 0x600003 0x6b6 0x18 0x6a0005 0x0 0x2d022018960 0x6bb 0x0 0x0 0x730002 0x0 0x830005 0x0 0x2d022016f10 0x6bb 0x0 0x0 0x920002 0x0 0x970003 0x6bb 0x48 0xa80005 0x0 0x0 0x0 0x0 0x0 0xae0005 0x0 0x2d022018b70 0x6bb 0x0 0x0 0xb70005 0x0 0x2d022018c20 0xd6f 0x0 0x0 0xbc0007 0x6b4 0xa68 0x6bb 0xc10005 0x0 0x2d022018c20 0x6bb 0x0 0x0 0xc60004 0x0 0x2d022018cd0 0x6bb 0x0 0x0 0xcd0005 0x0 0x2d0220177c0 0x6bb 0x0 0x0 0xd20005 0x0 0x2d022018cd0 0x6bb 0x0 0x0 0xd70005 0x0 0x2d022018d80 0x6bb 0x0 0x0 0xe20005 0x0 0x2d0220177c0 0x6bb 0x0 0x0 0xeb0005 0x0 0x2d022018960 0x6bb 0x0 0x0 0xf40002 0x0 0x1020002 0x6bb 0x1090007 0x0 0x7b0 0x6bb 0x1100005 0x0 0x2d022018e30 0x6bb 0x0 0x0 0x1130005 0x0 0x2d0220177c0 0x6bb 0x0 0x0 0x11c0005 0x0 0x2d022018ee0 0x6bb 0x0 0x0 0x12a0005 0x0 0x2d0220177c0 0x6bb 0x0 0x0 0x12d0002 0x0 0x1340007 0x6bb 0x158 0x0 0x1430005 0x0 0x0 0x0 0x0 0x0 0x14c0005 0x0 0x0 0x0 0x0 0x0 0x1530005 0x0 0x0 0x0 0x0 0x0 0x1580007 0x0 0xa8 0x0 0x1690002 0x0 0x1700005 0x0 0x0 0x0 0x0 0x0 0x1770005 0x0 0x0 0x0 0x0 0x0 0x17d0003 0x0 0xfffffffffffffc10 0x1820005 0x0 0x2d022018e30 0x6bb 0x0 0x0 0x1850005 0x0 0x2d022018f90 0x6bb 0x0 0x0 0x18a0007 0x6bb 0x238 0x0 0x18f0005 0x0 0x0 0x0 0x0 0x0 0x1960005 0x0 0x0 0x0 0x0 0x0 0x1990005 0x0 0x0 0x0 0x0 0x0 0x19e0005 0x0 0x0 0x0 0x0 0x0 0x1a10007 0x0 0x118 0x0 0x1a60005 0x0 0x0 0x0 0x0 0x0 0x1ad0005 0x0 0x0 0x0 0x0 0x0 0x1b00005 0x0 0x0 0x0 0x0 0x0 0x1b50005 0x0 0x0 0x0 0x0 0x0 0x1b80007 0x0 0x38 0x0 0x1bc0003 0x0 0x18 0x1d40005 0x0 0x0 0x0 0x0 0x0 0x1d90002 0x0 0x1e90005 0x0 0x2d0220177c0 0x6bb 0x0 0x0 0x1ec0005 0x0 0x2d022019040 0x6bb 0x0 0x0 0x1ef0005 0x0 0x2d0220177c0 0x6bb 0x0 0x0 0x1f20005 0x0 0x2d022019040 0x6bb 0x0 0x0 0x1fb0005 0x0 0x2d0220190f0 0x6bb 0x0 0x0 0x2000002 0x6bb 0x2110005 0x0 0x2d022018e30 0x6bb 0x0 0x0 0x21a0005 0x0 0x2d022018960 0x6bb 0x0 0x0 0x21d0002 0x0 0x2240005 0x0 0x2d0220191a0 0x6bb 0x0 0x0 0x22b0005 0x0 0x2d022018b70 0x6bb 0x0 0x0 0x2330007 0x5 0xb8 0x6b6 0x2380005 0x0 0x2d022018e30 0x6b6 0x0 0x0 0x23b0005 0x0 0x2d022018b70 0x5e6 0x2d022018f90 0xd0 0x2400007 0xd0 0x38 0x5e6 0x2440003 0x5e6 0x18 0x24c0007 0xd5 0x30 0x5e6 0x2630002 0x5e6 0x2660003 0x6b4 0x128 0x26d0005 0x0 0x0 0x0 0x0 0x0 0x2760005 0x0 0x0 0x0 0x0 0x0 0x27b0002 0x0 0x2910005 0x0 0x0 0x0 0x0 0x0 0x2940002 0x0 0x29b0005 0x0 0x0 0x0 0x0 0x0 0x2a20005 0x0 0x0 0x0 0x0 0x0 0x2a80003 0x6b4 0xfffffffffffff580 oops 35 6 org/eclipse/aether/util/graph/selector/AndDependencySelector 16 org/eclipse/aether/collection/CollectRequest 22 org/eclipse/aether/internal/impl/collect/df/DfDependencyCollector 30 org/eclipse/aether/internal/impl/collect/PremanagedDependency 36 org/eclipse/aether/graph/Dependency 52 org/eclipse/aether/util/graph/traverser/FatArtifactTraverser 65 org/eclipse/aether/collection/CollectRequest 73 org/eclipse/aether/internal/impl/collect/df/DfDependencyCollector 90 java/util/ArrayList 96 java/util/ArrayList$Itr 106 java/util/ArrayList$Itr 112 org/eclipse/aether/util/version/GenericVersion 118 org/eclipse/aether/graph/Dependency 124 org/eclipse/aether/util/version/GenericVersion 130 org/eclipse/aether/artifact/DefaultArtifact 136 org/eclipse/aether/graph/Dependency 142 org/eclipse/aether/collection/CollectRequest 156 org/eclipse/aether/resolution/ArtifactDescriptorResult 162 org/eclipse/aether/graph/Dependency 168 org/eclipse/aether/internal/impl/collect/df/NodeStack 174 org/eclipse/aether/graph/Dependency 225 org/eclipse/aether/resolution/ArtifactDescriptorResult 231 java/util/Collections$EmptyList 308 org/eclipse/aether/graph/Dependency 314 org/eclipse/aether/internal/impl/collect/DataPool 320 org/eclipse/aether/graph/Dependency 326 org/eclipse/aether/internal/impl/collect/DataPool 332 org/eclipse/aether/resolution/VersionRangeResult 340 org/eclipse/aether/resolution/ArtifactDescriptorResult 346 org/eclipse/aether/collection/CollectRequest 354 org/eclipse/aether/graph/DefaultDependencyNode 360 java/util/ArrayList 370 org/eclipse/aether/resolution/ArtifactDescriptorResult 376 java/util/ArrayList 378 java/util/Collections$EmptyList
ciMethodData org/eclipse/aether/internal/impl/collect/DependencyCollectorDelegate collectStepTrace (Lorg/eclipse/aether/RequestTrace;Ljava/lang/String;Ljava/util/List;Lorg/eclipse/aether/graph/Dependency;)Lorg/eclipse/aether/RequestTrace; 2 1944 orig 264 120 87 82 89 249 127 0 0 184 4 19 29 208 2 0 0 136 1 0 0 0 0 0 0 0 0 0 0 0 0 0 0 0 0 0 0 0 0 0 0 0 0 0 0 0 0 0 0 0 0 0 0 0 0 0 0 0 0 0 0 0 0 0 0 0 0 0 0 0 0 0 0 0 0 0 0 0 0 0 0 77 68 79 32 101 120 116 114 97 32 100 97 116 97 32 108 111 99 107 0 0 0 0 0 0 0 0 0 0 0 0 0 0 0 0 0 0 0 0 0 0 0 0 0 0 0 0 0 0 0 0 0 0 0 0 0 0 0 0 0 0 0 0 0 0 0 0 0 0 0 0 0 0 0 0 0 0 0 0 0 0 0 0 0 0 0 0 0 0 0 0 0 0 0 0 0 0 0 0 0 0 0 0 0 0 0 0 0 0 0 0 0 0 0 0 0 0 0 0 0 0 0 0 0 0 0 0 0 0 0 0 0 0 0 0 0 150 0 0 0 17 56 0 0 1 0 0 0 0 0 0 0 0 0 0 0 2 0 0 0 0 0 0 0 0 0 0 0 32 0 0 0 254 255 255 255 2 0 9 0 0 0 0 0 data 4 0x90002 0x702 0xc0002 0x702 oops 0
ciMethodData org/eclipse/aether/internal/impl/collect/CollectStepDataImpl <init> (Ljava/lang/String;Ljava/util/List;Lorg/eclipse/aether/graph/Dependency;)V 2 1948 orig 264 120 87 82 89 249 127 0 0 128 162 125 30 208 2 0 0 48 2 0 0 0 0 0 0 0 0 0 0 0 0 0 0 0 0 0 0 0 0 0 0 0 0 0 0 0 0 0 0 0 0 0 0 0 0 0 0 0 0 0 0 0 0 0 0 0 0 0 0 0 0 0 0 0 0 0 0 0 0 0 0 77 68 79 32 101 120 116 114 97 32 100 97 116 97 32 108 111 99 107 0 0 0 0 0 0 0 0 0 0 0 0 0 0 0 0 0 0 0 0 0 0 0 0 0 0 0 0 0 0 0 0 0 0 0 0 0 0 0 0 0 0 0 0 0 0 0 0 0 0 0 0 0 0 0 0 0 0 0 0 0 0 0 0 0 0 0 0 0 0 0 0 0 0 0 0 0 0 0 0 0 0 0 0 0 0 0 0 0 0 0 0 0 0 0 0 0 0 0 0 0 0 0 0 0 0 0 0 0 0 0 0 0 0 0 0 0 150 0 0 0 41 56 0 0 1 0 0 0 0 0 0 0 0 0 0 0 2 0 0 0 0 0 12 0 2 0 0 0 208 0 0 0 254 255 255 255 2 0 1 0 0 0 0 0 data 26 0x10002 0x705 0x60002 0x705 0x90004 0x0 0x2d01848b7c0 0x101 0x0 0x0 0x110002 0x705 0x140004 0x0 0x2d022018b70 0x101 0x0 0x0 0x1c0002 0x705 0x1f0004 0x0 0x2d0220177c0 0x101 0x0 0x0 oops 3 6 java/lang/String 14 java/util/ArrayList 22 org/eclipse/aether/graph/Dependency
ciMethodData org/eclipse/aether/internal/impl/collect/PremanagedDependency create (Lorg/eclipse/aether/collection/DependencyManager;Lorg/eclipse/aether/graph/Dependency;ZZ)Lorg/eclipse/aether/internal/impl/collect/PremanagedDependency; 2 3063 orig 264 120 87 82 89 249 127 0 0 8 216 58 30 208 2 0 0 72 7 0 0 168 5 0 0 0 0 0 0 0 0 0 0 0 0 0 0 0 0 0 0 0 0 0 0 0 0 0 0 0 0 0 0 0 0 0 0 0 0 0 0 0 0 0 0 0 0 0 0 0 0 0 0 0 0 0 0 0 0 0 0 77 68 79 32 101 120 116 114 97 32 100 97 116 97 32 108 111 99 107 0 0 0 0 0 0 0 0 0 0 0 0 0 0 0 0 0 0 0 0 0 0 0 0 0 0 0 0 0 0 0 0 0 0 0 0 0 0 0 0 0 0 0 0 0 0 0 0 0 0 0 0 0 0 0 0 0 0 0 0 0 0 0 0 0 0 0 0 0 0 0 0 0 0 0 0 0 0 0 0 0 0 0 0 0 0 0 0 0 0 0 0 0 0 0 0 0 0 0 0 0 0 0 0 0 0 0 0 0 0 0 0 0 0 0 0 0 150 0 0 0 9 91 0 0 1 0 0 0 0 0 0 0 0 0 0 0 2 0 0 0 0 0 55 0 2 0 0 0 232 5 0 0 254 255 255 255 7 0 1 0 0 0 0 0 data 189 0x10007 0x0 0x68 0xb61 0x60005 0x0 0x2d01dcae760 0xb61 0x0 0x0 0xb0003 0xb61 0x18 0x250007 0xb46 0x570 0x1b 0x2a0005 0x18 0x2d01c39b1e0 0x3 0x0 0x0 0x2d0007 0x0 0x130 0x1b 0x310007 0x0 0x110 0x1b 0x350005 0x18 0x2d0220177c0 0x3 0x0 0x0 0x3c0005 0x0 0x2d022018d80 0x1b 0x0 0x0 0x480005 0x18 0x2d01c39b1e0 0x3 0x0 0x0 0x4b0005 0x0 0x2d022018d80 0x1b 0x0 0x0 0x500005 0x18 0x2d0220177c0 0x3 0x0 0x0 0x5c0005 0x18 0x2d01c39b1e0 0x3 0x0 0x0 0x5f0007 0x1b 0x110 0x0 0x630005 0x0 0x0 0x0 0x0 0x0 0x6a0005 0x0 0x0 0x0 0x0 0x0 0x760005 0x0 0x0 0x0 0x0 0x0 0x790005 0x0 0x0 0x0 0x0 0x0 0x7e0005 0x0 0x0 0x0 0x0 0x0 0x8b0005 0x18 0x2d01c39b1e0 0x3 0x0 0x0 0x8e0007 0x13 0xb0 0x8 0x920005 0x8 0x0 0x0 0x0 0x0 0x9a0005 0x8 0x0 0x0 0x0 0x0 0x9d0005 0x8 0x0 0x0 0x0 0x0 0xa90005 0x18 0x2d01c39b1e0 0x3 0x0 0x0 0xac0007 0x1b 0xc0 0x0 0xb00005 0x0 0x0 0x0 0x0 0x0 0xb30002 0x0 0xbb0005 0x0 0x0 0x0 0x0 0x0 0xbe0005 0x0 0x0 0x0 0x0 0x0 0xca0005 0x18 0x2d01c39b1e0 0x3 0x0 0x0 0xcd0007 0x1b 0xb0 0x0 0xd10005 0x0 0x0 0x0 0x0 0x0 0xd90005 0x0 0x0 0x0 0x0 0x0 0xdc0005 0x0 0x0 0x0 0x0 0x0 0xf90002 0xb61 oops 11 6 org/eclipse/aether/util/graph/manager/ClassicDependencyManager 19 org/eclipse/aether/collection/DependencyManagement 33 org/eclipse/aether/graph/Dependency 39 org/eclipse/aether/artifact/DefaultArtifact 45 org/eclipse/aether/collection/DependencyManagement 51 org/eclipse/aether/artifact/DefaultArtifact 57 org/eclipse/aether/graph/Dependency 63 org/eclipse/aether/collection/DependencyManagement 103 org/eclipse/aether/collection/DependencyManagement 131 org/eclipse/aether/collection/DependencyManagement 161 org/eclipse/aether/collection/DependencyManagement
ciMethodData org/eclipse/aether/internal/impl/collect/DependencyCollectorDelegate isLackingDescriptor (Lorg/eclipse/aether/artifact/Artifact;)Z 2 1995 orig 264 120 87 82 89 249 127 0 0 88 15 19 29 208 2 0 0 176 1 0 0 0 0 0 0 0 0 0 0 0 0 0 0 0 0 0 0 0 0 0 0 0 0 0 0 0 0 0 0 0 0 0 0 0 0 0 0 0 0 0 0 0 0 0 0 0 0 0 0 0 0 0 0 0 0 0 0 0 0 0 0 77 68 79 32 101 120 116 114 97 32 100 97 116 97 32 108 111 99 107 0 0 0 0 0 0 0 0 0 0 0 0 0 0 0 0 0 0 0 0 0 0 0 0 0 0 0 0 0 0 0 0 0 0 0 0 0 0 0 0 0 0 0 0 0 0 0 0 0 0 0 0 0 0 0 0 0 0 0 0 0 0 0 0 0 0 0 0 0 0 0 0 0 0 0 0 0 0 0 0 0 0 0 0 0 0 0 0 0 0 0 0 0 0 0 0 0 0 0 0 0 0 0 0 0 0 0 0 0 0 0 0 0 0 0 0 0 151 0 0 0 161 57 0 0 1 0 0 0 0 0 0 0 0 0 0 0 2 0 0 0 0 0 0 0 0 0 0 0 104 0 0 0 254 255 255 255 5 0 5 0 0 0 0 0 data 13 0x50005 0x0 0x2d022018d80 0x734 0x0 0x0 0xa0007 0x72e 0x38 0x6 0xe0003 0x6 0x18 oops 1 2 org/eclipse/aether/artifact/DefaultArtifact
ciMethodData org/eclipse/aether/util/graph/traverser/FatArtifactTraverser traverseDependency (Lorg/eclipse/aether/graph/Dependency;)Z 2 2015 orig 264 120 87 82 89 249 127 0 0 24 243 102 30 208 2 0 0 8 2 0 0 0 0 0 0 0 0 0 0 0 0 0 0 0 0 0 0 0 0 0 0 0 0 0 0 0 0 0 0 0 0 0 0 0 0 0 0 0 0 0 0 0 0 0 0 0 0 0 0 0 0 0 0 0 0 0 0 0 0 0 0 77 68 79 32 101 120 116 114 97 32 100 97 116 97 32 108 111 99 107 0 0 0 0 0 0 0 0 0 0 0 0 0 0 0 0 0 0 0 0 0 0 0 0 0 0 0 0 0 0 0 0 0 0 0 0 0 0 0 0 0 0 0 0 0 0 0 0 0 0 0 0 0 0 0 0 0 0 0 0 0 0 0 0 0 0 0 0 0 0 0 0 0 0 0 0 0 0 0 0 0 0 0 0 0 0 0 0 0 0 0 0 0 0 0 0 0 0 0 0 0 0 0 0 0 0 0 0 0 0 0 0 0 0 0 0 0 151 0 0 0 65 58 0 0 1 0 0 0 0 0 0 0 0 0 0 0 2 0 0 0 0 0 0 0 0 0 0 0 184 0 0 0 254 255 255 255 2 0 3 0 0 0 0 0 data 23 0x30002 0x748 0x80005 0x4 0x2d0220177c0 0x744 0x0 0x0 0xf0005 0x0 0x2d022018d80 0x748 0x0 0x0 0x160002 0x748 0x190007 0x0 0x38 0x748 0x1d0003 0x748 0x18 oops 2 4 org/eclipse/aether/graph/Dependency 10 org/eclipse/aether/artifact/DefaultArtifact
ciMethodData org/eclipse/aether/internal/impl/collect/DependencyCollectorDelegate createVersionRangeRequest (Ljava/lang/String;Lorg/eclipse/aether/RequestTrace;Ljava/util/List;Lorg/eclipse/aether/graph/Dependency;)Lorg/eclipse/aether/resolution/VersionRangeRequest; 2 3063 orig 264 120 87 82 89 249 127 0 0 128 13 19 29 208 2 0 0 96 2 0 0 0 0 0 0 0 0 0 0 0 0 0 0 0 0 0 0 0 0 0 0 0 0 0 0 0 0 0 0 0 0 0 0 0 0 0 0 0 0 0 0 0 0 0 0 0 0 0 0 0 0 0 0 0 0 0 0 0 0 0 0 77 68 79 32 101 120 116 114 97 32 100 97 116 97 32 108 111 99 107 0 0 0 0 0 0 0 0 0 0 0 0 0 0 0 0 0 0 0 0 0 0 0 0 0 0 0 0 0 0 0 0 0 0 0 0 0 0 0 0 0 0 0 0 0 0 0 0 0 0 0 0 0 0 0 0 0 0 0 0 0 0 0 0 0 0 0 0 0 0 0 0 0 0 0 0 0 0 0 0 0 0 0 0 0 0 0 0 0 0 0 0 0 0 0 0 0 0 0 0 0 0 0 0 0 0 0 0 0 0 0 0 0 0 0 0 0 150 0 0 0 9 91 0 0 1 0 0 0 0 0 0 0 0 0 0 0 2 0 0 0 0 0 11 0 2 0 0 0 0 1 0 0 254 255 255 255 2 0 4 0 0 0 0 0 data 32 0x40002 0xb61 0xc0005 0x101 0x2d0220177c0 0xa60 0x0 0x0 0xf0005 0x101 0x2d01d6da080 0xa60 0x0 0x0 0x160005 0x101 0x2d01d6da080 0xa60 0x0 0x0 0x1d0005 0x101 0x2d01d6da080 0xa60 0x0 0x0 0x240005 0x101 0x2d01d6da080 0xa60 0x0 0x0 oops 5 4 org/eclipse/aether/graph/Dependency 10 org/eclipse/aether/resolution/VersionRangeRequest 16 org/eclipse/aether/resolution/VersionRangeRequest 22 org/eclipse/aether/resolution/VersionRangeRequest 28 org/eclipse/aether/resolution/VersionRangeRequest
ciMethodData org/eclipse/aether/internal/impl/collect/DependencyCollectorDelegate filterVersions (Lorg/eclipse/aether/graph/Dependency;Lorg/eclipse/aether/resolution/VersionRangeResult;Lorg/eclipse/aether/collection/VersionFilter;Lorg/eclipse/aether/internal/impl/collect/DefaultVersionFilterContext;)Ljava/util/List; 2 3068 orig 264 120 87 82 89 249 127 0 0 16 18 19 29 208 2 0 0 8 7 0 0 120 3 0 0 0 0 0 0 0 0 0 0 0 0 0 0 0 0 0 0 0 0 0 0 0 0 0 0 0 0 0 0 0 0 0 0 0 0 0 0 0 0 0 0 0 0 0 0 0 0 0 0 0 0 0 0 0 0 0 0 77 68 79 32 101 120 116 114 97 32 100 97 116 97 32 108 111 99 107 0 0 0 0 0 0 0 0 0 0 0 0 0 0 0 0 0 0 0 0 0 0 0 0 0 0 0 0 0 0 0 0 0 0 0 0 0 0 0 0 0 0 0 0 0 0 0 0 0 0 0 0 0 0 0 0 0 0 0 0 0 0 0 0 0 0 0 0 0 0 0 0 0 0 0 0 0 0 0 0 0 0 0 0 0 0 0 0 0 0 0 0 0 0 0 0 0 0 0 0 0 0 0 0 0 0 0 0 0 0 0 0 0 0 0 0 0 151 0 0 0 41 91 0 0 1 0 0 0 0 0 0 0 0 0 0 0 2 0 0 0 0 0 41 0 2 0 0 0 168 5 0 0 254 255 255 255 5 0 1 0 0 0 0 0 data 181 0x10005 0x81 0x2d0220190f0 0xae4 0x0 0x0 0x40005 0x0 0x2d022018b70 0xb65 0x0 0x0 0x90007 0xb65 0x130 0x0 0x150002 0x0 0x1b0005 0x0 0x0 0x0 0x0 0x0 0x1f0005 0x0 0x0 0x0 0x0 0x0 0x220005 0x0 0x0 0x0 0x0 0x0 0x280005 0x0 0x0 0x0 0x0 0x0 0x2b0005 0x0 0x0 0x0 0x0 0x0 0x2e0002 0x0 0x330007 0xb65 0x3e8 0x0 0x370005 0x0 0x0 0x0 0x0 0x0 0x3a0005 0x0 0x0 0x0 0x0 0x0 0x3f0007 0x0 0x368 0x0 0x450005 0x0 0x0 0x0 0x0 0x0 0x4a0005 0x0 0x0 0x0 0x0 0x0 0x4f0003 0x0 0xf8 0x5d0002 0x0 0x630005 0x0 0x0 0x0 0x0 0x0 0x670005 0x0 0x0 0x0 0x0 0x0 0x6a0005 0x0 0x0 0x0 0x0 0x0 0x6d0005 0x0 0x0 0x0 0x0 0x0 0x720002 0x0 0x770005 0x0 0x0 0x0 0x0 0x0 0x7e0005 0x0 0x0 0x0 0x0 0x0 0x830007 0x0 0x1c0 0x0 0x8f0002 0x0 0x950005 0x0 0x0 0x0 0x0 0x0 0x990005 0x0 0x0 0x0 0x0 0x0 0x9c0005 0x0 0x0 0x0 0x0 0x0 0xa20005 0x0 0x0 0x0 0x0 0x0 0xa60005 0x0 0x0 0x0 0x0 0x0 0xa90005 0x0 0x0 0x0 0x0 0x0 0xac0005 0x0 0x0 0x0 0x0 0x0 0xaf0002 0x0 0xb40005 0x81 0x2d0220190f0 0xae4 0x0 0x0 oops 3 2 org/eclipse/aether/resolution/VersionRangeResult 8 java/util/ArrayList 177 org/eclipse/aether/resolution/VersionRangeResult
ciMethodData org/eclipse/aether/internal/impl/collect/DependencyCollectorDelegate$Results addException (Lorg/eclipse/aether/graph/Dependency;Ljava/lang/Exception;Ljava/util/List;)V 1 0 orig 264 120 87 82 89 249 127 0 0 208 202 58 30 208 2 0 0 152 5 0 0 120 3 0 0 0 0 0 0 0 0 0 0 0 0 0 0 0 0 0 0 0 0 0 0 0 0 0 0 0 0 0 0 0 0 0 0 0 0 0 0 0 0 0 0 0 0 0 0 0 0 0 0 0 0 0 0 0 0 0 0 77 68 79 32 101 120 116 114 97 32 100 97 116 97 32 108 111 99 107 0 0 0 0 0 0 0 0 0 0 0 0 0 0 0 0 0 0 0 0 0 0 0 0 0 0 0 0 0 0 0 0 0 0 0 0 0 0 0 0 0 0 0 0 0 0 0 0 0 0 0 0 0 0 0 0 0 0 0 0 0 0 0 0 0 0 0 0 0 0 0 0 0 0 0 0 0 0 0 0 0 0 0 0 0 0 0 0 0 0 0 0 0 0 0 0 0 0 0 0 0 0 0 0 0 0 0 0 0 0 0 0 0 0 0 0 0 0 0 0 0 1 0 0 0 1 0 0 0 0 0 0 0 0 0 0 0 2 0 0 0 0 0 0 0 0 0 0 0 56 4 0 0 254 255 255 255 7 0 4 0 0 0 0 0 data 135 0x40007 0x0 0xa0 0x0 0xb0005 0x0 0x0 0x0 0x0 0x0 0xe0005 0x0 0x0 0x0 0x0 0x0 0x170007 0x0 0x3b8 0x0 0x1f0005 0x0 0x0 0x0 0x0 0x0 0x270007 0x0 0x368 0x0 0x310002 0x0 0x370005 0x0 0x0 0x0 0x0 0x0 0x400005 0x0 0x0 0x0 0x0 0x0 0x450007 0x0 0x1c8 0x0 0x4a0005 0x0 0x0 0x0 0x0 0x0 0x4f0004 0x0 0x0 0x0 0x0 0x0 0x560005 0x0 0x0 0x0 0x0 0x0 0x590007 0x0 0x50 0x0 0x600005 0x0 0x0 0x0 0x0 0x0 0x660005 0x0 0x0 0x0 0x0 0x0 0x6f0007 0x0 0x80 0x0 0x760005 0x0 0x0 0x0 0x0 0x0 0x790005 0x0 0x0 0x0 0x0 0x0 0x7d0003 0x0 0xfffffffffffffe20 0x820005 0x0 0x0 0x0 0x0 0x0 0x850007 0x0 0x50 0x0 0x8c0005 0x0 0x0 0x0 0x0 0x0 0x930005 0x0 0x0 0x0 0x0 0x0 0x960005 0x0 0x0 0x0 0x0 0x0 0x9d0005 0x0 0x0 0x0 0x0 0x0 oops 0
ciMethodData org/eclipse/aether/internal/impl/collect/DependencyCollectorDelegate createArtifactDescriptorRequest (Ljava/lang/String;Lorg/eclipse/aether/RequestTrace;Ljava/util/List;Lorg/eclipse/aether/graph/Dependency;)Lorg/eclipse/aether/resolution/ArtifactDescriptorRequest; 2 3063 orig 264 120 87 82 89 249 127 0 0 128 12 19 29 208 2 0 0 96 2 0 0 0 0 0 0 0 0 0 0 0 0 0 0 0 0 0 0 0 0 0 0 0 0 0 0 0 0 0 0 0 0 0 0 0 0 0 0 0 0 0 0 0 0 0 0 0 0 0 0 0 0 0 0 0 0 0 0 0 0 0 0 77 68 79 32 101 120 116 114 97 32 100 97 116 97 32 108 111 99 107 0 0 0 0 0 0 0 0 0 0 0 0 0 0 0 0 0 0 0 0 0 0 0 0 0 0 0 0 0 0 0 0 0 0 0 0 0 0 0 0 0 0 0 0 0 0 0 0 0 0 0 0 0 0 0 0 0 0 0 0 0 0 0 0 0 0 0 0 0 0 0 0 0 0 0 0 0 0 0 0 0 0 0 0 0 0 0 0 0 0 0 0 0 0 0 0 0 0 0 0 0 0 0 0 0 0 0 0 0 0 0 0 0 0 0 0 0 150 0 0 0 9 91 0 0 1 0 0 0 0 0 0 0 0 0 0 0 2 0 0 0 0 0 11 0 2 0 0 0 0 1 0 0 254 255 255 255 2 0 4 0 0 0 0 0 data 32 0x40002 0xb61 0xc0005 0x101 0x2d0220177c0 0xa60 0x0 0x0 0xf0005 0x101 0x2d01d6dcd70 0xa60 0x0 0x0 0x160005 0x101 0x2d01d6dcd70 0xa60 0x0 0x0 0x1d0005 0x101 0x2d01d6dcd70 0xa60 0x0 0x0 0x240005 0x101 0x2d01d6dcd70 0xa60 0x0 0x0 oops 5 4 org/eclipse/aether/graph/Dependency 10 org/eclipse/aether/resolution/ArtifactDescriptorRequest 16 org/eclipse/aether/resolution/ArtifactDescriptorRequest 22 org/eclipse/aether/resolution/ArtifactDescriptorRequest 28 org/eclipse/aether/resolution/ArtifactDescriptorRequest
ciMethodData org/eclipse/aether/internal/impl/collect/df/DfDependencyCollector getArtifactDescriptorResult (Lorg/eclipse/aether/internal/impl/collect/df/DfDependencyCollector$Args;Lorg/eclipse/aether/internal/impl/collect/DependencyCollectorDelegate$Results;ZLorg/eclipse/aether/graph/Dependency;Lorg/eclipse/aether/resolution/ArtifactDescriptorRequest;)Lorg/eclipse/aether/resolution/ArtifactDescriptorResult; 2 2600 orig 264 120 87 82 89 249 127 0 0 176 55 19 29 208 2 0 0 160 1 0 0 48 0 0 0 0 0 0 0 0 0 0 0 0 0 0 0 0 0 0 0 0 0 0 0 0 0 0 0 0 0 0 0 0 0 0 0 0 0 0 0 0 0 0 0 0 0 0 0 0 0 0 0 0 0 0 0 0 0 0 0 77 68 79 32 101 120 116 114 97 32 100 97 116 97 32 108 111 99 107 0 0 0 0 0 0 0 0 0 0 0 0 0 0 0 0 0 0 0 0 0 0 0 0 0 0 0 0 0 0 0 0 0 0 0 0 0 0 0 0 0 0 0 0 0 0 0 0 0 0 0 0 0 0 0 0 0 0 0 0 0 0 0 0 0 0 0 0 0 0 0 0 0 0 0 0 0 0 0 0 0 0 0 0 0 0 0 0 0 0 0 0 0 0 0 0 0 0 0 0 0 0 0 0 0 0 0 0 0 0 0 0 0 0 0 0 0 150 0 0 0 145 76 0 0 1 0 0 0 0 0 0 0 0 0 0 0 2 0 0 0 0 0 0 0 0 0 0 0 88 0 0 0 254 255 255 255 7 0 1 0 0 0 0 0 data 11 0x10007 0x989 0x48 0x9 0xa0002 0x9 0xd0003 0x9 0x28 0x1f0002 0x989 oops 0
ciMethodData org/eclipse/aether/resolution/ArtifactDescriptorResult <init> (Lorg/eclipse/aether/resolution/ArtifactDescriptorRequest;)V 2 2612 orig 264 120 87 82 89 249 127 0 0 16 225 52 30 208 2 0 0 64 2 0 0 0 0 0 0 0 0 0 0 0 0 0 0 0 0 0 0 0 0 0 0 0 0 0 0 0 0 0 0 0 0 0 0 0 0 0 0 0 0 0 0 0 0 0 0 0 0 0 0 0 0 0 0 0 0 0 0 0 0 0 0 77 68 79 32 101 120 116 114 97 32 100 97 116 97 32 108 111 99 107 0 0 0 0 0 0 0 0 0 0 0 0 0 0 0 0 0 0 0 0 0 0 0 0 0 0 0 0 0 0 0 0 0 0 0 0 0 0 0 0 0 0 0 0 0 0 0 0 0 0 0 0 0 0 0 0 0 0 0 0 0 0 0 0 0 0 0 0 0 0 0 0 0 0 0 0 0 0 0 0 0 0 0 0 0 0 0 0 0 0 0 0 0 0 0 0 0 0 0 0 0 0 0 0 0 0 0 0 0 0 0 0 0 0 0 0 0 152 0 0 0 225 76 0 0 1 0 0 0 0 0 0 0 0 0 0 0 2 0 0 0 0 0 6 0 2 0 0 0 240 0 0 0 254 255 255 255 2 0 1 0 0 0 0 0 data 30 0x10002 0x99c 0x80002 0x99c 0xb0004 0x0 0x2d01d6dcd70 0x82 0x0 0x0 0x130005 0x82 0x2d01d6dcd70 0x91a 0x0 0x0 0x1a0002 0x99c 0x210002 0x99c 0x280002 0x99c 0x2f0002 0x99c 0x360002 0x99c 0x3d0002 0x99c 0x440002 0x99c oops 2 6 org/eclipse/aether/resolution/ArtifactDescriptorRequest 12 org/eclipse/aether/resolution/ArtifactDescriptorRequest
ciMethodData org/eclipse/aether/internal/impl/collect/df/DfDependencyCollector resolveCachedArtifactDescriptor (Lorg/eclipse/aether/internal/impl/collect/DataPool;Lorg/eclipse/aether/resolution/ArtifactDescriptorRequest;Lorg/eclipse/aether/RepositorySystemSession;Lorg/eclipse/aether/graph/Dependency;Lorg/eclipse/aether/internal/impl/collect/DependencyCollectorDelegate$Results;Lorg/eclipse/aether/internal/impl/collect/df/DfDependencyCollector$Args;)Lorg/eclipse/aether/resolution/ArtifactDescriptorResult; 2 2591 orig 264 120 87 82 89 249 127 0 0 64 57 19 29 208 2 0 0 240 2 0 0 40 1 0 0 0 0 0 0 0 0 0 0 0 0 0 0 0 0 0 0 0 0 0 0 0 0 0 0 0 0 0 0 0 0 0 0 0 0 0 0 0 0 0 0 0 0 0 0 0 0 0 0 0 0 0 0 0 0 0 0 77 68 79 32 101 120 116 114 97 32 100 97 116 97 32 108 111 99 107 0 0 0 0 0 0 0 0 0 0 0 0 0 0 0 0 0 0 0 0 0 0 0 0 0 0 0 0 0 0 0 0 0 0 0 0 0 0 0 0 0 0 0 0 0 0 0 0 0 0 0 0 0 0 0 0 0 0 0 0 0 0 0 0 0 0 0 0 0 0 0 0 0 0 0 0 0 0 0 0 0 0 0 0 0 0 0 0 0 0 0 0 0 0 0 0 0 0 0 0 0 0 0 0 0 0 0 0 0 0 0 0 0 0 0 0 0 150 0 0 0 73 76 0 0 1 0 0 0 0 0 0 0 0 0 0 0 2 0 0 0 0 0 20 0 2 0 0 0 120 1 0 0 254 255 255 255 5 0 2 0 0 0 0 0 data 47 0x20005 0x101 0x2d022019040 0x888 0x0 0x0 0xb0005 0x101 0x2d022019040 0x888 0x0 0x0 0x120007 0x7ae 0xf8 0x1db 0x1b0005 0x0 0x2d0231ab240 0x1db 0x0 0x0 0x270005 0x60 0x2d022019040 0x17a 0x0 0x0 0x2a0003 0x1da 0x98 0x3d0005 0x0 0x0 0x0 0x0 0x0 0x450005 0x0 0x0 0x0 0x0 0x0 0x4f0007 0x7ae 0x20 0x0 oops 4 2 org/eclipse/aether/internal/impl/collect/DataPool 8 org/eclipse/aether/internal/impl/collect/DataPool 18 org/apache/maven/repository/internal/DefaultArtifactDescriptorReader 24 org/eclipse/aether/internal/impl/collect/DataPool
ciMethodData org/eclipse/aether/internal/impl/collect/df/NodeStack top ()Lorg/eclipse/aether/graph/DependencyNode; 2 2630 orig 264 120 87 82 89 249 127 0 0 200 138 125 30 208 2 0 0 56 2 0 0 80 0 0 0 0 0 0 0 0 0 0 0 0 0 0 0 0 0 0 0 0 0 0 0 0 0 0 0 0 0 0 0 0 0 0 0 0 0 0 0 0 0 0 0 0 0 0 0 0 0 0 0 0 0 0 0 0 0 0 0 77 68 79 32 101 120 116 114 97 32 100 97 116 97 32 108 111 99 107 0 0 0 0 0 0 0 0 0 0 0 0 0 0 0 0 0 0 0 0 0 0 0 0 0 0 0 0 0 0 0 0 0 0 0 0 0 0 0 0 0 0 0 0 0 0 0 0 0 0 0 0 0 0 0 0 0 0 0 0 0 0 0 0 0 0 0 0 0 0 0 0 0 0 0 0 0 0 0 0 0 0 0 0 0 0 0 0 0 0 0 0 0 0 0 0 0 0 0 0 0 0 0 0 0 0 0 0 0 0 0 0 0 0 0 0 0 149 0 0 0 137 77 0 0 1 0 0 0 0 0 0 0 0 0 0 0 2 0 0 0 0 0 13 0 2 0 0 0 240 0 0 0 254 255 255 255 5 0 4 0 0 0 0 0 data 30 0x40005 0x0 0x2d022018b70 0x9b1 0x0 0x0 0x70007 0x9b1 0x30 0x0 0x100002 0x0 0x1c0005 0x0 0x2d022018b70 0x9b1 0x0 0x0 0x210005 0x0 0x2d022018b70 0x9b1 0x0 0x0 0x240004 0x0 0x2d0220191a0 0x9b1 0x0 0x0 oops 4 2 java/util/ArrayList 14 java/util/ArrayList 20 java/util/ArrayList 26 org/eclipse/aether/graph/DefaultDependencyNode
ciMethodData org/eclipse/aether/internal/impl/collect/DefaultDependencyCycle find (Ljava/util/List;Lorg/eclipse/aether/artifact/Artifact;)I 2 19444 orig 264 120 87 82 89 249 127 0 0 248 236 125 30 208 2 0 0 160 5 0 0 0 0 0 0 0 0 0 0 0 0 0 0 0 0 0 0 0 0 0 0 0 0 0 0 0 0 0 0 0 0 0 0 0 0 0 0 0 0 0 0 0 0 0 0 0 0 0 0 0 0 0 0 0 0 0 0 0 0 0 0 77 68 79 32 101 120 116 114 97 32 100 97 116 97 32 108 111 99 107 0 0 0 0 0 0 0 0 0 0 0 0 0 0 0 0 0 0 0 0 0 0 0 0 0 0 0 0 0 0 0 0 0 0 0 0 0 0 0 0 0 0 0 0 0 0 0 0 0 0 0 0 0 0 0 0 0 0 0 0 0 0 0 0 0 0 0 0 0 0 0 0 0 0 0 0 0 0 0 0 0 0 0 0 0 0 0 0 0 0 0 0 0 0 0 0 0 0 0 0 0 0 0 0 0 0 0 0 0 0 0 0 0 0 0 0 0 223 1 0 0 9 91 0 0 169 80 2 0 0 0 0 0 0 0 0 0 2 0 0 0 1 0 18 0 2 0 0 0 80 4 0 0 254 255 255 255 5 0 1 0 0 0 0 0 data 138 0x10005 0x0 0x2d022018b70 0xb61 0x0 0x0 0xa0007 0xb61 0x420 0x4a15 0xf0005 0x0 0x2d022018b70 0x4a15 0x0 0x0 0x140004 0x0 0x2d0220191a0 0x4a15 0x0 0x0 0x190005 0x0 0x2d0220191a0 0x4a15 0x0 0x0 0x220007 0x4a15 0x38 0x0 0x250003 0x0 0x350 0x2a0005 0x0 0x2d022018d80 0x4a15 0x0 0x0 0x300005 0x0 0x2d022018d80 0x4a15 0x0 0x0 0x350005 0x2c9 0x2d01848b7c0 0x474c 0x0 0x0 0x380007 0x0 0x38 0x4a15 0x3b0003 0x4a15 0x270 0x400005 0x0 0x0 0x0 0x0 0x0 0x460005 0x0 0x0 0x0 0x0 0x0 0x4b0005 0x0 0x0 0x0 0x0 0x0 0x4e0007 0x0 0x38 0x0 0x510003 0x0 0x1a8 0x560005 0x0 0x0 0x0 0x0 0x0 0x5c0005 0x0 0x0 0x0 0x0 0x0 0x610005 0x0 0x0 0x0 0x0 0x0 0x640007 0x0 0x38 0x0 0x670003 0x0 0xe0 0x6c0005 0x0 0x0 0x0 0x0 0x0 0x720005 0x0 0x0 0x0 0x0 0x0 0x770005 0x0 0x0 0x0 0x0 0x0 0x7a0007 0x0 0x38 0x0 0x7d0003 0x0 0x18 0x850003 0x4a15 0xfffffffffffffbf8 oops 7 2 java/util/ArrayList 12 java/util/ArrayList 18 org/eclipse/aether/graph/DefaultDependencyNode 24 org/eclipse/aether/graph/DefaultDependencyNode 37 org/eclipse/aether/artifact/DefaultArtifact 43 org/eclipse/aether/artifact/DefaultArtifact 49 java/lang/String
ciMethodData org/eclipse/aether/internal/impl/collect/DataPool intern (Lorg/eclipse/aether/artifact/Artifact;)Lorg/eclipse/aether/artifact/Artifact; 2 2630 orig 264 120 87 82 89 249 127 0 0 136 169 58 30 208 2 0 0 176 1 0 0 0 0 0 0 0 0 0 0 0 0 0 0 0 0 0 0 0 0 0 0 0 0 0 0 0 0 0 0 0 0 0 0 0 0 0 0 0 0 0 0 0 0 0 0 0 0 0 0 0 0 0 0 0 0 0 0 0 0 0 0 77 68 79 32 101 120 116 114 97 32 100 97 116 97 32 108 111 99 107 0 0 0 0 0 0 0 0 0 0 0 0 0 0 0 0 0 0 0 0 0 0 0 0 0 0 0 0 0 0 0 0 0 0 0 0 0 0 0 0 0 0 0 0 0 0 0 0 0 0 0 0 0 0 0 0 0 0 0 0 0 0 0 0 0 0 0 0 0 0 0 0 0 0 0 0 0 0 0 0 0 0 0 0 0 0 0 0 0 0 0 0 0 0 0 0 0 0 0 0 0 0 0 0 0 0 0 0 0 0 0 0 0 0 0 0 0 149 0 0 0 137 77 0 0 1 0 0 0 0 0 0 0 0 0 0 0 2 0 0 0 0 0 0 0 0 0 0 0 96 0 0 0 254 255 255 255 5 0 6 0 0 0 0 0 data 12 0x60005 0x0 0x2d021c9f030 0x9b1 0x0 0x0 0xb0004 0x0 0x2d022018d80 0x9b1 0x0 0x0 oops 2 2 org/eclipse/aether/internal/impl/collect/DataPool$WeakInternPool 8 org/eclipse/aether/artifact/DefaultArtifact
ciMethodData org/eclipse/aether/internal/impl/collect/DataPool intern (Lorg/eclipse/aether/graph/Dependency;)Lorg/eclipse/aether/graph/Dependency; 2 2630 orig 264 120 87 82 89 249 127 0 0 64 170 58 30 208 2 0 0 176 1 0 0 0 0 0 0 0 0 0 0 0 0 0 0 0 0 0 0 0 0 0 0 0 0 0 0 0 0 0 0 0 0 0 0 0 0 0 0 0 0 0 0 0 0 0 0 0 0 0 0 0 0 0 0 0 0 0 0 0 0 0 0 77 68 79 32 101 120 116 114 97 32 100 97 116 97 32 108 111 99 107 0 0 0 0 0 0 0 0 0 0 0 0 0 0 0 0 0 0 0 0 0 0 0 0 0 0 0 0 0 0 0 0 0 0 0 0 0 0 0 0 0 0 0 0 0 0 0 0 0 0 0 0 0 0 0 0 0 0 0 0 0 0 0 0 0 0 0 0 0 0 0 0 0 0 0 0 0 0 0 0 0 0 0 0 0 0 0 0 0 0 0 0 0 0 0 0 0 0 0 0 0 0 0 0 0 0 0 0 0 0 0 0 0 0 0 0 0 149 0 0 0 137 77 0 0 1 0 0 0 0 0 0 0 0 0 0 0 2 0 0 0 0 0 0 0 0 0 0 0 96 0 0 0 254 255 255 255 5 0 6 0 0 0 0 0 data 12 0x60005 0x0 0x2d021c9f030 0x9b1 0x0 0x0 0xb0004 0x0 0x2d0220177c0 0x9b1 0x0 0x0 oops 2 2 org/eclipse/aether/internal/impl/collect/DataPool$WeakInternPool 8 org/eclipse/aether/graph/Dependency
ciMethodData org/eclipse/aether/resolution/VersionRangeResult getRepository (Lorg/eclipse/aether/version/Version;)Lorg/eclipse/aether/repository/ArtifactRepository; 2 3287 orig 264 120 87 82 89 249 127 0 0 192 115 57 30 208 2 0 0 176 1 0 0 0 0 0 0 0 0 0 0 0 0 0 0 0 0 0 0 0 0 0 0 0 0 0 0 0 0 0 0 0 0 0 0 0 0 0 0 0 0 0 0 0 0 0 0 0 0 0 0 0 0 0 0 0 0 0 0 0 0 0 0 77 68 79 32 101 120 116 114 97 32 100 97 116 97 32 108 111 99 107 0 0 0 0 0 0 0 0 0 0 0 0 0 0 0 0 0 0 0 0 0 0 0 0 0 0 0 0 0 0 0 0 0 0 0 0 0 0 0 0 0 0 0 0 0 0 0 0 0 0 0 0 0 0 0 0 0 0 0 0 0 0 0 0 0 0 0 0 0 0 0 0 0 0 0 0 0 0 0 0 0 0 0 0 0 0 0 0 0 0 0 0 0 0 0 0 0 0 0 0 0 0 0 0 0 0 0 0 0 0 0 0 0 0 0 0 0 219 0 0 0 225 95 0 0 1 0 0 0 0 0 0 0 0 0 0 0 2 0 0 0 0 0 3 0 2 0 0 0 96 0 0 0 254 255 255 255 5 0 5 0 0 0 0 0 data 12 0x50005 0x0 0x2d023287750 0xbfc 0x0 0x0 0xa0104 0x0 0x0 0x0 0x0 0x0 oops 1 2 java/util/Collections$EmptyMap
ciMethodData org/eclipse/aether/internal/impl/collect/DependencyCollectorDelegate getRemoteRepositories (Lorg/eclipse/aether/repository/ArtifactRepository;Ljava/util/List;)Ljava/util/List; 2 3062 orig 264 120 87 82 89 249 127 0 0 56 16 19 29 208 2 0 0 16 2 0 0 128 0 0 0 0 0 0 0 0 0 0 0 0 0 0 0 0 0 0 0 0 0 0 0 0 0 0 0 0 0 0 0 0 0 0 0 0 0 0 0 0 0 0 0 0 0 0 0 0 0 0 0 0 0 0 0 0 0 0 0 77 68 79 32 101 120 116 114 97 32 100 97 116 97 32 108 111 99 107 0 0 0 0 0 0 0 0 0 0 0 0 0 0 0 0 0 0 0 0 0 0 0 0 0 0 0 0 0 0 0 0 0 0 0 0 0 0 0 0 0 0 0 0 0 0 0 0 0 0 0 0 0 0 0 0 0 0 0 0 0 0 0 0 0 0 0 0 0 0 0 0 0 0 0 0 0 0 0 0 0 0 0 0 0 0 0 0 0 0 0 0 0 0 0 0 0 0 0 0 0 0 0 0 0 0 0 0 0 0 0 0 0 0 0 0 0 149 0 0 0 9 91 0 0 1 0 0 0 0 0 0 0 0 0 0 0 2 0 0 0 0 0 0 0 0 0 0 0 192 0 0 0 254 255 255 255 4 1 1 0 0 0 0 0 data 24 0x10104 0x0 0x0 0x0 0x0 0x0 0x40007 0xb61 0x60 0x0 0x80004 0x0 0x0 0x0 0x0 0x0 0xb0002 0x0 0x100007 0xb61 0x30 0x0 0x130002 0x0 oops 0
ciMethodData org/eclipse/aether/internal/impl/collect/DependencyCollectorDelegate createDependencyNode (Ljava/util/List;Lorg/eclipse/aether/internal/impl/collect/PremanagedDependency;Lorg/eclipse/aether/resolution/VersionRangeResult;Lorg/eclipse/aether/version/Version;Lorg/eclipse/aether/graph/Dependency;Ljava/util/Collection;Ljava/util/List;Ljava/lang/String;)Lorg/eclipse/aether/graph/DefaultDependencyNode; 2 3062 orig 264 120 87 82 89 249 127 0 0 88 10 19 29 208 2 0 0 16 3 0 0 0 0 0 0 0 0 0 0 0 0 0 0 0 0 0 0 0 0 0 0 0 0 0 0 0 0 0 0 0 0 0 0 0 0 0 0 0 0 0 0 0 0 0 0 0 0 0 0 0 0 0 0 0 0 0 0 0 0 0 0 77 68 79 32 101 120 116 114 97 32 100 97 116 97 32 108 111 99 107 0 0 0 0 0 0 0 0 0 0 0 0 0 0 0 0 0 0 0 0 0 0 0 0 0 0 0 0 0 0 0 0 0 0 0 0 0 0 0 0 0 0 0 0 0 0 0 0 0 0 0 0 0 0 0 0 0 0 0 0 0 0 0 0 0 0 0 0 0 0 0 0 0 0 0 0 0 0 0 0 0 0 0 0 0 0 0 0 0 0 0 0 0 0 0 0 0 0 0 0 0 0 0 0 0 0 0 0 0 0 0 0 0 0 0 0 0 149 0 0 0 9 91 0 0 1 0 0 0 0 0 0 0 0 0 0 0 2 0 0 0 0 0 28 0 2 0 0 0 144 1 0 0 254 255 255 255 2 0 6 0 0 0 0 0 data 50 0x60002 0xb61 0xe0005 0x0 0x2d022018a10 0xb61 0x0 0x0 0x140005 0x101 0x2d0220191a0 0xa60 0x0 0x0 0x1a0005 0x101 0x2d0220190f0 0xa60 0x0 0x0 0x1d0005 0x101 0x2d0220191a0 0xa60 0x0 0x0 0x230005 0x101 0x2d0220191a0 0xa60 0x0 0x0 0x2a0005 0x101 0x2d0220191a0 0xa60 0x0 0x0 0x310005 0x101 0x2d0220191a0 0xa60 0x0 0x0 0x380005 0x101 0x2d0220191a0 0xa60 0x0 0x0 oops 8 4 org/eclipse/aether/internal/impl/collect/PremanagedDependency 10 org/eclipse/aether/graph/DefaultDependencyNode 16 org/eclipse/aether/resolution/VersionRangeResult 22 org/eclipse/aether/graph/DefaultDependencyNode 28 org/eclipse/aether/graph/DefaultDependencyNode 34 org/eclipse/aether/graph/DefaultDependencyNode 40 org/eclipse/aether/graph/DefaultDependencyNode 46 org/eclipse/aether/graph/DefaultDependencyNode
ciMethodData org/eclipse/aether/internal/impl/collect/df/DfDependencyCollector doRecurse (Lorg/eclipse/aether/internal/impl/collect/df/DfDependencyCollector$Args;Lorg/eclipse/aether/RequestTrace;Lorg/eclipse/aether/internal/impl/collect/DependencyCollectorDelegate$Results;Ljava/util/List;Lorg/eclipse/aether/collection/DependencySelector;Lorg/eclipse/aether/collection/DependencyManager;Lorg/eclipse/aether/collection/DependencyTraverser;Lorg/eclipse/aether/collection/VersionFilter;Lorg/eclipse/aether/graph/Dependency;Lorg/eclipse/aether/resolution/ArtifactDescriptorResult;Lorg/eclipse/aether/graph/DefaultDependencyNode;)V 2 2668 orig 264 120 87 82 89 249 127 0 0 104 54 19 29 208 2 0 0 48 6 0 0 72 4 0 0 0 0 0 0 0 0 0 0 0 0 0 0 0 0 0 0 0 0 0 0 0 0 0 0 0 0 0 0 0 0 0 0 0 0 0 0 0 0 0 0 0 0 0 0 0 0 0 0 0 0 0 0 0 0 0 0 77 68 79 32 101 120 116 114 97 32 100 97 116 97 32 108 111 99 107 0 0 0 0 0 0 0 0 0 0 0 0 0 0 0 0 0 0 0 0 0 0 0 0 0 0 0 0 0 0 0 0 0 0 0 0 0 0 0 0 0 0 0 0 0 0 0 0 0 0 0 0 0 0 0 0 0 0 0 0 0 0 0 0 0 0 0 0 0 0 0 0 0 0 0 0 0 0 0 0 0 0 0 0 0 0 0 0 0 0 0 0 0 0 0 0 0 0 0 0 0 0 0 0 0 0 0 0 0 0 0 0 0 0 0 0 0 135 0 0 0 41 79 0 0 1 0 0 0 0 0 0 0 0 0 0 0 2 0 0 0 0 0 38 0 2 0 0 0 144 4 0 0 254 255 255 255 5 0 12 0 0 0 0 0 data 146 0xc0005 0x8c 0x2d022018e30 0x959 0x0 0x0 0xf0005 0x8c 0x2d01cef9420 0x959 0x0 0x0 0x140007 0x0 0x68 0x9e5 0x1b0005 0x0 0x2d0220188b0 0x9e5 0x0 0x0 0x200003 0x9e5 0x18 0x280007 0x0 0x68 0x9e5 0x2f0005 0x0 0x2d01dcae760 0x9e5 0x0 0x0 0x340003 0x9e5 0x18 0x3c0007 0x0 0x68 0x9e5 0x430005 0x0 0x2d022018ac0 0x9e5 0x0 0x0 0x480003 0x9e5 0x18 0x500007 0x9e5 0x68 0x0 0x570005 0x0 0x0 0x0 0x0 0x0 0x5c0003 0x0 0x18 0x660007 0x9e5 0x38 0x0 0x6b0003 0x0 0x78 0x7a0005 0x8c 0x2d022018e30 0x959 0x0 0x0 0x7e0005 0x0 0x2d01ccda160 0x9e5 0x0 0x0 0x8b0005 0x8c 0x2d0220177c0 0x959 0x0 0x0 0x980005 0x8c 0x2d022019040 0x959 0x0 0x0 0xa30005 0x8c 0x2d022019040 0x959 0x0 0x0 0xaa0007 0x390 0x138 0x655 0xb50005 0x52 0x2d0220191a0 0x603 0x0 0x0 0xb80005 0x52 0x2d022019040 0x603 0x0 0x0 0xc10005 0x52 0x2d022018ee0 0x603 0x0 0x0 0xca0005 0x52 0x2d022018e30 0x603 0x0 0x0 0xd70002 0x655 0xde0005 0x52 0x2d022018ee0 0x600 0x0 0x0 0xe10003 0x652 0x48 0xe80005 0x3a 0x2d0220191a0 0x356 0x0 0x0 oops 16 2 org/eclipse/aether/resolution/ArtifactDescriptorResult 8 org/eclipse/aether/internal/impl/collect/DefaultDependencyCollectionContext 18 org/eclipse/aether/util/graph/selector/AndDependencySelector 31 org/eclipse/aether/util/graph/manager/ClassicDependencyManager 44 org/eclipse/aether/util/graph/traverser/FatArtifactTraverser 73 org/eclipse/aether/resolution/ArtifactDescriptorResult 79 org/eclipse/aether/internal/impl/DefaultRemoteRepositoryManager 85 org/eclipse/aether/graph/Dependency 91 org/eclipse/aether/internal/impl/collect/DataPool 97 org/eclipse/aether/internal/impl/collect/DataPool 107 org/eclipse/aether/graph/DefaultDependencyNode 113 org/eclipse/aether/internal/impl/collect/DataPool 119 org/eclipse/aether/internal/impl/collect/df/NodeStack 125 org/eclipse/aether/resolution/ArtifactDescriptorResult 133 org/eclipse/aether/internal/impl/collect/df/NodeStack 142 org/eclipse/aether/graph/DefaultDependencyNode
ciMethodData org/eclipse/aether/resolution/VersionRangeRequest setRepositories (Ljava/util/List;)Lorg/eclipse/aether/resolution/VersionRangeRequest; 2 3350 orig 264 120 87 82 89 249 127 0 0 72 97 57 30 208 2 0 0 152 1 0 0 0 0 0 0 0 0 0 0 0 0 0 0 0 0 0 0 0 0 0 0 0 0 0 0 0 0 0 0 0 0 0 0 0 0 0 0 0 0 0 0 0 0 0 0 0 0 0 0 0 0 0 0 0 0 0 0 0 0 0 0 77 68 79 32 101 120 116 114 97 32 100 97 116 97 32 108 111 99 107 0 0 0 0 0 0 0 0 0 0 0 0 0 0 0 0 0 0 0 0 0 0 0 0 0 0 0 0 0 0 0 0 0 0 0 0 0 0 0 0 0 0 0 0 0 0 0 0 0 0 0 0 0 0 0 0 0 0 0 0 0 0 0 0 0 0 0 0 0 0 0 0 0 0 0 0 0 0 0 0 0 0 0 0 0 0 0 0 0 0 0 0 0 0 0 0 0 0 0 0 0 0 0 0 0 0 0 0 0 0 0 0 0 0 0 0 0 2 1 0 0 161 96 0 0 1 0 0 0 0 0 0 0 0 0 0 0 2 0 0 0 0 0 6 0 2 0 0 0 72 0 0 0 254 255 255 255 7 0 1 0 0 0 0 0 data 9 0x10007 0xc14 0x48 0x0 0x50002 0x0 0xb0003 0x0 0x18 oops 0
ciMethodData org/eclipse/aether/resolution/VersionRangeRequest setRequestContext (Ljava/lang/String;)Lorg/eclipse/aether/resolution/VersionRangeRequest; 2 3350 orig 264 120 87 82 89 249 127 0 0 168 99 57 30 208 2 0 0 96 1 0 0 0 0 0 0 0 0 0 0 0 0 0 0 0 0 0 0 0 0 0 0 0 0 0 0 0 0 0 0 0 0 0 0 0 0 0 0 0 0 0 0 0 0 0 0 0 0 0 0 0 0 0 0 0 0 0 0 0 0 0 0 77 68 79 32 101 120 116 114 97 32 100 97 116 97 32 108 111 99 107 0 0 0 0 0 0 0 0 0 0 0 0 0 0 0 0 0 0 0 0 0 0 0 0 0 0 0 0 0 0 0 0 0 0 0 0 0 0 0 0 0 0 0 0 0 0 0 0 0 0 0 0 0 0 0 0 0 0 0 0 0 0 0 0 0 0 0 0 0 0 0 0 0 0 0 0 0 0 0 0 0 0 0 0 0 0 0 0 0 0 0 0 0 0 0 0 0 0 0 0 0 0 0 0 0 0 0 0 0 0 0 0 0 0 0 0 0 2 1 0 0 161 96 0 0 1 0 0 0 0 0 0 0 0 0 0 0 2 0 0 0 0 0 6 0 2 0 0 0 56 0 0 0 254 255 255 255 7 0 2 0 0 0 0 0 data 7 0x20007 0x0 0x38 0xc14 0x60003 0xc14 0x18 oops 0
ciMethodData org/eclipse/aether/resolution/VersionRangeRequest setTrace (Lorg/eclipse/aether/RequestTrace;)Lorg/eclipse/aether/resolution/VersionRangeRequest; 2 3350 orig 264 120 87 82 89 249 127 0 0 24 101 57 30 208 2 0 0 40 1 0 0 0 0 0 0 0 0 0 0 0 0 0 0 0 0 0 0 0 0 0 0 0 0 0 0 0 0 0 0 0 0 0 0 0 0 0 0 0 0 0 0 0 0 0 0 0 0 0 0 0 0 0 0 0 0 0 0 0 0 0 0 77 68 79 32 101 120 116 114 97 32 100 97 116 97 32 108 111 99 107 0 0 0 0 0 0 0 0 0 0 0 0 0 0 0 0 0 0 0 0 0 0 0 0 0 0 0 0 0 0 0 0 0 0 0 0 0 0 0 0 0 0 0 0 0 0 0 0 0 0 0 0 0 0 0 0 0 0 0 0 0 0 0 0 0 0 0 0 0 0 0 0 0 0 0 0 0 0 0 0 0 0 0 0 0 0 0 0 0 0 0 0 0 0 0 0 0 0 0 0 0 0 0 0 0 0 0 0 0 0 0 0 0 0 0 0 0 3 1 0 0 153 96 0 0 1 0 0 0 0 0 0 0 0 0 0 0 2 0 0 0 0 0 3 0 1 0 0 0 0 0 0 0 254 255 255 255 0 0 0 0 0 0 0 0 data 0 oops 0
ciMethodData org/eclipse/aether/resolution/VersionRangeResult <init> (Lorg/eclipse/aether/resolution/VersionRangeRequest;)V 2 2745 orig 264 120 87 82 89 249 127 0 0 168 108 57 30 208 2 0 0 208 1 0 0 0 0 0 0 0 0 0 0 0 0 0 0 0 0 0 0 0 0 0 0 0 0 0 0 0 0 0 0 0 0 0 0 0 0 0 0 0 0 0 0 0 0 0 0 0 0 0 0 0 0 0 0 0 0 0 0 0 0 0 0 77 68 79 32 101 120 116 114 97 32 100 97 116 97 32 108 111 99 107 0 0 0 0 0 0 0 0 0 0 0 0 0 0 0 0 0 0 0 0 0 0 0 0 0 0 0 0 0 0 0 0 0 0 0 0 0 0 0 0 0 0 0 0 0 0 0 0 0 0 0 0 0 0 0 0 0 0 0 0 0 0 0 0 0 0 0 0 0 0 0 0 0 0 0 0 0 0 0 0 0 0 0 0 0 0 0 0 0 0 0 0 0 0 0 0 0 0 0 0 0 0 0 0 0 0 0 0 0 0 0 0 0 0 0 0 0 3 1 0 0 169 77 0 0 1 0 0 0 0 0 0 0 0 0 0 0 2 0 0 0 0 0 6 0 2 0 0 0 128 0 0 0 254 255 255 255 2 0 1 0 0 0 0 0 data 16 0x10002 0x9b6 0x80002 0x9b6 0xb0004 0x0 0x2d01d6da080 0x1 0x0 0x0 0x120002 0x9b6 0x190002 0x9b6 0x200002 0x9b6 oops 1 6 org/eclipse/aether/resolution/VersionRangeRequest
ciMethodData org/eclipse/aether/resolution/VersionRangeResult addVersion (Lorg/eclipse/aether/version/Version;)Lorg/eclipse/aether/resolution/VersionRangeResult; 2 2783 orig 264 120 87 82 89 249 127 0 0 88 112 57 30 208 2 0 0 224 1 0 0 80 0 0 0 0 0 0 0 0 0 0 0 0 0 0 0 0 0 0 0 0 0 0 0 0 0 0 0 0 0 0 0 0 0 0 0 0 0 0 0 0 0 0 0 0 0 0 0 0 0 0 0 0 0 0 0 0 0 0 0 77 68 79 32 101 120 116 114 97 32 100 97 116 97 32 108 111 99 107 0 0 0 0 0 0 0 0 0 0 0 0 0 0 0 0 0 0 0 0 0 0 0 0 0 0 0 0 0 0 0 0 0 0 0 0 0 0 0 0 0 0 0 0 0 0 0 0 0 0 0 0 0 0 0 0 0 0 0 0 0 0 0 0 0 0 0 0 0 0 0 0 0 0 0 0 0 0 0 0 0 0 0 0 0 0 0 0 0 0 0 0 0 0 0 0 0 0 0 0 0 0 0 0 0 0 0 0 0 0 0 0 0 0 0 0 0 4 1 0 0 217 78 0 0 1 0 0 0 0 0 0 0 0 0 0 0 2 0 0 0 0 0 6 0 2 0 0 0 144 0 0 0 254 255 255 255 5 0 4 0 0 0 0 0 data 18 0x40005 0x0 0x2d022018f90 0x9db 0x0 0x0 0x90007 0x0 0x30 0x9db 0x110002 0x9db 0x1c0005 0x0 0x2d022018b70 0x9db 0x0 0x0 oops 2 2 java/util/Collections$EmptyList 14 java/util/ArrayList
ciMethodData java/util/Collections$SynchronizedMap put (Ljava/lang/Object;Ljava/lang/Object;)Ljava/lang/Object; 2 1270 orig 264 120 87 82 89 249 127 0 0 224 153 97 30 208 2 0 0 136 1 0 0 0 0 0 0 0 0 0 0 0 0 0 0 0 0 0 0 0 0 0 0 0 0 0 0 0 0 0 0 0 0 0 0 0 0 0 0 0 0 0 0 0 0 0 0 0 0 0 0 0 0 0 0 0 0 0 0 0 0 0 0 77 68 79 32 101 120 116 114 97 32 100 97 116 97 32 108 111 99 107 0 0 0 0 0 0 0 0 0 0 0 0 0 0 0 0 0 0 0 0 0 0 0 0 0 0 0 0 0 0 0 0 0 0 0 0 0 0 0 0 0 0 0 0 0 0 0 0 0 0 0 0 0 0 0 0 0 0 0 0 0 0 0 0 0 0 0 0 0 0 0 0 0 0 0 0 0 0 0 0 0 0 0 0 0 0 0 0 0 0 0 0 0 0 0 0 0 0 0 0 0 0 0 0 0 0 0 0 0 0 0 0 0 0 0 0 0 0 1 0 0 177 31 0 0 1 0 0 0 0 0 0 0 0 0 0 0 2 0 0 0 0 0 7 0 2 0 0 0 48 0 0 0 254 255 255 255 5 0 13 0 0 0 0 0 data 6 0xd0005 0x0 0x2d021ca2df0 0x3f3 0x2d021f07de0 0x3 oops 2 2 java/util/WeakHashMap 4 java/util/IdentityHashMap
ciMethodData org/apache/maven/repository/internal/ArtifactDescriptorReaderDelegate populateResult (Lorg/eclipse/aether/RepositorySystemSession;Lorg/eclipse/aether/resolution/ArtifactDescriptorResult;Lorg/apache/maven/model/Model;)V 2 23114 orig 264 120 87 82 89 249 127 0 0 32 73 60 30 208 2 0 0 64 13 0 0 232 5 0 0 0 0 0 0 0 0 0 0 0 0 0 0 0 0 0 0 0 0 0 0 0 0 0 0 0 0 0 0 0 0 0 0 0 0 0 0 0 0 0 0 0 0 0 0 0 0 0 0 0 0 0 0 0 0 0 0 77 68 79 32 101 120 116 114 97 32 100 97 116 97 32 108 111 99 107 0 0 0 0 0 0 0 0 0 0 0 0 0 0 0 0 0 0 0 0 0 0 0 0 0 0 0 0 0 0 0 0 0 0 0 0 0 0 0 0 0 0 0 0 0 0 0 0 0 0 0 0 0 0 0 0 0 0 0 0 0 0 0 0 0 0 0 0 0 0 0 0 0 0 0 0 0 0 0 0 0 0 0 0 0 0 0 0 0 0 0 0 0 0 0 0 0 0 0 0 0 0 0 0 0 0 0 0 0 0 0 0 0 0 0 0 0 9 8 0 0 65 14 0 0 9 146 2 0 0 0 0 0 0 0 0 0 2 0 0 0 4 0 55 0 2 0 0 0 224 11 0 0 254 255 255 255 5 0 1 0 0 0 0 0 data 380 0x10005 0x0 0x2d022fb0b60 0x1c8 0x0 0x0 0x90005 0x0 0x2d022fad7d0 0x1c8 0x0 0x0 0xc0005 0x0 0x2d022018b70 0x1c8 0x0 0x0 0x150005 0x0 0x2d022018c20 0x52b 0x0 0x0 0x1a0007 0x1c8 0xd8 0x363 0x1f0005 0x0 0x2d022018c20 0x363 0x0 0x0 0x240004 0x0 0x2d01d88ac40 0x363 0x0 0x0 0x2c0002 0x0 0x2f0005 0x0 0x2d022018e30 0x363 0x0 0x0 0x330003 0x363 0xffffffffffffff10 0x370005 0x0 0x2d022fad7d0 0x1c8 0x0 0x0 0x3a0005 0x0 0x2d022018b70 0x115 0x2d01d843de0 0xb3 0x430005 0x0 0x2d022018c20 0x6e3 0x2d01d843e90 0x660 0x480007 0x1c8 0xd8 0xb7b 0x4d0005 0x0 0x2d022018c20 0x5ce 0x2d01d843e90 0x5ad 0x520004 0x0 0x2d01d88a430 0xb7b 0x0 0x0 0x5d0002 0xb7b 0x600005 0x0 0x2d022018e30 0xb7b 0x0 0x0 0x640003 0xb7b 0xffffffffffffff10 0x680005 0x0 0x2d022fad7d0 0x1c8 0x0 0x0 0x6f0007 0xa9 0x188 0x11f 0x740005 0x0 0x2d01d887a60 0x11f 0x0 0x0 0x770005 0x0 0x2d01d843de0 0xff 0x2d022018b70 0x20 0x800005 0x0 0x2d01d843e90 0x3603 0x2d022018c20 0xca3 0x850007 0x11f 0xd8 0x4187 0x8a0005 0x0 0x2d01d843e90 0x3504 0x2d022018c20 0xc83 0x8f0004 0x0 0x2d01d88a430 0x4187 0x0 0x0 0x9a0002 0x4187 0x9d0005 0x0 0x2d022018e30 0x4187 0x0 0x0 0xa10003 0x4187 0xffffffffffffff10 0xa80002 0x1c8 0xae0005 0x0 0x2d022fad7d0 0x1c8 0x0 0x0 0xb50007 0x1bb 0x80 0xd 0xbe0005 0x0 0x2d01d888180 0xd 0x0 0x0 0xc10005 0x0 0x2d02328a530 0xd 0x0 0x0 0xc80005 0x0 0x2d022fad7d0 0x1c8 0x0 0x0 0xd30005 0x0 0x2d022018b70 0x1c8 0x0 0x0 0xd80002 0x1c8 0xdb0005 0x0 0x2d02328a530 0x1c8 0x0 0x0 0xe80005 0x0 0x2d022018b70 0x3a4 0x0 0x0 0xed0007 0x1c8 0x558 0x1dc 0xf40005 0x0 0x2d022018b70 0x1dc 0x0 0x0 0xf90004 0x0 0x2d01d8892a0 0x1dc 0x0 0x0 0x1040002 0x1dc 0x1090005 0x0 0x2d01b176180 0x1dc 0x0 0x0 0x10e0005 0x0 0x2d01b176180 0x1dc 0x0 0x0 0x1130005 0x0 0x2d01b176180 0x1dc 0x0 0x0 0x1160005 0x0 0x2d01b176180 0x1dc 0x0 0x0 0x11b0005 0x0 0x2d01d8892a0 0x1dc 0x0 0x0 0x11e0005 0x0 0x2d02328a530 0x1dc 0x0 0x0 0x12a0002 0x1dc 0x12f0005 0x0 0x2d01b176180 0x1dc 0x0 0x0 0x1340005 0x0 0x2d01b176180 0x1dc 0x0 0x0 0x1390005 0x0 0x2d01b176180 0x1dc 0x0 0x0 0x13c0005 0x0 0x2d01b176180 0x1dc 0x0 0x0 0x1410005 0x0 0x2d01d8892a0 0x1dc 0x0 0x0 0x1440005 0x0 0x2d02328a530 0x1dc 0x0 0x0 0x1500002 0x1dc 0x1550005 0x0 0x2d01b176180 0x1dc 0x0 0x0 0x15a0005 0x0 0x2d01b176180 0x1dc 0x0 0x0 0x15f0005 0x0 0x2d01b176180 0x1dc 0x0 0x0 0x1620005 0x0 0x2d01b176180 0x1dc 0x0 0x0 0x1670005 0x0 0x2d01d8892a0 0x1dc 0x0 0x0 0x16a0005 0x0 0x2d02328a530 0x1dc 0x0 0x0 0x1760002 0x1dc 0x17b0005 0x0 0x2d01b176180 0x1dc 0x0 0x0 0x1800005 0x0 0x2d01b176180 0x1dc 0x0 0x0 0x1850005 0x0 0x2d01b176180 0x1dc 0x0 0x0 0x1880005 0x0 0x2d01b176180 0x1dc 0x0 0x0 0x18d0005 0x0 0x2d01d8892a0 0x1dc 0x0 0x0 0x1900005 0x0 0x2d02328a530 0x1dc 0x0 0x0 0x1990003 0x1dc 0xfffffffffffffa90 0x19f0005 0x0 0x2d022018e30 0x1c8 0x0 0x0 0x1a60002 0x1c8 oops 60 2 org/eclipse/aether/DefaultRepositorySystemSession 8 org/apache/maven/model/Model 14 java/util/ArrayList 20 java/util/ArrayList$Itr 30 java/util/ArrayList$Itr 36 org/apache/maven/model/Repository 44 org/eclipse/aether/resolution/ArtifactDescriptorResult 53 org/apache/maven/model/Model 59 java/util/ArrayList 61 org/apache/maven/model/merge/ModelMerger$MergingList 65 java/util/ArrayList$Itr 67 java/util/LinkedHashMap$LinkedValueIterator 75 java/util/ArrayList$Itr 77 java/util/LinkedHashMap$LinkedValueIterator 81 org/apache/maven/model/Dependency 89 org/eclipse/aether/resolution/ArtifactDescriptorResult 98 org/apache/maven/model/Model 108 org/apache/maven/model/DependencyManagement 114 org/apache/maven/model/merge/ModelMerger$MergingList 116 java/util/ArrayList 120 java/util/LinkedHashMap$LinkedValueIterator 122 java/util/ArrayList$Itr 130 java/util/LinkedHashMap$LinkedValueIterator 132 java/util/ArrayList$Itr 136 org/apache/maven/model/Dependency 144 org/eclipse/aether/resolution/ArtifactDescriptorResult 155 org/apache/maven/model/Model 165 org/apache/maven/model/Prerequisites 171 java/util/LinkedHashMap 177 org/apache/maven/model/Model 183 java/util/ArrayList 191 java/util/LinkedHashMap 197 java/util/ArrayList 207 java/util/ArrayList 213 org/apache/maven/model/License 221 java/lang/StringBuilder 227 java/lang/StringBuilder 233 java/lang/StringBuilder 239 java/lang/StringBuilder 245 org/apache/maven/model/License 251 java/util/LinkedHashMap 259 java/lang/StringBuilder 265 java/lang/StringBuilder 271 java/lang/StringBuilder 277 java/lang/StringBuilder 283 org/apache/maven/model/License 289 java/util/LinkedHashMap 297 java/lang/StringBuilder 303 java/lang/StringBuilder 309 java/lang/StringBuilder 315 java/lang/StringBuilder 321 org/apache/maven/model/License 327 java/util/LinkedHashMap 335 java/lang/StringBuilder 341 java/lang/StringBuilder 347 java/lang/StringBuilder 353 java/lang/StringBuilder 359 org/apache/maven/model/License 365 java/util/LinkedHashMap 374 org/eclipse/aether/resolution/ArtifactDescriptorResult
ciMethodData org/eclipse/aether/resolution/ArtifactDescriptorRequest setRepositories (Ljava/util/List;)Lorg/eclipse/aether/resolution/ArtifactDescriptorRequest; 2 3074 orig 264 120 87 82 89 249 127 0 0 208 59 57 30 208 2 0 0 152 1 0 0 0 0 0 0 0 0 0 0 0 0 0 0 0 0 0 0 0 0 0 0 0 0 0 0 0 0 0 0 0 0 0 0 0 0 0 0 0 0 0 0 0 0 0 0 0 0 0 0 0 0 0 0 0 0 0 0 0 0 0 0 77 68 79 32 101 120 116 114 97 32 100 97 116 97 32 108 111 99 107 0 0 0 0 0 0 0 0 0 0 0 0 0 0 0 0 0 0 0 0 0 0 0 0 0 0 0 0 0 0 0 0 0 0 0 0 0 0 0 0 0 0 0 0 0 0 0 0 0 0 0 0 0 0 0 0 0 0 0 0 0 0 0 0 0 0 0 0 0 0 0 0 0 0 0 0 0 0 0 0 0 0 0 0 0 0 0 0 0 0 0 0 0 0 0 0 0 0 0 0 0 0 0 0 0 0 0 0 0 0 0 0 0 0 0 0 0 0 1 0 0 17 88 0 0 1 0 0 0 0 0 0 0 0 0 0 0 2 0 0 0 0 0 6 0 2 0 0 0 72 0 0 0 254 255 255 255 7 0 1 0 0 0 0 0 data 9 0x10007 0xb02 0x48 0x0 0x50002 0x0 0xb0003 0x0 0x18 oops 0
ciMethodData org/eclipse/aether/resolution/ArtifactDescriptorRequest setRequestContext (Ljava/lang/String;)Lorg/eclipse/aether/resolution/ArtifactDescriptorRequest; 2 3074 orig 264 120 87 82 89 249 127 0 0 48 62 57 30 208 2 0 0 96 1 0 0 0 0 0 0 0 0 0 0 0 0 0 0 0 0 0 0 0 0 0 0 0 0 0 0 0 0 0 0 0 0 0 0 0 0 0 0 0 0 0 0 0 0 0 0 0 0 0 0 0 0 0 0 0 0 0 0 0 0 0 0 77 68 79 32 101 120 116 114 97 32 100 97 116 97 32 108 111 99 107 0 0 0 0 0 0 0 0 0 0 0 0 0 0 0 0 0 0 0 0 0 0 0 0 0 0 0 0 0 0 0 0 0 0 0 0 0 0 0 0 0 0 0 0 0 0 0 0 0 0 0 0 0 0 0 0 0 0 0 0 0 0 0 0 0 0 0 0 0 0 0 0 0 0 0 0 0 0 0 0 0 0 0 0 0 0 0 0 0 0 0 0 0 0 0 0 0 0 0 0 0 0 0 0 0 0 0 0 0 0 0 0 0 0 0 0 0 0 1 0 0 17 88 0 0 1 0 0 0 0 0 0 0 0 0 0 0 2 0 0 0 0 0 6 0 2 0 0 0 56 0 0 0 254 255 255 255 7 0 2 0 0 0 0 0 data 7 0x20007 0x0 0x38 0xb02 0x60003 0xb02 0x18 oops 0
ciMethodData org/eclipse/aether/graph/DefaultDependencyNode <init> (Lorg/eclipse/aether/graph/Dependency;)V 2 3067 orig 264 120 87 82 89 249 127 0 0 64 232 58 30 208 2 0 0 24 2 0 0 96 0 0 0 0 0 0 0 0 0 0 0 0 0 0 0 0 0 0 0 0 0 0 0 0 0 0 0 0 0 0 0 0 0 0 0 0 0 0 0 0 0 0 0 0 0 0 0 0 0 0 0 0 0 0 0 0 0 0 0 77 68 79 32 101 120 116 114 97 32 100 97 116 97 32 108 111 99 107 0 0 0 0 0 0 0 0 0 0 0 0 0 0 0 0 0 0 0 0 0 0 0 0 0 0 0 0 0 0 0 0 0 0 0 0 0 0 0 0 0 0 0 0 0 0 0 0 0 0 0 0 0 0 0 0 0 0 0 0 0 0 0 0 0 0 0 0 0 0 0 0 0 0 0 0 0 0 0 0 0 0 0 0 0 0 0 0 0 0 0 0 0 0 0 0 0 0 0 0 0 0 0 0 0 0 0 0 0 0 0 0 0 0 0 0 0 5 1 0 0 177 87 0 0 1 0 0 0 0 0 0 0 0 0 0 0 2 0 0 0 0 0 6 0 2 0 0 0 200 0 0 0 254 255 255 255 2 0 1 0 0 0 0 0 data 25 0x10002 0xaf6 0xb0007 0x0 0x68 0xaf6 0xf0005 0x0 0x2d0220177c0 0xaf6 0x0 0x0 0x120003 0xaf6 0x18 0x1f0002 0xaf6 0x260002 0xaf6 0x2d0002 0xaf6 0x340002 0xaf6 0x410002 0xaf6 oops 1 8 org/eclipse/aether/graph/Dependency
ciMethodData org/eclipse/aether/graph/DefaultDependencyNode setRelocations (Ljava/util/List;)V 2 3067 orig 264 120 87 82 89 249 127 0 0 16 240 58 30 208 2 0 0 232 1 0 0 80 0 0 0 0 0 0 0 0 0 0 0 0 0 0 0 0 0 0 0 0 0 0 0 0 0 0 0 0 0 0 0 0 0 0 0 0 0 0 0 0 0 0 0 0 0 0 0 0 0 0 0 0 0 0 0 0 0 0 0 77 68 79 32 101 120 116 114 97 32 100 97 116 97 32 108 111 99 107 0 0 0 0 0 0 0 0 0 0 0 0 0 0 0 0 0 0 0 0 0 0 0 0 0 0 0 0 0 0 0 0 0 0 0 0 0 0 0 0 0 0 0 0 0 0 0 0 0 0 0 0 0 0 0 0 0 0 0 0 0 0 0 0 0 0 0 0 0 0 0 0 0 0 0 0 0 0 0 0 0 0 0 0 0 0 0 0 0 0 0 0 0 0 0 0 0 0 0 0 0 0 0 0 0 0 0 0 0 0 0 0 0 0 0 0 0 5 1 0 0 177 87 0 0 1 0 0 0 0 0 0 0 0 0 0 0 2 0 0 0 0 0 9 0 2 0 0 0 152 0 0 0 254 255 255 255 7 0 1 0 0 0 0 0 data 19 0x10007 0x0 0x70 0xaf6 0x50005 0x0 0x2d022018f90 0xaf6 0x0 0x0 0xa0007 0x0 0x48 0xaf6 0xe0002 0xaf6 0x140003 0xaf6 0x18 oops 1 6 java/util/Collections$EmptyList
ciMethodData org/eclipse/aether/graph/DefaultDependencyNode setVersion (Lorg/eclipse/aether/version/Version;)V 2 3067 orig 264 120 87 82 89 249 127 0 0 88 244 58 30 208 2 0 0 40 1 0 0 0 0 0 0 0 0 0 0 0 0 0 0 0 0 0 0 0 0 0 0 0 0 0 0 0 0 0 0 0 0 0 0 0 0 0 0 0 0 0 0 0 0 0 0 0 0 0 0 0 0 0 0 0 0 0 0 0 0 0 0 77 68 79 32 101 120 116 114 97 32 100 97 116 97 32 108 111 99 107 0 0 0 0 0 0 0 0 0 0 0 0 0 0 0 0 0 0 0 0 0 0 0 0 0 0 0 0 0 0 0 0 0 0 0 0 0 0 0 0 0 0 0 0 0 0 0 0 0 0 0 0 0 0 0 0 0 0 0 0 0 0 0 0 0 0 0 0 0 0 0 0 0 0 0 0 0 0 0 0 0 0 0 0 0 0 0 0 0 0 0 0 0 0 0 0 0 0 0 0 0 0 0 0 0 0 0 0 0 0 0 0 0 0 0 0 0 5 1 0 0 177 87 0 0 1 0 0 0 0 0 0 0 0 0 0 0 2 0 0 0 0 0 3 0 1 0 0 0 0 0 0 0 254 255 255 255 0 0 0 0 0 0 0 0 data 0 oops 0
ciMethodData org/eclipse/aether/graph/DefaultDependencyNode setAliases (Ljava/util/Collection;)V 2 3067 orig 264 120 87 82 89 249 127 0 0 160 241 58 30 208 2 0 0 232 1 0 0 80 0 0 0 0 0 0 0 0 0 0 0 0 0 0 0 0 0 0 0 0 0 0 0 0 0 0 0 0 0 0 0 0 0 0 0 0 0 0 0 0 0 0 0 0 0 0 0 0 0 0 0 0 0 0 0 0 0 0 0 77 68 79 32 101 120 116 114 97 32 100 97 116 97 32 108 111 99 107 0 0 0 0 0 0 0 0 0 0 0 0 0 0 0 0 0 0 0 0 0 0 0 0 0 0 0 0 0 0 0 0 0 0 0 0 0 0 0 0 0 0 0 0 0 0 0 0 0 0 0 0 0 0 0 0 0 0 0 0 0 0 0 0 0 0 0 0 0 0 0 0 0 0 0 0 0 0 0 0 0 0 0 0 0 0 0 0 0 0 0 0 0 0 0 0 0 0 0 0 0 0 0 0 0 0 0 0 0 0 0 0 0 0 0 0 0 5 1 0 0 177 87 0 0 1 0 0 0 0 0 0 0 0 0 0 0 2 0 0 0 0 0 9 0 2 0 0 0 152 0 0 0 254 255 255 255 7 0 1 0 0 0 0 0 data 19 0x10007 0x0 0x70 0xaf6 0x50005 0x0 0x2d022018f90 0xaf6 0x0 0x0 0xa0007 0x0 0x48 0xaf6 0xe0002 0xaf6 0x140003 0xaf6 0x18 oops 1 6 java/util/Collections$EmptyList
ciMethodData org/eclipse/aether/resolution/VersionRangeResult setVersionConstraint (Lorg/eclipse/aether/version/VersionConstraint;)Lorg/eclipse/aether/resolution/VersionRangeResult; 2 2868 orig 264 120 87 82 89 249 127 0 0 8 118 57 30 208 2 0 0 40 1 0 0 0 0 0 0 0 0 0 0 0 0 0 0 0 0 0 0 0 0 0 0 0 0 0 0 0 0 0 0 0 0 0 0 0 0 0 0 0 0 0 0 0 0 0 0 0 0 0 0 0 0 0 0 0 0 0 0 0 0 0 0 77 68 79 32 101 120 116 114 97 32 100 97 116 97 32 108 111 99 107 0 0 0 0 0 0 0 0 0 0 0 0 0 0 0 0 0 0 0 0 0 0 0 0 0 0 0 0 0 0 0 0 0 0 0 0 0 0 0 0 0 0 0 0 0 0 0 0 0 0 0 0 0 0 0 0 0 0 0 0 0 0 0 0 0 0 0 0 0 0 0 0 0 0 0 0 0 0 0 0 0 0 0 0 0 0 0 0 0 0 0 0 0 0 0 0 0 0 0 0 0 0 0 0 0 0 0 0 0 0 0 0 0 0 0 0 0 128 1 0 0 161 77 0 0 1 0 0 0 0 0 0 0 0 0 0 0 2 0 0 0 0 0 3 0 1 0 0 0 0 0 0 0 254 255 255 255 0 0 0 0 0 0 0 0 data 0 oops 0
ciMethodData org/eclipse/aether/util/version/GenericVersionScheme <init> ()V 1 999 orig 264 120 87 82 89 249 127 0 0 16 69 121 30 208 2 0 0 48 1 0 0 0 0 0 0 0 0 0 0 0 0 0 0 0 0 0 0 0 0 0 0 0 0 0 0 0 0 0 0 0 0 0 0 0 0 0 0 0 0 0 0 0 0 0 0 0 0 0 0 0 0 0 0 0 0 0 0 0 0 0 0 77 68 79 32 101 120 116 114 97 32 100 97 116 97 32 108 111 99 107 0 0 0 0 0 0 0 0 0 0 0 0 0 0 0 0 0 0 0 0 0 0 0 0 0 0 0 0 0 0 0 0 0 0 0 0 0 0 0 0 0 0 0 0 0 0 0 0 0 0 0 0 0 0 0 0 0 0 0 0 0 0 0 0 0 0 0 0 0 0 0 0 0 0 0 0 0 0 0 0 0 0 0 0 0 0 0 0 0 0 0 0 0 0 0 0 0 0 0 0 0 0 0 0 0 0 0 0 0 0 0 0 0 0 0 0 0 0 1 0 0 57 23 0 0 1 0 0 0 0 0 0 0 0 0 0 0 2 0 0 0 0 0 3 0 2 0 0 0 16 0 0 0 254 255 255 255 2 0 1 0 0 0 0 0 data 2 0x10002 0x2e7 oops 0
ciMethodData org/eclipse/aether/util/version/GenericVersionScheme parseVersionConstraint (Ljava/lang/String;)Lorg/eclipse/aether/version/VersionConstraint; 1 999 orig 264 120 87 82 89 249 127 0 0 88 77 121 30 208 2 0 0 128 1 0 0 0 0 0 0 0 0 0 0 0 0 0 0 0 0 0 0 0 0 0 0 0 0 0 0 0 0 0 0 0 0 0 0 0 0 0 0 0 0 0 0 0 0 0 0 0 0 0 0 0 0 0 0 0 0 0 0 0 0 0 0 77 68 79 32 101 120 116 114 97 32 100 97 116 97 32 108 111 99 107 0 0 0 0 0 0 0 0 0 0 0 0 0 0 0 0 0 0 0 0 0 0 0 0 0 0 0 0 0 0 0 0 0 0 0 0 0 0 0 0 0 0 0 0 0 0 0 0 0 0 0 0 0 0 0 0 0 0 0 0 0 0 0 0 0 0 0 0 0 0 0 0 0 0 0 0 0 0 0 0 0 0 0 0 0 0 0 0 0 0 0 0 0 0 0 0 0 0 0 0 0 0 0 0 0 0 0 0 0 0 0 0 0 0 0 0 0 0 1 0 0 57 23 0 0 1 0 0 0 0 0 0 0 0 0 0 0 2 0 0 0 0 0 3 0 2 0 0 0 48 0 0 0 254 255 255 255 5 0 2 0 0 0 0 0 data 6 0x20005 0x0 0x2d01da112e0 0x2e7 0x0 0x0 oops 1 2 org/eclipse/aether/util/version/GenericVersionScheme
ciMethodData org/eclipse/aether/util/version/GenericVersionScheme parseVersionConstraint (Ljava/lang/String;)Lorg/eclipse/aether/util/version/GenericVersionConstraint; 1 1011 orig 264 120 87 82 89 249 127 0 0 168 72 121 30 208 2 0 0 0 8 0 0 120 6 0 0 0 0 0 0 0 0 0 0 0 0 0 0 0 0 0 0 0 0 0 0 0 0 0 0 0 0 0 0 0 0 0 0 0 0 0 0 0 0 0 0 0 0 0 0 0 0 0 0 0 0 0 0 0 0 0 0 77 68 79 32 101 120 116 114 97 32 100 97 116 97 32 108 111 99 107 0 0 0 0 0 0 0 0 0 0 0 0 0 0 0 0 0 0 0 0 0 0 0 0 0 0 0 0 0 0 0 0 0 0 0 0 0 0 0 0 0 0 0 0 0 0 0 0 0 0 0 0 0 0 0 0 0 0 0 0 0 0 0 0 0 0 0 0 0 0 0 0 0 0 0 0 0 0 0 0 0 0 0 0 0 0 0 0 0 0 0 0 0 0 0 0 0 0 0 0 0 0 0 0 0 0 0 0 0 0 0 0 0 0 0 0 0 0 1 0 0 153 23 0 0 1 0 0 0 0 0 0 0 0 0 0 0 2 0 0 0 1 0 61 0 2 0 0 0 176 6 0 0 254 255 255 255 2 0 3 0 0 0 0 0 data 214 0x30002 0x2f3 0x60004 0x0 0x0 0x0 0x0 0x0 0xe0002 0x2f3 0x150005 0x0 0x2d01848b7c0 0x2f3 0x0 0x0 0x180007 0x0 0x70 0x2f3 0x1e0005 0x0 0x2d01848b7c0 0x2f3 0x0 0x0 0x210007 0x2f3 0x368 0x0 0x270005 0x0 0x0 0x0 0x0 0x0 0x2f0005 0x0 0x0 0x0 0x0 0x0 0x3a0007 0x0 0x60 0x0 0x3f0007 0x0 0x40 0x0 0x460007 0x0 0x20 0x0 0x4f0007 0x0 0xd0 0x0 0x5b0002 0x0 0x600005 0x0 0x0 0x0 0x0 0x0 0x640005 0x0 0x0 0x0 0x0 0x0 0x670005 0x0 0x0 0x0 0x0 0x0 0x6a0002 0x0 0x750005 0x0 0x0 0x0 0x0 0x0 0x780005 0x0 0x0 0x0 0x0 0x0 0x800005 0x0 0x0 0x0 0x0 0x0 0x8b0005 0x0 0x0 0x0 0x0 0x0 0x8e0005 0x0 0x0 0x0 0x0 0x0 0x950005 0x0 0x0 0x0 0x0 0x0 0x980007 0x0 0x80 0x0 0x9d0005 0x0 0x0 0x0 0x0 0x0 0xa00005 0x0 0x0 0x0 0x0 0x0 0xa40003 0x0 0xfffffffffffffc30 0xa80005 0x0 0x2d01848b7c0 0x2f3 0x0 0x0 0xab0007 0x0 0x180 0x2f3 0xaf0005 0x0 0x2d022018b70 0x2f3 0x0 0x0 0xb40007 0x2f3 0x130 0x0 0xc00002 0x0 0xc50005 0x0 0x0 0x0 0x0 0x0 0xc90005 0x0 0x0 0x0 0x0 0x0 0xce0005 0x0 0x0 0x0 0x0 0x0 0xd20005 0x0 0x0 0x0 0x0 0x0 0xd50005 0x0 0x0 0x0 0x0 0x0 0xd80002 0x0 0xdd0005 0x0 0x2d022018b70 0x2f3 0x0 0x0 0xe20007 0x0 0x78 0x2f3 0xeb0005 0x0 0x2d01da112e0 0x2f3 0x0 0x0 0xee0002 0x2f3 0xf30003 0x2f3 0x38 0xfb0002 0x0 0xfe0002 0x0 oops 6 12 java/lang/String 22 java/lang/String 137 java/lang/String 147 java/util/ArrayList 191 java/util/ArrayList 201 org/eclipse/aether/util/version/GenericVersionScheme
ciMethodData org/apache/maven/repository/internal/DefaultVersionRangeResolver resolveVersionRange (Lorg/eclipse/aether/RepositorySystemSession;Lorg/eclipse/aether/resolution/VersionRangeRequest;)Lorg/eclipse/aether/resolution/VersionRangeResult; 1 988 orig 264 120 87 82 89 249 127 0 0 64 90 18 30 208 2 0 0 112 8 0 0 248 3 0 0 0 0 0 0 0 0 0 0 0 0 0 0 0 0 0 0 0 0 0 0 0 0 0 0 0 0 0 0 0 0 0 0 0 0 0 0 0 0 0 0 0 0 0 0 0 0 0 0 0 0 0 0 0 0 0 0 77 68 79 32 101 120 116 114 97 32 100 97 116 97 32 108 111 99 107 0 0 0 0 0 0 0 0 0 0 0 0 0 0 0 0 0 0 0 0 0 0 0 0 0 0 0 0 0 0 0 0 0 0 0 0 0 0 0 0 0 0 0 0 0 0 0 0 0 0 0 0 0 0 0 0 0 0 0 0 0 0 0 0 0 0 0 0 0 0 0 0 0 0 0 0 0 0 0 0 0 0 0 0 0 0 0 0 0 0 0 0 0 0 0 0 0 0 0 0 0 0 0 0 0 0 0 0 0 0 0 0 0 0 0 0 0 0 1 0 0 225 22 0 0 1 0 0 0 0 0 0 0 0 0 0 0 2 0 0 0 1 0 50 0 2 0 0 0 24 7 0 0 254 255 255 255 2 0 5 0 0 0 0 0 data 227 0x50002 0x2dc 0xd0002 0x2dc 0x150005 0x0 0x2d01d6da080 0x2dc 0x0 0x0 0x180005 0x0 0x2d022018d80 0x2dc 0x0 0x0 0x1d0005 0x0 0x2d01da112e0 0x2dc 0x0 0x0 0x240003 0x2dc 0x58 0x2c0005 0x0 0x0 0x0 0x0 0x0 0x350002 0x0 0x3c0005 0x0 0x2d0220190f0 0x2dc 0x0 0x0 0x420005 0x0 0x2d01da14380 0x2dc 0x0 0x0 0x470007 0x0 0x98 0x2dc 0x4d0005 0x0 0x2d01da14380 0x2dc 0x0 0x0 0x520005 0x0 0x2d0220190f0 0x2dc 0x0 0x0 0x560003 0x2dc 0x530 0x5b0005 0x0 0x0 0x0 0x0 0x0 0x600005 0x0 0x0 0x0 0x0 0x0 0x690007 0x0 0x148 0x0 0x700005 0x0 0x0 0x0 0x0 0x0 0x750005 0x0 0x0 0x0 0x0 0x0 0x7a0005 0x0 0x0 0x0 0x0 0x0 0x7d0007 0x0 0x98 0x0 0x830005 0x0 0x0 0x0 0x0 0x0 0x860005 0x0 0x0 0x0 0x0 0x0 0x8a0003 0x0 0x388 0x910002 0x0 0x9a0002 0x0 0xa10005 0x0 0x0 0x0 0x0 0x0 0xa60005 0x0 0x0 0x0 0x0 0x0 0xaf0005 0x0 0x0 0x0 0x0 0x0 0xb40007 0x0 0x280 0x0 0xb90005 0x0 0x0 0x0 0x0 0x0 0xbe0004 0x0 0x0 0x0 0x0 0x0 0xc70005 0x0 0x0 0x0 0x0 0x0 0xcc0004 0x0 0x0 0x0 0x0 0x0 0xcf0005 0x0 0x0 0x0 0x0 0x0 0xda0005 0x0 0x0 0x0 0x0 0x0 0xdf0007 0x0 0xe0 0x0 0xe60005 0x0 0x0 0x0 0x0 0x0 0xf10005 0x0 0x0 0x0 0x0 0x0 0xf60004 0x0 0x0 0x0 0x0 0x0 0xf90005 0x0 0x0 0x0 0x0 0x0 0xfd0003 0x0 0x48 0x1050005 0x0 0x0 0x0 0x0 0x0 0x1090003 0x0 0xfffffffffffffd68 0x10e0002 0x0 0x1140005 0x0 0x0 0x0 0x0 0x0 oops 7 6 org/eclipse/aether/resolution/VersionRangeRequest 12 org/eclipse/aether/artifact/DefaultArtifact 18 org/eclipse/aether/util/version/GenericVersionScheme 35 org/eclipse/aether/resolution/VersionRangeResult 41 org/eclipse/aether/util/version/GenericVersionConstraint 51 org/eclipse/aether/util/version/GenericVersionConstraint 57 org/eclipse/aether/resolution/VersionRangeResult
ciMethodData org/eclipse/aether/resolution/VersionRangeResult addException (Ljava/lang/Exception;)Lorg/eclipse/aether/resolution/VersionRangeResult; 1 0 orig 264 120 87 82 89 249 127 0 0 200 110 57 30 208 2 0 0 0 2 0 0 112 0 0 0 0 0 0 0 0 0 0 0 0 0 0 0 0 0 0 0 0 0 0 0 0 0 0 0 0 0 0 0 0 0 0 0 0 0 0 0 0 0 0 0 0 0 0 0 0 0 0 0 0 0 0 0 0 0 0 0 77 68 79 32 101 120 116 114 97 32 100 97 116 97 32 108 111 99 107 0 0 0 0 0 0 0 0 0 0 0 0 0 0 0 0 0 0 0 0 0 0 0 0 0 0 0 0 0 0 0 0 0 0 0 0 0 0 0 0 0 0 0 0 0 0 0 0 0 0 0 0 0 0 0 0 0 0 0 0 0 0 0 0 0 0 0 0 0 0 0 0 0 0 0 0 0 0 0 0 0 0 0 0 0 0 0 0 0 0 0 0 0 0 0 0 0 0 0 0 0 0 0 0 0 0 0 0 0 0 0 0 0 0 0 0 0 0 0 0 0 1 0 0 0 1 0 0 0 0 0 0 0 0 0 0 0 2 0 0 0 0 0 0 0 0 0 0 0 176 0 0 0 254 255 255 255 7 0 1 0 0 0 0 0 data 22 0x10007 0x0 0xb0 0x0 0x80005 0x0 0x0 0x0 0x0 0x0 0xd0007 0x0 0x30 0x0 0x150002 0x0 0x200005 0x0 0x0 0x0 0x0 0x0 oops 0
ciMethodData org/apache/maven/repository/internal/DefaultVersionRangeResolver getVersions (Lorg/eclipse/aether/RepositorySystemSession;Lorg/eclipse/aether/resolution/VersionRangeResult;Lorg/eclipse/aether/resolution/VersionRangeRequest;)Ljava/util/Map; 1 0 orig 264 120 87 82 89 249 127 0 0 208 93 18 30 208 2 0 0 240 11 0 0 48 6 0 0 0 0 0 0 0 0 0 0 0 0 0 0 0 0 0 0 0 0 0 0 0 0 0 0 0 0 0 0 0 0 0 0 0 0 0 0 0 0 0 0 0 0 0 0 0 0 0 0 0 0 0 0 0 0 0 0 77 68 79 32 101 120 116 114 97 32 100 97 116 97 32 108 111 99 107 0 0 0 0 0 0 0 0 0 0 0 0 0 0 0 0 0 0 0 0 0 0 0 0 0 0 0 0 0 0 0 0 0 0 0 0 0 0 0 0 0 0 0 0 0 0 0 0 0 0 0 0 0 0 0 0 0 0 0 0 0 0 0 0 0 0 0 0 0 0 0 0 0 0 0 0 0 0 0 0 0 0 0 0 0 0 0 0 0 0 0 0 0 0 0 0 0 0 0 0 0 0 0 0 0 0 0 0 0 0 0 0 0 0 0 0 0 0 0 0 0 1 0 0 0 1 0 0 0 0 0 0 0 0 0 0 0 2 0 0 0 0 0 0 0 0 0 0 0 144 10 0 0 254 255 255 255 5 0 1 0 0 0 0 0 data 338 0x10005 0x0 0x0 0x0 0x0 0x0 0x50002 0x0 0xe0002 0x0 0x180005 0x0 0x0 0x0 0x0 0x0 0x1b0005 0x0 0x0 0x0 0x0 0x0 0x210005 0x0 0x0 0x0 0x0 0x0 0x240005 0x0 0x0 0x0 0x0 0x0 0x2e0002 0x0 0x380005 0x0 0x0 0x0 0x0 0x0 0x3b0005 0x0 0x0 0x0 0x0 0x0 0x400002 0x0 0x4f0005 0x0 0x0 0x0 0x0 0x0 0x520002 0x0 0x550005 0x0 0x0 0x0 0x0 0x0 0x5c0005 0x0 0x0 0x0 0x0 0x0 0x5f0005 0x0 0x0 0x0 0x0 0x0 0x680005 0x0 0x0 0x0 0x0 0x0 0x6d0007 0x0 0x168 0x0 0x720005 0x0 0x0 0x0 0x0 0x0 0x770004 0x0 0x0 0x0 0x0 0x0 0x850005 0x0 0x0 0x0 0x0 0x0 0x880002 0x0 0x900005 0x0 0x0 0x0 0x0 0x0 0x980005 0x0 0x0 0x0 0x0 0x0 0xa00005 0x0 0x0 0x0 0x0 0x0 0xa60003 0x0 0xfffffffffffffe80 0xb00005 0x0 0x0 0x0 0x0 0x0 0xb80005 0x0 0x0 0x0 0x0 0x0 0xc10007 0x0 0x1d8 0x0 0xc70005 0x0 0x0 0x0 0x0 0x0 0xca0005 0x0 0x0 0x0 0x0 0x0 0xd30005 0x0 0x0 0x0 0x0 0x0 0xdc0005 0x0 0x0 0x0 0x0 0x0 0xe10007 0x0 0xf8 0x0 0xe60005 0x0 0x0 0x0 0x0 0x0 0xeb0004 0x0 0x0 0x0 0x0 0x0 0xf60005 0x0 0x0 0x0 0x0 0x0 0xfb0005 0x0 0x0 0x0 0x0 0x0 0x1010003 0x0 0xfffffffffffffef0 0x1060005 0x0 0x0 0x0 0x0 0x0 0x10f0005 0x0 0x0 0x0 0x0 0x0 0x1140007 0x0 0x400 0x0 0x1190005 0x0 0x0 0x0 0x0 0x0 0x11e0004 0x0 0x0 0x0 0x0 0x0 0x1260005 0x0 0x0 0x0 0x0 0x0 0x1290005 0x0 0x0 0x0 0x0 0x0 0x12f0005 0x0 0x0 0x0 0x0 0x0 0x1320005 0x0 0x0 0x0 0x0 0x0 0x1390007 0x0 0x50 0x0 0x13d0005 0x0 0x0 0x0 0x0 0x0 0x14a0005 0x0 0x0 0x0 0x0 0x0 0x1500002 0x0 0x15a0005 0x0 0x0 0x0 0x0 0x0 0x15d0005 0x0 0x0 0x0 0x0 0x0 0x1600002 0x0 0x1670005 0x0 0x0 0x0 0x0 0x0 0x16a0005 0x0 0x0 0x0 0x0 0x0 0x1730005 0x0 0x0 0x0 0x0 0x0 0x1780007 0x0 0x118 0x0 0x17d0005 0x0 0x0 0x0 0x0 0x0 0x1820004 0x0 0x0 0x0 0x0 0x0 0x18b0005 0x0 0x0 0x0 0x0 0x0 0x1900007 0x0 0x50 0x0 0x1990005 0x0 0x0 0x0 0x0 0x0 0x19f0003 0x0 0xfffffffffffffed0 0x1a20003 0x0 0xfffffffffffffbe8 oops 0
ciMethodData org/eclipse/aether/resolution/VersionRangeResult setRepository (Lorg/eclipse/aether/version/Version;Lorg/eclipse/aether/repository/ArtifactRepository;)Lorg/eclipse/aether/resolution/VersionRangeResult; 2 1878 orig 264 120 87 82 89 249 127 0 0 160 116 57 30 208 2 0 0 8 2 0 0 112 0 0 0 0 0 0 0 0 0 0 0 0 0 0 0 0 0 0 0 0 0 0 0 0 0 0 0 0 0 0 0 0 0 0 0 0 0 0 0 0 0 0 0 0 0 0 0 0 0 0 0 0 0 0 0 0 0 0 0 77 68 79 32 101 120 116 114 97 32 100 97 116 97 32 108 111 99 107 0 0 0 0 0 0 0 0 0 0 0 0 0 0 0 0 0 0 0 0 0 0 0 0 0 0 0 0 0 0 0 0 0 0 0 0 0 0 0 0 0 0 0 0 0 0 0 0 0 0 0 0 0 0 0 0 0 0 0 0 0 0 0 0 0 0 0 0 0 0 0 0 0 0 0 0 0 0 0 0 0 0 0 0 0 0 0 0 0 0 0 0 0 0 0 0 0 0 0 0 0 0 0 0 0 0 0 0 0 0 0 0 0 0 0 0 0 175 0 0 0 57 53 0 0 1 0 0 0 0 0 0 0 0 0 0 0 2 0 0 0 0 0 9 0 2 0 0 0 176 0 0 0 254 255 255 255 7 0 1 0 0 0 0 0 data 22 0x10007 0x6a7 0xb0 0x0 0x80005 0x0 0x0 0x0 0x0 0x0 0xd0007 0x0 0x30 0x0 0x150002 0x0 0x210005 0x0 0x0 0x0 0x0 0x0 oops 0
ciMethodData org/eclipse/aether/resolution/ArtifactDescriptorResult setArtifact (Lorg/eclipse/aether/artifact/Artifact;)Lorg/eclipse/aether/resolution/ArtifactDescriptorResult; 2 2076 orig 264 120 87 82 89 249 127 0 0 104 234 52 30 208 2 0 0 40 1 0 0 0 0 0 0 0 0 0 0 0 0 0 0 0 0 0 0 0 0 0 0 0 0 0 0 0 0 0 0 0 0 0 0 0 0 0 0 0 0 0 0 0 0 0 0 0 0 0 0 0 0 0 0 0 0 0 0 0 0 0 0 77 68 79 32 101 120 116 114 97 32 100 97 116 97 32 108 111 99 107 0 0 0 0 0 0 0 0 0 0 0 0 0 0 0 0 0 0 0 0 0 0 0 0 0 0 0 0 0 0 0 0 0 0 0 0 0 0 0 0 0 0 0 0 0 0 0 0 0 0 0 0 0 0 0 0 0 0 0 0 0 0 0 0 0 0 0 0 0 0 0 0 0 0 0 0 0 0 0 0 0 0 0 0 0 0 0 0 0 0 0 0 0 0 0 0 0 0 0 0 0 0 0 0 0 0 0 0 0 0 0 0 0 0 0 0 0 3 1 0 0 201 56 0 0 1 0 0 0 0 0 0 0 0 0 0 0 2 0 0 0 0 0 3 0 1 0 0 0 0 0 0 0 254 255 255 255 0 0 0 0 0 0 0 0 data 0 oops 0
ciMethodData org/eclipse/aether/internal/impl/collect/DataPool$DescriptorKey equals (Ljava/lang/Object;)Z 2 2048 orig 264 120 87 82 89 249 127 0 0 200 201 125 30 208 2 0 0 80 2 0 0 160 0 0 0 0 0 0 0 0 0 0 0 0 0 0 0 0 0 0 0 0 0 0 0 0 0 0 0 0 0 0 0 0 0 0 0 0 0 0 0 0 0 0 0 0 0 0 0 0 0 0 0 0 0 0 0 0 0 0 0 77 68 79 32 101 120 116 114 97 32 100 97 116 97 32 108 111 99 107 0 0 0 0 0 0 0 0 0 0 0 0 0 0 0 0 0 0 0 0 0 0 0 0 0 0 0 0 0 0 0 0 0 0 0 0 0 0 0 0 0 0 0 0 0 0 0 0 0 0 0 0 0 0 0 0 0 0 0 0 0 0 0 0 0 0 0 0 0 0 0 0 0 0 0 0 0 0 0 0 0 0 0 0 0 0 0 0 0 0 0 0 0 0 0 0 0 0 0 0 0 0 0 0 0 0 0 0 0 0 0 0 0 0 0 0 0 2 1 0 0 241 55 0 0 1 0 0 0 0 0 0 0 0 0 0 0 2 0 0 0 0 0 20 0 2 0 0 0 0 1 0 0 254 255 255 255 7 0 2 0 0 0 0 0 data 32 0x20007 0x6fe 0x20 0x0 0x80007 0x0 0xa0 0x6fe 0xc0005 0x0 0x2d0231a96d0 0x6fe 0x0 0x0 0x100005 0x0 0x2d0231a96d0 0x6fe 0x0 0x0 0x130007 0x6fe 0x20 0x0 0x190004 0x0 0x2d0231a96d0 0x6fe 0x0 0x0 0x250002 0x6fe oops 3 10 org/eclipse/aether/internal/impl/collect/DataPool$DescriptorKey 16 org/eclipse/aether/internal/impl/collect/DataPool$DescriptorKey 26 org/eclipse/aether/internal/impl/collect/DataPool$DescriptorKey
ciMethodData org/eclipse/aether/internal/impl/collect/DataPool$GoodDescriptor toResult (Lorg/eclipse/aether/resolution/ArtifactDescriptorRequest;)Lorg/eclipse/aether/resolution/ArtifactDescriptorResult; 2 2048 orig 264 120 87 82 89 249 127 0 0 88 220 125 30 208 2 0 0 128 2 0 0 0 0 0 0 0 0 0 0 0 0 0 0 0 0 0 0 0 0 0 0 0 0 0 0 0 0 0 0 0 0 0 0 0 0 0 0 0 0 0 0 0 0 0 0 0 0 0 0 0 0 0 0 0 0 0 0 0 0 0 0 77 68 79 32 101 120 116 114 97 32 100 97 116 97 32 108 111 99 107 0 0 0 0 0 0 0 0 0 0 0 0 0 0 0 0 0 0 0 0 0 0 0 0 0 0 0 0 0 0 0 0 0 0 0 0 0 0 0 0 0 0 0 0 0 0 0 0 0 0 0 0 0 0 0 0 0 0 0 0 0 0 0 0 0 0 0 0 0 0 0 0 0 0 0 0 0 0 0 0 0 0 0 0 0 0 0 0 0 0 0 0 0 0 0 0 0 0 0 0 0 0 0 0 0 0 0 0 0 0 0 0 0 0 0 0 0 2 1 0 0 241 55 0 0 1 0 0 0 0 0 0 0 0 0 0 0 2 0 0 0 0 0 23 0 2 0 0 0 48 1 0 0 254 255 255 255 2 0 5 0 0 0 0 0 data 38 0x50002 0x6fe 0xe0005 0xc 0x2d022018e30 0x6f2 0x0 0x0 0x170005 0xc 0x2d022018e30 0x6f2 0x0 0x0 0x200005 0xc 0x2d022018e30 0x6f2 0x0 0x0 0x290005 0xc 0x2d022018e30 0x6f2 0x0 0x0 0x320005 0xc 0x2d022018e30 0x6f2 0x0 0x0 0x3b0005 0xc 0x2d022018e30 0x6f2 0x0 0x0 oops 6 4 org/eclipse/aether/resolution/ArtifactDescriptorResult 10 org/eclipse/aether/resolution/ArtifactDescriptorResult 16 org/eclipse/aether/resolution/ArtifactDescriptorResult 22 org/eclipse/aether/resolution/ArtifactDescriptorResult 28 org/eclipse/aether/resolution/ArtifactDescriptorResult 34 org/eclipse/aether/resolution/ArtifactDescriptorResult
ciMethodData org/eclipse/aether/resolution/ArtifactDescriptorResult setRelocations (Ljava/util/List;)Lorg/eclipse/aether/resolution/ArtifactDescriptorResult; 2 2076 orig 264 120 87 82 89 249 127 0 0 152 229 52 30 208 2 0 0 152 1 0 0 0 0 0 0 0 0 0 0 0 0 0 0 0 0 0 0 0 0 0 0 0 0 0 0 0 0 0 0 0 0 0 0 0 0 0 0 0 0 0 0 0 0 0 0 0 0 0 0 0 0 0 0 0 0 0 0 0 0 0 0 77 68 79 32 101 120 116 114 97 32 100 97 116 97 32 108 111 99 107 0 0 0 0 0 0 0 0 0 0 0 0 0 0 0 0 0 0 0 0 0 0 0 0 0 0 0 0 0 0 0 0 0 0 0 0 0 0 0 0 0 0 0 0 0 0 0 0 0 0 0 0 0 0 0 0 0 0 0 0 0 0 0 0 0 0 0 0 0 0 0 0 0 0 0 0 0 0 0 0 0 0 0 0 0 0 0 0 0 0 0 0 0 0 0 0 0 0 0 0 0 0 0 0 0 0 0 0 0 0 0 0 0 0 0 0 0 2 1 0 0 209 56 0 0 1 0 0 0 0 0 0 0 0 0 0 0 2 0 0 0 0 0 6 0 2 0 0 0 72 0 0 0 254 255 255 255 7 0 1 0 0 0 0 0 data 9 0x10007 0x71a 0x48 0x0 0x50002 0x0 0xb0003 0x0 0x18 oops 0
ciMethodData org/eclipse/aether/resolution/ArtifactDescriptorResult setAliases (Ljava/util/Collection;)Lorg/eclipse/aether/resolution/ArtifactDescriptorResult; 2 2077 orig 264 120 87 82 89 249 127 0 0 16 232 52 30 208 2 0 0 152 1 0 0 0 0 0 0 0 0 0 0 0 0 0 0 0 0 0 0 0 0 0 0 0 0 0 0 0 0 0 0 0 0 0 0 0 0 0 0 0 0 0 0 0 0 0 0 0 0 0 0 0 0 0 0 0 0 0 0 0 0 0 0 77 68 79 32 101 120 116 114 97 32 100 97 116 97 32 108 111 99 107 0 0 0 0 0 0 0 0 0 0 0 0 0 0 0 0 0 0 0 0 0 0 0 0 0 0 0 0 0 0 0 0 0 0 0 0 0 0 0 0 0 0 0 0 0 0 0 0 0 0 0 0 0 0 0 0 0 0 0 0 0 0 0 0 0 0 0 0 0 0 0 0 0 0 0 0 0 0 0 0 0 0 0 0 0 0 0 0 0 0 0 0 0 0 0 0 0 0 0 0 0 0 0 0 0 0 0 0 0 0 0 0 0 0 0 0 0 2 1 0 0 217 56 0 0 1 0 0 0 0 0 0 0 0 0 0 0 2 0 0 0 0 0 6 0 2 0 0 0 72 0 0 0 254 255 255 255 7 0 1 0 0 0 0 0 data 9 0x10007 0x71b 0x48 0x0 0x50002 0x0 0xb0003 0x0 0x18 oops 0
ciMethodData org/eclipse/aether/resolution/ArtifactDescriptorResult setDependencies (Ljava/util/List;)Lorg/eclipse/aether/resolution/ArtifactDescriptorResult; 2 2077 orig 264 120 87 82 89 249 127 0 0 40 237 52 30 208 2 0 0 152 1 0 0 0 0 0 0 0 0 0 0 0 0 0 0 0 0 0 0 0 0 0 0 0 0 0 0 0 0 0 0 0 0 0 0 0 0 0 0 0 0 0 0 0 0 0 0 0 0 0 0 0 0 0 0 0 0 0 0 0 0 0 0 77 68 79 32 101 120 116 114 97 32 100 97 116 97 32 108 111 99 107 0 0 0 0 0 0 0 0 0 0 0 0 0 0 0 0 0 0 0 0 0 0 0 0 0 0 0 0 0 0 0 0 0 0 0 0 0 0 0 0 0 0 0 0 0 0 0 0 0 0 0 0 0 0 0 0 0 0 0 0 0 0 0 0 0 0 0 0 0 0 0 0 0 0 0 0 0 0 0 0 0 0 0 0 0 0 0 0 0 0 0 0 0 0 0 0 0 0 0 0 0 0 0 0 0 0 0 0 0 0 0 0 0 0 0 0 0 2 1 0 0 217 56 0 0 1 0 0 0 0 0 0 0 0 0 0 0 2 0 0 0 0 0 6 0 2 0 0 0 72 0 0 0 254 255 255 255 7 0 1 0 0 0 0 0 data 9 0x10007 0x71b 0x48 0x0 0x50002 0x0 0xb0003 0x0 0x18 oops 0
ciMethodData org/eclipse/aether/resolution/ArtifactDescriptorResult setRepositories (Ljava/util/List;)Lorg/eclipse/aether/resolution/ArtifactDescriptorResult; 2 2077 orig 264 120 87 82 89 249 127 0 0 24 242 52 30 208 2 0 0 152 1 0 0 0 0 0 0 0 0 0 0 0 0 0 0 0 0 0 0 0 0 0 0 0 0 0 0 0 0 0 0 0 0 0 0 0 0 0 0 0 0 0 0 0 0 0 0 0 0 0 0 0 0 0 0 0 0 0 0 0 0 0 0 77 68 79 32 101 120 116 114 97 32 100 97 116 97 32 108 111 99 107 0 0 0 0 0 0 0 0 0 0 0 0 0 0 0 0 0 0 0 0 0 0 0 0 0 0 0 0 0 0 0 0 0 0 0 0 0 0 0 0 0 0 0 0 0 0 0 0 0 0 0 0 0 0 0 0 0 0 0 0 0 0 0 0 0 0 0 0 0 0 0 0 0 0 0 0 0 0 0 0 0 0 0 0 0 0 0 0 0 0 0 0 0 0 0 0 0 0 0 0 0 0 0 0 0 0 0 0 0 0 0 0 0 0 0 0 0 4 1 0 0 201 56 0 0 1 0 0 0 0 0 0 0 0 0 0 0 2 0 0 0 0 0 0 0 0 0 0 0 72 0 0 0 254 255 255 255 7 0 1 0 0 0 0 0 data 9 0x10007 0x719 0x48 0x0 0x50002 0x0 0xb0003 0x0 0x18 oops 0
ciMethodData org/eclipse/aether/internal/impl/collect/DataPool$Constraint$VersionRepo <init> (Lorg/eclipse/aether/version/Version;Lorg/eclipse/aether/repository/ArtifactRepository;)V 1 704 orig 264 120 87 82 89 249 127 0 0 88 195 125 30 208 2 0 0 64 1 0 0 0 0 0 0 0 0 0 0 0 0 0 0 0 0 0 0 0 0 0 0 0 0 0 0 0 0 0 0 0 0 0 0 0 0 0 0 0 0 0 0 0 0 0 0 0 0 0 0 0 0 0 0 0 0 0 0 0 0 0 0 77 68 79 32 101 120 116 114 97 32 100 97 116 97 32 108 111 99 107 0 0 0 0 0 0 0 0 0 0 0 0 0 0 0 0 0 0 0 0 0 0 0 0 0 0 0 0 0 0 0 0 0 0 0 0 0 0 0 0 0 0 0 0 0 0 0 0 0 0 0 0 0 0 0 0 0 0 0 0 0 0 0 0 0 0 0 0 0 0 0 0 0 0 0 0 0 0 0 0 0 0 0 0 0 0 0 0 0 0 0 0 0 0 0 0 0 0 0 0 0 0 0 0 0 0 0 0 0 0 0 0 0 0 0 0 0 6 1 0 0 209 13 0 0 1 0 0 0 0 0 0 0 0 0 0 0 2 0 0 0 0 0 3 0 2 0 0 0 16 0 0 0 254 255 255 255 2 0 1 0 0 0 0 0 data 2 0x10002 0x1ba oops 0
ciMethodData org/eclipse/aether/internal/impl/collect/DataPool$ConstraintKey equals (Ljava/util/List;Ljava/util/List;)Z 2 16543 orig 264 120 87 82 89 249 127 0 0 48 179 125 30 208 2 0 0 120 7 0 0 176 0 0 0 0 0 0 0 0 0 0 0 0 0 0 0 0 0 0 0 0 0 0 0 0 0 0 0 0 0 0 0 0 0 0 0 0 0 0 0 0 0 0 0 0 0 0 0 0 0 0 0 0 0 0 0 0 0 0 0 77 68 79 32 101 120 116 114 97 32 100 97 116 97 32 108 111 99 107 0 0 0 0 0 0 0 0 0 0 0 0 0 0 0 0 0 0 0 0 0 0 0 0 0 0 0 0 0 0 0 0 0 0 0 0 0 0 0 0 0 0 0 0 0 0 0 0 0 0 0 0 0 0 0 0 0 0 0 0 0 0 0 0 0 0 0 0 0 0 0 0 0 0 0 0 0 0 0 0 0 0 0 0 0 0 0 0 0 0 0 0 0 0 0 0 0 0 0 0 0 0 0 0 0 0 0 0 0 0 0 0 0 0 0 0 0 39 2 0 0 9 82 0 0 193 243 1 0 0 0 0 0 0 0 0 0 2 0 0 0 1 0 36 0 2 0 0 0 40 6 0 0 254 255 255 255 5 0 1 0 0 0 0 0 data 197 0x10005 0x0 0x2d022018b70 0xa41 0x0 0x0 0x70005 0x0 0x2d022018b70 0xa41 0x0 0x0 0xc0007 0x879 0x20 0x1c8 0x120005 0x0 0x2d022018b70 0x879 0x0 0x0 0x190005 0x0 0x2d022018b70 0x879 0x0 0x0 0x200005 0x0 0x2d022018c20 0x46f1 0x0 0x0 0x250007 0x84c 0x518 0x3ea5 0x290005 0x0 0x2d022018c20 0x3ea5 0x0 0x0 0x2e0007 0x0 0x4c8 0x3ea5 0x320005 0x0 0x2d022018c20 0x3ea5 0x0 0x0 0x370004 0x0 0x2d0238ae120 0x3ea5 0x0 0x0 0x3d0005 0x0 0x2d022018c20 0x3ea5 0x0 0x0 0x420004 0x0 0x2d0238ae120 0x3ea5 0x0 0x0 0x490005 0x48 0x2d0238ae120 0x3e5d 0x0 0x0 0x4e0005 0x48 0x2d0238ae120 0x3e5d 0x0 0x0 0x510007 0x3ea5 0x20 0x0 0x580005 0x48 0x2d0238ae120 0x3e5d 0x0 0x0 0x5b0007 0x3ea5 0xb0 0x0 0x600005 0x0 0x0 0x0 0x0 0x0 0x650005 0x0 0x0 0x0 0x0 0x0 0x680002 0x0 0x6b0007 0x0 0x290 0x0 0x720005 0x48 0x2d0238ae120 0x3e5d 0x0 0x0 0x770005 0x48 0x2d0238ae120 0x3e5d 0x0 0x0 0x7a0005 0x48 0x2d01848b7c0 0x3e5d 0x0 0x0 0x7d0007 0x3e91 0x20 0x14 0x850005 0x48 0x2d0238ae120 0x3e49 0x0 0x0 0x880005 0x48 0x2d0238af000 0x3e49 0x0 0x0 0x8e0005 0x48 0x2d0238ae120 0x3e49 0x0 0x0 0x910005 0x48 0x2d0238af000 0x3e49 0x0 0x0 0x940007 0x3e8b 0x20 0x6 0x9c0005 0x48 0x2d0238ae120 0x3e43 0x0 0x0 0x9f0005 0x48 0x2d0238af000 0x3e43 0x0 0x0 0xa50005 0x48 0x2d0238ae120 0x3e43 0x0 0x0 0xa80005 0x48 0x2d0238af000 0x3e43 0x0 0x0 0xab0007 0x3e78 0x20 0x13 0xb00003 0x3e78 0xfffffffffffffad0 oops 24 2 java/util/ArrayList 8 java/util/ArrayList 18 java/util/ArrayList 24 java/util/ArrayList 30 java/util/ArrayList$Itr 40 java/util/ArrayList$Itr 50 java/util/ArrayList$Itr 56 org/eclipse/aether/repository/RemoteRepository 62 java/util/ArrayList$Itr 68 org/eclipse/aether/repository/RemoteRepository 74 org/eclipse/aether/repository/RemoteRepository 80 org/eclipse/aether/repository/RemoteRepository 90 org/eclipse/aether/repository/RemoteRepository 118 org/eclipse/aether/repository/RemoteRepository 124 org/eclipse/aether/repository/RemoteRepository 130 java/lang/String 140 org/eclipse/aether/repository/RemoteRepository 146 org/eclipse/aether/repository/RepositoryPolicy 152 org/eclipse/aether/repository/RemoteRepository 158 org/eclipse/aether/repository/RepositoryPolicy 168 org/eclipse/aether/repository/RemoteRepository 174 org/eclipse/aether/repository/RepositoryPolicy 180 org/eclipse/aether/repository/RemoteRepository 186 org/eclipse/aether/repository/RepositoryPolicy
ciMethodData org/eclipse/aether/internal/impl/collect/DataPool$ConstraintKey equals (Ljava/lang/Object;)Z 2 2071 orig 264 120 87 82 89 249 127 0 0 112 177 125 30 208 2 0 0 136 2 0 0 80 0 0 0 0 0 0 0 0 0 0 0 0 0 0 0 0 0 0 0 0 0 0 0 0 0 0 0 0 0 0 0 0 0 0 0 0 0 0 0 0 0 0 0 0 0 0 0 0 0 0 0 0 0 0 0 0 0 0 0 77 68 79 32 101 120 116 114 97 32 100 97 116 97 32 108 111 99 107 0 0 0 0 0 0 0 0 0 0 0 0 0 0 0 0 0 0 0 0 0 0 0 0 0 0 0 0 0 0 0 0 0 0 0 0 0 0 0 0 0 0 0 0 0 0 0 0 0 0 0 0 0 0 0 0 0 0 0 0 0 0 0 0 0 0 0 0 0 0 0 0 0 0 0 0 0 0 0 0 0 0 0 0 0 0 0 0 0 0 0 0 0 0 0 0 0 0 0 0 0 0 0 0 0 0 0 0 0 0 0 0 0 0 0 0 0 11 1 0 0 89 56 0 0 1 0 0 0 0 0 0 0 0 0 0 0 2 0 0 0 0 0 13 0 2 0 0 0 56 1 0 0 254 255 255 255 7 0 2 0 0 0 0 0 data 39 0x20007 0x70b 0x20 0x0 0x80004 0x0 0x2d01cf134c0 0x70b 0x0 0x0 0xb0007 0x70b 0x20 0x0 0x110004 0x0 0x2d01cf134c0 0x70b 0x0 0x0 0x1d0005 0x0 0x2d022018d80 0x70b 0x0 0x0 0x220007 0x0 0x68 0x70b 0x2d0002 0x6 0x300007 0x167 0x38 0x5a4 0x340003 0x5a4 0x18 oops 3 6 org/eclipse/aether/internal/impl/collect/DataPool$ConstraintKey 16 org/eclipse/aether/internal/impl/collect/DataPool$ConstraintKey 22 org/eclipse/aether/artifact/DefaultArtifact
ciMethodData org/apache/maven/repository/internal/DefaultArtifactDescriptorReader loadPom (Lorg/eclipse/aether/RepositorySystemSession;Lorg/eclipse/aether/resolution/ArtifactDescriptorRequest;Lorg/eclipse/aether/resolution/ArtifactDescriptorResult;)Lorg/apache/maven/model/Model; 1 560 orig 264 120 87 82 89 249 127 0 0 112 49 18 30 208 2 0 0 192 29 0 0 80 0 0 0 0 0 0 0 0 0 0 0 0 0 0 0 0 0 0 0 0 0 0 0 0 0 0 0 0 0 0 0 0 0 0 0 0 0 0 0 0 0 0 0 0 0 0 0 0 0 0 0 0 0 0 0 0 0 0 0 77 68 79 32 101 120 116 114 97 32 100 97 116 97 32 108 111 99 107 0 0 0 0 0 0 0 0 0 0 0 0 0 0 0 0 0 0 0 0 0 0 0 0 0 0 0 0 0 0 0 0 0 0 0 0 0 0 0 0 0 0 0 0 0 0 0 0 0 0 0 0 0 0 0 0 0 0 0 0 0 0 0 0 0 0 0 0 0 0 0 0 0 0 0 0 0 0 0 0 0 0 0 0 0 0 0 0 0 0 0 0 0 0 0 0 0 0 0 0 0 0 0 0 0 0 0 0 0 0 0 0 0 0 0 0 0 0 1 0 0 129 9 0 0 1 0 0 0 0 0 0 0 0 0 0 0 2 0 0 0 3 0 144 0 2 0 0 0 80 28 0 0 254 255 255 255 5 0 1 0 0 0 0 0 data 906 0x10005 0x6 0x2d01d6dcd70 0x12a 0x0 0x0 0x50002 0x130 0xe0002 0x130 0x140005 0x6 0x2d01d6dcd70 0x12a 0x0 0x0 0x1b0002 0x6 0x270005 0x6 0x2d01d6dcd70 0x12a 0x0 0x0 0x2b0005 0x6 0x2d01d6dcd70 0x12a 0x0 0x0 0x2e0002 0x130 0x370005 0x6 0x2d01bcf2240 0x12a 0x0 0x0 0x420005 0x0 0x2d01dcb27d0 0x130 0x0 0x0 0x4d0005 0x6 0x2d01bcf2cf0 0x12a 0x0 0x0 0x500005 0x0 0x2d022018d80 0x130 0x0 0x0 0x5e0005 0x6 0x2d01d6dcd70 0x12a 0x0 0x0 0x620005 0x6 0x2d01d6dcd70 0x12a 0x0 0x0 0x650002 0x130 0x6e0005 0x6 0x2d01bcf2240 0x12a 0x0 0x0 0x790005 0x0 0x2d01dcb27d0 0x130 0x0 0x0 0x840005 0x6 0x2d01bcf2cf0 0x12a 0x0 0x0 0x870005 0x0 0x2d022018d80 0x130 0x0 0x0 0x8e0003 0x130 0x58 0x960005 0x0 0x0 0x0 0x0 0x0 0x9f0002 0x0 0xa90002 0x130 0xae0005 0x0 0x2d022018d80 0x130 0x0 0x0 0xb30005 0x6 0x2d01b176180 0x12a 0x0 0x0 0xb80005 0x6 0x2d01b176180 0x12a 0x0 0x0 0xbd0005 0x0 0x2d022018d80 0x130 0x0 0x0 0xc20005 0x6 0x2d01b176180 0x12a 0x0 0x0 0xc70005 0x6 0x2d01b176180 0x12a 0x0 0x0 0xcc0005 0x0 0x2d022018d80 0x130 0x0 0x0 0xd10005 0x6 0x2d01b176180 0x12a 0x0 0x0 0xd40005 0x6 0x2d01b176180 0x12a 0x0 0x0 0xd70005 0x0 0x2d01bcf1600 0x130 0x0 0x0 0xdc0007 0x130 0x150 0x0 0xe70002 0x0 0xed0005 0x0 0x0 0x0 0x0 0x0 0xf20005 0x0 0x0 0x0 0x0 0x0 0xf50005 0x0 0x0 0x0 0x0 0x0 0xf80002 0x0 0x1050002 0x0 0x10d0002 0x0 0x1120007 0x0 0x20 0x0 0x11a0005 0x0 0x0 0x0 0x0 0x0 0x1230002 0x0 0x12e0005 0x6 0x2d01d6dcd70 0x12a 0x0 0x0 0x1320005 0x6 0x2d01d6dcd70 0x12a 0x0 0x0 0x1350002 0x130 0x13e0005 0x6 0x2d01bcf4740 0x12a 0x0 0x0 0x1490005 0x0 0x2d01dcb2880 0x130 0x0 0x0 0x1520005 0x6 0x2d01bcf4f30 0x12a 0x0 0x0 0x15a0005 0x6 0x2d01bcf4f30 0x12a 0x0 0x0 0x15d0005 0x6 0x2d022018e30 0x12a 0x0 0x0 0x1610003 0x130 0x178 0x1680005 0x0 0x0 0x0 0x0 0x0 0x16b0004 0x0 0x0 0x0 0x0 0x0 0x16e0007 0x0 0xc0 0x0 0x1790005 0x0 0x0 0x0 0x0 0x0 0x17c0004 0x0 0x0 0x0 0x0 0x0 0x17f0002 0x0 0x1870002 0x0 0x18c0007 0x0 0x20 0x0 0x1940005 0x0 0x0 0x0 0x0 0x0 0x19d0002 0x0 0x1a20005 0x0 0x2d022fb0b60 0x130 0x0 0x0 0x1ab0004 0x0 0x2d01dcb2930 0x130 0x0 0x0 0x1ae0007 0x0 0xa0 0x130 0x1b30004 0x0 0x2d01dcb2930 0x130 0x0 0x0 0x1b80005 0x0 0x2d01dcb2930 0x130 0x0 0x0 0x1c10007 0x130 0x20 0x0 0x1cb0002 0x130 0x1d30005 0x0 0x2d022c7ac00 0x130 0x0 0x0 0x1dc0005 0x0 0x2d022c7ac00 0x130 0x0 0x0 0x1e50005 0x0 0x2d022c7ac00 0x130 0x0 0x0 0x1ef0005 0x0 0x2d022fb0b60 0x130 0x0 0x0 0x1f50005 0x0 0x2d022fb0b60 0x130 0x0 0x0 0x1fa0002 0x130 0x1fd0005 0x0 0x2d022c7ac00 0x130 0x0 0x0 0x2090002 0x130 0x20c0005 0x0 0x2d022c7ac00 0x130 0x0 0x0 0x2190005 0x0 0x2d01dcb29e0 0x130 0x0 0x0 0x21e0005 0x0 0x2d022c7ac00 0x130 0x0 0x0 0x22f0005 0x0 0x2d022017210 0x130 0x0 0x0 0x2330005 0x6 0x2d01d6dcd70 0x12a 0x0 0x0 0x2430005 0x6 0x2d01d6dcd70 0x12a 0x0 0x0 0x2460002 0x130 0x2490005 0x0 0x2d022c7ac00 0x130 0x0 0x0 0x2510005 0x6 0x2d01bcf4f30 0x12a 0x0 0x0 0x2540004 0xfffffffffffffed0 0x2d0238ae120 0x6 0x0 0x0 0x2570007 0x130 0x98 0x0 0x25e0005 0x0 0x0 0x0 0x0 0x0 0x2630005 0x0 0x0 0x0 0x0 0x0 0x2690003 0x0 0x88 0x2740005 0x0 0x2d022018d80 0x130 0x0 0x0 0x2790002 0x130 0x27c0005 0x0 0x2d022c7ac00 0x130 0x0 0x0 0x2880005 0x0 0x2d01dcb2a90 0x130 0x0 0x0 0x2910005 0x0 0x2d01dcb2b40 0x12f 0x0 0x0 0x2960005 0x0 0x2d022018b70 0x12f 0x0 0x0 0x29b0007 0x12f 0x8d8 0x0 0x2a00005 0x0 0x0 0x0 0x0 0x0 0x2ab0005 0x0 0x0 0x0 0x0 0x0 0x2b00007 0x0 0x650 0x0 0x2b50005 0x0 0x0 0x0 0x0 0x0 0x2bb0007 0x0 0x38 0x0 0x2c10003 0x0 0x18 0x2cd0002 0x0 0x2d20005 0x0 0x0 0x0 0x0 0x0 0x2d70005 0x0 0x0 0x0 0x0 0x0 0x2dd0007 0x0 0x38 0x0 0x2e30003 0x0 0x18 0x2e90005 0x0 0x0 0x0 0x0 0x0 0x2ec0005 0x0 0x0 0x0 0x0 0x0 0x2fc0005 0x0 0x0 0x0 0x0 0x0 0x3010002 0x0 0x3040004 0x0 0x0 0x0 0x0 0x0 0x3090004 0x0 0x0 0x0 0x0 0x0 0x30d0005 0x0 0x0 0x0 0x0 0x0 0x3100004 0x0 0x0 0x0 0x0 0x0 0x3150005 0x0 0x0 0x0 0x0 0x0 0x3180002 0x0 0x31b0004 0x0 0x0 0x0 0x0 0x0 0x31c0002 0x0 0x3250002 0x0 0x32a0005 0x0 0x0 0x0 0x0 0x0 0x32f0002 0x0 0x3320005 0x0 0x0 0x0 0x0 0x0 0x3350005 0x0 0x0 0x0 0x0 0x0 0x33c0005 0x0 0x0 0x0 0x0 0x0 0x3450005 0x0 0x0 0x0 0x0 0x0 0x34a0007 0x0 0x1e8 0x0 0x34f0005 0x0 0x0 0x0 0x0 0x0 0x3540004 0x0 0x0 0x0 0x0 0x0 0x35d0002 0x0 0x3620005 0x0 0x0 0x0 0x0 0x0 0x3700005 0x0 0x0 0x0 0x0 0x0 0x3750004 0x0 0x0 0x0 0x0 0x0 0x37b0002 0x0 0x37e0004 0x0 0x0 0x0 0x0 0x0 0x37f0002 0x0 0x3820005 0x0 0x0 0x0 0x0 0x0 0x3850005 0x0 0x0 0x0 0x0 0x0 0x38a0003 0x0 0xfffffffffffffe00 0x3930005 0x0 0x0 0x0 0x0 0x0 0x3980003 0x0 0x220 0x3aa0005 0x0 0x0 0x0 0x0 0x0 0x3af0002 0x0 0x3b20004 0x0 0x0 0x0 0x0 0x0 0x3b70005 0x0 0x0 0x0 0x0 0x0 0x3bd0007 0x0 0x38 0x0 0x3c30003 0x0 0x18 0x3c90004 0x0 0x0 0x0 0x0 0x0 0x3cd0005 0x0 0x0 0x0 0x0 0x0 0x3d00004 0x0 0x0 0x0 0x0 0x0 0x3d50005 0x0 0x0 0x0 0x0 0x0 0x3d80002 0x0 0x3db0004 0x0 0x0 0x0 0x0 0x0 0x3dc0005 0x0 0x0 0x0 0x0 0x0 0x3e30005 0x0 0x2d01dcb2b40 0x12f 0x0 0x0 0x3ea0003 0x12f 0x2b0 0x3f10005 0x0 0x0 0x0 0x0 0x0 0x3f40005 0x0 0x0 0x0 0x0 0x0 0x3fd0005 0x0 0x0 0x0 0x0 0x0 0x4020007 0x0 0x188 0x0 0x4070005 0x0 0x0 0x0 0x0 0x0 0x40c0004 0x0 0x0 0x0 0x0 0x0 0x4130005 0x0 0x0 0x0 0x0 0x0 0x4180004 0x0 0x0 0x0 0x0 0x0 0x41b0007 0x0 0x90 0x0 0x4210005 0x0 0x0 0x0 0x0 0x0 0x4260005 0x0 0x0 0x0 0x0 0x0 0x42f0002 0x0 0x4330003 0x0 0xfffffffffffffe60 0x43e0002 0x0 0x4460002 0x0 0x44b0007 0x0 0x20 0x0 0x4530005 0x0 0x0 0x0 0x0 0x0 0x45c0002 0x0 0x4630002 0x12f 0x46a0007 0x12f 0x168 0x0 0x4700005 0x0 0x0 0x0 0x0 0x0 0x47c0005 0x0 0x0 0x0 0x0 0x0 0x4810005 0x0 0x0 0x0 0x0 0x0 0x4860005 0x0 0x0 0x0 0x0 0x0 0x48b0005 0x0 0x0 0x0 0x0 0x0 0x48e0002 0x0 0x4960005 0x0 0x0 0x0 0x0 0x0 0x49a0003 0x0 0x18 0x4a00003 0x0 0xffffffffffffe448 oops 56 2 org/eclipse/aether/resolution/ArtifactDescriptorRequest 12 org/eclipse/aether/resolution/ArtifactDescriptorRequest 20 org/eclipse/aether/resolution/ArtifactDescriptorRequest 26 org/eclipse/aether/resolution/ArtifactDescriptorRequest 34 org/eclipse/aether/resolution/VersionRequest 40 org/apache/maven/repository/internal/DefaultVersionResolver 46 org/eclipse/aether/resolution/VersionResult 52 org/eclipse/aether/artifact/DefaultArtifact 58 org/eclipse/aether/resolution/ArtifactDescriptorRequest 64 org/eclipse/aether/resolution/ArtifactDescriptorRequest 72 org/eclipse/aether/resolution/VersionRequest 78 org/apache/maven/repository/internal/DefaultVersionResolver 84 org/eclipse/aether/resolution/VersionResult 90 org/eclipse/aether/artifact/DefaultArtifact 109 org/eclipse/aether/artifact/DefaultArtifact 115 java/lang/StringBuilder 121 java/lang/StringBuilder 127 org/eclipse/aether/artifact/DefaultArtifact 133 java/lang/StringBuilder 139 java/lang/StringBuilder 145 org/eclipse/aether/artifact/DefaultArtifact 151 java/lang/StringBuilder 157 java/lang/StringBuilder 163 java/util/LinkedHashSet 211 org/eclipse/aether/resolution/ArtifactDescriptorRequest 217 org/eclipse/aether/resolution/ArtifactDescriptorRequest 225 org/eclipse/aether/resolution/ArtifactRequest 231 org/eclipse/aether/internal/impl/DefaultArtifactResolver 237 org/eclipse/aether/resolution/ArtifactResult 243 org/eclipse/aether/resolution/ArtifactResult 249 org/eclipse/aether/resolution/ArtifactDescriptorResult 302 org/eclipse/aether/DefaultRepositorySystemSession 308 org/apache/maven/ReactorReader 318 org/apache/maven/ReactorReader 324 org/apache/maven/ReactorReader 336 org/apache/maven/model/building/DefaultModelBuildingRequest 342 org/apache/maven/model/building/DefaultModelBuildingRequest 348 org/apache/maven/model/building/DefaultModelBuildingRequest 354 org/eclipse/aether/DefaultRepositorySystemSession 360 org/eclipse/aether/DefaultRepositorySystemSession 368 org/apache/maven/model/building/DefaultModelBuildingRequest 376 org/apache/maven/model/building/DefaultModelBuildingRequest 382 org/apache/maven/repository/internal/DefaultModelCacheFactory 388 org/apache/maven/model/building/DefaultModelBuildingRequest 394 org/eclipse/aether/RequestTrace 400 org/eclipse/aether/resolution/ArtifactDescriptorRequest 406 org/eclipse/aether/resolution/ArtifactDescriptorRequest 414 org/apache/maven/model/building/DefaultModelBuildingRequest 420 org/eclipse/aether/resolution/ArtifactResult 426 org/eclipse/aether/repository/RemoteRepository 451 org/eclipse/aether/artifact/DefaultArtifact 459 org/apache/maven/model/building/DefaultModelBuildingRequest 465 org/apache/maven/model/building/DefaultModelBuilder 471 org/apache/maven/model/building/DefaultModelBuildingResult 477 java/util/ArrayList 766 org/apache/maven/model/building/DefaultModelBuildingResult
ciMethodData org/eclipse/aether/internal/impl/collect/DataPool intern (Ljava/util/List;)Ljava/util/List; 1 543 orig 264 120 87 82 89 249 127 0 0 128 174 58 30 208 2 0 0 176 1 0 0 0 0 0 0 0 0 0 0 0 0 0 0 0 0 0 0 0 0 0 0 0 0 0 0 0 0 0 0 0 0 0 0 0 0 0 0 0 0 0 0 0 0 0 0 0 0 0 0 0 0 0 0 0 0 0 0 0 0 0 0 77 68 79 32 101 120 116 114 97 32 100 97 116 97 32 108 111 99 107 0 0 0 0 0 0 0 0 0 0 0 0 0 0 0 0 0 0 0 0 0 0 0 0 0 0 0 0 0 0 0 0 0 0 0 0 0 0 0 0 0 0 0 0 0 0 0 0 0 0 0 0 0 0 0 0 0 0 0 0 0 0 0 0 0 0 0 0 0 0 0 0 0 0 0 0 0 0 0 0 0 0 0 0 0 0 0 0 0 0 0 0 0 0 0 0 0 0 0 0 0 0 0 0 0 0 0 0 0 0 0 0 0 0 0 0 0 0 1 0 0 249 8 0 0 1 0 0 0 0 0 0 0 0 0 0 0 2 0 0 0 0 0 3 0 2 0 0 0 96 0 0 0 254 255 255 255 5 0 6 0 0 0 0 0 data 12 0x60005 0x0 0x2d022c717a0 0x11f 0x0 0x0 0xb0004 0x0 0x2d022018f90 0x78 0x2d022018b70 0xa7 oops 3 2 org/eclipse/aether/internal/impl/collect/DataPool$HardInternPool 8 java/util/Collections$EmptyList 10 java/util/ArrayList
ciMethodData org/eclipse/aether/internal/impl/collect/DataPool$GoodDescriptor <init> (Lorg/eclipse/aether/resolution/ArtifactDescriptorResult;)V 1 543 orig 264 120 87 82 89 249 127 0 0 88 219 125 30 208 2 0 0 128 2 0 0 0 0 0 0 0 0 0 0 0 0 0 0 0 0 0 0 0 0 0 0 0 0 0 0 0 0 0 0 0 0 0 0 0 0 0 0 0 0 0 0 0 0 0 0 0 0 0 0 0 0 0 0 0 0 0 0 0 0 0 0 77 68 79 32 101 120 116 114 97 32 100 97 116 97 32 108 111 99 107 0 0 0 0 0 0 0 0 0 0 0 0 0 0 0 0 0 0 0 0 0 0 0 0 0 0 0 0 0 0 0 0 0 0 0 0 0 0 0 0 0 0 0 0 0 0 0 0 0 0 0 0 0 0 0 0 0 0 0 0 0 0 0 0 0 0 0 0 0 0 0 0 0 0 0 0 0 0 0 0 0 0 0 0 0 0 0 0 0 0 0 0 0 0 0 0 0 0 0 0 0 0 0 0 0 0 0 0 0 0 0 0 0 0 0 0 0 0 1 0 0 249 8 0 0 1 0 0 0 0 0 0 0 0 0 0 0 2 0 0 0 0 0 3 0 2 0 0 0 48 1 0 0 254 255 255 255 2 0 1 0 0 0 0 0 data 38 0x10002 0x11f 0x60005 0x0 0x2d022018e30 0x11f 0x0 0x0 0xe0005 0x0 0x2d022018e30 0x11f 0x0 0x0 0x160005 0x0 0x2d022018e30 0x11f 0x0 0x0 0x1e0005 0x0 0x2d022018e30 0x11f 0x0 0x0 0x260005 0x0 0x2d022018e30 0x11f 0x0 0x0 0x2e0005 0x0 0x2d022018e30 0x11f 0x0 0x0 oops 6 4 org/eclipse/aether/resolution/ArtifactDescriptorResult 10 org/eclipse/aether/resolution/ArtifactDescriptorResult 16 org/eclipse/aether/resolution/ArtifactDescriptorResult 22 org/eclipse/aether/resolution/ArtifactDescriptorResult 28 org/eclipse/aether/resolution/ArtifactDescriptorResult 34 org/eclipse/aether/resolution/ArtifactDescriptorResult
ciMethodData org/eclipse/aether/internal/impl/collect/DataPool$Descriptor <init> ()V 1 543 orig 264 120 87 82 89 249 127 0 0 104 222 125 30 208 2 0 0 48 1 0 0 0 0 0 0 0 0 0 0 0 0 0 0 0 0 0 0 0 0 0 0 0 0 0 0 0 0 0 0 0 0 0 0 0 0 0 0 0 0 0 0 0 0 0 0 0 0 0 0 0 0 0 0 0 0 0 0 0 0 0 0 77 68 79 32 101 120 116 114 97 32 100 97 116 97 32 108 111 99 107 0 0 0 0 0 0 0 0 0 0 0 0 0 0 0 0 0 0 0 0 0 0 0 0 0 0 0 0 0 0 0 0 0 0 0 0 0 0 0 0 0 0 0 0 0 0 0 0 0 0 0 0 0 0 0 0 0 0 0 0 0 0 0 0 0 0 0 0 0 0 0 0 0 0 0 0 0 0 0 0 0 0 0 0 0 0 0 0 0 0 0 0 0 0 0 0 0 0 0 0 0 0 0 0 0 0 0 0 0 0 0 0 0 0 0 0 0 0 1 0 0 249 8 0 0 1 0 0 0 0 0 0 0 0 0 0 0 2 0 0 0 0 0 3 0 2 0 0 0 16 0 0 0 254 255 255 255 2 0 1 0 0 0 0 0 data 2 0x10002 0x11f oops 0
ciMethodData org/eclipse/aether/resolution/ArtifactDescriptorRequest setTrace (Lorg/eclipse/aether/RequestTrace;)Lorg/eclipse/aether/resolution/ArtifactDescriptorRequest; 2 3074 orig 264 120 87 82 89 249 127 0 0 160 63 57 30 208 2 0 0 40 1 0 0 0 0 0 0 0 0 0 0 0 0 0 0 0 0 0 0 0 0 0 0 0 0 0 0 0 0 0 0 0 0 0 0 0 0 0 0 0 0 0 0 0 0 0 0 0 0 0 0 0 0 0 0 0 0 0 0 0 0 0 0 77 68 79 32 101 120 116 114 97 32 100 97 116 97 32 108 111 99 107 0 0 0 0 0 0 0 0 0 0 0 0 0 0 0 0 0 0 0 0 0 0 0 0 0 0 0 0 0 0 0 0 0 0 0 0 0 0 0 0 0 0 0 0 0 0 0 0 0 0 0 0 0 0 0 0 0 0 0 0 0 0 0 0 0 0 0 0 0 0 0 0 0 0 0 0 0 0 0 0 0 0 0 0 0 0 0 0 0 0 0 0 0 0 0 0 0 0 0 0 0 0 0 0 0 0 0 0 0 0 0 0 0 0 0 0 0 128 1 0 0 17 84 0 0 1 0 0 0 0 0 0 0 0 0 0 0 2 0 0 0 0 0 3 0 1 0 0 0 0 0 0 0 254 255 255 255 0 0 0 0 0 0 0 0 data 0 oops 0
ciMethodData org/eclipse/aether/graph/DefaultDependencyNode setRepositories (Ljava/util/List;)V 2 3070 orig 264 120 87 82 89 249 127 0 0 232 248 58 30 208 2 0 0 232 1 0 0 80 0 0 0 0 0 0 0 0 0 0 0 0 0 0 0 0 0 0 0 0 0 0 0 0 0 0 0 0 0 0 0 0 0 0 0 0 0 0 0 0 0 0 0 0 0 0 0 0 0 0 0 0 0 0 0 0 0 0 0 77 68 79 32 101 120 116 114 97 32 100 97 116 97 32 108 111 99 107 0 0 0 0 0 0 0 0 0 0 0 0 0 0 0 0 0 0 0 0 0 0 0 0 0 0 0 0 0 0 0 0 0 0 0 0 0 0 0 0 0 0 0 0 0 0 0 0 0 0 0 0 0 0 0 0 0 0 0 0 0 0 0 0 0 0 0 0 0 0 0 0 0 0 0 0 0 0 0 0 0 0 0 0 0 0 0 0 0 0 0 0 0 0 0 0 0 0 0 0 0 0 0 0 0 0 0 0 0 0 0 0 0 0 0 0 0 130 1 0 0 225 83 0 0 1 0 0 0 0 0 0 0 0 0 0 0 2 0 0 0 0 0 9 0 2 0 0 0 152 0 0 0 254 255 255 255 7 0 1 0 0 0 0 0 data 19 0x10007 0x0 0x70 0xa7c 0x50005 0x0 0x2d022018b70 0xa7c 0x0 0x0 0xa0007 0xa7c 0x48 0x0 0xe0002 0x0 0x140003 0x0 0x18 oops 1 6 java/util/ArrayList
ciMethodData org/eclipse/aether/graph/DefaultDependencyNode setRequestContext (Ljava/lang/String;)V 2 3099 orig 264 120 87 82 89 249 127 0 0 88 250 58 30 208 2 0 0 96 1 0 0 0 0 0 0 0 0 0 0 0 0 0 0 0 0 0 0 0 0 0 0 0 0 0 0 0 0 0 0 0 0 0 0 0 0 0 0 0 0 0 0 0 0 0 0 0 0 0 0 0 0 0 0 0 0 0 0 0 0 0 0 77 68 79 32 101 120 116 114 97 32 100 97 116 97 32 108 111 99 107 0 0 0 0 0 0 0 0 0 0 0 0 0 0 0 0 0 0 0 0 0 0 0 0 0 0 0 0 0 0 0 0 0 0 0 0 0 0 0 0 0 0 0 0 0 0 0 0 0 0 0 0 0 0 0 0 0 0 0 0 0 0 0 0 0 0 0 0 0 0 0 0 0 0 0 0 0 0 0 0 0 0 0 0 0 0 0 0 0 0 0 0 0 0 0 0 0 0 0 0 0 0 0 0 0 0 0 0 0 0 0 0 0 0 0 0 0 130 1 0 0 201 84 0 0 1 0 0 0 0 0 0 0 0 0 0 0 2 0 0 0 0 0 6 0 2 0 0 0 56 0 0 0 254 255 255 255 7 0 2 0 0 0 0 0 data 7 0x20007 0x0 0x38 0xa99 0x60003 0xa99 0x18 oops 0
ciMethodData org/eclipse/aether/internal/impl/collect/DataPool toKey (Lorg/eclipse/aether/resolution/VersionRangeRequest;)Ljava/lang/Object; 2 2173 orig 264 120 87 82 89 249 127 0 0 48 175 58 30 208 2 0 0 56 1 0 0 0 0 0 0 0 0 0 0 0 0 0 0 0 0 0 0 0 0 0 0 0 0 0 0 0 0 0 0 0 0 0 0 0 0 0 0 0 0 0 0 0 0 0 0 0 0 0 0 0 0 0 0 0 0 0 0 0 0 0 0 77 68 79 32 101 120 116 114 97 32 100 97 116 97 32 108 111 99 107 0 0 0 0 0 0 0 0 0 0 0 0 0 0 0 0 0 0 0 0 0 0 0 0 0 0 0 0 0 0 0 0 0 0 0 0 0 0 0 0 0 0 0 0 0 0 0 0 0 0 0 0 0 0 0 0 0 0 0 0 0 0 0 0 0 0 0 0 0 0 0 0 0 0 0 0 0 0 0 0 0 0 0 0 0 0 0 0 0 0 0 0 0 0 0 0 0 0 0 0 0 0 0 0 0 0 0 0 0 0 0 0 0 0 0 0 0 128 1 0 0 233 55 0 0 1 0 0 0 0 0 0 0 0 0 0 0 2 0 0 0 0 0 3 0 2 0 0 0 16 0 0 0 254 255 255 255 2 0 5 0 0 0 0 0 data 2 0x50002 0x6fd oops 0
ciMethodData org/eclipse/aether/internal/impl/collect/DataPool$ConstraintKey <init> (Lorg/eclipse/aether/resolution/VersionRangeRequest;)V 2 2182 orig 264 120 87 82 89 249 127 0 0 120 176 125 30 208 2 0 0 240 1 0 0 0 0 0 0 0 0 0 0 0 0 0 0 0 0 0 0 0 0 0 0 0 0 0 0 0 0 0 0 0 0 0 0 0 0 0 0 0 0 0 0 0 0 0 0 0 0 0 0 0 0 0 0 0 0 0 0 0 0 0 0 77 68 79 32 101 120 116 114 97 32 100 97 116 97 32 108 111 99 107 0 0 0 0 0 0 0 0 0 0 0 0 0 0 0 0 0 0 0 0 0 0 0 0 0 0 0 0 0 0 0 0 0 0 0 0 0 0 0 0 0 0 0 0 0 0 0 0 0 0 0 0 0 0 0 0 0 0 0 0 0 0 0 0 0 0 0 0 0 0 0 0 0 0 0 0 0 0 0 0 0 0 0 0 0 0 0 0 0 0 0 0 0 0 0 0 0 0 0 0 0 0 0 0 0 0 0 0 0 0 0 0 0 0 0 0 0 128 1 0 0 41 56 0 0 1 0 0 0 0 0 0 0 0 0 0 0 2 0 0 0 0 0 3 0 2 0 0 0 160 0 0 0 254 255 255 255 2 0 1 0 0 0 0 0 data 20 0x10002 0x705 0x60005 0x0 0x2d01d6da080 0x705 0x0 0x0 0xe0005 0x0 0x2d01d6da080 0x705 0x0 0x0 0x190005 0x0 0x2d022018d80 0x705 0x0 0x0 oops 3 4 org/eclipse/aether/resolution/VersionRangeRequest 10 org/eclipse/aether/resolution/VersionRangeRequest 16 org/eclipse/aether/artifact/DefaultArtifact
ciMethodData org/eclipse/aether/internal/impl/collect/DataPool getConstraint (Ljava/lang/Object;Lorg/eclipse/aether/resolution/VersionRangeRequest;)Lorg/eclipse/aether/resolution/VersionRangeResult; 2 2339 orig 264 120 87 82 89 249 127 0 0 16 176 58 30 208 2 0 0 8 2 0 0 0 0 0 0 0 0 0 0 0 0 0 0 0 0 0 0 0 0 0 0 0 0 0 0 0 0 0 0 0 0 0 0 0 0 0 0 0 0 0 0 0 0 0 0 0 0 0 0 0 0 0 0 0 0 0 0 0 0 0 0 77 68 79 32 101 120 116 114 97 32 100 97 116 97 32 108 111 99 107 0 0 0 0 0 0 0 0 0 0 0 0 0 0 0 0 0 0 0 0 0 0 0 0 0 0 0 0 0 0 0 0 0 0 0 0 0 0 0 0 0 0 0 0 0 0 0 0 0 0 0 0 0 0 0 0 0 0 0 0 0 0 0 0 0 0 0 0 0 0 0 0 0 0 0 0 0 0 0 0 0 0 0 0 0 0 0 0 0 0 0 0 0 0 0 0 0 0 0 0 0 0 0 0 0 0 0 0 0 0 0 0 0 0 0 0 0 128 1 0 0 25 61 0 0 1 0 0 0 0 0 0 0 0 0 0 0 2 0 0 0 0 0 5 0 2 0 0 0 176 0 0 0 254 255 255 255 5 0 5 0 0 0 0 0 data 22 0x50005 0x0 0x2d01ecfe390 0x7a3 0x0 0x0 0x80104 0x0 0x2d01ecfe600 0x5a0 0x0 0x0 0xd0007 0x203 0x50 0x5a0 0x120005 0x0 0x2d01ecfe600 0x5a0 0x0 0x0 oops 3 2 java/util/concurrent/ConcurrentHashMap 8 org/eclipse/aether/internal/impl/collect/DataPool$Constraint 18 org/eclipse/aether/internal/impl/collect/DataPool$Constraint
ciMethodData org/eclipse/aether/internal/impl/collect/DataPool toKey (Lorg/eclipse/aether/resolution/ArtifactDescriptorRequest;)Lorg/eclipse/aether/internal/impl/collect/DataPool$DescriptorKey; 2 2591 orig 264 120 87 82 89 249 127 0 0 248 170 58 30 208 2 0 0 144 1 0 0 0 0 0 0 0 0 0 0 0 0 0 0 0 0 0 0 0 0 0 0 0 0 0 0 0 0 0 0 0 0 0 0 0 0 0 0 0 0 0 0 0 0 0 0 0 0 0 0 0 0 0 0 0 0 0 0 0 0 0 0 77 68 79 32 101 120 116 114 97 32 100 97 116 97 32 108 111 99 107 0 0 0 0 0 0 0 0 0 0 0 0 0 0 0 0 0 0 0 0 0 0 0 0 0 0 0 0 0 0 0 0 0 0 0 0 0 0 0 0 0 0 0 0 0 0 0 0 0 0 0 0 0 0 0 0 0 0 0 0 0 0 0 0 0 0 0 0 0 0 0 0 0 0 0 0 0 0 0 0 0 0 0 0 0 0 0 0 0 0 0 0 0 0 0 0 0 0 0 0 0 0 0 0 0 0 0 0 0 0 0 0 0 0 0 0 0 128 1 0 0 249 68 0 0 1 0 0 0 0 0 0 0 0 0 0 0 2 0 0 0 0 0 9 0 2 0 0 0 64 0 0 0 254 255 255 255 5 0 5 0 0 0 0 0 data 8 0x50005 0x0 0x2d01d6dcd70 0x89f 0x0 0x0 0x90002 0x89f oops 1 2 org/eclipse/aether/resolution/ArtifactDescriptorRequest
ciMethodData org/eclipse/aether/internal/impl/collect/DataPool$Constraint toResult (Lorg/eclipse/aether/resolution/VersionRangeRequest;)Lorg/eclipse/aether/resolution/VersionRangeResult; 2 1752 orig 264 120 87 82 89 249 127 0 0 72 190 125 30 208 2 0 0 40 2 0 0 0 0 0 0 0 0 0 0 0 0 0 0 0 0 0 0 0 0 0 0 0 0 0 0 0 0 0 0 0 0 0 0 0 0 0 0 0 0 0 0 0 0 0 0 0 0 0 0 0 0 0 0 0 0 0 0 0 0 0 0 77 68 79 32 101 120 116 114 97 32 100 97 116 97 32 108 111 99 107 0 0 0 0 0 0 0 0 0 0 0 0 0 0 0 0 0 0 0 0 0 0 0 0 0 0 0 0 0 0 0 0 0 0 0 0 0 0 0 0 0 0 0 0 0 0 0 0 0 0 0 0 0 0 0 0 0 0 0 0 0 0 0 0 0 0 0 0 0 0 0 0 0 0 0 0 0 0 0 0 0 0 0 0 0 0 0 0 0 0 0 0 0 0 0 0 0 0 0 0 0 0 0 0 0 0 0 0 0 0 0 0 0 0 0 0 0 196 0 0 0 153 48 0 0 153 48 0 0 0 0 0 0 0 0 0 0 2 0 0 0 1 0 6 0 2 0 0 0 216 0 0 0 254 255 255 255 2 0 5 0 0 0 0 0 data 27 0x50002 0x613 0x190007 0x613 0x98 0x613 0x280005 0x82 0x2d0220190f0 0x591 0x0 0x0 0x370005 0x82 0x2d0220190f0 0x591 0x0 0x0 0x3e0003 0x613 0xffffffffffffff80 0x460005 0x82 0x2d0220190f0 0x591 0x0 0x0 oops 3 8 org/eclipse/aether/resolution/VersionRangeResult 14 org/eclipse/aether/resolution/VersionRangeResult 23 org/eclipse/aether/resolution/VersionRangeResult
ciMethodData org/eclipse/aether/internal/impl/collect/DataPool$DescriptorKey <init> (Lorg/eclipse/aether/artifact/Artifact;Lorg/eclipse/aether/internal/impl/collect/DataPool$1;)V 2 3051 orig 264 120 87 82 89 249 127 0 0 8 204 125 30 208 2 0 0 64 1 0 0 0 0 0 0 0 0 0 0 0 0 0 0 0 0 0 0 0 0 0 0 0 0 0 0 0 0 0 0 0 0 0 0 0 0 0 0 0 0 0 0 0 0 0 0 0 0 0 0 0 0 0 0 0 0 0 0 0 0 0 0 77 68 79 32 101 120 116 114 97 32 100 97 116 97 32 108 111 99 107 0 0 0 0 0 0 0 0 0 0 0 0 0 0 0 0 0 0 0 0 0 0 0 0 0 0 0 0 0 0 0 0 0 0 0 0 0 0 0 0 0 0 0 0 0 0 0 0 0 0 0 0 0 0 0 0 0 0 0 0 0 0 0 0 0 0 0 0 0 0 0 0 0 0 0 0 0 0 0 0 0 0 0 0 0 0 0 0 0 0 0 0 0 0 0 0 0 0 0 0 0 0 0 0 0 0 0 0 0 0 0 0 0 0 0 0 0 128 1 0 0 89 83 0 0 1 0 0 0 0 0 0 0 0 0 0 0 2 0 0 0 0 0 8 0 2 0 0 0 16 0 0 0 254 255 255 255 2 0 2 0 0 0 0 0 data 2 0x20002 0xa6b oops 0
ciMethodData org/eclipse/aether/internal/impl/collect/DataPool$DescriptorKey <init> (Lorg/eclipse/aether/artifact/Artifact;)V 2 3051 orig 264 120 87 82 89 249 127 0 0 224 200 125 30 208 2 0 0 112 1 0 0 0 0 0 0 0 0 0 0 0 0 0 0 0 0 0 0 0 0 0 0 0 0 0 0 0 0 0 0 0 0 0 0 0 0 0 0 0 0 0 0 0 0 0 0 0 0 0 0 0 0 0 0 0 0 0 0 0 0 0 0 77 68 79 32 101 120 116 114 97 32 100 97 116 97 32 108 111 99 107 0 0 0 0 0 0 0 0 0 0 0 0 0 0 0 0 0 0 0 0 0 0 0 0 0 0 0 0 0 0 0 0 0 0 0 0 0 0 0 0 0 0 0 0 0 0 0 0 0 0 0 0 0 0 0 0 0 0 0 0 0 0 0 0 0 0 0 0 0 0 0 0 0 0 0 0 0 0 0 0 0 0 0 0 0 0 0 0 0 0 0 0 0 0 0 0 0 0 0 0 0 0 0 0 0 0 0 0 0 0 0 0 0 0 0 0 0 128 1 0 0 89 83 0 0 1 0 0 0 0 0 0 0 0 0 0 0 2 0 0 0 0 0 7 0 2 0 0 0 32 0 0 0 254 255 255 255 2 0 1 0 0 0 0 0 data 4 0x10002 0xa6b 0xb0002 0xa6b oops 0
ciMethodData org/eclipse/aether/internal/impl/collect/DataPool getDescriptor (Lorg/eclipse/aether/internal/impl/collect/DataPool$DescriptorKey;Lorg/eclipse/aether/resolution/ArtifactDescriptorRequest;)Lorg/eclipse/aether/resolution/ArtifactDescriptorResult; 2 2591 orig 264 120 87 82 89 249 127 0 0 216 171 58 30 208 2 0 0 8 2 0 0 0 0 0 0 0 0 0 0 0 0 0 0 0 0 0 0 0 0 0 0 0 0 0 0 0 0 0 0 0 0 0 0 0 0 0 0 0 0 0 0 0 0 0 0 0 0 0 0 0 0 0 0 0 0 0 0 0 0 0 0 77 68 79 32 101 120 116 114 97 32 100 97 116 97 32 108 111 99 107 0 0 0 0 0 0 0 0 0 0 0 0 0 0 0 0 0 0 0 0 0 0 0 0 0 0 0 0 0 0 0 0 0 0 0 0 0 0 0 0 0 0 0 0 0 0 0 0 0 0 0 0 0 0 0 0 0 0 0 0 0 0 0 0 0 0 0 0 0 0 0 0 0 0 0 0 0 0 0 0 0 0 0 0 0 0 0 0 0 0 0 0 0 0 0 0 0 0 0 0 0 0 0 0 0 0 0 0 0 0 0 0 0 0 0 0 0 128 1 0 0 249 68 0 0 1 0 0 0 0 0 0 0 0 0 0 0 2 0 0 0 0 0 5 0 2 0 0 0 176 0 0 0 254 255 255 255 5 0 5 0 0 0 0 0 data 22 0x50005 0x0 0x2d022c717a0 0x89f 0x0 0x0 0xa0104 0x0 0x2d022c71850 0x717 0x0 0x0 0xf0007 0x188 0x50 0x717 0x140005 0x0 0x2d022c71850 0x717 0x0 0x0 oops 3 2 org/eclipse/aether/internal/impl/collect/DataPool$HardInternPool 8 org/eclipse/aether/internal/impl/collect/DataPool$GoodDescriptor 18 org/eclipse/aether/internal/impl/collect/DataPool$GoodDescriptor
ciMethodData org/eclipse/aether/internal/impl/collect/DataPool$HardInternPool get (Ljava/lang/Object;)Ljava/lang/Object; 2 2591 orig 264 120 87 82 89 249 127 0 0 136 123 125 30 208 2 0 0 128 1 0 0 0 0 0 0 0 0 0 0 0 0 0 0 0 0 0 0 0 0 0 0 0 0 0 0 0 0 0 0 0 0 0 0 0 0 0 0 0 0 0 0 0 0 0 0 0 0 0 0 0 0 0 0 0 0 0 0 0 0 0 0 77 68 79 32 101 120 116 114 97 32 100 97 116 97 32 108 111 99 107 0 0 0 0 0 0 0 0 0 0 0 0 0 0 0 0 0 0 0 0 0 0 0 0 0 0 0 0 0 0 0 0 0 0 0 0 0 0 0 0 0 0 0 0 0 0 0 0 0 0 0 0 0 0 0 0 0 0 0 0 0 0 0 0 0 0 0 0 0 0 0 0 0 0 0 0 0 0 0 0 0 0 0 0 0 0 0 0 0 0 0 0 0 0 0 0 0 0 0 0 0 0 0 0 0 0 0 0 0 0 0 0 0 0 0 0 0 128 1 0 0 249 68 0 0 1 0 0 0 0 0 0 0 0 0 0 0 2 0 0 0 0 0 3 0 2 0 0 0 48 0 0 0 254 255 255 255 5 0 5 0 0 0 0 0 data 6 0x50005 0x0 0x2d01ecfe390 0x89f 0x0 0x0 oops 1 2 java/util/concurrent/ConcurrentHashMap
ciMethodData org/eclipse/aether/resolution/ArtifactDescriptorResult setManagedDependencies (Ljava/util/List;)Lorg/eclipse/aether/resolution/ArtifactDescriptorResult; 2 2620 orig 264 120 87 82 89 249 127 0 0 160 239 52 30 208 2 0 0 152 1 0 0 0 0 0 0 0 0 0 0 0 0 0 0 0 0 0 0 0 0 0 0 0 0 0 0 0 0 0 0 0 0 0 0 0 0 0 0 0 0 0 0 0 0 0 0 0 0 0 0 0 0 0 0 0 0 0 0 0 0 0 0 77 68 79 32 101 120 116 114 97 32 100 97 116 97 32 108 111 99 107 0 0 0 0 0 0 0 0 0 0 0 0 0 0 0 0 0 0 0 0 0 0 0 0 0 0 0 0 0 0 0 0 0 0 0 0 0 0 0 0 0 0 0 0 0 0 0 0 0 0 0 0 0 0 0 0 0 0 0 0 0 0 0 0 0 0 0 0 0 0 0 0 0 0 0 0 0 0 0 0 0 0 0 0 0 0 0 0 0 0 0 0 0 0 0 0 0 0 0 0 0 0 0 0 0 0 0 0 0 0 0 0 0 0 0 0 0 128 1 0 0 225 69 0 0 1 0 0 0 0 0 0 0 0 0 0 0 2 0 0 0 0 0 6 0 2 0 0 0 72 0 0 0 254 255 255 255 7 0 1 0 0 0 0 0 data 9 0x10007 0x8bc 0x48 0x0 0x50002 0x0 0xb0003 0x0 0x18 oops 0
ciMethodData org/eclipse/aether/internal/impl/collect/PremanagedDependency applyTo (Lorg/eclipse/aether/graph/DefaultDependencyNode;)V 2 3062 orig 264 120 87 82 89 249 127 0 0 208 217 58 30 208 2 0 0 144 2 0 0 0 0 0 0 0 0 0 0 0 0 0 0 0 0 0 0 0 0 0 0 0 0 0 0 0 0 0 0 0 0 0 0 0 0 0 0 0 0 0 0 0 0 0 0 0 0 0 0 0 0 0 0 0 0 0 0 0 0 0 0 77 68 79 32 101 120 116 114 97 32 100 97 116 97 32 108 111 99 107 0 0 0 0 0 0 0 0 0 0 0 0 0 0 0 0 0 0 0 0 0 0 0 0 0 0 0 0 0 0 0 0 0 0 0 0 0 0 0 0 0 0 0 0 0 0 0 0 0 0 0 0 0 0 0 0 0 0 0 0 0 0 0 0 0 0 0 0 0 0 0 0 0 0 0 0 0 0 0 0 0 0 0 0 0 0 0 0 0 0 0 0 0 0 0 0 0 0 0 0 0 0 0 0 0 0 0 0 0 0 0 0 0 0 0 0 0 129 1 0 0 169 83 0 0 1 0 0 0 0 0 0 0 0 0 0 0 2 0 0 0 0 0 6 0 2 0 0 0 64 1 0 0 254 255 255 255 5 0 5 0 0 0 0 0 data 40 0x50005 0x0 0x2d0220191a0 0xa75 0x0 0x0 0xc0007 0xa75 0x110 0x0 0x160005 0x0 0x0 0x0 0x0 0x0 0x200005 0x0 0x0 0x0 0x0 0x0 0x2a0005 0x0 0x0 0x0 0x0 0x0 0x340005 0x0 0x0 0x0 0x0 0x0 0x3e0005 0x0 0x0 0x0 0x0 0x0 oops 1 2 org/eclipse/aether/graph/DefaultDependencyNode
ciMethodData org/eclipse/aether/graph/DefaultDependencyNode setManagedBits (I)V 2 3062 orig 264 120 87 82 89 249 127 0 0 112 247 58 30 208 2 0 0 40 1 0 0 0 0 0 0 0 0 0 0 0 0 0 0 0 0 0 0 0 0 0 0 0 0 0 0 0 0 0 0 0 0 0 0 0 0 0 0 0 0 0 0 0 0 0 0 0 0 0 0 0 0 0 0 0 0 0 0 0 0 0 0 77 68 79 32 101 120 116 114 97 32 100 97 116 97 32 108 111 99 107 0 0 0 0 0 0 0 0 0 0 0 0 0 0 0 0 0 0 0 0 0 0 0 0 0 0 0 0 0 0 0 0 0 0 0 0 0 0 0 0 0 0 0 0 0 0 0 0 0 0 0 0 0 0 0 0 0 0 0 0 0 0 0 0 0 0 0 0 0 0 0 0 0 0 0 0 0 0 0 0 0 0 0 0 0 0 0 0 0 0 0 0 0 0 0 0 0 0 0 0 0 0 0 0 0 0 0 0 0 0 0 0 0 0 0 0 0 129 1 0 0 169 83 0 0 1 0 0 0 0 0 0 0 0 0 0 0 2 0 0 0 0 0 3 0 1 0 0 0 0 0 0 0 254 255 255 255 0 0 0 0 0 0 0 0 data 0 oops 0
ciMethodData org/eclipse/aether/graph/DefaultDependencyNode setData (Ljava/lang/Object;Ljava/lang/Object;)V 1 0 orig 264 120 87 82 89 249 127 0 0 24 253 58 30 208 2 0 0 16 3 0 0 120 1 0 0 0 0 0 0 0 0 0 0 0 0 0 0 0 0 0 0 0 0 0 0 0 0 0 0 0 0 0 0 0 0 0 0 0 0 0 0 0 0 0 0 0 0 0 0 0 0 0 0 0 0 0 0 0 0 0 0 77 68 79 32 101 120 116 114 97 32 100 97 116 97 32 108 111 99 107 0 0 0 0 0 0 0 0 0 0 0 0 0 0 0 0 0 0 0 0 0 0 0 0 0 0 0 0 0 0 0 0 0 0 0 0 0 0 0 0 0 0 0 0 0 0 0 0 0 0 0 0 0 0 0 0 0 0 0 0 0 0 0 0 0 0 0 0 0 0 0 0 0 0 0 0 0 0 0 0 0 0 0 0 0 0 0 0 0 0 0 0 0 0 0 0 0 0 0 0 0 0 0 0 0 0 0 0 0 0 0 0 0 0 0 0 0 0 0 0 0 1 0 0 0 1 0 0 0 0 0 0 0 0 0 0 0 2 0 0 0 0 0 0 0 0 0 0 0 184 1 0 0 254 255 255 255 2 0 3 0 0 0 0 0 data 55 0x30002 0x0 0x80007 0x0 0x118 0x0 0xf0005 0x0 0x0 0x0 0x0 0x0 0x140007 0x0 0x158 0x0 0x1c0005 0x0 0x0 0x0 0x0 0x0 0x260005 0x0 0x0 0x0 0x0 0x0 0x2b0007 0x0 0xd8 0x0 0x2f0002 0x0 0x350003 0x0 0xa8 0x3c0005 0x0 0x0 0x0 0x0 0x0 0x410007 0x0 0x30 0x0 0x4b0002 0x0 0x570005 0x0 0x0 0x0 0x0 0x0 oops 0
ciMethodData org/eclipse/aether/internal/impl/collect/DataPool putConstraint (Ljava/lang/Object;Lorg/eclipse/aether/resolution/VersionRangeResult;)V 1 704 orig 264 120 87 82 89 249 127 0 0 240 176 58 30 208 2 0 0 152 1 0 0 0 0 0 0 0 0 0 0 0 0 0 0 0 0 0 0 0 0 0 0 0 0 0 0 0 0 0 0 0 0 0 0 0 0 0 0 0 0 0 0 0 0 0 0 0 0 0 0 0 0 0 0 0 0 0 0 0 0 0 0 77 68 79 32 101 120 116 114 97 32 100 97 116 97 32 108 111 99 107 0 0 0 0 0 0 0 0 0 0 0 0 0 0 0 0 0 0 0 0 0 0 0 0 0 0 0 0 0 0 0 0 0 0 0 0 0 0 0 0 0 0 0 0 0 0 0 0 0 0 0 0 0 0 0 0 0 0 0 0 0 0 0 0 0 0 0 0 0 0 0 0 0 0 0 0 0 0 0 0 0 0 0 0 0 0 0 0 0 0 0 0 0 0 0 0 0 0 0 0 0 0 0 0 0 0 0 0 0 0 0 0 0 0 0 0 0 207 0 0 0 137 15 0 0 1 0 0 0 0 0 0 0 0 0 0 0 2 0 0 0 0 0 0 0 0 0 0 0 64 0 0 0 254 255 255 255 2 0 10 0 0 0 0 0 data 8 0xa0002 0x1f1 0xd0005 0x0 0x2d01ecfe390 0x1f1 0x0 0x0 oops 1 4 java/util/concurrent/ConcurrentHashMap
ciMethodData org/eclipse/aether/internal/impl/collect/DataPool$Constraint <init> (Lorg/eclipse/aether/resolution/VersionRangeResult;)V 1 704 orig 264 120 87 82 89 249 127 0 0 16 189 125 30 208 2 0 0 88 3 0 0 160 0 0 0 0 0 0 0 0 0 0 0 0 0 0 0 0 0 0 0 0 0 0 0 0 0 0 0 0 0 0 0 0 0 0 0 0 0 0 0 0 0 0 0 0 0 0 0 0 0 0 0 0 0 0 0 0 0 0 0 77 68 79 32 101 120 116 114 97 32 100 97 116 97 32 108 111 99 107 0 0 0 0 0 0 0 0 0 0 0 0 0 0 0 0 0 0 0 0 0 0 0 0 0 0 0 0 0 0 0 0 0 0 0 0 0 0 0 0 0 0 0 0 0 0 0 0 0 0 0 0 0 0 0 0 0 0 0 0 0 0 0 0 0 0 0 0 0 0 0 0 0 0 0 0 0 0 0 0 0 0 0 0 0 0 0 0 0 0 0 0 0 0 0 0 0 0 0 0 0 0 0 0 0 0 0 0 0 0 0 0 0 0 0 0 0 207 0 0 0 137 15 0 0 137 15 0 0 0 0 0 0 0 0 0 0 2 0 0 0 1 0 6 0 2 0 0 0 8 2 0 0 254 255 255 255 2 0 1 0 0 0 0 0 data 65 0x10002 0x1f1 0x60005 0x83 0x2d0220190f0 0x16e 0x0 0x0 0xd0005 0x83 0x2d0220190f0 0x16e 0x0 0x0 0x130005 0x0 0x2d022018b70 0x1f1 0x0 0x0 0x210005 0x0 0x2d022018b70 0x1f1 0x0 0x0 0x2a0005 0x0 0x2d022018c20 0x3e2 0x0 0x0 0x2f0007 0x1f1 0x108 0x1f1 0x340005 0x0 0x2d022018c20 0x1f1 0x0 0x0 0x390004 0x0 0x2d022018cd0 0x1f1 0x0 0x0 0x4f0005 0x83 0x2d0220190f0 0x16e 0x0 0x0 0x520002 0x1f1 0x550004 0x0 0x2d0238b1360 0x1f1 0x0 0x0 0x560003 0x1f1 0xfffffffffffffee0 oops 9 4 org/eclipse/aether/resolution/VersionRangeResult 10 org/eclipse/aether/resolution/VersionRangeResult 16 java/util/ArrayList 22 java/util/ArrayList 28 java/util/ArrayList$Itr 38 java/util/ArrayList$Itr 44 org/eclipse/aether/util/version/GenericVersion 50 org/eclipse/aether/resolution/VersionRangeResult 58 org/eclipse/aether/internal/impl/collect/DataPool$Constraint$VersionRepo
ciMethodData org/apache/maven/repository/internal/DefaultArtifactDescriptorReader readArtifactDescriptor (Lorg/eclipse/aether/RepositorySystemSession;Lorg/eclipse/aether/resolution/ArtifactDescriptorRequest;)Lorg/eclipse/aether/resolution/ArtifactDescriptorResult; 1 555 orig 264 120 87 82 89 249 127 0 0 0 42 18 30 208 2 0 0 168 2 0 0 0 1 0 0 0 0 0 0 0 0 0 0 0 0 0 0 0 0 0 0 0 0 0 0 0 0 0 0 0 0 0 0 0 0 0 0 0 0 0 0 0 0 0 0 0 0 0 0 0 0 0 0 0 0 0 0 0 0 0 0 77 68 79 32 101 120 116 114 97 32 100 97 116 97 32 108 111 99 107 0 0 0 0 0 0 0 0 0 0 0 0 0 0 0 0 0 0 0 0 0 0 0 0 0 0 0 0 0 0 0 0 0 0 0 0 0 0 0 0 0 0 0 0 0 0 0 0 0 0 0 0 0 0 0 0 0 0 0 0 0 0 0 0 0 0 0 0 0 0 0 0 0 0 0 0 0 0 0 0 0 0 0 0 0 0 0 0 0 0 0 0 0 0 0 0 0 0 0 0 0 0 0 0 0 0 0 0 0 0 0 0 0 0 0 0 0 172 0 0 0 249 11 0 0 1 0 0 0 0 0 0 0 0 0 0 0 2 0 0 0 0 0 13 0 2 0 0 0 80 1 0 0 254 255 255 255 2 0 5 0 0 0 0 0 data 42 0x50002 0x17f 0xd0002 0x17f 0x140007 0x0 0x130 0x17e 0x180005 0x0 0x2d022fb0b60 0x17e 0x0 0x0 0x230005 0x81 0x2d01848b850 0xfd 0x0 0x0 0x260005 0x0 0x2d023287800 0x17e 0x0 0x0 0x2b0104 0x0 0x0 0x0 0x0 0x0 0x320007 0x0 0x20 0x17e 0x410005 0x0 0x2d022fafde0 0x17e 0x0 0x0 oops 4 10 org/eclipse/aether/DefaultRepositorySystemSession 16 java/lang/Class 22 java/util/Collections$UnmodifiableMap 38 org/apache/maven/repository/internal/ArtifactDescriptorReaderDelegate
ciMethodData org/eclipse/aether/internal/impl/collect/DataPool putDescriptor (Lorg/eclipse/aether/internal/impl/collect/DataPool$DescriptorKey;Lorg/eclipse/aether/resolution/ArtifactDescriptorResult;)V 1 543 orig 264 120 87 82 89 249 127 0 0 232 172 58 30 208 2 0 0 184 2 0 0 240 0 0 0 0 0 0 0 0 0 0 0 0 0 0 0 0 0 0 0 0 0 0 0 0 0 0 0 0 0 0 0 0 0 0 0 0 0 0 0 0 0 0 0 0 0 0 0 0 0 0 0 0 0 0 0 0 0 0 0 77 68 79 32 101 120 116 114 97 32 100 97 116 97 32 108 111 99 107 0 0 0 0 0 0 0 0 0 0 0 0 0 0 0 0 0 0 0 0 0 0 0 0 0 0 0 0 0 0 0 0 0 0 0 0 0 0 0 0 0 0 0 0 0 0 0 0 0 0 0 0 0 0 0 0 0 0 0 0 0 0 0 0 0 0 0 0 0 0 0 0 0 0 0 0 0 0 0 0 0 0 0 0 0 0 0 0 0 0 0 0 0 0 0 0 0 0 0 0 0 0 0 0 0 0 0 0 0 0 0 0 0 0 0 0 0 162 0 0 0 233 11 0 0 1 0 0 0 0 0 0 0 0 0 0 0 2 0 0 0 0 0 17 0 2 0 0 0 96 1 0 0 254 255 255 255 7 0 4 0 0 0 0 0 data 44 0x40007 0x17d 0x90 0x0 0xa0005 0x0 0x0 0x0 0x0 0x0 0xd0002 0x0 0x100005 0x0 0x0 0x0 0x0 0x0 0x180007 0x0 0x90 0x17d 0x1e0005 0x81 0x2d022018e30 0xfc 0x0 0x0 0x210002 0x17d 0x240005 0x81 0x2d022018e30 0xfc 0x0 0x0 0x320002 0x17d 0x350005 0x0 0x2d022c717a0 0x17d 0x0 0x0 oops 3 24 org/eclipse/aether/resolution/ArtifactDescriptorResult 32 org/eclipse/aether/resolution/ArtifactDescriptorResult 40 org/eclipse/aether/internal/impl/collect/DataPool$HardInternPool
ciMethodData org/eclipse/aether/internal/impl/collect/DataPool putDescriptor (Lorg/eclipse/aether/internal/impl/collect/DataPool$DescriptorKey;Lorg/eclipse/aether/resolution/ArtifactDescriptorException;)V 1 0 orig 264 120 87 82 89 249 127 0 0 200 173 58 30 208 2 0 0 136 1 0 0 0 0 0 0 0 0 0 0 0 0 0 0 0 0 0 0 0 0 0 0 0 0 0 0 0 0 0 0 0 0 0 0 0 0 0 0 0 0 0 0 0 0 0 0 0 0 0 0 0 0 0 0 0 0 0 0 0 0 0 0 77 68 79 32 101 120 116 114 97 32 100 97 116 97 32 108 111 99 107 0 0 0 0 0 0 0 0 0 0 0 0 0 0 0 0 0 0 0 0 0 0 0 0 0 0 0 0 0 0 0 0 0 0 0 0 0 0 0 0 0 0 0 0 0 0 0 0 0 0 0 0 0 0 0 0 0 0 0 0 0 0 0 0 0 0 0 0 0 0 0 0 0 0 0 0 0 0 0 0 0 0 0 0 0 0 0 0 0 0 0 0 0 0 0 0 0 0 0 0 0 0 0 0 0 0 0 0 0 0 0 0 0 0 0 0 0 0 0 0 0 1 0 0 0 1 0 0 0 0 0 0 0 0 0 0 0 2 0 0 0 0 0 0 0 0 0 0 0 48 0 0 0 254 255 255 255 5 0 8 0 0 0 0 0 data 6 0x80005 0x0 0x0 0x0 0x0 0x0 oops 0
compile org/eclipse/aether/internal/impl/collect/df/DfDependencyCollector processDependency (Lorg/eclipse/aether/internal/impl/collect/df/DfDependencyCollector$Args;Lorg/eclipse/aether/RequestTrace;Lorg/eclipse/aether/internal/impl/collect/DependencyCollectorDelegate$Results;Ljava/util/List;Lorg/eclipse/aether/collection/DependencySelector;Lorg/eclipse/aether/collection/DependencyManager;Lorg/eclipse/aether/collection/DependencyTraverser;Lorg/eclipse/aether/collection/VersionFilter;Lorg/eclipse/aether/graph/Dependency;Ljava/util/List;Z)V -1 4 inline 320 0 -1 org/eclipse/aether/internal/impl/collect/df/DfDependencyCollector processDependency (Lorg/eclipse/aether/internal/impl/collect/df/DfDependencyCollector$Args;Lorg/eclipse/aether/RequestTrace;Lorg/eclipse/aether/internal/impl/collect/DependencyCollectorDelegate$Results;Ljava/util/List;Lorg/eclipse/aether/collection/DependencySelector;Lorg/eclipse/aether/collection/DependencyManager;Lorg/eclipse/aether/collection/DependencyTraverser;Lorg/eclipse/aether/collection/VersionFilter;Lorg/eclipse/aether/graph/Dependency;Ljava/util/List;Z)V 1 24 org/eclipse/aether/collection/CollectRequest getRequestContext ()Ljava/lang/String; 1 36 org/eclipse/aether/internal/impl/collect/DependencyCollectorDelegate collectStepTrace (Lorg/eclipse/aether/RequestTrace;Ljava/lang/String;Ljava/util/List;Lorg/eclipse/aether/graph/Dependency;)Lorg/eclipse/aether/RequestTrace; 2 9 org/eclipse/aether/internal/impl/collect/CollectStepDataImpl <init> (Ljava/lang/String;Ljava/util/List;Lorg/eclipse/aether/graph/Dependency;)V 3 1 java/lang/Object <init> ()V 3 6 java/util/Objects requireNonNull (Ljava/lang/Object;)Ljava/lang/Object; 3 17 java/util/Objects requireNonNull (Ljava/lang/Object;)Ljava/lang/Object; 3 28 java/util/Objects requireNonNull (Ljava/lang/Object;)Ljava/lang/Object; 2 12 org/eclipse/aether/RequestTrace newChild (Lorg/eclipse/aether/RequestTrace;Ljava/lang/Object;)Lorg/eclipse/aether/RequestTrace; 3 9 org/eclipse/aether/RequestTrace <init> (Ljava/lang/Object;)V 4 3 org/eclipse/aether/RequestTrace <init> (Lorg/eclipse/aether/RequestTrace;Ljava/lang/Object;)V 5 1 java/lang/Object <init> ()V 3 15 org/eclipse/aether/RequestTrace newChild (Ljava/lang/Object;)Lorg/eclipse/aether/RequestTrace; 4 6 org/eclipse/aether/RequestTrace <init> (Lorg/eclipse/aether/RequestTrace;Ljava/lang/Object;)V 5 1 java/lang/Object <init> ()V 1 58 org/eclipse/aether/internal/impl/collect/PremanagedDependency getManagedDependency ()Lorg/eclipse/aether/graph/Dependency; 1 65 org/eclipse/aether/graph/Dependency getArtifact ()Lorg/eclipse/aether/artifact/Artifact; 1 68 org/eclipse/aether/internal/impl/collect/DependencyCollectorDelegate isLackingDescriptor (Lorg/eclipse/aether/artifact/Artifact;)Z 2 5 org/eclipse/aether/artifact/AbstractArtifact getProperty (Ljava/lang/String;Ljava/lang/String;)Ljava/lang/String; 3 1 org/eclipse/aether/artifact/DefaultArtifact getProperties ()Ljava/util/Map; 3 5 java/util/Collections$UnmodifiableMap get (Ljava/lang/Object;)Ljava/lang/Object; 3 5 java/util/Collections$EmptyMap get (Ljava/lang/Object;)Ljava/lang/Object; 1 87 org/eclipse/aether/util/graph/traverser/FatArtifactTraverser traverseDependency (Lorg/eclipse/aether/graph/Dependency;)Z 2 3 java/util/Objects requireNonNull (Ljava/lang/Object;Ljava/lang/String;)Ljava/lang/Object; 2 8 org/eclipse/aether/graph/Dependency getArtifact ()Lorg/eclipse/aether/artifact/Artifact; 2 15 org/eclipse/aether/artifact/AbstractArtifact getProperty (Ljava/lang/String;Ljava/lang/String;)Ljava/lang/String; 3 1 org/eclipse/aether/artifact/DefaultArtifact getProperties ()Ljava/util/Map; 3 5 java/util/Collections$UnmodifiableMap get (Ljava/lang/Object;)Ljava/lang/Object; 3 5 java/util/Collections$EmptyMap get (Ljava/lang/Object;)Ljava/lang/Object; 2 22 java/lang/Boolean parseBoolean (Ljava/lang/String;)Z 3 7 java/lang/String equalsIgnoreCase (Ljava/lang/String;)Z 4 36 java/lang/String regionMatches (ZILjava/lang/String;II)Z 5 107 java/lang/Character toUpperCase (C)C 6 1 java/lang/Character toUpperCase (I)I 7 1 java/lang/CharacterData of (I)Ljava/lang/CharacterData; 7 5 java/lang/CharacterDataLatin1 toUpperCase (I)I 8 4 java/lang/CharacterDataLatin1 getProperties (I)I 5 114 java/lang/Character toUpperCase (C)C 6 1 java/lang/Character toUpperCase (I)I 7 1 java/lang/CharacterData of (I)Ljava/lang/CharacterData; 7 5 java/lang/CharacterDataLatin1 toUpperCase (I)I 8 4 java/lang/CharacterDataLatin1 getProperties (I)I 5 131 java/lang/Character toLowerCase (C)C 6 1 java/lang/Character toLowerCase (I)I 7 1 java/lang/CharacterData of (I)Ljava/lang/CharacterData; 7 5 java/lang/CharacterDataLatin1 toLowerCase (I)I 8 4 java/lang/CharacterDataLatin1 getProperties (I)I 5 136 java/lang/Character toLowerCase (C)C 6 1 java/lang/Character toLowerCase (I)I 7 1 java/lang/CharacterData of (I)Ljava/lang/CharacterData; 7 5 java/lang/CharacterDataLatin1 toLowerCase (I)I 8 4 java/lang/CharacterDataLatin1 getProperties (I)I 1 106 org/eclipse/aether/collection/CollectRequest getRequestContext ()Ljava/lang/String; 1 131 org/eclipse/aether/internal/impl/collect/DependencyCollectorDelegate cachedResolveRangeResult (Lorg/eclipse/aether/resolution/VersionRangeRequest;Lorg/eclipse/aether/internal/impl/collect/DataPool;Lorg/eclipse/aether/RepositorySystemSession;)Lorg/eclipse/aether/resolution/VersionRangeResult; 2 2 org/eclipse/aether/internal/impl/collect/DataPool toKey (Lorg/eclipse/aether/resolution/VersionRangeRequest;)Ljava/lang/Object; 3 5 org/eclipse/aether/internal/impl/collect/DataPool$ConstraintKey <init> (Lorg/eclipse/aether/resolution/VersionRangeRequest;)V 4 1 java/lang/Object <init> ()V 4 6 org/eclipse/aether/resolution/VersionRangeRequest getArtifact ()Lorg/eclipse/aether/artifact/Artifact; 4 14 org/eclipse/aether/resolution/VersionRangeRequest getRepositories ()Ljava/util/List; 4 25 org/eclipse/aether/artifact/AbstractArtifact hashCode ()I 5 8 org/eclipse/aether/artifact/DefaultArtifact getGroupId ()Ljava/lang/String; 5 11 java/lang/String hashCode ()I 5 21 org/eclipse/aether/artifact/DefaultArtifact getArtifactId ()Ljava/lang/String; 5 24 java/lang/String hashCode ()I 5 34 org/eclipse/aether/artifact/DefaultArtifact getExtension ()Ljava/lang/String; 5 37 java/lang/String hashCode ()I 5 47 org/eclipse/aether/artifact/DefaultArtifact getClassifier ()Ljava/lang/String; 5 50 java/lang/String hashCode ()I 5 60 org/eclipse/aether/artifact/DefaultArtifact getVersion ()Ljava/lang/String; 5 63 java/lang/String hashCode ()I 5 73 org/eclipse/aether/artifact/DefaultArtifact getFile ()Ljava/io/File; 5 76 org/eclipse/aether/artifact/AbstractArtifact hash (Ljava/lang/Object;)I 2 11 org/eclipse/aether/internal/impl/collect/DataPool getConstraint (Ljava/lang/Object;Lorg/eclipse/aether/resolution/VersionRangeRequest;)Lorg/eclipse/aether/resolution/VersionRangeResult; 3 5 java/util/concurrent/ConcurrentHashMap get (Ljava/lang/Object;)Ljava/lang/Object; 4 1 org/eclipse/aether/internal/impl/collect/DataPool$ConstraintKey hashCode ()I 4 4 java/util/concurrent/ConcurrentHashMap spread (I)I 4 34 java/util/concurrent/ConcurrentHashMap tabAt ([Ljava/util/concurrent/ConcurrentHashMap$Node;I)Ljava/util/concurrent/ConcurrentHashMap$Node; 4 73 org/eclipse/aether/internal/impl/collect/DataPool$ConstraintKey equals (Ljava/lang/Object;)Z 4 149 org/eclipse/aether/internal/impl/collect/DataPool$ConstraintKey equals (Ljava/lang/Object;)Z 3 18 org/eclipse/aether/internal/impl/collect/DataPool$Constraint toResult (Lorg/eclipse/aether/resolution/VersionRangeRequest;)Lorg/eclipse/aether/resolution/VersionRangeResult; 4 5 org/eclipse/aether/resolution/VersionRangeResult <init> (Lorg/eclipse/aether/resolution/VersionRangeRequest;)V 5 1 java/lang/Object <init> ()V 5 8 java/util/Objects requireNonNull (Ljava/lang/Object;Ljava/lang/String;)Ljava/lang/Object; 5 18 java/util/Collections emptyList ()Ljava/util/List; 5 25 java/util/Collections emptyList ()Ljava/util/List; 5 32 java/util/Collections emptyMap ()Ljava/util/Map; 4 40 org/eclipse/aether/resolution/VersionRangeResult addVersion (Lorg/eclipse/aether/version/Version;)Lorg/eclipse/aether/resolution/VersionRangeResult; 5 4 java/util/Collections$EmptyList isEmpty ()Z 5 17 java/util/ArrayList <init> ()V 6 1 java/util/AbstractList <init> ()V 7 1 java/util/AbstractCollection <init> ()V 8 1 java/lang/Object <init> ()V 5 28 java/util/ArrayList add (Ljava/lang/Object;)Z 6 7 java/util/ArrayList ensureCapacityInternal (I)V 7 6 java/util/ArrayList calculateCapacity ([Ljava/lang/Object;I)I 7 9 java/util/ArrayList ensureExplicitCapacity (I)V 8 22 java/util/ArrayList grow (I)V 9 38 java/util/Arrays copyOf ([Ljava/lang/Object;I)[Ljava/lang/Object; 4 55 org/eclipse/aether/resolution/VersionRangeResult setRepository (Lorg/eclipse/aether/version/Version;Lorg/eclipse/aether/repository/ArtifactRepository;)Lorg/eclipse/aether/resolution/VersionRangeResult; 4 70 org/eclipse/aether/resolution/VersionRangeResult setVersionConstraint (Lorg/eclipse/aether/version/VersionConstraint;)Lorg/eclipse/aether/resolution/VersionRangeResult; 2 27 org/apache/maven/repository/internal/DefaultVersionRangeResolver resolveVersionRange (Lorg/eclipse/aether/RepositorySystemSession;Lorg/eclipse/aether/resolution/VersionRangeRequest;)Lorg/eclipse/aether/resolution/VersionRangeResult; 3 5 org/eclipse/aether/resolution/VersionRangeResult <init> (Lorg/eclipse/aether/resolution/VersionRangeRequest;)V 4 1 java/lang/Object <init> ()V 4 8 java/util/Objects requireNonNull (Ljava/lang/Object;Ljava/lang/String;)Ljava/lang/Object; 4 18 java/util/Collections emptyList ()Ljava/util/List; 4 25 java/util/Collections emptyList ()Ljava/util/List; 4 32 java/util/Collections emptyMap ()Ljava/util/Map; 3 13 org/eclipse/aether/util/version/GenericVersionScheme <init> ()V 4 1 java/lang/Object <init> ()V 3 21 org/eclipse/aether/resolution/VersionRangeRequest getArtifact ()Lorg/eclipse/aether/artifact/Artifact; 3 29 org/eclipse/aether/util/version/GenericVersionScheme parseVersionConstraint (Ljava/lang/String;)Lorg/eclipse/aether/version/VersionConstraint; 3 60 org/eclipse/aether/resolution/VersionRangeResult setVersionConstraint (Lorg/eclipse/aether/version/VersionConstraint;)Lorg/eclipse/aether/resolution/VersionRangeResult; 2 39 org/eclipse/aether/internal/impl/collect/DataPool putConstraint (Ljava/lang/Object;Lorg/eclipse/aether/resolution/VersionRangeResult;)V 3 10 org/eclipse/aether/internal/impl/collect/DataPool$Constraint <init> (Lorg/eclipse/aether/resolution/VersionRangeResult;)V 4 1 java/lang/Object <init> ()V 4 6 org/eclipse/aether/resolution/VersionRangeResult getVersionConstraint ()Lorg/eclipse/aether/version/VersionConstraint; 4 13 org/eclipse/aether/resolution/VersionRangeResult getVersions ()Ljava/util/List; 4 79 org/eclipse/aether/resolution/VersionRangeResult getRepository (Lorg/eclipse/aether/version/Version;)Lorg/eclipse/aether/repository/ArtifactRepository; 5 5 java/util/Collections$EmptyMap get (Ljava/lang/Object;)Ljava/lang/Object; 4 82 org/eclipse/aether/internal/impl/collect/DataPool$Constraint$VersionRepo <init> (Lorg/eclipse/aether/version/Version;Lorg/eclipse/aether/repository/ArtifactRepository;)V 5 1 java/lang/Object <init> ()V 3 13 java/util/concurrent/ConcurrentHashMap put (Ljava/lang/Object;Ljava/lang/Object;)Ljava/lang/Object; 1 174 java/util/ArrayList iterator ()Ljava/util/Iterator; 2 5 java/util/ArrayList$Itr <init> (Ljava/util/ArrayList;)V 3 6 java/lang/Object <init> ()V 1 183 java/util/ArrayList$Itr hasNext ()Z 2 8 java/util/ArrayList access$000 (Ljava/util/ArrayList;)I 1 193 java/util/ArrayList$Itr next ()Ljava/lang/Object; 2 1 java/util/ArrayList$Itr checkForComodification ()V 2 14 java/util/ArrayList access$000 (Ljava/util/ArrayList;)I 1 205 org/eclipse/aether/graph/Dependency getArtifact ()Lorg/eclipse/aether/artifact/Artifact; 1 210 org/eclipse/aether/util/version/GenericVersion toString ()Ljava/lang/String; 1 215 org/eclipse/aether/artifact/AbstractArtifact setVersion (Ljava/lang/String;)Lorg/eclipse/aether/artifact/Artifact; 2 1 org/eclipse/aether/artifact/DefaultArtifact getVersion ()Ljava/lang/String; 2 29 org/eclipse/aether/artifact/DefaultArtifact getProperties ()Ljava/util/Map; 2 33 org/eclipse/aether/artifact/DefaultArtifact getFile ()Ljava/io/File; 2 36 org/eclipse/aether/artifact/AbstractArtifact newInstance (Ljava/lang/String;Ljava/util/Map;Ljava/io/File;)Lorg/eclipse/aether/artifact/Artifact; 3 5 org/eclipse/aether/artifact/DefaultArtifact getGroupId ()Ljava/lang/String; 3 9 org/eclipse/aether/artifact/DefaultArtifact getArtifactId ()Ljava/lang/String; 3 13 org/eclipse/aether/artifact/DefaultArtifact getClassifier ()Ljava/lang/String; 3 17 org/eclipse/aether/artifact/DefaultArtifact getExtension ()Ljava/lang/String; 3 23 org/eclipse/aether/artifact/DefaultArtifact <init> (Ljava/lang/String;Ljava/lang/String;Ljava/lang/String;Ljava/lang/String;Ljava/lang/String;Ljava/io/File;Ljava/util/Map;)V 4 1 org/eclipse/aether/artifact/AbstractArtifact <init> ()V 5 1 java/lang/Object <init> ()V 4 6 org/eclipse/aether/artifact/DefaultArtifact emptify (Ljava/lang/String;)Ljava/lang/String; 4 14 org/eclipse/aether/artifact/DefaultArtifact emptify (Ljava/lang/String;)Ljava/lang/String; 4 22 org/eclipse/aether/artifact/DefaultArtifact emptify (Ljava/lang/String;)Ljava/lang/String; 4 31 org/eclipse/aether/artifact/DefaultArtifact emptify (Ljava/lang/String;)Ljava/lang/String; 4 40 org/eclipse/aether/artifact/DefaultArtifact emptify (Ljava/lang/String;)Ljava/lang/String; 1 226 org/eclipse/aether/graph/Dependency setArtifact (Lorg/eclipse/aether/artifact/Artifact;)Lorg/eclipse/aether/graph/Dependency; 2 32 org/eclipse/aether/graph/Dependency <init> (Lorg/eclipse/aether/artifact/Artifact;Ljava/lang/String;Ljava/util/Set;Ljava/lang/Boolean;)V 3 1 java/lang/Object <init> ()V 3 8 java/util/Objects requireNonNull (Ljava/lang/Object;Ljava/lang/String;)Ljava/lang/Object; 1 235 org/eclipse/aether/collection/CollectRequest getRequestContext ()Ljava/lang/String; 1 258 org/eclipse/aether/internal/impl/collect/df/DfDependencyCollector getArtifactDescriptorResult (Lorg/eclipse/aether/internal/impl/collect/df/DfDependencyCollector$Args;Lorg/eclipse/aether/internal/impl/collect/DependencyCollectorDelegate$Results;ZLorg/eclipse/aether/graph/Dependency;Lorg/eclipse/aether/resolution/ArtifactDescriptorRequest;)Lorg/eclipse/aether/resolution/ArtifactDescriptorResult; 2 10 org/eclipse/aether/resolution/ArtifactDescriptorResult <init> (Lorg/eclipse/aether/resolution/ArtifactDescriptorRequest;)V 3 1 java/lang/Object <init> ()V 3 8 java/util/Objects requireNonNull (Ljava/lang/Object;Ljava/lang/String;)Ljava/lang/Object; 3 19 org/eclipse/aether/resolution/ArtifactDescriptorRequest getArtifact ()Lorg/eclipse/aether/artifact/Artifact; 3 26 java/util/Collections emptyList ()Ljava/util/List; 3 33 java/util/Collections emptyList ()Ljava/util/List; 3 40 java/util/Collections emptyList ()Ljava/util/List; 3 47 java/util/Collections emptyList ()Ljava/util/List; 3 54 java/util/Collections emptyList ()Ljava/util/List; 3 61 java/util/Collections emptyList ()Ljava/util/List; 3 68 java/util/Collections emptyMap ()Ljava/util/Map; 2 31 org/eclipse/aether/internal/impl/collect/df/DfDependencyCollector resolveCachedArtifactDescriptor (Lorg/eclipse/aether/internal/impl/collect/DataPool;Lorg/eclipse/aether/resolution/ArtifactDescriptorRequest;Lorg/eclipse/aether/RepositorySystemSession;Lorg/eclipse/aether/graph/Dependency;Lorg/eclipse/aether/internal/impl/collect/DependencyCollectorDelegate$Results;Lorg/eclipse/aether/internal/impl/collect/df/DfDependencyCollector$Args;)Lorg/eclipse/aether/resolution/ArtifactDescriptorResult; 3 2 org/eclipse/aether/internal/impl/collect/DataPool toKey (Lorg/eclipse/aether/resolution/ArtifactDescriptorRequest;)Lorg/eclipse/aether/internal/impl/collect/DataPool$DescriptorKey; 4 5 org/eclipse/aether/resolution/ArtifactDescriptorRequest getArtifact ()Lorg/eclipse/aether/artifact/Artifact; 3 11 org/eclipse/aether/internal/impl/collect/DataPool getDescriptor (Lorg/eclipse/aether/internal/impl/collect/DataPool$DescriptorKey;Lorg/eclipse/aether/resolution/ArtifactDescriptorRequest;)Lorg/eclipse/aether/resolution/ArtifactDescriptorResult; 4 5 org/eclipse/aether/internal/impl/collect/DataPool$HardInternPool get (Ljava/lang/Object;)Ljava/lang/Object; 5 5 java/util/concurrent/ConcurrentHashMap get (Ljava/lang/Object;)Ljava/lang/Object; 6 1 org/eclipse/aether/internal/impl/collect/DataPool$DescriptorKey hashCode ()I 6 4 java/util/concurrent/ConcurrentHashMap spread (I)I 6 34 java/util/concurrent/ConcurrentHashMap tabAt ([Ljava/util/concurrent/ConcurrentHashMap$Node;I)Ljava/util/concurrent/ConcurrentHashMap$Node; 6 73 org/eclipse/aether/internal/impl/collect/DataPool$DescriptorKey equals (Ljava/lang/Object;)Z 7 37 java/util/Objects equals (Ljava/lang/Object;Ljava/lang/Object;)Z 6 149 org/eclipse/aether/internal/impl/collect/DataPool$DescriptorKey equals (Ljava/lang/Object;)Z 7 37 java/util/Objects equals (Ljava/lang/Object;Ljava/lang/Object;)Z 4 20 org/eclipse/aether/internal/impl/collect/DataPool$GoodDescriptor toResult (Lorg/eclipse/aether/resolution/ArtifactDescriptorRequest;)Lorg/eclipse/aether/resolution/ArtifactDescriptorResult; 5 5 org/eclipse/aether/resolution/ArtifactDescriptorResult <init> (Lorg/eclipse/aether/resolution/ArtifactDescriptorRequest;)V 6 1 java/lang/Object <init> ()V 6 8 java/util/Objects requireNonNull (Ljava/lang/Object;Ljava/lang/String;)Ljava/lang/Object; 6 19 org/eclipse/aether/resolution/ArtifactDescriptorRequest getArtifact ()Lorg/eclipse/aether/artifact/Artifact; 6 26 java/util/Collections emptyList ()Ljava/util/List; 6 33 java/util/Collections emptyList ()Ljava/util/List; 6 40 java/util/Collections emptyList ()Ljava/util/List; 6 47 java/util/Collections emptyList ()Ljava/util/List; 6 54 java/util/Collections emptyList ()Ljava/util/List; 6 61 java/util/Collections emptyList ()Ljava/util/List; 6 68 java/util/Collections emptyMap ()Ljava/util/Map; 5 14 org/eclipse/aether/resolution/ArtifactDescriptorResult setArtifact (Lorg/eclipse/aether/artifact/Artifact;)Lorg/eclipse/aether/resolution/ArtifactDescriptorResult; 5 23 org/eclipse/aether/resolution/ArtifactDescriptorResult setRelocations (Ljava/util/List;)Lorg/eclipse/aether/resolution/ArtifactDescriptorResult; 5 32 org/eclipse/aether/resolution/ArtifactDescriptorResult setAliases (Ljava/util/Collection;)Lorg/eclipse/aether/resolution/ArtifactDescriptorResult; 5 41 org/eclipse/aether/resolution/ArtifactDescriptorResult setDependencies (Ljava/util/List;)Lorg/eclipse/aether/resolution/ArtifactDescriptorResult; 5 50 org/eclipse/aether/resolution/ArtifactDescriptorResult setManagedDependencies (Ljava/util/List;)Lorg/eclipse/aether/resolution/ArtifactDescriptorResult; 5 59 org/eclipse/aether/resolution/ArtifactDescriptorResult setRepositories (Ljava/util/List;)Lorg/eclipse/aether/resolution/ArtifactDescriptorResult; 3 27 org/apache/maven/repository/internal/DefaultArtifactDescriptorReader readArtifactDescriptor (Lorg/eclipse/aether/RepositorySystemSession;Lorg/eclipse/aether/resolution/ArtifactDescriptorRequest;)Lorg/eclipse/aether/resolution/ArtifactDescriptorResult; 4 5 org/eclipse/aether/resolution/ArtifactDescriptorResult <init> (Lorg/eclipse/aether/resolution/ArtifactDescriptorRequest;)V 5 1 java/lang/Object <init> ()V 5 8 java/util/Objects requireNonNull (Ljava/lang/Object;Ljava/lang/String;)Ljava/lang/Object; 5 19 org/eclipse/aether/resolution/ArtifactDescriptorRequest getArtifact ()Lorg/eclipse/aether/artifact/Artifact; 5 26 java/util/Collections emptyList ()Ljava/util/List; 5 33 java/util/Collections emptyList ()Ljava/util/List; 5 40 java/util/Collections emptyList ()Ljava/util/List; 5 47 java/util/Collections emptyList ()Ljava/util/List; 5 54 java/util/Collections emptyList ()Ljava/util/List; 5 61 java/util/Collections emptyList ()Ljava/util/List; 5 68 java/util/Collections emptyMap ()Ljava/util/Map; 4 35 java/lang/Class getName ()Ljava/lang/String; 3 39 org/eclipse/aether/internal/impl/collect/DataPool putDescriptor (Lorg/eclipse/aether/internal/impl/collect/DataPool$DescriptorKey;Lorg/eclipse/aether/resolution/ArtifactDescriptorResult;)V 4 10 org/eclipse/aether/resolution/ArtifactDescriptorResult getDependencies ()Ljava/util/List; 4 13 org/eclipse/aether/internal/impl/collect/DataPool intern (Ljava/util/List;)Ljava/util/List; 4 16 org/eclipse/aether/resolution/ArtifactDescriptorResult setDependencies (Ljava/util/List;)Lorg/eclipse/aether/resolution/ArtifactDescriptorResult; 4 30 org/eclipse/aether/resolution/ArtifactDescriptorResult getManagedDependencies ()Ljava/util/List; 4 33 org/eclipse/aether/internal/impl/collect/DataPool intern (Ljava/util/List;)Ljava/util/List; 4 36 org/eclipse/aether/resolution/ArtifactDescriptorResult setManagedDependencies (Ljava/util/List;)Lorg/eclipse/aether/resolution/ArtifactDescriptorResult; 4 50 org/eclipse/aether/internal/impl/collect/DataPool$GoodDescriptor <init> (Lorg/eclipse/aether/resolution/ArtifactDescriptorResult;)V 5 1 org/eclipse/aether/internal/impl/collect/DataPool$Descriptor <init> ()V 6 1 java/lang/Object <init> ()V 5 6 org/eclipse/aether/resolution/ArtifactDescriptorResult getArtifact ()Lorg/eclipse/aether/artifact/Artifact; 5 14 org/eclipse/aether/resolution/ArtifactDescriptorResult getRelocations ()Ljava/util/List; 5 22 org/eclipse/aether/resolution/ArtifactDescriptorResult getAliases ()Ljava/util/Collection; 5 30 org/eclipse/aether/resolution/ArtifactDescriptorResult getDependencies ()Ljava/util/List; 5 38 org/eclipse/aether/resolution/ArtifactDescriptorResult getManagedDependencies ()Ljava/util/List; 5 46 org/eclipse/aether/resolution/ArtifactDescriptorResult getRepositories ()Ljava/util/List; 1 272 org/eclipse/aether/resolution/ArtifactDescriptorResult getArtifact ()Lorg/eclipse/aether/artifact/Artifact; 1 275 org/eclipse/aether/graph/Dependency setArtifact (Lorg/eclipse/aether/artifact/Artifact;)Lorg/eclipse/aether/graph/Dependency; 2 32 org/eclipse/aether/graph/Dependency <init> (Lorg/eclipse/aether/artifact/Artifact;Ljava/lang/String;Ljava/util/Set;Ljava/lang/Boolean;)V 3 1 java/lang/Object <init> ()V 3 8 java/util/Objects requireNonNull (Ljava/lang/Object;Ljava/lang/String;)Ljava/lang/Object; 1 284 org/eclipse/aether/internal/impl/collect/df/NodeStack top ()Lorg/eclipse/aether/graph/DependencyNode; 2 4 java/util/ArrayList isEmpty ()Z 2 28 java/util/ArrayList size ()I 2 33 java/util/ArrayList get (I)Ljava/lang/Object; 3 2 java/util/ArrayList rangeCheck (I)V 3 7 java/util/ArrayList elementData (I)Ljava/lang/Object; 1 298 org/eclipse/aether/graph/Dependency getArtifact ()Lorg/eclipse/aether/artifact/Artifact; 1 386 org/eclipse/aether/resolution/ArtifactDescriptorResult getRelocations ()Ljava/util/List; 1 389 java/util/Collections$EmptyList isEmpty ()Z 1 489 org/eclipse/aether/graph/Dependency getArtifact ()Lorg/eclipse/aether/artifact/Artifact; 1 492 org/eclipse/aether/internal/impl/collect/DataPool intern (Lorg/eclipse/aether/artifact/Artifact;)Lorg/eclipse/aether/artifact/Artifact; 2 6 org/eclipse/aether/internal/impl/collect/DataPool$WeakInternPool intern (Ljava/lang/Object;Ljava/lang/Object;)Ljava/lang/Object; 3 5 java/util/Collections$SynchronizedMap get (Ljava/lang/Object;)Ljava/lang/Object; 4 12 java/util/WeakHashMap get (Ljava/lang/Object;)Ljava/lang/Object; 5 1 java/util/WeakHashMap maskNull (Ljava/lang/Object;)Ljava/lang/Object; 5 7 java/util/WeakHashMap hash (Ljava/lang/Object;)I 5 12 java/util/WeakHashMap getTable ()[Ljava/util/WeakHashMap$Entry; 5 21 java/util/WeakHashMap indexFor (II)I 5 53 java/util/WeakHashMap eq (Ljava/lang/Object;Ljava/lang/Object;)Z 3 42 java/lang/ref/WeakReference <init> (Ljava/lang/Object;)V 4 2 java/lang/ref/Reference <init> (Ljava/lang/Object;)V 5 3 java/lang/ref/Reference <init> (Ljava/lang/Object;Ljava/lang/ref/ReferenceQueue;)V 6 1 java/lang/Object <init> ()V 3 45 java/util/Collections$SynchronizedMap put (Ljava/lang/Object;Ljava/lang/Object;)Ljava/lang/Object; 4 13 java/util/WeakHashMap put (Ljava/lang/Object;Ljava/lang/Object;)Ljava/lang/Object; 5 1 java/util/WeakHashMap maskNull (Ljava/lang/Object;)Ljava/lang/Object; 5 7 java/util/WeakHashMap hash (Ljava/lang/Object;)I 5 13 java/util/WeakHashMap getTable ()[Ljava/util/WeakHashMap$Entry; 5 23 java/util/WeakHashMap indexFor (II)I 5 56 java/util/WeakHashMap eq (Ljava/lang/Object;Ljava/lang/Object;)Z 5 129 java/util/WeakHashMap$Entry <init> (Ljava/lang/Object;Ljava/lang/Object;Ljava/lang/ref/ReferenceQueue;ILjava/util/WeakHashMap$Entry;)V 6 3 java/lang/ref/WeakReference <init> (Ljava/lang/Object;Ljava/lang/ref/ReferenceQueue;)V 7 3 java/lang/ref/Reference <init> (Ljava/lang/Object;Ljava/lang/ref/ReferenceQueue;)V 8 1 java/lang/Object <init> ()V 4 13 java/util/IdentityHashMap put (Ljava/lang/Object;Ljava/lang/Object;)Ljava/lang/Object; 5 1 java/util/IdentityHashMap maskNull (Ljava/lang/Object;)Ljava/lang/Object; 5 19 java/util/IdentityHashMap hash (Ljava/lang/Object;I)I 5 65 java/util/IdentityHashMap nextKeyIndex (II)I 1 495 org/eclipse/aether/graph/Dependency setArtifact (Lorg/eclipse/aether/artifact/Artifact;)Lorg/eclipse/aether/graph/Dependency; 2 32 org/eclipse/aether/graph/Dependency <init> (Lorg/eclipse/aether/artifact/Artifact;Ljava/lang/String;Ljava/util/Set;Ljava/lang/Boolean;)V 3 1 java/lang/Object <init> ()V 3 8 java/util/Objects requireNonNull (Ljava/lang/Object;Ljava/lang/String;)Ljava/lang/Object; 1 498 org/eclipse/aether/internal/impl/collect/DataPool intern (Lorg/eclipse/aether/graph/Dependency;)Lorg/eclipse/aether/graph/Dependency; 2 6 org/eclipse/aether/internal/impl/collect/DataPool$WeakInternPool intern (Ljava/lang/Object;Ljava/lang/Object;)Ljava/lang/Object; 3 5 java/util/Collections$SynchronizedMap get (Ljava/lang/Object;)Ljava/lang/Object; 4 12 java/util/WeakHashMap get (Ljava/lang/Object;)Ljava/lang/Object; 5 1 java/util/WeakHashMap maskNull (Ljava/lang/Object;)Ljava/lang/Object; 5 7 java/util/WeakHashMap hash (Ljava/lang/Object;)I 5 12 java/util/WeakHashMap getTable ()[Ljava/util/WeakHashMap$Entry; 5 21 java/util/WeakHashMap indexFor (II)I 5 53 java/util/WeakHashMap eq (Ljava/lang/Object;Ljava/lang/Object;)Z 6 7 org/eclipse/aether/graph/Dependency equals (Ljava/lang/Object;)Z 7 19 java/lang/Object equals (Ljava/lang/Object;)Z 7 40 java/util/Objects equals (Ljava/lang/Object;Ljava/lang/Object;)Z 7 54 java/util/Objects equals (Ljava/lang/Object;Ljava/lang/Object;)Z 7 68 java/util/Objects equals (Ljava/lang/Object;Ljava/lang/Object;)Z 8 11 java/lang/Boolean equals (Ljava/lang/Object;)Z 9 15 java/lang/Boolean booleanValue ()Z 7 82 java/util/Objects equals (Ljava/lang/Object;Ljava/lang/Object;)Z 3 42 java/lang/ref/WeakReference <init> (Ljava/lang/Object;)V 4 2 java/lang/ref/Reference <init> (Ljava/lang/Object;)V 5 3 java/lang/ref/Reference <init> (Ljava/lang/Object;Ljava/lang/ref/ReferenceQueue;)V 6 1 java/lang/Object <init> ()V 3 45 java/util/Collections$SynchronizedMap put (Ljava/lang/Object;Ljava/lang/Object;)Ljava/lang/Object; 4 13 java/util/WeakHashMap put (Ljava/lang/Object;Ljava/lang/Object;)Ljava/lang/Object; 5 1 java/util/WeakHashMap maskNull (Ljava/lang/Object;)Ljava/lang/Object; 5 7 java/util/WeakHashMap hash (Ljava/lang/Object;)I 5 13 java/util/WeakHashMap getTable ()[Ljava/util/WeakHashMap$Entry; 5 23 java/util/WeakHashMap indexFor (II)I 5 56 java/util/WeakHashMap eq (Ljava/lang/Object;Ljava/lang/Object;)Z 6 7 org/eclipse/aether/graph/Dependency equals (Ljava/lang/Object;)Z 7 19 java/lang/Object equals (Ljava/lang/Object;)Z 7 40 java/util/Objects equals (Ljava/lang/Object;Ljava/lang/Object;)Z 7 54 java/util/Objects equals (Ljava/lang/Object;Ljava/lang/Object;)Z 7 68 java/util/Objects equals (Ljava/lang/Object;Ljava/lang/Object;)Z 8 11 java/lang/Boolean equals (Ljava/lang/Object;)Z 9 15 java/lang/Boolean booleanValue ()Z 7 82 java/util/Objects equals (Ljava/lang/Object;Ljava/lang/Object;)Z 5 129 java/util/WeakHashMap$Entry <init> (Ljava/lang/Object;Ljava/lang/Object;Ljava/lang/ref/ReferenceQueue;ILjava/util/WeakHashMap$Entry;)V 6 3 java/lang/ref/WeakReference <init> (Ljava/lang/Object;Ljava/lang/ref/ReferenceQueue;)V 7 3 java/lang/ref/Reference <init> (Ljava/lang/Object;Ljava/lang/ref/ReferenceQueue;)V 8 1 java/lang/Object <init> ()V 4 13 java/util/IdentityHashMap put (Ljava/lang/Object;Ljava/lang/Object;)Ljava/lang/Object; 5 1 java/util/IdentityHashMap maskNull (Ljava/lang/Object;)Ljava/lang/Object; 5 19 java/util/IdentityHashMap hash (Ljava/lang/Object;I)I 5 65 java/util/IdentityHashMap nextKeyIndex (II)I 1 507 org/eclipse/aether/resolution/VersionRangeResult getRepository (Lorg/eclipse/aether/version/Version;)Lorg/eclipse/aether/repository/ArtifactRepository; 2 5 java/util/Collections$EmptyMap get (Ljava/lang/Object;)Ljava/lang/Object; 1 529 org/eclipse/aether/resolution/ArtifactDescriptorResult getAliases ()Ljava/util/Collection;
