<!--
  ~ Copyright © 2017-2019 Cask Data, Inc.
  ~
  ~ Licensed under the Apache License, Version 2.0 (the "License"); you may not
  ~ use this file except in compliance with the License. You may obtain a copy of
  ~ the License at
  ~
  ~ http://www.apache.org/licenses/LICENSE-2.0
  ~
  ~ Unless required by applicable law or agreed to in writing, software
  ~ distributed under the License is distributed on an "AS IS" BASIS, WITHOUT
  ~ WARRANTIES OR CONDITIONS OF ANY KIND, either express or implied. See the
  ~ License for the specific language governing permissions and limitations under
  ~ the License.
  -->

JvmtiExport can_access_local_variables 0
JvmtiExport can_hotswap_or_post_breakpoint 0
JvmtiExport can_post_on_exceptions 0
# 258 ciObject found
instanceKlass com/puppycrawl/tools/checkstyle/checks/javadoc/JavadocMethodCheck$ExceptionInfo
instanceKlass com/puppycrawl/tools/checkstyle/checks/javadoc/HtmlTag
instanceKlass com/puppycrawl/tools/checkstyle/checks/ClassResolver
instanceKlass com/puppycrawl/tools/checkstyle/checks/AbstractTypeAwareCheck$Token
instanceKlass com/puppycrawl/tools/checkstyle/checks/javadoc/JavadocTag
instanceKlass com/puppycrawl/tools/checkstyle/checks/blocks/RightCurlyCheck$Details
instanceKlass com/google/common/base/CharMatcher
instanceKlass com/google/common/base/Predicate
instanceKlass com/puppycrawl/tools/checkstyle/utils/AnnotationUtility
instanceKlass com/puppycrawl/tools/checkstyle/checks/javadoc/JavadocTags
instanceKlass com/puppycrawl/tools/checkstyle/api/JavadocTokenTypes
instanceKlass com/puppycrawl/tools/checkstyle/utils/JavadocUtils
instanceKlass com/puppycrawl/tools/checkstyle/utils/CheckUtils
instanceKlass com/puppycrawl/tools/checkstyle/checks/javadoc/TagParser$Point
instanceKlass com/puppycrawl/tools/checkstyle/checks/javadoc/TagParser
instanceKlass com/puppycrawl/tools/checkstyle/utils/ScopeUtils
instanceKlass com/puppycrawl/tools/checkstyle/api/FullIdent
instanceKlass com/google/common/collect/AbstractMapBasedMultimap$WrappedCollection$WrappedIterator
instanceKlass antlr/collections/ASTEnumeration
instanceKlass antlr/collections/impl/ASTArray
instanceKlass com/puppycrawl/tools/checkstyle/api/Comment
instanceKlass com/puppycrawl/tools/checkstyle/api/TextBlock
instanceKlass antlr/ASTPair
instanceKlass antlr/ASTFactory
instanceKlass antlr/TokenQueue
instanceKlass antlr/TokenBuffer
instanceKlass antlr/ParserSharedInputState
instanceKlass antlr/Parser
instanceKlass antlr/TokenStreamBasicFilter
instanceKlass antlr/ASdebug/IASDebugStream
instanceKlass antlr/Utils
instanceKlass antlr/ANTLRHashString
instanceKlass antlr/ANTLRStringBuffer
instanceKlass antlr/LexerSharedInputState
instanceKlass antlr/CharQueue
instanceKlass antlr/collections/impl/BitSet
instanceKlass antlr/InputBuffer
instanceKlass antlr/CharScanner
instanceKlass com/puppycrawl/tools/checkstyle/grammars/GeneratedJavaTokenTypes
instanceKlass com/google/common/collect/Iterables
instanceKlass com/puppycrawl/tools/checkstyle/checks/regexp/SinglelineDetector
instanceKlass com/puppycrawl/tools/checkstyle/checks/regexp/NeverSuppress
instanceKlass com/puppycrawl/tools/checkstyle/checks/regexp/MatchSuppressor
instanceKlass com/google/common/base/MoreObjects
instanceKlass com/puppycrawl/tools/checkstyle/checks/regexp/DetectorOptions$Builder
instanceKlass com/puppycrawl/tools/checkstyle/checks/regexp/DetectorOptions
instanceKlass com/puppycrawl/tools/checkstyle/filters/SuppressionCommentFilter$Tag
instanceKlass org/apache/commons/logging/impl/WeakHashtable$1
instanceKlass com/google/common/collect/Ordering
instanceKlass com/google/common/collect/SortedIterable
instanceKlass com/puppycrawl/tools/checkstyle/checks/AbstractTypeAwareCheck$AbstractClassInfo
instanceKlass com/google/common/primitives/Ints
instanceKlass com/google/common/collect/Hashing
instanceKlass com/google/common/collect/Platform
instanceKlass com/google/common/collect/ImmutableCollection$Builder
instanceKlass com/google/common/collect/CollectPreconditions
instanceKlass com/puppycrawl/tools/checkstyle/api/TokenTypes
instanceKlass com/google/common/collect/AbstractMapEntry
instanceKlass com/google/common/collect/ImmutableMap$Builder
instanceKlass com/puppycrawl/tools/checkstyle/utils/TokenUtils
instanceKlass com/puppycrawl/tools/checkstyle/api/FileContents
instanceKlass com/google/common/collect/AbstractMultimap
instanceKlass com/google/common/collect/SetMultimap
instanceKlass antlr/Token
instanceKlass antlr/TokenStream
instanceKlass com/puppycrawl/tools/checkstyle/grammars/CommentListener
instanceKlass com/google/common/collect/Multimap
instanceKlass com/puppycrawl/tools/checkstyle/api/ExternalResourceHolder
instanceKlass antlr/BaseAST
instanceKlass antlr/collections/AST
instanceKlass org/apache/commons/beanutils/MethodUtils$MethodDescriptor
instanceKlass com/google/common/collect/Iterators$2
instanceKlass com/google/common/collect/PeekingIterator
instanceKlass com/google/common/collect/Iterators
instanceKlass com/google/common/collect/ObjectArrays
instanceKlass com/puppycrawl/tools/checkstyle/api/LocalizedMessages
instanceKlass com/puppycrawl/tools/checkstyle/DefaultContext
instanceKlass com/puppycrawl/tools/checkstyle/PackageObjectFactory
instanceKlass com/google/common/io/Closeables
instanceKlass org/apache/commons/beanutils/MethodUtils
instanceKlass org/apache/commons/beanutils/BeanIntrospectionData
instanceKlass com/puppycrawl/tools/checkstyle/api/LocalizedMessage
instanceKlass com/puppycrawl/tools/checkstyle/api/FileSetCheck
instanceKlass org/apache/commons/beanutils/DefaultIntrospectionContext
instanceKlass org/apache/commons/beanutils/BeanUtils
instanceKlass org/apache/commons/beanutils/DefaultBeanIntrospector
instanceKlass org/apache/commons/beanutils/BeanIntrospector
instanceKlass org/apache/commons/beanutils/PropertyUtils
instanceKlass org/apache/commons/beanutils/expression/DefaultResolver
instanceKlass org/apache/commons/beanutils/expression/Resolver
instanceKlass org/apache/commons/beanutils/IntrospectionContext
instanceKlass org/apache/commons/beanutils/PropertyUtilsBean
instanceKlass org/apache/commons/beanutils/ContextClassLoaderLocal
instanceKlass org/apache/commons/beanutils/DynaProperty
instanceKlass org/apache/commons/beanutils/DynaBean
instanceKlass org/apache/commons/beanutils/DynaClass
instanceKlass org/apache/commons/beanutils/BeanUtilsBean
instanceKlass com/puppycrawl/tools/checkstyle/api/AutomaticBean$RelaxedStringArrayConverter
instanceKlass org/apache/commons/beanutils/converters/ConverterFacade
instanceKlass org/apache/commons/beanutils/converters/AbstractConverter
instanceKlass org/apache/commons/beanutils/ConvertUtils
instanceKlass org/apache/commons/beanutils/ConvertUtilsBean
instanceKlass org/apache/xerces/impl/dtd/models/CMStateSet
instanceKlass org/apache/xerces/impl/dtd/models/DFAContentModel
instanceKlass com/puppycrawl/tools/checkstyle/DefaultConfiguration
instanceKlass com/puppycrawl/tools/checkstyle/ConfigurationLoader
instanceKlass com/puppycrawl/tools/checkstyle/PropertiesExpander
instanceKlass org/codehaus/plexus/resource/loader/JarHolder
instanceKlass org/apache/maven/plugin/checkstyle/exec/DefaultCheckstyleExecutor$1
instanceKlass com/google/common/collect/Lists
instanceKlass com/puppycrawl/tools/checkstyle/api/SeverityLevelCounter
instanceKlass org/apache/commons/logging/impl/SLF4JLog
instanceKlass org/apache/commons/logging/impl/SLF4JLocationAwareLog
instanceKlass org/apache/commons/logging/Log
instanceKlass org/apache/commons/logging/LogFactory$2
instanceKlass org/apache/commons/logging/LogFactory$3
instanceKlass org/apache/commons/logging/LogFactory$4
instanceKlass org/apache/commons/logging/impl/WeakHashtable$Referenced
instanceKlass org/apache/commons/logging/LogFactory$1
instanceKlass org/apache/commons/logging/LogFactory$6
instanceKlass org/apache/commons/logging/LogFactory
instanceKlass com/puppycrawl/tools/checkstyle/api/Context
instanceKlass com/puppycrawl/tools/checkstyle/ModuleFactory
instanceKlass com/puppycrawl/tools/checkstyle/api/MessageDispatcher
instanceKlass org/apache/xerces/impl/dtd/models/SimpleContentModel
instanceKlass com/puppycrawl/tools/checkstyle/filters/SuppressElement
instanceKlass org/apache/xerces/impl/Constants$ArrayEnumeration
instanceKlass org/apache/xerces/impl/Constants
instanceKlass org/apache/xerces/impl/dtd/XMLContentSpec
instanceKlass org/apache/xerces/impl/dtd/DTDGrammar$QNameHashtable
instanceKlass org/apache/xerces/impl/dtd/models/MixedContentModel
instanceKlass org/apache/xerces/impl/dtd/models/ContentModelValidator
instanceKlass org/apache/xerces/impl/dtd/models/CMNode
instanceKlass org/apache/xerces/parsers/AbstractSAXParser$LocatorProxy
instanceKlass org/apache/xerces/util/XMLSymbols
instanceKlass org/apache/xerces/util/XMLChar
instanceKlass org/apache/xerces/util/URI
instanceKlass org/apache/xerces/xni/parser/XMLInputSource
instanceKlass com/google/common/collect/Sets
instanceKlass org/apache/xerces/impl/ExternalSubsetResolver
instanceKlass org/apache/xerces/util/EntityResolverWrapper
instanceKlass org/apache/xerces/util/ErrorHandlerWrapper
instanceKlass org/apache/xerces/parsers/AbstractSAXParser$AttributesProxy
instanceKlass org/apache/xerces/impl/msg/XMLMessageFormatter
instanceKlass org/apache/xerces/impl/XMLVersionDetector
instanceKlass org/apache/xerces/impl/validation/ValidationManager
instanceKlass org/apache/xerces/impl/dv/dtd/NMTOKENDatatypeValidator
instanceKlass org/apache/xerces/impl/dv/dtd/NOTATIONDatatypeValidator
instanceKlass org/apache/xerces/impl/dv/dtd/ENTITYDatatypeValidator
instanceKlass org/apache/xerces/impl/dv/dtd/ListDatatypeValidator
instanceKlass org/apache/xerces/impl/dv/dtd/IDREFDatatypeValidator
instanceKlass org/apache/xerces/impl/dv/dtd/IDDatatypeValidator
instanceKlass org/apache/xerces/impl/dv/dtd/StringDatatypeValidator
instanceKlass org/apache/xerces/impl/dv/DatatypeValidator
instanceKlass org/apache/xerces/impl/dv/SecuritySupport$3
instanceKlass org/apache/xerces/impl/dv/SecuritySupport$2
instanceKlass org/apache/xerces/impl/dv/SecuritySupport$1
instanceKlass org/apache/xerces/impl/dv/SecuritySupport
instanceKlass org/apache/xerces/impl/dv/ObjectFactory
instanceKlass org/apache/xerces/impl/dv/DTDDVFactory
instanceKlass org/apache/xerces/impl/dtd/DTDGrammarBucket
instanceKlass org/apache/xerces/impl/dtd/XMLAttributeDecl
instanceKlass org/apache/xerces/impl/dtd/XMLSimpleType
instanceKlass org/apache/xerces/impl/dtd/XMLElementDecl
instanceKlass org/apache/xerces/impl/validation/ValidationState
instanceKlass org/apache/xerces/impl/dv/ValidationContext
instanceKlass org/apache/xerces/impl/dtd/DTDGrammar
instanceKlass org/apache/xerces/xni/grammars/Grammar
instanceKlass org/apache/xerces/impl/validation/EntityState
instanceKlass org/apache/xerces/impl/dtd/XMLEntityDecl
instanceKlass org/apache/xerces/impl/XMLDocumentScannerImpl$TrailingMiscDispatcher
instanceKlass org/apache/xerces/impl/XMLDocumentScannerImpl$DTDDispatcher
instanceKlass org/apache/xerces/impl/XMLDocumentScannerImpl$PrologDispatcher
instanceKlass org/apache/xerces/impl/XMLDocumentScannerImpl$XMLDeclDispatcher
instanceKlass org/apache/xerces/util/NamespaceSupport
instanceKlass org/apache/xerces/util/XMLAttributesImpl$Attribute
instanceKlass org/apache/xerces/util/XMLAttributesImpl
instanceKlass org/apache/xerces/impl/XMLDocumentFragmentScannerImpl$FragmentContentDispatcher
instanceKlass org/apache/xerces/xni/QName
instanceKlass org/apache/xerces/impl/XMLDocumentFragmentScannerImpl$ElementStack
instanceKlass org/apache/xerces/xni/grammars/XMLDTDDescription
instanceKlass org/apache/xerces/xni/grammars/XMLGrammarDescription
instanceKlass org/apache/xerces/impl/XMLDocumentFragmentScannerImpl$Dispatcher
instanceKlass org/apache/xerces/xni/XMLAttributes
instanceKlass org/apache/xerces/xni/XMLString
instanceKlass org/apache/xerces/impl/XMLErrorReporter
instanceKlass org/apache/xerces/impl/XMLEntityManager$CharacterBuffer
instanceKlass org/apache/xerces/impl/XMLEntityManager$CharacterBufferPool
instanceKlass org/apache/xerces/impl/XMLEntityManager$ByteBufferPool
instanceKlass org/apache/xerces/util/AugmentationsImpl$AugmentationsItemsContainer
instanceKlass org/apache/xerces/util/AugmentationsImpl
instanceKlass org/apache/xerces/util/XMLResourceIdentifierImpl
instanceKlass org/apache/xerces/impl/XMLEntityManager$1
instanceKlass org/apache/xerces/xni/Augmentations
instanceKlass org/apache/xerces/impl/XMLEntityManager$Entity
instanceKlass org/apache/xerces/impl/XMLEntityScanner
instanceKlass org/apache/xerces/xni/XMLResourceIdentifier
instanceKlass org/apache/xerces/impl/XMLEntityManager
instanceKlass org/apache/xerces/util/SymbolTable$Entry
instanceKlass org/apache/xerces/xni/grammars/XMLGrammarPool
instanceKlass org/apache/xerces/util/SymbolTable
instanceKlass org/apache/xerces/xni/NamespaceContext
instanceKlass org/apache/xerces/xni/XMLLocator
instanceKlass org/apache/xerces/util/MessageFormatter
instanceKlass org/apache/xerces/impl/dtd/XMLDTDValidator
instanceKlass org/apache/xerces/impl/dtd/XMLDTDValidatorFilter
instanceKlass org/apache/xerces/xni/parser/XMLDocumentScanner
instanceKlass org/apache/xerces/xni/grammars/XMLGrammarLoader
instanceKlass org/apache/xerces/impl/dtd/XMLDTDProcessor
instanceKlass org/apache/xerces/xni/parser/XMLDTDContentModelFilter
instanceKlass org/apache/xerces/xni/parser/XMLDTDFilter
instanceKlass org/apache/xerces/impl/XMLScanner
instanceKlass org/apache/xerces/impl/XMLEntityHandler
instanceKlass org/apache/xerces/xni/parser/XMLDTDScanner
instanceKlass org/apache/xerces/xni/parser/XMLDTDContentModelSource
instanceKlass org/apache/xerces/util/ParserConfigurationSettings
instanceKlass org/apache/xerces/parsers/XML11Configurable
instanceKlass org/apache/xerces/xni/parser/XMLPullParserConfiguration
instanceKlass org/apache/xerces/xni/parser/XMLParserConfiguration
instanceKlass org/apache/xerces/parsers/SecuritySupport$6
instanceKlass org/apache/xerces/parsers/SecuritySupport$7
instanceKlass org/apache/xerces/parsers/SecuritySupport$4
instanceKlass org/apache/xerces/parsers/SecuritySupport$3
instanceKlass org/apache/xerces/parsers/SecuritySupport$2
instanceKlass org/apache/xerces/parsers/SecuritySupport$1
instanceKlass org/apache/xerces/parsers/SecuritySupport
instanceKlass org/apache/xerces/parsers/ObjectFactory
instanceKlass org/apache/xerces/xni/parser/XMLEntityResolver
instanceKlass org/apache/xerces/xni/parser/XMLErrorHandler
instanceKlass org/apache/xerces/jaxp/TeeXMLDocumentFilterImpl
instanceKlass org/apache/xerces/impl/xs/XMLSchemaValidator
instanceKlass org/apache/xerces/impl/RevalidationHandler
instanceKlass org/apache/xerces/impl/xs/identity/FieldActivator
instanceKlass org/apache/xerces/xni/parser/XMLDocumentFilter
instanceKlass org/apache/xerces/xni/parser/XMLDocumentSource
instanceKlass org/apache/xerces/xni/parser/XMLComponent
instanceKlass org/apache/xerces/xni/parser/XMLComponentManager
instanceKlass org/apache/xerces/xni/parser/XMLDTDSource
instanceKlass org/apache/xerces/parsers/XMLParser
instanceKlass org/apache/xerces/xni/XMLDTDContentModelHandler
instanceKlass org/apache/xerces/xni/XMLDTDHandler
instanceKlass org/apache/xerces/xni/XMLDocumentHandler
instanceKlass org/apache/xerces/xs/PSVIProvider
instanceKlass org/apache/xerces/jaxp/JAXPConstants
instanceKlass com/google/common/base/Joiner$MapJoiner
instanceKlass com/google/common/base/Preconditions
instanceKlass com/google/common/base/Joiner
instanceKlass com/google/common/collect/Multiset
instanceKlass com/google/common/collect/Collections2
instanceKlass com/google/common/base/Converter
instanceKlass com/google/common/collect/ImmutableMap
instanceKlass com/google/common/collect/BiMap
instanceKlass com/google/common/collect/UnmodifiableIterator
instanceKlass com/google/common/base/Function
instanceKlass com/google/common/collect/Maps$EntryTransformer
instanceKlass com/google/common/collect/SortedMapDifference
instanceKlass com/google/common/collect/MapDifference
instanceKlass com/google/common/collect/Maps
instanceKlass com/puppycrawl/tools/checkstyle/utils/CommonUtils
instanceKlass org/codehaus/plexus/util/IOUtil
instanceKlass org/codehaus/plexus/resource/loader/FilePlexusResource
instanceKlass org/codehaus/plexus/resource/loader/ThreadContextClasspathResourceLoader$$FastClassByGuice$$366488496
instanceKlass org/codehaus/plexus/util/SelectorUtils
instanceKlass org/codehaus/plexus/util/MatchPatterns
instanceKlass org/codehaus/plexus/util/MatchPattern
instanceKlass org/codehaus/plexus/util/AbstractScanner
instanceKlass org/codehaus/plexus/util/Scanner
instanceKlass org/codehaus/plexus/resource/loader/JarResourceLoader$$FastClassByGuice$$365277986
instanceKlass org/codehaus/plexus/resource/loader/URLResourceLoader$$FastClassByGuice$$364807480
instanceKlass org/codehaus/plexus/resource/loader/FileResourceLoader$$FastClassByGuice$$363494540
instanceKlass org/codehaus/plexus/util/Os
instanceKlass org/codehaus/plexus/util/io/InputStreamFacade
instanceKlass org/codehaus/plexus/util/FileUtils
instanceKlass org/codehaus/plexus/util/StringUtils
instanceKlass com/puppycrawl/tools/checkstyle/AuditEventDefaultFormatter
instanceKlass com/puppycrawl/tools/checkstyle/AuditEventFormatter
instanceKlass org/apache/commons/beanutils/Converter
instanceKlass org/apache/maven/plugin/checkstyle/resource/LicenseResourceManager$$FastClassByGuice$$362518476
instanceKlass org/codehaus/plexus/resource/DefaultResourceManager$$FastClassByGuice$$361026507
instanceKlass org/apache/maven/plugin/checkstyle/exec/DefaultCheckstyleExecutor$$FastClassByGuice$$360544938
instanceKlass org/apache/maven/plugin/checkstyle/CheckstyleViolationCheckMojo$$FastClassByGuice$$358640001
instanceKlass org/apache/maven/doxia/module/fml/model/Faq
instanceKlass org/apache/maven/doxia/module/fml/model/Part
instanceKlass org/apache/maven/doxia/module/fml/model/Faqs
instanceKlass org/apache/maven/doxia/module/fml/FmlMarkup
instanceKlass org/apache/maven/doxia/index/IndexEntry
instanceKlass org/codehaus/plexus/components/interactivity/DefaultOutputHandler
instanceKlass org/sonatype/plexus/components/cipher/PBECipher
instanceKlass org/apache/maven/doxia/module/site/AbstractSiteModule
instanceKlass com/puppycrawl/tools/checkstyle/api/FilterSet
instanceKlass com/puppycrawl/tools/checkstyle/api/Configuration
instanceKlass com/puppycrawl/tools/checkstyle/api/Filter
instanceKlass com/puppycrawl/tools/checkstyle/PropertyResolver
instanceKlass org/apache/maven/doxia/macro/manager/DefaultMacroManager
instanceKlass org/apache/maven/doxia/sink/AbstractSink
instanceKlass org/apache/maven/doxia/sink/render/RenderingContext
instanceKlass org/apache/maven/doxia/siterenderer/SiteRenderingContext
instanceKlass org/apache/maven/doxia/site/decoration/Menu
instanceKlass org/codehaus/plexus/interpolation/ValueSource
instanceKlass org/sonatype/plexus/components/sec/dispatcher/model/SettingsSecurity
instanceKlass org/apache/maven/doxia/sink/AbstractTextSinkFactory
instanceKlass org/apache/maven/doxia/site/decoration/Banner
instanceKlass org/apache/maven/doxia/site/decoration/DecorationModel
instanceKlass org/apache/maven/doxia/site/decoration/inheritance/DefaultDecorationModelInheritanceAssembler$URLContainer
instanceKlass org/apache/maven/doxia/site/decoration/LinkItem
instanceKlass org/apache/maven/doxia/site/decoration/inheritance/DefaultDecorationModelInheritanceAssembler
instanceKlass org/apache/maven/doxia/macro/AbstractMacro
instanceKlass org/apache/velocity/runtime/RuntimeServices
instanceKlass org/apache/velocity/runtime/RuntimeLogger
instanceKlass org/apache/velocity/app/VelocityEngine
instanceKlass org/apache/velocity/runtime/RuntimeConstants
instanceKlass org/apache/velocity/runtime/log/LogSystem
instanceKlass org/apache/maven/plugin/checkstyle/rss/CheckstyleRssGeneratorRequest
instanceKlass org/apache/velocity/context/Context
instanceKlass org/apache/maven/plugin/checkstyle/rss/DefaultCheckstyleRssGenerator
instanceKlass org/apache/maven/doxia/sink/SinkEventAttributeSet
instanceKlass org/apache/maven/doxia/sink/SinkEventAttributes
instanceKlass org/apache/maven/doxia/macro/MacroRequest
instanceKlass org/apache/maven/doxia/logging/Log
instanceKlass org/apache/maven/doxia/parser/AbstractParser
instanceKlass org/apache/maven/doxia/module/xhtml/XhtmlMarkup
instanceKlass org/apache/maven/doxia/markup/HtmlMarkup
instanceKlass org/apache/maven/doxia/markup/XmlMarkup
instanceKlass org/apache/maven/doxia/markup/Markup
instanceKlass org/apache/maven/doxia/parser/manager/DefaultParserManager
instanceKlass org/codehaus/plexus/resource/PlexusResource
instanceKlass org/codehaus/plexus/components/interactivity/DefaultPrompter
instanceKlass org/apache/maven/doxia/module/site/manager/DefaultSiteModuleManager
instanceKlass org/apache/maven/plugin/checkstyle/RuleUtil$Matcher
instanceKlass org/apache/maven/plugin/checkstyle/exec/CheckstyleResults
instanceKlass com/puppycrawl/tools/checkstyle/api/AutomaticBean
instanceKlass com/puppycrawl/tools/checkstyle/api/Contextualizable
instanceKlass com/puppycrawl/tools/checkstyle/api/Configurable
instanceKlass org/apache/maven/plugin/checkstyle/exec/CheckstyleExecutorRequest
instanceKlass com/puppycrawl/tools/checkstyle/api/AuditListener
instanceKlass org/codehaus/doxia/sink/Sink
instanceKlass org/apache/maven/doxia/sink/Sink
instanceKlass org/codehaus/plexus/resource/loader/ResourceLoader
instanceKlass org/apache/maven/doxia/tools/SiteTool
instanceKlass org/codehaus/plexus/i18n/I18N
instanceKlass org/apache/maven/doxia/parser/Parser
instanceKlass org/apache/maven/doxia/sink/SinkFactory
instanceKlass org/apache/maven/doxia/module/site/SiteModule
instanceKlass org/apache/maven/doxia/siterenderer/Renderer
instanceKlass org/codehaus/plexus/velocity/VelocityComponent
instanceKlass org/apache/maven/doxia/site/decoration/inheritance/DecorationModelInheritanceAssembler
instanceKlass org/apache/maven/doxia/parser/manager/ParserManager
instanceKlass org/apache/maven/doxia/module/site/manager/SiteModuleManager
instanceKlass org/apache/maven/doxia/macro/manager/MacroManager
instanceKlass org/apache/maven/doxia/macro/Macro
instanceKlass org/apache/maven/doxia/logging/LogEnabled
instanceKlass org/apache/maven/doxia/Doxia
instanceKlass org/sonatype/plexus/components/cipher/PlexusCipher
instanceKlass org/sonatype/plexus/components/sec/dispatcher/SecDispatcher
instanceKlass org/codehaus/plexus/components/interactivity/Prompter
instanceKlass org/codehaus/plexus/components/interactivity/OutputHandler
instanceKlass org/codehaus/plexus/components/interactivity/InputHandler
instanceKlass org/apache/maven/plugin/checkstyle/rss/CheckstyleRssGenerator
instanceKlass org/codehaus/plexus/resource/ResourceManager
instanceKlass org/apache/maven/plugin/checkstyle/exec/CheckstyleExecutor
instanceKlass org/apache/maven/reporting/MavenMultiPageReport
instanceKlass org/apache/maven/reporting/MavenReport
instanceKlass org/apache/maven/plugin/compiler/AbstractCompilerMojo$$Lambda$254
instanceKlass org/apache/maven/plugin/compiler/TestCompilerMojo$$FastClassByGuice$$358484226
instanceKlass org/apache/maven/plugins/resources/TestResourcesMojo$$FastClassByGuice$$357238039
instanceKlass org/apache/maven/plugin/compiler/AbstractCompilerMojo$1
instanceKlass org/apache/maven/shared/utils/io/DirectoryScanResult
instanceKlass com/sun/tools/javac/comp/Resolve$15
instanceKlass org/codehaus/plexus/compiler/javac/JavaxToolsCompiler$1
instanceKlass org/codehaus/plexus/compiler/javac/JavacCompiler$JavaVersion$$Lambda$253
instanceKlass org/codehaus/plexus/util/StringUtils
instanceKlass org/apache/maven/shared/utils/io/SelectorUtils
instanceKlass org/apache/maven/shared/utils/io/MatchPattern
instanceKlass org/apache/maven/shared/utils/io/MatchPatterns
instanceKlass org/apache/maven/shared/utils/io/DirectoryScanner
instanceKlass org/apache/maven/shared/utils/io/FileUtils
instanceKlass org/apache/maven/plugin/compiler/AbstractCompilerMojo$$Lambda$252
instanceKlass org/apache/maven/plugin/compiler/AbstractCompilerMojo$$Lambda$251
instanceKlass org/apache/maven/shared/utils/logging/AnsiMessageBuilder
instanceKlass org/apache/maven/shared/utils/logging/LoggerLevelRenderer
instanceKlass org/apache/maven/shared/utils/logging/MessageUtils
instanceKlass org/apache/maven/plugin/compiler/AbstractCompilerMojo$$Lambda$250
instanceKlass org/apache/maven/plugin/compiler/DeltaList
instanceKlass org/apache/maven/plugin/compiler/AbstractCompilerMojo$$Lambda$249
instanceKlass org/codehaus/plexus/util/io/InputStreamFacade
instanceKlass org/codehaus/plexus/util/BaseFileUtils
instanceKlass org/apache/maven/plugin/compiler/AbstractCompilerMojo$$Lambda$248
instanceKlass org/apache/maven/plugin/compiler/AbstractCompilerMojo$$Lambda$247
instanceKlass org/apache/maven/plugin/compiler/AbstractCompilerMojo$$Lambda$246
instanceKlass org/apache/maven/shared/incremental/IncrementalBuildHelperRequest
instanceKlass org/codehaus/plexus/util/SelectorUtils
instanceKlass org/codehaus/plexus/util/MatchPatterns
instanceKlass org/codehaus/plexus/util/MatchPattern
instanceKlass org/codehaus/plexus/util/AbstractScanner
instanceKlass org/codehaus/plexus/util/Scanner
instanceKlass org/codehaus/plexus/compiler/util/scan/mapping/SuffixMapping
instanceKlass org/codehaus/plexus/compiler/util/scan/AbstractSourceInclusionScanner
instanceKlass org/apache/maven/shared/utils/StringUtils
instanceKlass org/codehaus/plexus/compiler/PlexusLoggerWrapper
instanceKlass org/apache/maven/plugin/compiler/CompilerMojo$$FastClassByGuice$$356086462
instanceKlass org/codehaus/plexus/compiler/javac/JavaxToolsCompiler$$FastClassByGuice$$354530095
instanceKlass org/codehaus/plexus/compiler/javac/JavacCompiler$$FastClassByGuice$$353569518
instanceKlass org/codehaus/plexus/compiler/manager/DefaultCompilerManager$$FastClassByGuice$$353248513
instanceKlass org/codehaus/plexus/languages/java/jpms/LocationManager$$FastClassByGuice$$351367279
instanceKlass org/codehaus/plexus/compiler/CompilerMessage
instanceKlass org/codehaus/plexus/util/cli/StreamConsumer
instanceKlass org/codehaus/plexus/compiler/CompilerOutputStyle
instanceKlass org/codehaus/plexus/languages/java/jpms/ResolvePathsRequest
instanceKlass org/codehaus/plexus/languages/java/jpms/ResolvePathResult
instanceKlass org/codehaus/plexus/languages/java/jpms/ResolvePathRequest
instanceKlass org/codehaus/plexus/languages/java/jpms/ManifestModuleNameExtractor
instanceKlass org/codehaus/plexus/languages/java/jpms/SourceModuleInfoParser
instanceKlass org/codehaus/plexus/languages/java/jpms/ModuleInfoParser
instanceKlass org/codehaus/plexus/languages/java/jpms/ModuleNameExtractor
instanceKlass org/codehaus/plexus/languages/java/jpms/JavaModuleDescriptor
instanceKlass org/codehaus/plexus/languages/java/jpms/ResolvePathsResult
instanceKlass org/apache/maven/plugin/compiler/DependencyCoordinate
instanceKlass org/codehaus/plexus/compiler/CompilerResult
instanceKlass org/codehaus/plexus/compiler/util/scan/SourceInclusionScanner
instanceKlass org/apache/maven/shared/incremental/IncrementalBuildHelper
instanceKlass org/apache/maven/shared/utils/logging/MessageBuilder
instanceKlass org/codehaus/plexus/compiler/CompilerConfiguration
instanceKlass org/codehaus/plexus/compiler/util/scan/mapping/SourceMapping
instanceKlass org/codehaus/plexus/compiler/javac/JavaxToolsCompiler
instanceKlass org/codehaus/plexus/compiler/javac/InProcessCompiler
instanceKlass org/codehaus/plexus/compiler/AbstractCompiler
instanceKlass org/codehaus/plexus/compiler/Compiler
instanceKlass org/codehaus/plexus/compiler/manager/DefaultCompilerManager
instanceKlass org/codehaus/plexus/compiler/manager/CompilerManager
instanceKlass org/codehaus/plexus/languages/java/jpms/LocationManager
instanceKlass org/sonatype/plexus/build/incremental/EmptyScanner
instanceKlass org/apache/maven/shared/filtering/FilteringUtils
instanceKlass org/apache/commons/io/FilenameUtils
instanceKlass org/codehaus/plexus/util/SelectorUtils
instanceKlass org/codehaus/plexus/util/MatchPatterns
instanceKlass org/codehaus/plexus/util/MatchPattern
instanceKlass org/codehaus/plexus/util/AbstractScanner
instanceKlass org/codehaus/plexus/interpolation/RecursionInterceptor
instanceKlass org/codehaus/plexus/interpolation/AbstractValueSource
instanceKlass org/apache/maven/plugins/resources/MavenBuildTimestamp
instanceKlass org/apache/maven/shared/filtering/FilterWrapper
instanceKlass org/apache/commons/lang3/StringUtils
instanceKlass org/sonatype/plexus/build/incremental/DefaultBuildContext$$FastClassByGuice$$351031765
instanceKlass org/apache/maven/plugins/resources/ResourcesMojo$$FastClassByGuice$$349617156
instanceKlass org/apache/maven/shared/filtering/DefaultMavenResourcesFiltering$$FastClassByGuice$$348965805
instanceKlass org/apache/maven/shared/filtering/DefaultMavenReaderFilter$$FastClassByGuice$$347697539
instanceKlass org/apache/maven/shared/filtering/DefaultMavenFileFilter$$FastClassByGuice$$346808847
instanceKlass org/codehaus/plexus/interpolation/Interpolator
instanceKlass org/codehaus/plexus/interpolation/BasicInterpolator
instanceKlass org/codehaus/plexus/interpolation/ValueSource
instanceKlass org/codehaus/plexus/util/Scanner
instanceKlass org/apache/maven/shared/filtering/AbstractMavenFilteringRequest
instanceKlass org/apache/maven/shared/filtering/DefaultMavenResourcesFiltering
instanceKlass org/apache/maven/shared/filtering/MavenResourcesFiltering
instanceKlass org/apache/maven/shared/filtering/MavenReaderFilter
instanceKlass org/apache/maven/shared/filtering/BaseFilter
instanceKlass org/apache/maven/shared/filtering/MavenFileFilter
instanceKlass org/apache/maven/shared/filtering/DefaultFilterInfo
instanceKlass org/sonatype/plexus/build/incremental/BuildContext
instanceKlass org/apache/commons/lang/ArrayUtils
instanceKlass org/apache/rat/analysis/HeaderCheckWorker
instanceKlass org/apache/rat/analysis/DocumentHeaderAnalyser
instanceKlass org/apache/rat/document/impl/guesser/BinaryGuesser
instanceKlass org/apache/rat/document/impl/guesser/ArchiveGuesser
instanceKlass org/apache/commons/lang/StringUtils
instanceKlass org/apache/rat/document/impl/guesser/GuessUtils
instanceKlass org/apache/rat/document/impl/DocumentImplUtils
instanceKlass org/apache/rat/document/impl/guesser/NoteGuesser
instanceKlass org/apache/rat/mp/FilesReportable$FileDocument
instanceKlass org/apache/commons/lang/Validate
instanceKlass org/apache/commons/lang/time/FastDateFormat$StringLiteral
instanceKlass org/apache/commons/lang/time/FastDateFormat$TimeZoneNumberRule
instanceKlass org/apache/commons/lang/time/FastDateFormat$TwoDigitNumberField
instanceKlass org/apache/commons/lang/time/FastDateFormat$TwoDigitMonthField
instanceKlass org/apache/commons/lang/time/FastDateFormat$CharacterLiteral
instanceKlass org/apache/commons/lang/time/FastDateFormat$PaddedNumberField
instanceKlass org/apache/commons/lang/text/StrTokenizer
instanceKlass org/apache/commons/lang/text/StrBuilder
instanceKlass org/apache/commons/lang/time/FastDateFormat$Pair
instanceKlass org/apache/commons/lang/time/FastDateFormat$NumberRule
instanceKlass org/apache/commons/lang/time/FastDateFormat$TextField
instanceKlass org/apache/commons/lang/time/FastDateFormat$Rule
instanceKlass org/apache/commons/lang/time/DateFormatUtils
instanceKlass org/apache/rat/report/claim/util/ClaimReporterMultiplexer
instanceKlass org/apache/rat/document/impl/util/DocumentAnalyserMultiplexer
instanceKlass org/apache/rat/policy/DefaultPolicy
instanceKlass org/apache/rat/analysis/DefaultAnalyserFactory$DefaultAnalyser
instanceKlass org/apache/rat/analysis/DefaultAnalyserFactory
instanceKlass org/apache/rat/report/AbstractReport
instanceKlass org/apache/rat/report/RatReport
instanceKlass org/apache/rat/document/IDocumentAnalyser
instanceKlass org/apache/rat/report/xml/XmlReportFactory
instanceKlass org/apache/commons/collections/Buffer
instanceKlass org/apache/rat/report/xml/writer/impl/base/XmlWriter
instanceKlass org/apache/rat/ReportTransformer
instanceKlass org/apache/commons/io/filefilter/IOFileFilter
instanceKlass org/apache/rat/report/xml/writer/IXmlWriter
instanceKlass org/apache/rat/Report
instanceKlass org/apache/rat/api/Document
instanceKlass org/apache/rat/mp/FilesReportable
instanceKlass org/codehaus/plexus/util/SelectorUtils
instanceKlass org/codehaus/plexus/util/MatchPattern
instanceKlass org/codehaus/plexus/util/MatchPatterns
instanceKlass org/apache/rat/analysis/util/HeaderMatcherMultiplexer
instanceKlass org/apache/rat/analysis/generation/GeneratedLicenseNotRequired
instanceKlass org/apache/rat/analysis/generation/JavaDocLicenseNotRequired
instanceKlass org/apache/rat/api/MetaData$Datum
instanceKlass org/apache/rat/api/MetaData
instanceKlass org/apache/rat/analysis/license/BaseLicense
instanceKlass org/apache/rat/Defaults
instanceKlass org/apache/rat/mp/RatCheckMojo$$FastClassByGuice$$345301692
instanceKlass org/codehaus/plexus/archiver/manager/DefaultArchiverManager
instanceKlass org/codehaus/plexus/archiver/bzip2/BZip2Constants
instanceKlass org/apache/maven/doxia/module/site/AbstractSiteModule
instanceKlass org/apache/maven/doxia/sink/AbstractSink
instanceKlass org/apache/maven/doxia/sink/render/RenderingContext
instanceKlass org/apache/maven/doxia/siterenderer/SiteRenderingContext
instanceKlass org/apache/velocity/context/Context
instanceKlass org/apache/maven/doxia/index/IndexEntry
instanceKlass org/apache/maven/doxia/site/decoration/Banner
instanceKlass org/apache/maven/doxia/site/decoration/DecorationModel
instanceKlass org/apache/maven/doxia/site/decoration/inheritance/DefaultDecorationModelInheritanceAssembler$URLContainer
instanceKlass org/apache/maven/doxia/site/decoration/LinkItem
instanceKlass org/apache/maven/doxia/site/decoration/inheritance/DefaultDecorationModelInheritanceAssembler
instanceKlass org/apache/maven/doxia/macro/manager/DefaultMacroManager
instanceKlass org/apache/maven/doxia/parser/manager/DefaultParserManager
instanceKlass org/codehaus/plexus/util/cli/StreamConsumer
instanceKlass org/apache/maven/doxia/module/site/manager/DefaultSiteModuleManager
instanceKlass org/codehaus/plexus/components/interactivity/DefaultOutputHandler
instanceKlass org/apache/maven/doxia/sink/AbstractTextSinkFactory
instanceKlass org/apache/maven/doxia/module/fml/model/Faq
instanceKlass org/apache/maven/doxia/module/fml/model/Part
instanceKlass org/apache/maven/doxia/module/fml/model/Faqs
instanceKlass org/apache/maven/doxia/module/fml/FmlMarkup
instanceKlass org/codehaus/plexus/components/interactivity/DefaultPrompter
instanceKlass org/codehaus/plexus/archiver/jar/Manifest
instanceKlass org/codehaus/plexus/archiver/util/FilterSupport
instanceKlass org/codehaus/plexus/archiver/FinalizerEnabled
instanceKlass org/codehaus/plexus/archiver/FilterEnabled
instanceKlass org/apache/maven/doxia/sink/SinkEventAttributeSet
instanceKlass org/apache/maven/doxia/parser/AbstractParser
instanceKlass org/apache/maven/doxia/module/xhtml/XhtmlMarkup
instanceKlass org/apache/maven/doxia/markup/HtmlMarkup
instanceKlass org/apache/maven/doxia/markup/XmlMarkup
instanceKlass org/apache/maven/doxia/markup/Markup
instanceKlass org/apache/velocity/runtime/RuntimeServices
instanceKlass org/apache/velocity/runtime/RuntimeLogger
instanceKlass org/apache/velocity/app/VelocityEngine
instanceKlass org/apache/velocity/runtime/RuntimeConstants
instanceKlass org/apache/velocity/runtime/log/LogSystem
instanceKlass org/codehaus/plexus/archiver/ArchiveEntry
instanceKlass org/codehaus/plexus/archiver/tar/TarArchiver$TarOptions
instanceKlass org/codehaus/plexus/archiver/util/EnumeratedAttribute
instanceKlass org/apache/maven/doxia/macro/MacroRequest
instanceKlass org/apache/maven/doxia/logging/Log
instanceKlass org/apache/maven/doxia/sink/SinkEventAttributes
instanceKlass org/apache/maven/doxia/macro/AbstractMacro
instanceKlass org/codehaus/doxia/sink/Sink
instanceKlass org/apache/maven/doxia/sink/Sink
instanceKlass org/apache/rat/report/claim/ClaimStatistic
instanceKlass org/codehaus/plexus/util/AbstractScanner
instanceKlass org/codehaus/plexus/util/Scanner
instanceKlass org/apache/rat/ReportConfiguration
instanceKlass org/apache/rat/license/ILicenseFamily
instanceKlass org/apache/rat/mp/LicenseFamilySpecification
instanceKlass org/apache/rat/mp/HeaderMatcherSpecification
instanceKlass org/apache/rat/report/IReportable
instanceKlass org/apache/rat/analysis/IHeaderMatcher
instanceKlass org/codehaus/plexus/archiver/manager/ArchiverManager
instanceKlass org/codehaus/plexus/archiver/UnArchiver
instanceKlass org/codehaus/plexus/archiver/Archiver
instanceKlass org/codehaus/plexus/components/interactivity/Prompter
instanceKlass org/codehaus/plexus/components/interactivity/OutputHandler
instanceKlass org/codehaus/plexus/components/interactivity/InputHandler
instanceKlass org/codehaus/plexus/i18n/I18N
instanceKlass org/apache/maven/doxia/module/site/SiteModule
instanceKlass org/apache/maven/doxia/sink/SinkFactory
instanceKlass org/apache/maven/doxia/parser/Parser
instanceKlass org/apache/maven/doxia/siterenderer/Renderer
instanceKlass org/codehaus/plexus/velocity/VelocityComponent
instanceKlass org/apache/maven/doxia/site/decoration/inheritance/DecorationModelInheritanceAssembler
instanceKlass org/apache/maven/doxia/parser/manager/ParserManager
instanceKlass org/apache/maven/doxia/module/site/manager/SiteModuleManager
instanceKlass org/apache/maven/doxia/macro/manager/MacroManager
instanceKlass org/apache/maven/doxia/macro/Macro
instanceKlass org/apache/maven/doxia/logging/LogEnabled
instanceKlass org/apache/maven/doxia/Doxia
instanceKlass org/apache/maven/reporting/MavenReport
instanceKlass org/apache/maven/plugins/clean/Cleaner$Result
instanceKlass org/apache/maven/plugins/clean/Cleaner$$Lambda$245
instanceKlass org/apache/maven/plugins/clean/Cleaner$$Lambda$244
instanceKlass org/apache/maven/plugins/clean/Cleaner$Logger
instanceKlass org/apache/maven/shared/utils/Os
instanceKlass org/apache/maven/plugins/clean/Cleaner
instanceKlass org/apache/maven/plugins/clean/CleanMojo$$FastClassByGuice$$344398839
instanceKlass org/apache/maven/plugins/clean/Fileset
instanceKlass org/apache/maven/plugins/clean/Selector
instanceKlass sun/nio/cs/UTF_8$1
instanceKlass com/sun/tools/javac/file/CacheFSInfo$Entry
instanceKlass com/sun/source/util/Trees
instanceKlass javax/annotation/processing/SupportedOptions
instanceKlass javax/annotation/processing/SupportedAnnotationTypes
instanceKlass com/sun/tools/javac/code/Source$1
instanceKlass javax/annotation/processing/AbstractProcessor
instanceKlass com/sun/tools/javac/processing/JavacProcessingEnvironment$ProcessorState
instanceKlass com/sun/tools/javac/processing/JavacRoundEnvironment
instanceKlass javax/lang/model/util/AbstractElementVisitor6
instanceKlass javax/lang/model/element/ElementVisitor
instanceKlass com/sun/tools/javac/processing/JavacProcessingEnvironment$Round
instanceKlass com/sun/tools/javac/parser/LazyDocCommentTable$Entry
instanceKlass com/sun/tools/javac/parser/LazyDocCommentTable
instanceKlass sun/nio/fs/WindowsFileCopy
instanceKlass com/sun/tools/javac/comp/Lower$5
instanceKlass com/sun/tools/javac/comp/LambdaToMethod$MemberReferenceToLambda
instanceKlass com/sun/tools/javac/code/Type$4
instanceKlass com/sun/tools/javac/comp/Lower$EnumMapping
instanceKlass com/sun/tools/javac/comp/MemberEnter$4
instanceKlass com/sun/tools/javac/comp/MemberEnter$3
instanceKlass com/sun/tools/javac/jvm/ClassReader$TypeAnnotationProxy
instanceKlass java/lang/Class$EnclosingMethodInfo
instanceKlass org/sonatype/plexus/build/incremental/EmptyScanner
instanceKlass java/nio/file/attribute/PosixFileAttributes
instanceKlass org/codehaus/plexus/interpolation/util/StringUtils
instanceKlass org/codehaus/plexus/interpolation/reflection/MethodMap
instanceKlass org/codehaus/plexus/interpolation/reflection/ClassMap$CacheMiss
instanceKlass org/codehaus/plexus/interpolation/reflection/ClassMap
instanceKlass org/codehaus/plexus/interpolation/reflection/ReflectionValueExtractor$Tokenizer
instanceKlass org/codehaus/plexus/interpolation/reflection/ReflectionValueExtractor
instanceKlass org/codehaus/plexus/interpolation/util/ValueSourceUtils
instanceKlass org/apache/commons/io/IOUtils$$Lambda$243
instanceKlass org/apache/commons/io/IOUtils$$Lambda$242
instanceKlass org/apache/commons/io/IOUtils
instanceKlass org/codehaus/plexus/interpolation/PrefixAwareRecursionInterceptor
instanceKlass org/codehaus/plexus/interpolation/SimpleRecursionInterceptor
instanceKlass org/apache/maven/shared/filtering/BaseFilter$$Lambda$241
instanceKlass org/codehaus/plexus/interpolation/InterpolationPostProcessor
instanceKlass org/codehaus/plexus/interpolation/SingleResponseValueSource
instanceKlass org/codehaus/plexus/interpolation/PrefixedValueSourceWrapper
instanceKlass org/codehaus/plexus/interpolation/FeedbackEnabledValueSource
instanceKlass org/codehaus/plexus/interpolation/AbstractDelegatingValueSource
instanceKlass org/codehaus/plexus/interpolation/QueryEnabledValueSource
instanceKlass org/codehaus/plexus/interpolation/multi/DelimiterSpecification
instanceKlass org/codehaus/plexus/interpolation/multi/MultiDelimiterStringSearchInterpolator
instanceKlass org/apache/maven/shared/filtering/FilteringUtils
instanceKlass org/apache/commons/io/FilenameUtils
instanceKlass org/codehaus/plexus/util/SelectorUtils
instanceKlass org/codehaus/plexus/util/MatchPatterns
instanceKlass org/codehaus/plexus/util/MatchPattern
instanceKlass org/codehaus/plexus/util/AbstractScanner
instanceKlass org/codehaus/plexus/util/IOUtil
instanceKlass org/apache/maven/scm/command/info/InfoItem
instanceKlass java/lang/ProcessImpl$2
instanceKlass java/lang/Process
instanceKlass java/lang/ProcessBuilder
instanceKlass java/io/Console
instanceKlass org/codehaus/plexus/util/cli/CommandLineUtils
instanceKlass org/codehaus/plexus/util/cli/CommandLineUtils$StringStreamConsumer
instanceKlass org/codehaus/plexus/util/cli/Commandline$Argument
instanceKlass org/codehaus/plexus/util/Os
instanceKlass org/codehaus/plexus/util/cli/shell/Shell
instanceKlass org/codehaus/plexus/util/cli/Arg
instanceKlass org/apache/maven/scm/provider/git/gitexe/command/GitCommandLineUtils
instanceKlass org/apache/maven/scm/command/AbstractCommand
instanceKlass org/codehaus/plexus/util/AbstractScanner
instanceKlass org/codehaus/plexus/util/Scanner
instanceKlass org/apache/maven/scm/provider/git/repository/RepositoryUrl
instanceKlass org/apache/maven/scm/provider/svn/svnjava/SvnJavaScmProvider$$FastClassByGuice$$343248876
instanceKlass org/apache/maven/scm/provider/bazaar/BazaarScmProvider$$FastClassByGuice$$342014482
instanceKlass org/apache/maven/scm/provider/clearcase/ClearCaseScmProvider$$FastClassByGuice$$341124363
instanceKlass org/apache/maven/scm/provider/perforce/PerforceScmProvider$$FastClassByGuice$$340400244
instanceKlass org/apache/maven/scm/provider/git/gitexe/GitExeScmProvider$$FastClassByGuice$$339582656
instanceKlass org/apache/maven/scm/provider/hg/HgScmProvider$$FastClassByGuice$$338546213
instanceKlass org/apache/maven/scm/provider/svn/svnexe/SvnExeScmProvider$$FastClassByGuice$$337000378
instanceKlass org/apache/maven/scm/provider/starteam/StarteamScmProvider$$FastClassByGuice$$336324521
instanceKlass org/apache/maven/scm/provider/cvslib/cvsexe/CvsExeScmProvider$$FastClassByGuice$$335348425
instanceKlass org/apache/maven/scm/manager/plexus/PlexusLogger
instanceKlass org/apache/maven/scm/provider/ScmUrlUtils
instanceKlass org/codehaus/plexus/util/StringUtils
instanceKlass java/text/FieldPosition$Delegate
instanceKlass org/apache/maven/scm/manager/plexus/DefaultScmManager$$FastClassByGuice$$333469224
instanceKlass org/codehaus/mojo/build/CreateMojo$$FastClassByGuice$$332889378
instanceKlass org/codehaus/plexus/components/interactivity/DefaultPrompter
instanceKlass org/apache/maven/scm/providers/clearcase/settings/Settings
instanceKlass org/codehaus/plexus/util/cli/Commandline
instanceKlass org/apache/maven/scm/manager/AbstractScmManager
instanceKlass org/apache/maven/scm/provider/git/AbstractGitScmProvider$ScmUrlParserResult
instanceKlass org/apache/maven/scm/provider/git/command/GitCommand
instanceKlass org/apache/maven/scm/provider/hg/HgScmProvider$HgUrlParserResult
instanceKlass org/apache/maven/scm/provider/svn/AbstractSvnScmProvider$ScmUrlParserResult
instanceKlass org/apache/maven/scm/provider/svn/command/SvnCommand
instanceKlass org/apache/maven/scm/provider/cvslib/AbstractCvsScmProvider$ScmUrlParserResult
instanceKlass org/apache/maven/scm/command/Command
instanceKlass org/apache/maven/scm/ScmBranchParameters
instanceKlass org/apache/maven/scm/AbstractScmVersion
instanceKlass org/apache/maven/scm/ScmTagParameters
instanceKlass org/apache/maven/scm/CommandParameters
instanceKlass org/apache/maven/scm/provider/ScmProviderRepository
instanceKlass org/apache/maven/scm/ScmVersion
instanceKlass org/apache/maven/scm/provider/AbstractScmProvider
instanceKlass org/codehaus/plexus/components/interactivity/DefaultOutputHandler
instanceKlass org/apache/maven/scm/util/AbstractConsumer
instanceKlass org/codehaus/plexus/util/cli/StreamConsumer
instanceKlass org/apache/maven/scm/ScmFileSet
instanceKlass org/apache/maven/scm/repository/ScmRepository
instanceKlass org/apache/maven/scm/log/ScmLogDispatcher
instanceKlass org/apache/maven/scm/log/ScmLogger
instanceKlass org/apache/maven/scm/ScmResult
instanceKlass org/apache/maven/scm/provider/ScmProvider
instanceKlass org/apache/maven/scm/manager/ScmManager
instanceKlass org/codehaus/plexus/components/interactivity/Prompter
instanceKlass org/codehaus/plexus/components/interactivity/OutputHandler
instanceKlass org/codehaus/plexus/components/interactivity/InputHandler
instanceKlass org/antlr/v4/tool/ast/GrammarASTVisitor
instanceKlass org/antlr/v4/tool/LabelElementPair
instanceKlass org/antlr/v4/codegen/model/TestSetInline$Bitset
instanceKlass org/antlr/v4/semantics/BlankActionSplitterListener
instanceKlass org/antlr/v4/codegen/model/ModelElement
instanceKlass org/antlr/v4/codegen/OutputModelWalker
instanceKlass org/antlr/v4/codegen/UnicodeEscapes
instanceKlass org/antlr/v4/runtime/atn/ATNSerializer$3
instanceKlass org/antlr/v4/runtime/atn/ATNSerializer$2
instanceKlass org/antlr/v4/runtime/atn/ATNSerializer$1
instanceKlass java/util/UUID
instanceKlass org/antlr/v4/runtime/atn/ATNDeserializer$UnicodeDeserializer
instanceKlass org/antlr/v4/runtime/atn/ATNDeserializer
instanceKlass org/antlr/v4/runtime/misc/IntegerList
instanceKlass org/antlr/v4/runtime/atn/ATNSerializer$CodePointSerializer
instanceKlass org/antlr/v4/runtime/atn/ATNSerializer
instanceKlass org/antlr/v4/codegen/ActionTranslator
instanceKlass org/stringtemplate/v4/InstanceScope
instanceKlass org/stringtemplate/v4/AutoIndentWriter
instanceKlass org/antlr/v4/codegen/OutputModelController
instanceKlass org/antlr/v4/codegen/model/OutputModelObject
instanceKlass org/antlr/v4/codegen/model/LabeledOp
instanceKlass org/antlr/v4/codegen/BlankOutputModelFactory
instanceKlass org/antlr/v4/codegen/CodeGenPipeline
instanceKlass org/antlr/v4/runtime/RuleContext
instanceKlass org/antlr/v4/runtime/tree/RuleNode
instanceKlass org/antlr/v4/runtime/tree/ParseTree
instanceKlass org/antlr/v4/runtime/tree/SyntaxTree
instanceKlass org/antlr/v4/runtime/tree/Tree
instanceKlass org/antlr/v4/runtime/atn/ATNConfig
instanceKlass org/antlr/v4/runtime/atn/PredictionContext
instanceKlass org/antlr/v4/runtime/atn/LL1Analyzer
instanceKlass org/antlr/v4/analysis/LeftRecursionDetector
instanceKlass org/antlr/v4/analysis/AnalysisPipeline
instanceKlass org/antlr/v4/automata/ATNOptimizer
instanceKlass org/antlr/v4/runtime/misc/MurmurHash
instanceKlass org/antlr/v4/runtime/atn/LexerSkipAction
instanceKlass org/antlr/v4/misc/EscapeSequenceParsing$Result
instanceKlass org/antlr/v4/misc/EscapeSequenceParsing
instanceKlass org/antlr/v4/automata/LexerATNFactory$1
instanceKlass org/antlr/v4/automata/LexerATNFactory$CharSetParseState
instanceKlass org/antlr/v4/runtime/misc/Triple
instanceKlass org/antlr/v4/automata/ATNVisitor
instanceKlass org/antlr/v4/automata/ATNFactory$Handle
instanceKlass org/antlr/v4/runtime/atn/CodePointTransitions
instanceKlass org/antlr/v4/codegen/Target$1
instanceKlass org/stringtemplate/v4/StringRenderer
instanceKlass org/stringtemplate/v4/debug/InterpEvent
instanceKlass org/stringtemplate/v4/Interpreter
instanceKlass org/stringtemplate/v4/compiler/STParser$conditional_scope
instanceKlass org/stringtemplate/v4/NumberRenderer
instanceKlass org/antlr/v4/runtime/RuntimeMetaData
instanceKlass org/antlr/v4/runtime/atn/ATN
instanceKlass org/stringtemplate/v4/AttributeRenderer
instanceKlass org/antlr/v4/codegen/Target
instanceKlass org/antlr/v4/codegen/OutputModelFactory
instanceKlass org/stringtemplate/v4/STWriter
instanceKlass org/antlr/v4/codegen/CodeGenerator
instanceKlass org/antlr/v4/semantics/UseDefAnalyzer
instanceKlass org/antlr/v4/semantics/AttributeChecks
instanceKlass org/antlr/v4/parse/ActionSplitterListener
instanceKlass org/antlr/v4/misc/Utils
instanceKlass org/antlr/v4/runtime/atn/LexerAction
instanceKlass org/antlr/v4/runtime/atn/Transition
instanceKlass org/antlr/v4/automata/ParserATNFactory
instanceKlass org/antlr/v4/semantics/SymbolChecks
instanceKlass org/antlr/v4/analysis/LeftRecursiveRuleTransformer
instanceKlass org/antlr/v4/tool/Alternative
instanceKlass org/antlr/v4/semantics/SemanticPipeline
instanceKlass org/antlr/v4/runtime/misc/Pair
instanceKlass org/antlr/runtime/tree/TreePatternParser
instanceKlass org/antlr/runtime/tree/TreePatternLexer
instanceKlass org/antlr/v4/runtime/misc/Interval
instanceKlass org/antlr/v4/runtime/misc/IntervalSet
instanceKlass org/antlr/runtime/tree/TreeWizard$ContextVisitor
instanceKlass org/antlr/runtime/tree/TreeWizard
instanceKlass org/antlr/v4/tool/GrammarTransformPipeline$1
instanceKlass org/antlr/v4/misc/CharSupport
instanceKlass org/antlr/runtime/tree/TreeRewriter$1
instanceKlass org/antlr/runtime/tree/TreeRewriter$3
instanceKlass org/antlr/runtime/tree/TreeRewriter$2
instanceKlass org/antlr/runtime/tree/TreeRewriter$fptr
instanceKlass org/antlr/v4/runtime/misc/LogManager$Record
instanceKlass org/antlr/v4/tool/GrammarTransformPipeline$2
instanceKlass org/antlr/runtime/tree/TreeVisitor
instanceKlass org/antlr/v4/tool/GrammarTransformPipeline
instanceKlass org/antlr/v4/misc/Graph$Node
instanceKlass org/antlr/v4/tool/ast/QuantifierAST
instanceKlass org/antlr/v4/tool/Attribute
instanceKlass org/antlr/v4/tool/AttributeDict
instanceKlass org/antlr/v4/tool/Rule
instanceKlass org/antlr/v4/runtime/atn/SemanticContext
instanceKlass org/antlr/v4/runtime/Vocabulary
instanceKlass org/antlr/v4/runtime/misc/IntSet
instanceKlass org/antlr/runtime/tree/TreeVisitorAction
instanceKlass org/antlr/v4/tool/ast/RuleElementAST
instanceKlass org/antlr/mojo/antlr4/Antlr4ErrorLog
instanceKlass org/stringtemplate/v4/compiler/StringTable
instanceKlass org/stringtemplate/v4/compiler/CompilationState
instanceKlass org/stringtemplate/v4/compiler/CodeGenerator$template_scope
instanceKlass org/antlr/runtime/tree/TreeIterator
instanceKlass org/antlr/runtime/misc/FastQueue
instanceKlass org/antlr/runtime/tree/PositionTrackingStream
instanceKlass org/antlr/runtime/tree/BaseTreeAdaptor
instanceKlass org/antlr/runtime/tree/RewriteRuleElementStream
instanceKlass org/antlr/runtime/tree/TreeNodeStream
instanceKlass org/stringtemplate/v4/compiler/STLexer
instanceKlass org/stringtemplate/v4/compiler/Compiler
instanceKlass org/stringtemplate/v4/misc/Misc
instanceKlass org/stringtemplate/v4/compiler/FormalArgument
instanceKlass org/stringtemplate/v4/compiler/GroupParser$formalArgs_scope
instanceKlass org/antlr/runtime/CommonToken
instanceKlass org/antlr/runtime/CharStreamState
instanceKlass org/antlr/runtime/BufferedTokenStream
instanceKlass org/antlr/runtime/BitSet
instanceKlass org/antlr/runtime/RecognizerSharedState
instanceKlass org/antlr/runtime/DFA
instanceKlass org/antlr/runtime/BaseRecognizer
instanceKlass org/antlr/runtime/ANTLRStringStream
instanceKlass org/stringtemplate/v4/misc/Aggregate
instanceKlass org/stringtemplate/v4/misc/MapModelAdaptor
instanceKlass org/stringtemplate/v4/misc/STModelAdaptor
instanceKlass org/stringtemplate/v4/ST
instanceKlass org/stringtemplate/v4/misc/ObjectModelAdaptor
instanceKlass org/stringtemplate/v4/ModelAdaptor
instanceKlass org/stringtemplate/v4/misc/TypeRegistry
instanceKlass org/stringtemplate/v4/misc/ErrorManager$1
instanceKlass org/stringtemplate/v4/misc/STMessage
instanceKlass org/stringtemplate/v4/misc/ErrorManager
instanceKlass org/stringtemplate/v4/misc/Interval
instanceKlass org/stringtemplate/v4/compiler/CompiledST
instanceKlass org/antlr/runtime/Token
instanceKlass org/stringtemplate/v4/misc/ErrorBuffer
instanceKlass org/stringtemplate/v4/STErrorListener
instanceKlass org/antlr/v4/tool/ANTLRMessage
instanceKlass org/stringtemplate/v4/STGroup
instanceKlass org/antlr/v4/tool/ErrorManager
instanceKlass org/antlr/v4/tool/DefaultToolListener
instanceKlass org/antlr/v4/runtime/misc/LogManager
instanceKlass org/antlr/v4/Tool$Option
instanceKlass org/antlr/v4/tool/ANTLRToolListener
instanceKlass org/antlr/v4/runtime/atn/ATNState
instanceKlass org/antlr/v4/automata/ATNFactory
instanceKlass org/antlr/runtime/tree/BaseTree
instanceKlass org/antlr/runtime/tree/Tree
instanceKlass org/antlr/runtime/CharStream
instanceKlass org/antlr/v4/tool/Grammar
instanceKlass org/antlr/v4/tool/AttributeResolver
instanceKlass org/antlr/runtime/RuleReturnScope
instanceKlass org/antlr/runtime/tree/TreeAdaptor
instanceKlass org/antlr/runtime/TokenStream
instanceKlass org/antlr/runtime/IntStream
instanceKlass org/antlr/runtime/TokenSource
instanceKlass org/antlr/v4/runtime/misc/Utils
instanceKlass org/antlr/mojo/antlr4/MojoUtils
instanceKlass org/codehaus/plexus/util/SelectorUtils
instanceKlass org/codehaus/plexus/util/MatchPattern
instanceKlass org/codehaus/plexus/util/MatchPatterns
instanceKlass org/codehaus/plexus/util/AbstractScanner
instanceKlass org/codehaus/plexus/compiler/util/scan/AbstractSourceInclusionScanner
instanceKlass org/codehaus/plexus/compiler/util/scan/mapping/SuffixMapping
instanceKlass org/antlr/v4/misc/Graph
instanceKlass org/sonatype/plexus/build/incremental/DefaultBuildContext$$FastClassByGuice$$331718656
instanceKlass org/antlr/mojo/antlr4/Antlr4Mojo$$FastClassByGuice$$330359384
instanceKlass org/codehaus/plexus/util/Scanner
instanceKlass org/antlr/mojo/antlr4/GrammarDependencies
instanceKlass org/codehaus/plexus/compiler/util/scan/SourceInclusionScanner
instanceKlass org/codehaus/plexus/compiler/util/scan/mapping/SourceMapping
instanceKlass org/antlr/v4/Tool
instanceKlass org/sonatype/plexus/build/incremental/BuildContext
instanceKlass org/apache/maven/artifact/versioning/ComparableVersion$LongItem
instanceKlass org/apache/maven/repository/internal/DefaultVersionResolver$Record
instanceKlass org/apache/maven/repository/internal/DefaultVersionResolver$VersionInfo
instanceKlass org/eclipse/aether/resolution/ResolutionErrorPolicyRequest
instanceKlass org/eclipse/aether/repository/AuthenticationDigest
instanceKlass org/eclipse/aether/repository/LocalMetadataResult
instanceKlass org/eclipse/aether/repository/LocalMetadataRequest
instanceKlass org/eclipse/aether/resolution/MetadataResult
instanceKlass org/eclipse/aether/resolution/MetadataRequest
instanceKlass org/eclipse/aether/util/version/UnionVersionRange
instanceKlass org/eclipse/aether/version/VersionRange$Bound
instanceKlass org/eclipse/aether/util/version/GenericVersionRange
instanceKlass java/util/function/UnaryOperator
instanceKlass org/eclipse/aether/internal/impl/collect/DataPool$1
instanceKlass java/util/Hashtable$1
instanceKlass org/apache/maven/artifact/handler/DefaultArtifactHandler$__sisu16$$FastClassByGuice$$330020793
instanceKlass java/util/function/Predicate$$Lambda$240
instanceKlass org/apache/maven/artifact/resolver/filter/ExclusionArtifactFilter$$Lambda$239
instanceKlass org/apache/maven/artifact/resolver/filter/ExclusionArtifactFilter$$Lambda$238
instanceKlass org/apache/maven/artifact/resolver/filter/ExclusionArtifactFilter
instanceKlass com/puppycrawl/tools/checkstyle/checks/ClassResolver
instanceKlass com/sun/tools/javac/comp/ConstFold$1
instanceKlass com/sun/tools/javac/comp/Resolve$4$1
instanceKlass com/sun/tools/javac/comp/Infer$InferenceContext$3
instanceKlass com/sun/tools/javac/comp/DeferredAttr$DeferredAttrNode
instanceKlass com/sun/tools/javac/tree/Pretty$1
instanceKlass com/sun/tools/javac/tree/JCTree$1
instanceKlass org/apache/maven/ReactorReader$$Lambda$237
instanceKlass org/apache/maven/ReactorReader$$Lambda$236
instanceKlass org/apache/maven/ReactorReader$$Lambda$235
instanceKlass org/apache/commons/compress/archivers/zip/ScatterZipOutputStream$ZipEntryWriter
instanceKlass java/util/concurrent/ConcurrentLinkedDeque$AbstractItr
instanceKlass org/apache/commons/compress/archivers/zip/ZipArchiveOutputStream$EntryMetaData
instanceKlass org/apache/commons/compress/archivers/zip/ZipArchiveOutputStream$CurrentEntry
instanceKlass org/apache/commons/compress/archivers/zip/ExtraFieldUtils$UnparseableExtraField
instanceKlass java/util/concurrent/ConcurrentLinkedQueue$Itr
instanceKlass java/util/concurrent/FutureTask$WaitNode
instanceKlass java/util/concurrent/FutureTask
instanceKlass java/util/concurrent/RunnableFuture
instanceKlass org/apache/commons/compress/archivers/zip/ParallelScatterZipCreator$$Lambda$234
instanceKlass org/codehaus/plexus/archiver/zip/ConcurrentJarCreator$$Lambda$233
instanceKlass org/apache/commons/compress/archivers/zip/ZipArchiveEntryRequestSupplier
instanceKlass org/codehaus/plexus/archiver/zip/AbstractZipArchiver$$Lambda$232
instanceKlass org/codehaus/plexus/archiver/util/ResourceUtils
instanceKlass org/codehaus/plexus/archiver/zip/ConcurrentJarCreator$$Lambda$231
instanceKlass org/codehaus/plexus/components/io/functions/SymlinkDestinationSupplier
instanceKlass org/codehaus/plexus/archiver/jar/JarArchiver$$Lambda$230
instanceKlass org/apache/commons/compress/archivers/zip/ScatterZipOutputStream$CompressedEntry
instanceKlass org/apache/commons/compress/archivers/zip/ZipArchiveEntryRequest
instanceKlass org/codehaus/plexus/archiver/zip/AbstractZipArchiver$$Lambda$229
instanceKlass org/apache/commons/compress/archivers/zip/ExtraFieldUtils$$Lambda$228
instanceKlass org/apache/commons/compress/archivers/zip/ResourceAlignmentExtraField
instanceKlass org/apache/commons/compress/archivers/zip/ExtraFieldUtils$$Lambda$227
instanceKlass org/apache/commons/compress/archivers/zip/ExtraFieldUtils$$Lambda$226
instanceKlass org/apache/commons/compress/archivers/zip/ExtraFieldUtils$$Lambda$225
instanceKlass org/apache/commons/compress/archivers/zip/ExtraFieldUtils$$Lambda$224
instanceKlass org/apache/commons/compress/archivers/zip/ExtraFieldUtils$$Lambda$223
instanceKlass org/apache/commons/compress/archivers/zip/PKWareExtraHeader
instanceKlass org/apache/commons/compress/archivers/zip/ExtraFieldUtils$$Lambda$222
instanceKlass org/apache/commons/compress/archivers/zip/ExtraFieldUtils$$Lambda$221
instanceKlass org/apache/commons/compress/archivers/zip/Zip64ExtendedInformationExtraField
instanceKlass org/apache/commons/compress/archivers/zip/ExtraFieldUtils$$Lambda$220
instanceKlass org/apache/commons/compress/archivers/zip/ExtraFieldUtils$$Lambda$219
instanceKlass org/apache/commons/compress/archivers/zip/ExtraFieldUtils$$Lambda$218
instanceKlass org/apache/commons/compress/archivers/zip/JarMarker
instanceKlass org/apache/commons/compress/archivers/zip/ExtraFieldUtils$$Lambda$217
instanceKlass org/apache/commons/compress/archivers/zip/X7875_NewUnix
instanceKlass org/apache/commons/compress/archivers/zip/ExtraFieldUtils$$Lambda$216
instanceKlass org/apache/commons/compress/archivers/zip/ExtraFieldUtils$$Lambda$215
instanceKlass org/apache/commons/compress/archivers/zip/AsiExtraField
instanceKlass org/apache/commons/compress/archivers/zip/UnixStat
instanceKlass org/apache/commons/compress/archivers/zip/ExtraFieldUtils
instanceKlass org/apache/commons/compress/archivers/zip/X000A_NTFS
instanceKlass org/apache/commons/compress/archivers/zip/ZipShort
instanceKlass org/apache/commons/compress/archivers/zip/X5455_ExtendedTimestamp
instanceKlass org/apache/commons/compress/archivers/zip/AbstractUnicodeExtraField
instanceKlass org/apache/commons/compress/archivers/zip/ZipUtil
instanceKlass org/apache/commons/compress/archivers/zip/GeneralPurposeBit
instanceKlass org/apache/commons/compress/archivers/zip/ExtraFieldParsingBehavior
instanceKlass org/apache/commons/compress/archivers/zip/UnparseableExtraFieldBehavior
instanceKlass org/codehaus/plexus/archiver/jar/JdkManifestFactory
instanceKlass java/util/concurrent/Executors$DefaultThreadFactory
instanceKlass java/util/concurrent/Executors
instanceKlass org/apache/commons/compress/archivers/zip/ParallelScatterZipCreator
instanceKlass org/apache/commons/compress/archivers/zip/ScatterZipOutputStream
instanceKlass org/apache/commons/io/function/IOConsumer$$Lambda$214
instanceKlass org/apache/commons/io/function/IOConsumer
instanceKlass org/apache/commons/io/output/ThresholdingOutputStream$$Lambda$213
instanceKlass org/apache/commons/io/function/IOFunction
instanceKlass org/codehaus/plexus/archiver/zip/DeferredScatterOutputStream
instanceKlass org/apache/commons/compress/parallel/ScatterGatherBackingStore
instanceKlass org/codehaus/plexus/archiver/zip/ConcurrentJarCreator$DeferredSupplier
instanceKlass org/apache/commons/compress/parallel/ScatterGatherBackingStoreSupplier
instanceKlass org/apache/commons/compress/archivers/zip/StreamCompressor
instanceKlass java/util/zip/Deflater
instanceKlass org/apache/commons/io/Charsets
instanceKlass org/apache/commons/compress/archivers/zip/NioZipEncoding
instanceKlass org/apache/commons/compress/archivers/zip/CharsetAccessor
instanceKlass org/apache/commons/compress/archivers/zip/ZipEncoding
instanceKlass org/apache/commons/compress/archivers/zip/ZipEncodingHelper
instanceKlass org/codehaus/plexus/archiver/util/Streams
instanceKlass org/apache/commons/compress/utils/ByteUtils
instanceKlass org/apache/commons/compress/archivers/zip/ZipLong
instanceKlass org/apache/commons/compress/archivers/zip/ZipExtraField
instanceKlass org/codehaus/plexus/archiver/AbstractArchiver$1
instanceKlass org/codehaus/plexus/archiver/jar/Manifest$ExistingSection
instanceKlass java/util/Vector$Itr
instanceKlass org/codehaus/plexus/archiver/jar/Manifest$Section
instanceKlass org/apache/maven/archiver/ManifestConfiguration
instanceKlass org/apache/maven/archiver/PomPropertiesUtil
instanceKlass org/codehaus/plexus/components/io/resources/PlexusIoFileResource$$Lambda$212
instanceKlass org/codehaus/plexus/components/io/resources/AbstractPlexusIoResource
instanceKlass org/codehaus/plexus/components/io/functions/FileSupplier
instanceKlass org/codehaus/plexus/components/io/functions/ResourceAttributeSupplier
instanceKlass org/codehaus/plexus/components/io/resources/ResourceFactory
instanceKlass sun/nio/fs/WindowsUserPrincipals$User
instanceKlass java/nio/file/attribute/UserPrincipal
instanceKlass sun/nio/fs/WindowsUserPrincipals
instanceKlass sun/nio/fs/AbstractAclFileAttributeView
instanceKlass java/nio/file/attribute/AclFileAttributeView
instanceKlass sun/nio/fs/FileOwnerAttributeViewImpl
instanceKlass java/nio/file/attribute/FileOwnerAttributeView
instanceKlass sun/nio/fs/AbstractBasicFileAttributeView$AttributesBuilder
instanceKlass org/codehaus/plexus/components/io/attributes/FileAttributes
instanceKlass org/codehaus/plexus/components/io/attributes/PlexusIoResourceAttributeUtils
instanceKlass org/codehaus/plexus/components/io/attributes/SimpleResourceAttributes
instanceKlass org/codehaus/plexus/util/StringUtils
instanceKlass org/codehaus/plexus/components/io/resources/AbstractPlexusIoResourceCollection$IdentityTransformer
instanceKlass org/codehaus/plexus/archiver/util/AbstractFileSet
instanceKlass org/apache/maven/archiver/MavenArchiver$$Lambda$211
instanceKlass org/apache/maven/archiver/MavenArchiver$$Lambda$210
instanceKlass org/apache/maven/plugins/jar/AbstractJarMojo$$Lambda$209
instanceKlass java/lang/invoke/LambdaForm$DMH
instanceKlass java/time/temporal/TemporalQueries$$Lambda$208
instanceKlass java/time/temporal/TemporalQueries$$Lambda$207
instanceKlass java/time/temporal/TemporalQueries$$Lambda$206
instanceKlass java/time/temporal/TemporalQueries$$Lambda$205
instanceKlass java/time/temporal/TemporalQueries$$Lambda$204
instanceKlass java/time/temporal/TemporalQueries$$Lambda$203
instanceKlass java/time/temporal/TemporalQueries$$Lambda$202
instanceKlass java/time/temporal/TemporalQueries
instanceKlass java/time/format/Parsed
instanceKlass java/time/format/DateTimeParseContext
instanceKlass java/text/ParsePosition
instanceKlass java/time/Instant$$Lambda$201
instanceKlass org/codehaus/plexus/archiver/jar/Manifest$BaseAttribute
instanceKlass org/codehaus/plexus/interpolation/RecursionInterceptor
instanceKlass org/codehaus/plexus/interpolation/Interpolator
instanceKlass org/codehaus/plexus/interpolation/BasicInterpolator
instanceKlass org/apache/maven/plugins/jar/AbstractJarMojo$$Lambda$200
instanceKlass org/apache/maven/plugins/jar/AbstractJarMojo$$Lambda$199
instanceKlass org/codehaus/plexus/util/NioFiles
instanceKlass org/codehaus/plexus/util/SelectorUtils
instanceKlass org/codehaus/plexus/util/MatchPattern
instanceKlass org/codehaus/plexus/util/AbstractScanner
instanceKlass org/codehaus/plexus/util/Scanner
instanceKlass org/apache/maven/shared/model/fileset/Mapper
instanceKlass org/apache/maven/shared/model/fileset/SetBase
instanceKlass org/apache/maven/shared/model/fileset/util/FileSetManager
instanceKlass org/apache/maven/project/DefaultMavenProjectHelper$$FastClassByGuice$$328513035
instanceKlass org/apache/maven/plugins/jar/JarMojo$$FastClassByGuice$$328086258
instanceKlass org/codehaus/plexus/components/io/resources/PlexusIoFileResourceCollection$$FastClassByGuice$$326803190
instanceKlass org/codehaus/plexus/components/io/resources/DefaultPlexusIoFileResourceCollection$$FastClassByGuice$$325624783
instanceKlass org/codehaus/plexus/components/io/fileselectors/IncludeExcludeFileSelector$$FastClassByGuice$$324936550
instanceKlass org/codehaus/plexus/components/io/fileselectors/DefaultFileSelector$$FastClassByGuice$$323118309
instanceKlass org/codehaus/plexus/components/io/fileselectors/AllFilesFileSelector$$FastClassByGuice$$321951199
instanceKlass org/codehaus/plexus/components/io/filemappers/SuffixFileMapper$$FastClassByGuice$$321540822
instanceKlass org/codehaus/plexus/components/io/filemappers/RegExpFileMapper$$FastClassByGuice$$320087911
instanceKlass org/codehaus/plexus/components/io/filemappers/PrefixFileMapper$$FastClassByGuice$$318859822
instanceKlass org/codehaus/plexus/components/io/filemappers/MergeFileMapper$$FastClassByGuice$$318379598
instanceKlass org/codehaus/plexus/components/io/filemappers/IdentityMapper$$FastClassByGuice$$317590378
instanceKlass org/codehaus/plexus/components/io/filemappers/FlattenFileMapper$$FastClassByGuice$$316405219
instanceKlass org/codehaus/plexus/components/io/filemappers/FileExtensionMapper$$FastClassByGuice$$314805802
instanceKlass org/codehaus/plexus/components/io/filemappers/DefaultFileMapper$$FastClassByGuice$$313640914
instanceKlass org/codehaus/plexus/archiver/zstd/ZstdUnArchiver$$FastClassByGuice$$312887905
instanceKlass org/codehaus/plexus/archiver/zstd/ZstdArchiver$$FastClassByGuice$$311938904
instanceKlass org/codehaus/plexus/archiver/zstd/PlexusIoZstdResourceCollection$$FastClassByGuice$$311083932
instanceKlass org/codehaus/plexus/archiver/zip/ZipUnArchiver$$FastClassByGuice$$310329906
instanceKlass org/codehaus/plexus/archiver/zip/ZipArchiver$$FastClassByGuice$$308651922
instanceKlass org/codehaus/plexus/archiver/zip/PlexusArchiverZipFileResourceCollection$$FastClassByGuice$$308169668
instanceKlass org/codehaus/plexus/archiver/xz/XZUnArchiver$$FastClassByGuice$$306691174
instanceKlass org/codehaus/plexus/archiver/xz/XZArchiver$$FastClassByGuice$$305948768
instanceKlass org/codehaus/plexus/archiver/xz/PlexusIoXZResourceCollection$$FastClassByGuice$$304547979
instanceKlass org/codehaus/plexus/archiver/war/WarUnArchiver$$FastClassByGuice$$303121252
instanceKlass org/codehaus/plexus/archiver/war/WarArchiver$$FastClassByGuice$$302536769
instanceKlass org/codehaus/plexus/archiver/war/PlexusIoWarFileResourceCollection$$FastClassByGuice$$301138953
instanceKlass org/codehaus/plexus/archiver/tar/TarZstdUnArchiver$$FastClassByGuice$$300830969
instanceKlass org/codehaus/plexus/archiver/tar/TarZstdArchiver$$FastClassByGuice$$298884864
instanceKlass org/codehaus/plexus/archiver/tar/TarXZUnArchiver$$FastClassByGuice$$298099978
instanceKlass org/codehaus/plexus/archiver/tar/TarXZArchiver$$FastClassByGuice$$296931824
instanceKlass org/codehaus/plexus/archiver/tar/TarUnArchiver$$FastClassByGuice$$296726373
instanceKlass org/codehaus/plexus/archiver/tar/TarSnappyUnArchiver$$FastClassByGuice$$295422212
instanceKlass org/codehaus/plexus/archiver/tar/TarSnappyArchiver$$FastClassByGuice$$293731767
instanceKlass org/codehaus/plexus/archiver/tar/TarGZipUnArchiver$$FastClassByGuice$$293312897
instanceKlass org/codehaus/plexus/archiver/tar/TarGZipArchiver$$FastClassByGuice$$291623796
instanceKlass org/codehaus/plexus/archiver/tar/TarBZip2UnArchiver$$FastClassByGuice$$290710856
instanceKlass org/codehaus/plexus/archiver/tar/TarBZip2Archiver$$FastClassByGuice$$289424268
instanceKlass org/codehaus/plexus/archiver/tar/TarArchiver$$FastClassByGuice$$288738277
instanceKlass org/codehaus/plexus/archiver/tar/TZstdUnArchiver$$FastClassByGuice$$288107016
instanceKlass org/codehaus/plexus/archiver/tar/TZstdArchiver$$FastClassByGuice$$287158638
instanceKlass org/codehaus/plexus/archiver/tar/TXZUnArchiver$$FastClassByGuice$$285949772
instanceKlass org/codehaus/plexus/archiver/tar/TXZArchiver$$FastClassByGuice$$284223033
instanceKlass org/codehaus/plexus/archiver/tar/TGZUnArchiver$$FastClassByGuice$$283665292
instanceKlass org/codehaus/plexus/archiver/tar/TGZArchiver$$FastClassByGuice$$282781056
instanceKlass org/codehaus/plexus/archiver/tar/TBZ2UnArchiver$$FastClassByGuice$$281278343
instanceKlass org/codehaus/plexus/archiver/tar/TBZ2Archiver$$FastClassByGuice$$280620352
instanceKlass org/codehaus/plexus/archiver/tar/PlexusIoTarZstdFileResourceCollection$$FastClassByGuice$$279771754
instanceKlass org/codehaus/plexus/archiver/tar/PlexusIoTarXZFileResourceCollection$$FastClassByGuice$$278693316
instanceKlass org/codehaus/plexus/archiver/tar/PlexusIoTarSnappyFileResourceCollection$$FastClassByGuice$$276861039
instanceKlass org/codehaus/plexus/archiver/tar/PlexusIoTarGZipFileResourceCollection$$FastClassByGuice$$276499453
instanceKlass org/codehaus/plexus/archiver/tar/PlexusIoTarFileResourceCollection$$FastClassByGuice$$274748579
instanceKlass org/codehaus/plexus/archiver/tar/PlexusIoTarBZip2FileResourceCollection$$FastClassByGuice$$273801892
instanceKlass org/codehaus/plexus/archiver/tar/PlexusIoTZstdFileResourceCollection$$FastClassByGuice$$273415358
instanceKlass org/codehaus/plexus/archiver/tar/PlexusIoTXZFileResourceCollection$$FastClassByGuice$$271590057
instanceKlass org/codehaus/plexus/archiver/tar/PlexusIoTGZFileResourceCollection$$FastClassByGuice$$271219986
instanceKlass org/codehaus/plexus/archiver/tar/PlexusIoTBZ2FileResourceCollection$$FastClassByGuice$$270360949
instanceKlass org/codehaus/plexus/archiver/swc/SwcUnArchiver$$FastClassByGuice$$268580542
instanceKlass org/codehaus/plexus/archiver/swc/PlexusIoSwcFileResourceCollection$$FastClassByGuice$$268092483
instanceKlass org/codehaus/plexus/archiver/snappy/SnappyUnArchiver$$FastClassByGuice$$266922564
instanceKlass org/codehaus/plexus/archiver/snappy/SnappyArchiver$$FastClassByGuice$$265602303
instanceKlass org/codehaus/plexus/archiver/snappy/PlexusIoSnappyResourceCollection$$FastClassByGuice$$264467103
instanceKlass org/codehaus/plexus/archiver/sar/SarUnArchiver$$FastClassByGuice$$263359639
instanceKlass org/codehaus/plexus/archiver/sar/PlexusIoSarFileResourceCollection$$FastClassByGuice$$262807758
instanceKlass org/codehaus/plexus/archiver/rar/RarUnArchiver$$FastClassByGuice$$261805110
instanceKlass org/codehaus/plexus/archiver/rar/RarArchiver$$FastClassByGuice$$260956536
instanceKlass org/codehaus/plexus/archiver/rar/PlexusIoRarFileResourceCollection$$FastClassByGuice$$259812431
instanceKlass org/codehaus/plexus/archiver/par/PlexusIoJarFileResourceCollection$$FastClassByGuice$$258203575
instanceKlass org/codehaus/plexus/archiver/par/ParUnArchiver$$FastClassByGuice$$257527979
instanceKlass org/codehaus/plexus/archiver/nar/PlexusIoNarFileResourceCollection$$FastClassByGuice$$256584642
instanceKlass org/codehaus/plexus/archiver/nar/NarUnArchiver$$FastClassByGuice$$255433271
instanceKlass org/codehaus/plexus/archiver/manager/DefaultArchiverManager$$FastClassByGuice$$254405197
instanceKlass org/codehaus/plexus/archiver/jar/PlexusIoJarFileResourceCollection$$FastClassByGuice$$252738490
instanceKlass org/codehaus/plexus/archiver/jar/JarUnArchiver$$FastClassByGuice$$252218301
instanceKlass org/codehaus/plexus/archiver/jar/JarToolModularJarArchiver$$FastClassByGuice$$250813837
instanceKlass org/codehaus/plexus/archiver/jar/JarArchiver$$FastClassByGuice$$250209380
instanceKlass org/codehaus/plexus/archiver/gzip/PlexusIoGzipResourceCollection$$FastClassByGuice$$248904978
instanceKlass org/codehaus/plexus/archiver/gzip/PlexusIoGzResourceCollection$$FastClassByGuice$$248139783
instanceKlass org/codehaus/plexus/archiver/gzip/GZipUnArchiver$$FastClassByGuice$$246999792
instanceKlass org/codehaus/plexus/archiver/gzip/GZipArchiver$$FastClassByGuice$$246407936
instanceKlass org/codehaus/plexus/archiver/filters/JarSecurityFileSelector$$FastClassByGuice$$244608897
instanceKlass org/codehaus/plexus/archiver/esb/PlexusIoEsbFileResourceCollection$$FastClassByGuice$$244225620
instanceKlass org/codehaus/plexus/archiver/esb/EsbUnArchiver$$FastClassByGuice$$242907348
instanceKlass org/codehaus/plexus/archiver/ear/PlexusIoEarFileResourceCollection$$FastClassByGuice$$241874499
instanceKlass org/codehaus/plexus/archiver/ear/EarUnArchiver$$FastClassByGuice$$241112329
instanceKlass org/codehaus/plexus/archiver/ear/EarArchiver$$FastClassByGuice$$239619579
instanceKlass org/codehaus/plexus/archiver/dir/DirectoryArchiver$$FastClassByGuice$$238326880
instanceKlass org/codehaus/plexus/archiver/car/PlexusIoCarFileResourceCollection$$FastClassByGuice$$237860582
instanceKlass org/codehaus/plexus/archiver/car/CarUnArchiver$$FastClassByGuice$$236027747
instanceKlass org/codehaus/plexus/archiver/bzip2/PlexusIoBzip2ResourceCollection$$FastClassByGuice$$235292535
instanceKlass org/codehaus/plexus/archiver/bzip2/PlexusIoBz2ResourceCollection$$FastClassByGuice$$233979383
instanceKlass org/codehaus/plexus/archiver/bzip2/BZip2UnArchiver$$FastClassByGuice$$233389993
instanceKlass org/codehaus/plexus/archiver/bzip2/BZip2Archiver$$FastClassByGuice$$232592699
instanceKlass org/apache/maven/plugins/jar/ToolchainsJdkSpecification$$FastClassByGuice$$230976499
instanceKlass org/codehaus/plexus/util/MatchPatterns
instanceKlass org/codehaus/plexus/archiver/tar/TarArchiver$TarOptions
instanceKlass org/codehaus/plexus/archiver/tar/TarFile
instanceKlass org/codehaus/plexus/archiver/ArchiveFile
instanceKlass org/apache/commons/compress/archivers/zip/ZipArchiveOutputStream$UnicodeExtraFieldPolicy
instanceKlass org/apache/commons/compress/parallel/InputStreamSupplier
instanceKlass org/codehaus/plexus/archiver/zip/ConcurrentJarCreator
instanceKlass org/codehaus/plexus/archiver/zip/AddedDirs
instanceKlass org/codehaus/plexus/components/io/functions/PlexusIoResourceConsumer
instanceKlass org/apache/commons/compress/archivers/EntryStreamOffsets
instanceKlass org/apache/commons/compress/archivers/ArchiveEntry
instanceKlass org/apache/commons/compress/archivers/zip/ZipFile
instanceKlass org/codehaus/plexus/components/io/functions/InputStreamTransformer
instanceKlass org/codehaus/plexus/components/io/resources/Stream
instanceKlass org/apache/commons/compress/utils/InputStreamStatistics
instanceKlass org/apache/commons/compress/compressors/bzip2/BZip2Constants
instanceKlass org/codehaus/plexus/archiver/util/Compressor
instanceKlass org/codehaus/plexus/archiver/ArchivedFileSet
instanceKlass org/codehaus/plexus/archiver/ArchiveEntry
instanceKlass org/codehaus/plexus/components/io/resources/PlexusIoResource
instanceKlass org/codehaus/plexus/components/io/functions/ContentSupplier
instanceKlass org/codehaus/plexus/components/io/functions/SizeSupplier
instanceKlass org/codehaus/plexus/components/io/fileselectors/FileInfo
instanceKlass org/codehaus/plexus/components/io/functions/NameSupplier
instanceKlass org/codehaus/plexus/archiver/AbstractArchiver$AddedResourceCollection
instanceKlass org/codehaus/plexus/components/io/attributes/PlexusIoResourceAttributes
instanceKlass org/codehaus/plexus/archiver/ArchiveFinalizer
instanceKlass org/codehaus/plexus/archiver/ResourceIterator
instanceKlass org/codehaus/plexus/util/cli/StreamConsumer
instanceKlass org/apache/maven/archiver/MavenArchiver
instanceKlass org/apache/maven/archiver/MavenArchiveConfiguration
instanceKlass org/codehaus/plexus/archiver/FileSet
instanceKlass org/codehaus/plexus/archiver/BaseFileSet
instanceKlass org/codehaus/plexus/components/io/fileselectors/IncludeExcludeFileSelector
instanceKlass org/codehaus/plexus/components/io/fileselectors/AllFilesFileSelector
instanceKlass org/codehaus/plexus/components/io/filemappers/AbstractFileMapper
instanceKlass org/codehaus/plexus/components/io/filemappers/FileMapper
instanceKlass org/codehaus/plexus/archiver/manager/DefaultArchiverManager
instanceKlass org/codehaus/plexus/archiver/manager/ArchiverManager
instanceKlass org/codehaus/plexus/archiver/filters/JarSecurityFileSelector
instanceKlass org/codehaus/plexus/components/io/fileselectors/FileSelector
instanceKlass org/codehaus/plexus/components/io/resources/AbstractPlexusIoResourceCollection
instanceKlass org/codehaus/plexus/components/io/resources/EncodingSupported
instanceKlass org/codehaus/plexus/components/io/resources/PlexusIoCompressedFileResourceCollection
instanceKlass org/codehaus/plexus/components/io/resources/PlexusIoArchivedResourceCollection
instanceKlass org/codehaus/plexus/components/io/resources/PlexusIoResourceCollection
instanceKlass org/codehaus/plexus/archiver/AbstractUnArchiver
instanceKlass org/codehaus/plexus/archiver/UnArchiver
instanceKlass org/codehaus/plexus/archiver/AbstractArchiver
instanceKlass org/codehaus/plexus/archiver/FinalizerEnabled
instanceKlass org/codehaus/plexus/archiver/Archiver
instanceKlass org/apache/maven/plugins/jar/ToolchainsJdkSpecification
instanceKlass org/apache/maven/plugin/lifecycle/Lifecycle
instanceKlass org/apache/maven/monitor/event/EventDispatcher
instanceKlass org/apache/maven/artifact/repository/RepositoryCache
instanceKlass org/apache/maven/plugin/surefire/SurefirePlugin$$FastClassByGuice$$230233235
instanceKlass org/apache/maven/surefire/suite/RunResult
instanceKlass org/apache/maven/plugin/surefire/booterclient/ChecksumCalculator
instanceKlass org/apache/maven/plugin/surefire/booterclient/ForkStarter
instanceKlass org/apache/maven/plugin/surefire/StartupReportConfiguration
instanceKlass org/apache/maven/surefire/booter/StartupConfiguration
instanceKlass org/apache/maven/surefire/booter/Classpath
instanceKlass org/apache/maven/surefire/booter/ClassLoaderConfiguration
instanceKlass org/apache/maven/surefire/booter/ProviderConfiguration
instanceKlass org/apache/maven/surefire/testset/RunOrderParameters
instanceKlass org/apache/maven/surefire/util/DefaultScanResult
instanceKlass org/apache/maven/surefire/util/ScanResult
instanceKlass org/apache/maven/plugin/surefire/SurefireDependencyResolver
instanceKlass org/apache/maven/surefire/booter/KeyValueSource
instanceKlass org/apache/maven/plugin/surefire/booterclient/ForkConfiguration
instanceKlass org/apache/maven/plugin/surefire/InPluginVMSurefireStarter
instanceKlass org/apache/maven/plugin/surefire/ConfigurableProviderInfo
instanceKlass org/apache/maven/plugin/surefire/ProviderInfo
instanceKlass org/apache/maven/plugin/surefire/SurefireExecutionParameters
instanceKlass org/apache/maven/plugin/surefire/SurefireReportParameters
instanceKlass org/eclipse/aether/util/graph/manager/ClassicDependencyManager$$Lambda$198
instanceKlass org/codehaus/plexus/util/PathTool
instanceKlass com/puppycrawl/tools/checkstyle/checks/blocks/RightCurlyCheck$Details
instanceKlass com/puppycrawl/tools/checkstyle/checks/javadoc/JavadocMethodCheck$ExceptionInfo
instanceKlass com/puppycrawl/tools/checkstyle/checks/AbstractTypeAwareCheck$Token
instanceKlass com/google/common/base/CharMatcher
instanceKlass com/google/common/base/Predicate
instanceKlass com/puppycrawl/tools/checkstyle/utils/AnnotationUtility
instanceKlass com/puppycrawl/tools/checkstyle/checks/javadoc/JavadocTag
instanceKlass com/puppycrawl/tools/checkstyle/checks/javadoc/HtmlTag
instanceKlass java/util/AbstractMap$SimpleEntry
instanceKlass java/util/ArrayDeque$DeqIterator
instanceKlass com/puppycrawl/tools/checkstyle/checks/javadoc/TagParser$Point
instanceKlass com/puppycrawl/tools/checkstyle/checks/javadoc/TagParser
instanceKlass com/puppycrawl/tools/checkstyle/utils/CheckUtils
instanceKlass com/puppycrawl/tools/checkstyle/checks/javadoc/JavadocTags
instanceKlass com/puppycrawl/tools/checkstyle/api/JavadocTokenTypes
instanceKlass com/puppycrawl/tools/checkstyle/utils/JavadocUtils
instanceKlass com/puppycrawl/tools/checkstyle/utils/ScopeUtils
instanceKlass com/puppycrawl/tools/checkstyle/api/FullIdent
instanceKlass com/google/common/collect/AbstractMapBasedMultimap$WrappedCollection$WrappedIterator
instanceKlass antlr/collections/ASTEnumeration
instanceKlass antlr/collections/impl/ASTArray
instanceKlass com/puppycrawl/tools/checkstyle/api/Comment
instanceKlass com/puppycrawl/tools/checkstyle/api/TextBlock
instanceKlass antlr/ASTPair
instanceKlass antlr/ASTFactory
instanceKlass antlr/TokenQueue
instanceKlass antlr/TokenBuffer
instanceKlass antlr/ParserSharedInputState
instanceKlass antlr/Parser
instanceKlass antlr/TokenStreamBasicFilter
instanceKlass antlr/ASdebug/IASDebugStream
instanceKlass antlr/Utils
instanceKlass antlr/ANTLRHashString
instanceKlass antlr/ANTLRStringBuffer
instanceKlass antlr/LexerSharedInputState
instanceKlass antlr/CharQueue
instanceKlass antlr/collections/impl/BitSet
instanceKlass antlr/InputBuffer
instanceKlass antlr/CharScanner
instanceKlass com/puppycrawl/tools/checkstyle/grammars/GeneratedJavaTokenTypes
instanceKlass com/google/common/collect/Iterables
instanceKlass org/codehaus/plexus/util/SelectorUtils
instanceKlass org/codehaus/plexus/util/MatchPatterns
instanceKlass org/codehaus/plexus/util/MatchPattern
instanceKlass sun/nio/fs/BasicFileAttributesHolder
instanceKlass org/apache/maven/plugin/compiler/AbstractCompilerMojo$$Lambda$197
instanceKlass sun/misc/FloatingDecimal$ASCIIToBinaryBuffer
instanceKlass org/apache/maven/plugin/compiler/TestCompilerMojo$$FastClassByGuice$$229272795
instanceKlass org/apache/maven/plugins/resources/TestResourcesMojo$$FastClassByGuice$$227661916
instanceKlass org/apache/maven/plugin/compiler/AbstractCompilerMojo$1
instanceKlass org/apache/maven/shared/utils/io/DirectoryScanResult
instanceKlass org/apache/maven/shared/utils/io/SelectorUtils
instanceKlass org/apache/maven/shared/utils/io/MatchPattern
instanceKlass org/apache/maven/shared/utils/io/MatchPatterns
instanceKlass org/objectweb/asm/ByteVector
instanceKlass org/objectweb/asm/Symbol
instanceKlass org/objectweb/asm/SymbolTable
instanceKlass org/objectweb/asm/FieldVisitor
instanceKlass org/objectweb/asm/MethodVisitor
instanceKlass org/objectweb/asm/AnnotationVisitor
instanceKlass org/objectweb/asm/ModuleVisitor
instanceKlass org/objectweb/asm/RecordComponentVisitor
instanceKlass org/objectweb/asm/ClassVisitor
instanceKlass com/sun/tools/javac/util/JCDiagnostic$SourcePosition
instanceKlass com/sun/tools/javac/api/ClientCodeWrapper$WrappedFileObject
instanceKlass com/sun/tools/javac/util/JCDiagnostic$1
instanceKlass com/sun/tools/javac/api/ClientCodeWrapper$DiagnosticSourceUnwrapper
instanceKlass com/sun/tools/javac/util/Log$2
instanceKlass com/sun/tools/javac/jvm/Pool$MethodHandle$2
instanceKlass com/sun/tools/javac/jvm/Pool$MethodHandle$1
instanceKlass com/sun/tools/javac/jvm/Pool$MethodHandle
instanceKlass com/sun/tools/javac/comp/LambdaToMethod$KlassInfo
instanceKlass com/sun/tools/javac/comp/LambdaToMethod$1
instanceKlass com/sun/tools/javac/comp/LambdaToMethod$LambdaAnalyzerPreprocessor$Frame
instanceKlass com/sun/tools/javac/comp/LambdaToMethod$LambdaAnalyzerPreprocessor$SyntheticMethodNameCounter
instanceKlass com/sun/tools/javac/comp/LambdaToMethod$LambdaAnalyzerPreprocessor$TranslationContext
instanceKlass com/sun/tools/javac/comp/Attr$9
instanceKlass com/sun/tools/javac/comp/Attr$10
instanceKlass com/sun/tools/javac/code/Types$DescriptorCache$Entry
instanceKlass com/sun/tools/javac/comp/Check$7
instanceKlass com/sun/tools/javac/comp/Infer$1
instanceKlass com/sun/tools/javac/comp/Attr$6
instanceKlass com/sun/tools/javac/comp/Attr$1
instanceKlass com/sun/tools/javac/comp/Check$4
instanceKlass com/sun/tools/javac/comp/Infer$InferenceContext$5
instanceKlass com/sun/tools/javac/comp/Check$9
instanceKlass com/sun/tools/javac/code/Kinds$1
instanceKlass com/sun/tools/javac/code/Kinds
instanceKlass com/sun/tools/javac/code/Types$DescriptorFilter
instanceKlass com/sun/tools/javac/comp/DeferredAttr$DeferredType$SpeculativeCache$Entry
instanceKlass com/sun/tools/javac/comp/DeferredAttr$DeferredType$SpeculativeCache
instanceKlass com/sun/tools/javac/comp/Resolve$MostSpecificCheck
instanceKlass com/sun/tools/javac/code/Types$MethodFilter
instanceKlass com/sun/tools/javac/comp/DeferredAttr$5
instanceKlass com/sun/tools/javac/tree/TreeCopier
instanceKlass com/sun/tools/javac/comp/DeferredAttr$6
instanceKlass com/sun/tools/javac/code/Types$MembersClosureCache$MembersScope$1
instanceKlass com/sun/tools/javac/jvm/ClassWriter$StackMapTableFrame
instanceKlass com/sun/tools/javac/jvm/Code$StackMapFrame
instanceKlass com/sun/tools/javac/jvm/Code$Chain
instanceKlass com/sun/tools/javac/comp/Flow$2
instanceKlass com/sun/tools/javac/tree/TreeInfo$1
instanceKlass com/sun/tools/javac/comp/DeferredAttr$DeferredChecker$3
instanceKlass com/sun/tools/javac/comp/DeferredAttr$DeferredChecker$1
instanceKlass com/sun/tools/javac/comp/DeferredAttr$FilterScanner$1
instanceKlass com/sun/tools/javac/comp/DeferredAttr$MethodAnalyzer
instanceKlass com/sun/tools/javac/jvm/ClassFile$NameAndType
instanceKlass com/sun/tools/javac/model/FilteredMemberList$1
instanceKlass com/sun/tools/javac/jvm/Code$LocalVar$Range
instanceKlass com/sun/tools/javac/code/Types$UniqueType
instanceKlass com/sun/tools/javac/jvm/Items
instanceKlass com/sun/tools/javac/jvm/Code$LocalVar
instanceKlass com/sun/tools/javac/jvm/Code$State
instanceKlass com/sun/tools/javac/comp/Infer$IncorporationBinaryOp
instanceKlass java/util/EnumMap$EntryIterator$Entry
instanceKlass java/util/EnumMap$EnumMapIterator
instanceKlass com/sun/tools/javac/code/Type$UndetVar$2
instanceKlass com/sun/tools/javac/util/GraphUtils$Tarjan
instanceKlass com/sun/tools/javac/util/GraphUtils
instanceKlass com/sun/tools/javac/util/GraphUtils$DependencyKind
instanceKlass com/sun/tools/javac/util/GraphUtils$Node
instanceKlass com/sun/tools/javac/comp/Infer$InferenceContext$2
instanceKlass com/sun/tools/javac/comp/Infer$GraphSolver$InferenceGraph
instanceKlass com/sun/tools/javac/comp/Infer$BoundFilter
instanceKlass com/sun/tools/javac/comp/Infer$MultiUndetVarListener
instanceKlass com/sun/tools/javac/comp/Infer$GraphSolver
instanceKlass com/sun/tools/javac/comp/Infer$LeafSolver
instanceKlass com/sun/tools/javac/code/Types$TypePair
instanceKlass com/sun/tools/javac/comp/Check$2
instanceKlass com/sun/tools/javac/comp/Infer$InferenceContext$4
instanceKlass com/sun/tools/javac/code/Type$UndetVar$UndetVarListener
instanceKlass com/sun/tools/javac/comp/Lower$7
instanceKlass com/sun/tools/javac/comp/Resolve$MethodCheckContext
instanceKlass com/sun/tools/javac/jvm/ClassWriter$1
instanceKlass javax/tools/StandardLocation$2
instanceKlass com/sun/tools/javac/jvm/Code$1
instanceKlass com/sun/tools/javac/jvm/Code
instanceKlass com/sun/tools/javac/jvm/Gen$GenContext
instanceKlass com/sun/tools/javac/jvm/Gen$3
instanceKlass com/sun/tools/javac/util/Bits$1
instanceKlass com/sun/tools/javac/util/Bits
instanceKlass com/sun/tools/javac/comp/Flow$BaseAnalyzer$PendingExit
instanceKlass com/sun/tools/javac/code/Scope$CompoundScope$2
instanceKlass com/sun/tools/javac/comp/Check$ClashFilter
instanceKlass com/sun/tools/javac/code/Scope$3$1
instanceKlass com/sun/tools/javac/code/Scope$3
instanceKlass com/sun/tools/javac/code/Scope$CompoundScope$CompoundScopeIterator
instanceKlass com/sun/tools/javac/code/Scope$CompoundScope$1
instanceKlass com/sun/tools/javac/comp/Check$DefaultMethodClashFilter
instanceKlass com/sun/tools/javac/main/JavaCompiler$2
instanceKlass com/sun/tools/javac/code/TypeAnnotations$3
instanceKlass com/sun/tools/javac/code/TypeAnnotationPosition
instanceKlass com/sun/tools/javac/code/TypeAnnotationPosition$TypePathEntry
instanceKlass com/sun/tools/javac/comp/Annotate$AnnotateRepeatedContext
instanceKlass com/sun/tools/javac/code/Flags
instanceKlass com/sun/tools/javac/code/Types$ImplementationCache$Entry
instanceKlass com/sun/tools/javac/comp/Resolve$MethodResolutionContext$Candidate
instanceKlass com/sun/tools/javac/code/Scope$4$1
instanceKlass com/sun/tools/javac/code/Scope$4
instanceKlass com/sun/tools/javac/comp/Resolve$LookupFilter
instanceKlass com/sun/tools/javac/comp/Resolve$5$1
instanceKlass com/sun/tools/javac/comp/Resolve$5
instanceKlass com/sun/tools/javac/comp/Resolve$MethodResolutionContext
instanceKlass com/sun/tools/javac/comp/MemberEnter$8
instanceKlass com/sun/tools/javac/comp/MemberEnter$7
instanceKlass com/sun/tools/javac/code/Symbol$VarSymbol$2
instanceKlass com/sun/tools/javac/code/Types$27
instanceKlass com/sun/tools/javac/code/TypeAnnotations$2
instanceKlass com/sun/tools/javac/code/TypeAnnotations$1
instanceKlass com/sun/tools/javac/tree/TreeMaker$1
instanceKlass com/sun/tools/javac/code/Scope$1
instanceKlass com/sun/tools/javac/comp/MemberEnter$6
instanceKlass com/sun/tools/javac/comp/MemberEnter$5
instanceKlass com/sun/tools/javac/code/SymbolMetadata
instanceKlass com/sun/tools/javac/jvm/ClassReader$AnnotationDeproxy
instanceKlass com/sun/tools/javac/jvm/ClassReader$ProxyVisitor
instanceKlass com/sun/tools/javac/util/Pair
instanceKlass com/sun/tools/javac/comp/Attr$15
instanceKlass com/sun/tools/javac/comp/AttrContext
instanceKlass com/sun/tools/javac/jvm/ClassReader$25
instanceKlass com/sun/tools/javac/file/JavacFileManager$MissingArchive
instanceKlass com/sun/tools/javac/file/ZipFileIndex$Entry
instanceKlass com/sun/tools/javac/file/ZipFileIndex$DirectoryEntry
instanceKlass com/sun/tools/javac/file/ZipFileIndex$ZipDirectory
instanceKlass com/sun/tools/javac/file/ZipFileIndex
instanceKlass com/sun/tools/javac/file/ZipFileIndexArchive
instanceKlass com/sun/tools/javac/tree/TreeInfo$2
instanceKlass com/sun/tools/javac/util/Position$LineMapImpl
instanceKlass com/sun/tools/javac/util/Position$LineMap
instanceKlass com/sun/tools/javac/util/Position
instanceKlass com/sun/tools/javac/parser/JavacParser$2
instanceKlass com/sun/tools/javac/util/IntHashTable
instanceKlass com/sun/tools/javac/parser/JavaTokenizer$1
instanceKlass com/sun/tools/javac/util/ArrayUtils
instanceKlass com/sun/tools/javac/parser/JavaTokenizer$BasicComment
instanceKlass com/sun/tools/javac/parser/JavacParser$1
instanceKlass com/sun/tools/javac/tree/DocCommentTable
instanceKlass com/sun/tools/javac/parser/JavacParser$AbstractEndPosTable
instanceKlass com/sun/tools/javac/parser/JavacParser$ErrorRecoveryAction
instanceKlass com/sun/tools/javac/tree/EndPosTable
instanceKlass com/sun/tools/javac/parser/JavacParser
instanceKlass com/sun/tools/javac/parser/UnicodeReader
instanceKlass sun/misc/FloatingDecimal$HexFloatPattern
instanceKlass com/sun/tools/javac/parser/Tokens$Comment
instanceKlass com/sun/tools/javac/parser/Scanner
instanceKlass com/sun/source/tree/LineMap
instanceKlass com/sun/tools/javac/util/BaseFileManager$ContentCacheEntry
instanceKlass com/sun/tools/javac/util/DiagnosticSource
instanceKlass com/sun/tools/javac/processing/JavacProcessingEnvironment$DiscoveredProcessors$ProcessorStateIterator
instanceKlass com/sun/tools/javac/processing/JavacProcessingEnvironment$DiscoveredProcessors
instanceKlass com/sun/tools/javac/util/ServiceLoader$1
instanceKlass com/sun/tools/javac/util/ServiceLoader$LazyIterator
instanceKlass com/sun/tools/javac/util/ServiceLoader
instanceKlass javax/annotation/processing/Processor
instanceKlass com/sun/tools/javac/processing/JavacProcessingEnvironment$ServiceIterator
instanceKlass com/sun/tools/javac/util/StringUtils
instanceKlass com/sun/tools/javac/util/ListBuffer$1
instanceKlass com/sun/tools/javac/model/JavacTypes
instanceKlass com/sun/tools/javac/model/JavacElements
instanceKlass com/sun/tools/javac/processing/JavacMessager
instanceKlass com/sun/tools/javac/processing/JavacFiler
instanceKlass java/util/regex/Pattern$CharPropertyNames$CharPropertyFactory
instanceKlass java/util/regex/Pattern$CharPropertyNames
instanceKlass javax/annotation/processing/RoundEnvironment
instanceKlass javax/annotation/processing/Messager
instanceKlass javax/annotation/processing/Filer
instanceKlass com/sun/tools/javac/processing/JavacProcessingEnvironment
instanceKlass com/sun/tools/javac/util/ForwardingDiagnosticFormatter$ForwardingConfiguration
instanceKlass com/sun/tools/javac/code/Types$DefaultSymbolVisitor
instanceKlass com/sun/tools/javac/util/ForwardingDiagnosticFormatter
instanceKlass com/sun/tools/javac/api/MultiTaskListener
instanceKlass com/sun/tools/javac/comp/TransTypes$1
instanceKlass com/sun/tools/javac/jvm/Pool
instanceKlass com/sun/tools/javac/comp/Lower$TreeBuilder
instanceKlass com/sun/tools/javac/jvm/Gen$GenFinalizer
instanceKlass com/sun/tools/javac/jvm/Items$Item
instanceKlass com/sun/tools/javac/parser/JavaTokenizer
instanceKlass com/sun/tools/javac/parser/ScannerFactory
instanceKlass com/sun/tools/javac/parser/Tokens$Token
instanceKlass com/sun/tools/javac/parser/Tokens
instanceKlass com/sun/tools/javac/tree/DocTreeMaker
instanceKlass com/sun/tools/javac/parser/Lexer
instanceKlass com/sun/tools/javac/parser/ParserFactory
instanceKlass com/sun/tools/javac/jvm/JNIWriter
instanceKlass com/sun/tools/javac/code/Types$SignatureGenerator
instanceKlass com/sun/tools/javac/jvm/ClassWriter$AttributeWriter
instanceKlass com/sun/tools/javac/util/ByteBuffer
instanceKlass com/sun/tools/javac/jvm/ClassFile
instanceKlass com/sun/tools/javac/jvm/ClassReader$AttributeReader
instanceKlass com/sun/tools/javac/util/MandatoryWarningHandler
instanceKlass com/sun/tools/javac/tree/TreeInfo
instanceKlass com/sun/tools/javac/comp/DeferredAttr$4
instanceKlass com/sun/tools/javac/comp/DeferredAttr$3
instanceKlass com/sun/tools/javac/comp/DeferredAttr$2
instanceKlass com/sun/tools/javac/comp/DeferredAttr$DeferredAttrContext
instanceKlass com/sun/tools/javac/comp/DeferredAttr$DeferredStuckPolicy
instanceKlass com/sun/tools/javac/comp/DeferredAttr$DeferredTypeCompleter
instanceKlass com/sun/tools/javac/comp/Infer$GraphStrategy
instanceKlass com/sun/tools/javac/comp/Infer$InferenceContext
instanceKlass javax/lang/model/element/TypeParameterElement
instanceKlass com/sun/tools/javac/comp/Infer
instanceKlass com/sun/tools/javac/code/DeferredLintHandler$1
instanceKlass com/sun/tools/javac/code/DeferredLintHandler
instanceKlass com/sun/tools/javac/code/TypeAnnotations
instanceKlass com/sun/tools/javac/comp/TypeEnvs
instanceKlass com/sun/tools/javac/comp/ConstFold
instanceKlass javax/lang/model/element/AnnotationMirror
instanceKlass com/sun/tools/javac/comp/Annotate
instanceKlass com/sun/tools/javac/tree/TreeMaker$AnnotationBuilder
instanceKlass com/sun/tools/javac/tree/TreeMaker
instanceKlass com/sun/tools/javac/tree/JCTree$Factory
instanceKlass com/sun/tools/javac/comp/Env
instanceKlass com/sun/tools/javac/comp/Flow
instanceKlass com/sun/source/util/SimpleTreeVisitor
instanceKlass com/sun/tools/javac/comp/Attr$14
instanceKlass javax/lang/model/type/UnionType
instanceKlass com/sun/tools/javac/comp/Check$NestedCheckContext
instanceKlass com/sun/source/tree/IntersectionTypeTree
instanceKlass com/sun/source/tree/TypeParameterTree
instanceKlass com/sun/source/tree/SynchronizedTree
instanceKlass com/sun/source/tree/AnnotatedTypeTree
instanceKlass com/sun/source/tree/UnionTypeTree
instanceKlass com/sun/source/tree/InstanceOfTree
instanceKlass com/sun/source/tree/EnhancedForLoopTree
instanceKlass com/sun/source/tree/MethodInvocationTree
instanceKlass com/sun/source/tree/ArrayAccessTree
instanceKlass com/sun/source/tree/PrimitiveTypeTree
instanceKlass com/sun/source/tree/EmptyStatementTree
instanceKlass com/sun/source/tree/DoWhileLoopTree
instanceKlass com/sun/source/tree/CompoundAssignmentTree
instanceKlass com/sun/source/tree/MemberReferenceTree
instanceKlass com/sun/source/tree/LabeledStatementTree
instanceKlass com/sun/source/tree/ArrayTypeTree
instanceKlass com/sun/source/tree/ParameterizedTypeTree
instanceKlass com/sun/source/tree/ConditionalExpressionTree
instanceKlass com/sun/source/tree/LambdaExpressionTree
instanceKlass com/sun/source/tree/AssignmentTree
instanceKlass com/sun/source/tree/ParenthesizedTree
instanceKlass com/sun/source/tree/ExpressionStatementTree
instanceKlass com/sun/source/tree/VariableTree
instanceKlass com/sun/source/tree/SwitchTree
instanceKlass com/sun/source/tree/ImportTree
instanceKlass com/sun/source/tree/UnaryTree
instanceKlass com/sun/source/tree/WhileLoopTree
instanceKlass com/sun/source/tree/TypeCastTree
instanceKlass com/sun/source/tree/CatchTree
instanceKlass com/sun/source/tree/ErroneousTree
instanceKlass com/sun/source/tree/ReturnTree
instanceKlass com/sun/source/tree/ForLoopTree
instanceKlass com/sun/source/tree/LiteralTree
instanceKlass com/sun/source/tree/NewArrayTree
instanceKlass com/sun/source/tree/IfTree
instanceKlass com/sun/source/tree/ContinueTree
instanceKlass com/sun/source/tree/ModifiersTree
instanceKlass com/sun/source/tree/TryTree
instanceKlass com/sun/source/tree/ThrowTree
instanceKlass com/sun/source/tree/CaseTree
instanceKlass com/sun/source/tree/BreakTree
instanceKlass com/sun/source/tree/AssertTree
instanceKlass com/sun/source/tree/BlockTree
instanceKlass com/sun/source/tree/BinaryTree
instanceKlass com/sun/source/tree/WildcardTree
instanceKlass com/sun/tools/javac/api/Formattable$LocalizedString
instanceKlass com/sun/tools/javac/api/Formattable
instanceKlass com/sun/tools/javac/comp/Resolve$7
instanceKlass com/sun/tools/javac/comp/Resolve$6
instanceKlass com/sun/tools/javac/comp/Attr$ResultInfo
instanceKlass com/sun/tools/javac/comp/Resolve$AbstractMethodCheck
instanceKlass com/sun/tools/javac/comp/Resolve$2
instanceKlass com/sun/tools/javac/comp/Resolve$LookupHelper
instanceKlass com/sun/tools/javac/comp/Resolve$LogResolveHelper
instanceKlass com/sun/tools/javac/comp/Resolve$MethodCheck
instanceKlass com/sun/tools/javac/comp/Resolve
instanceKlass com/sun/tools/javac/comp/Check$6
instanceKlass com/sun/tools/javac/comp/Check$1
instanceKlass com/sun/source/tree/AnnotationTree
instanceKlass com/sun/tools/javac/tree/JCTree$Visitor
instanceKlass com/sun/source/tree/MethodTree
instanceKlass com/sun/tools/javac/code/DeferredLintHandler$LintLogger
instanceKlass com/sun/tools/javac/util/Warner
instanceKlass com/sun/source/tree/NewClassTree
instanceKlass com/sun/tools/javac/comp/Infer$FreeTypeListener
instanceKlass com/sun/tools/javac/comp/Check$CheckContext
instanceKlass com/sun/tools/javac/comp/Check
instanceKlass com/sun/tools/javac/code/Types$ImplementationCache
instanceKlass com/sun/tools/javac/code/Types$3
instanceKlass com/sun/tools/javac/util/JCDiagnostic
instanceKlass com/sun/tools/javac/code/Types$DescriptorCache$FunctionDescriptor
instanceKlass com/sun/tools/javac/code/Types$DescriptorCache
instanceKlass com/sun/tools/javac/code/Scope$ScopeListener
instanceKlass javax/lang/model/type/IntersectionType
instanceKlass com/sun/tools/javac/code/Type$Mapping
instanceKlass com/sun/tools/javac/code/Types$DefaultTypeVisitor
instanceKlass com/sun/tools/javac/code/Types
instanceKlass com/sun/tools/javac/code/Symtab$2
instanceKlass com/sun/tools/javac/code/Symtab$1
instanceKlass com/sun/tools/javac/code/Symbol$MethodSymbol$2
instanceKlass com/sun/tools/javac/code/Scope$2
instanceKlass com/sun/tools/javac/code/Scope$Entry
instanceKlass com/sun/tools/javac/util/Filter
instanceKlass com/sun/tools/javac/util/Assert
instanceKlass java/lang/annotation/Repeatable
instanceKlass javax/lang/model/type/NullType
instanceKlass com/sun/tools/javac/code/Symtab
instanceKlass com/sun/tools/javac/jvm/ClassReader$1
instanceKlass com/sun/tools/javac/code/Attribute
instanceKlass javax/lang/model/element/AnnotationValue
instanceKlass com/sun/tools/javac/comp/Annotate$Worker
instanceKlass javax/lang/model/type/ExecutableType
instanceKlass javax/lang/model/type/NoType
instanceKlass com/sun/tools/javac/code/Scope
instanceKlass com/sun/tools/javac/code/Symbol$Completer
instanceKlass com/sun/tools/javac/jvm/ClassReader
instanceKlass com/sun/tools/javac/util/Convert
instanceKlass com/sun/tools/javac/util/Name
instanceKlass javax/lang/model/element/Name
instanceKlass com/sun/tools/javac/util/Name$Table
instanceKlass com/sun/tools/javac/util/Names
instanceKlass com/sun/tools/javac/main/JavaCompiler$1
instanceKlass com/sun/source/tree/ClassTree
instanceKlass com/sun/source/tree/StatementTree
instanceKlass com/sun/source/tree/MemberSelectTree
instanceKlass com/sun/source/tree/IdentifierTree
instanceKlass javax/lang/model/element/PackageElement
instanceKlass javax/lang/model/element/TypeElement
instanceKlass javax/lang/model/element/QualifiedNameable
instanceKlass com/sun/source/tree/CompilationUnitTree
instanceKlass com/sun/tools/javac/jvm/ClassReader$SourceCompleter
instanceKlass com/sun/tools/javac/main/JavaCompiler
instanceKlass com/sun/tools/javac/file/CacheFSInfo$1
instanceKlass com/sun/tools/javac/main/CommandLine
instanceKlass com/sun/tools/javac/parser/Parser
instanceKlass com/sun/tools/javac/api/JavacTaskImpl$Filter
instanceKlass javax/lang/model/util/Types
instanceKlass javax/lang/model/util/Elements
instanceKlass javax/annotation/processing/ProcessingEnvironment
instanceKlass com/sun/tools/javac/main/Main
instanceKlass com/sun/source/util/TreeScanner
instanceKlass com/sun/source/tree/TreeVisitor
instanceKlass com/sun/tools/doclint/DocLint
instanceKlass com/sun/source/util/Plugin
instanceKlass com/sun/tools/javac/api/ClientCodeWrapper$WrappedDiagnosticListener
instanceKlass com/sun/tools/javac/api/ClientCodeWrapper$Trusted
instanceKlass com/sun/source/util/TaskListener
instanceKlass com/sun/tools/javac/api/ClientCodeWrapper
instanceKlass com/sun/tools/javac/file/BaseFileObject
instanceKlass com/sun/tools/javac/file/ZipFileIndexCache
instanceKlass com/sun/tools/javac/file/FSInfo
instanceKlass com/sun/tools/javac/code/Lint$AugmentVisitor
instanceKlass com/sun/tools/javac/code/Attribute$Visitor
instanceKlass java/util/concurrent/ConcurrentHashMap$MapEntry
instanceKlass com/sun/tools/javac/util/Log$1
instanceKlass com/sun/tools/javac/util/JCDiagnostic$Factory$1
instanceKlass com/sun/tools/javac/util/Options
instanceKlass javax/lang/model/element/ExecutableElement
instanceKlass javax/lang/model/element/Parameterizable
instanceKlass javax/lang/model/type/WildcardType
instanceKlass javax/lang/model/type/PrimitiveType
instanceKlass javax/lang/model/type/ArrayType
instanceKlass javax/lang/model/type/ErrorType
instanceKlass javax/lang/model/type/DeclaredType
instanceKlass javax/lang/model/type/TypeVariable
instanceKlass javax/lang/model/type/ReferenceType
instanceKlass javax/lang/model/type/TypeMirror
instanceKlass javax/lang/model/element/VariableElement
instanceKlass com/sun/tools/javac/code/AnnoConstruct
instanceKlass javax/lang/model/element/Element
instanceKlass javax/lang/model/AnnotatedConstruct
instanceKlass com/sun/tools/javac/util/AbstractDiagnosticFormatter$SimpleConfiguration
instanceKlass com/sun/source/tree/ExpressionTree
instanceKlass com/sun/tools/javac/tree/JCTree
instanceKlass com/sun/source/tree/Tree
instanceKlass com/sun/tools/javac/api/DiagnosticFormatter$Configuration
instanceKlass com/sun/tools/javac/code/Printer
instanceKlass com/sun/tools/javac/code/Symbol$Visitor
instanceKlass com/sun/tools/javac/code/Type$Visitor
instanceKlass com/sun/tools/javac/util/AbstractDiagnosticFormatter
instanceKlass com/sun/tools/javac/util/List$3
instanceKlass com/sun/tools/javac/util/List$2
instanceKlass com/sun/tools/javac/util/JavacMessages
instanceKlass com/sun/tools/javac/api/Messages
instanceKlass com/sun/tools/javac/util/JCDiagnostic$Factory
instanceKlass java/util/RegularEnumSet$EnumSetIterator
instanceKlass com/sun/tools/javac/file/Locations$LocationHandler
instanceKlass com/sun/tools/javac/file/Locations
instanceKlass com/sun/tools/javac/util/BaseFileManager$ByteBufferCache
instanceKlass com/sun/tools/javac/code/Lint
instanceKlass javax/tools/JavaFileManager$Location
instanceKlass com/sun/tools/javac/file/JavacFileManager$Archive
instanceKlass com/sun/tools/javac/file/RelativePath
instanceKlass javax/tools/JavaFileObject
instanceKlass javax/tools/FileObject
instanceKlass com/sun/tools/javac/util/BaseFileManager
instanceKlass com/sun/tools/javac/api/DiagnosticFormatter
instanceKlass com/sun/tools/javac/util/Log$DiagnosticHandler
instanceKlass com/sun/tools/javac/util/JCDiagnostic$DiagnosticPosition
instanceKlass com/sun/tools/javac/util/AbstractLog
instanceKlass com/sun/tools/javac/util/Context$Factory
instanceKlass com/sun/tools/javac/util/Context$Key
instanceKlass com/sun/tools/javac/util/Context
instanceKlass javax/tools/DiagnosticCollector
instanceKlass org/codehaus/plexus/compiler/javac/JavaxToolsCompiler$1
instanceKlass org/codehaus/plexus/compiler/javac/JavacCompiler$JavaVersion$$Lambda$196
instanceKlass java/util/StringJoiner
instanceKlass org/codehaus/plexus/util/StringUtils
instanceKlass org/apache/maven/shared/utils/io/DirectoryScanner
instanceKlass org/apache/maven/shared/utils/io/FileUtils
instanceKlass java/util/stream/SortedOps$RefSortingSink$$Lambda$195
instanceKlass org/apache/maven/plugin/compiler/AbstractCompilerMojo$$Lambda$194
instanceKlass org/apache/maven/plugin/compiler/AbstractCompilerMojo$$Lambda$193
instanceKlass java/util/Collections$ReverseComparator
instanceKlass java/nio/file/Files$$Lambda$192
instanceKlass java/nio/file/Files$$Lambda$191
instanceKlass java/nio/file/FileTreeWalker$Event
instanceKlass sun/nio/fs/WindowsDirectoryStream$WindowsDirectoryIterator
instanceKlass java/nio/file/FileTreeWalker$DirectoryNode
instanceKlass sun/nio/fs/WindowsDirectoryStream
instanceKlass java/nio/file/DirectoryStream
instanceKlass java/nio/file/Files$AcceptAllFilter
instanceKlass java/nio/file/DirectoryStream$Filter
instanceKlass java/nio/file/FileTreeWalker
instanceKlass java/nio/file/FileTreeIterator
instanceKlass org/apache/maven/shared/utils/logging/AnsiMessageBuilder
instanceKlass org/apache/maven/shared/utils/logging/LoggerLevelRenderer
instanceKlass org/apache/maven/shared/utils/logging/MessageUtils
instanceKlass org/apache/maven/plugin/compiler/AbstractCompilerMojo$$Lambda$190
instanceKlass org/apache/maven/plugin/compiler/DeltaList
instanceKlass org/apache/maven/plugin/compiler/AbstractCompilerMojo$$Lambda$189
instanceKlass java/nio/file/attribute/FileTime$1
instanceKlass org/codehaus/plexus/util/io/InputStreamFacade
instanceKlass org/codehaus/plexus/util/BaseFileUtils
instanceKlass org/apache/maven/plugin/compiler/AbstractCompilerMojo$$Lambda$188
instanceKlass org/apache/maven/plugin/compiler/AbstractCompilerMojo$$Lambda$187
instanceKlass org/apache/maven/plugin/compiler/AbstractCompilerMojo$$Lambda$186
instanceKlass org/apache/maven/shared/incremental/IncrementalBuildHelperRequest
instanceKlass org/codehaus/plexus/util/SelectorUtils
instanceKlass org/codehaus/plexus/util/MatchPatterns
instanceKlass org/codehaus/plexus/util/MatchPattern
instanceKlass org/codehaus/plexus/util/AbstractScanner
instanceKlass org/codehaus/plexus/util/Scanner
instanceKlass org/codehaus/plexus/compiler/util/scan/mapping/SuffixMapping
instanceKlass org/codehaus/plexus/compiler/util/scan/AbstractSourceInclusionScanner
instanceKlass org/apache/maven/shared/utils/StringUtils
instanceKlass javax/tools/StandardJavaFileManager
instanceKlass com/sun/tools/javac/main/OptionHelper
instanceKlass com/sun/source/util/JavacTask
instanceKlass javax/tools/JavaCompiler$CompilationTask
instanceKlass com/sun/tools/javac/api/JavacTool
instanceKlass java/net/URLClassLoader$6
instanceKlass javax/tools/ToolProvider
instanceKlass java/util/concurrent/ConcurrentLinkedDeque$Node
instanceKlass org/codehaus/plexus/compiler/PlexusLoggerWrapper
instanceKlass org/eclipse/sisu/wire/ProviderIterableAdapter$ProviderEntry
instanceKlass org/eclipse/sisu/wire/ProviderIterableAdapter$ProviderIterator
instanceKlass org/apache/maven/plugin/internal/AbstractMavenPluginDescriptorSourcedParametersValidator$$Lambda$185
instanceKlass org/eclipse/sisu/wire/ProviderIterableAdapter
instanceKlass org/apache/maven/toolchain/DefaultToolchainManager$$FastClassByGuice$$227490982
instanceKlass org/apache/maven/plugin/compiler/CompilerMojo$$FastClassByGuice$$225986252
instanceKlass org/codehaus/plexus/compiler/javac/JavaxToolsCompiler$$FastClassByGuice$$224400693
instanceKlass org/codehaus/plexus/compiler/javac/JavacCompiler$$FastClassByGuice$$223931976
instanceKlass org/codehaus/plexus/compiler/manager/DefaultCompilerManager$$FastClassByGuice$$223128595
instanceKlass org/codehaus/plexus/languages/java/jpms/LocationManager$$FastClassByGuice$$221946993
instanceKlass org/eclipse/sisu/wire/BeanProviders$2
instanceKlass javax/tools/Diagnostic
instanceKlass javax/tools/JavaCompiler
instanceKlass javax/tools/Tool
instanceKlass javax/tools/JavaFileManager
instanceKlass javax/tools/OptionChecker
instanceKlass javax/tools/DiagnosticListener
instanceKlass org/codehaus/plexus/compiler/CompilerMessage
instanceKlass org/codehaus/plexus/util/cli/StreamConsumer
instanceKlass org/codehaus/plexus/compiler/CompilerOutputStyle
instanceKlass org/codehaus/plexus/languages/java/jpms/ResolvePathsRequest
instanceKlass org/codehaus/plexus/languages/java/jpms/ResolvePathResult
instanceKlass org/codehaus/plexus/languages/java/jpms/ResolvePathRequest
instanceKlass org/codehaus/plexus/languages/java/jpms/ManifestModuleNameExtractor
instanceKlass org/codehaus/plexus/languages/java/jpms/SourceModuleInfoParser
instanceKlass org/codehaus/plexus/languages/java/jpms/ModuleInfoParser
instanceKlass org/codehaus/plexus/languages/java/jpms/ModuleNameExtractor
instanceKlass org/codehaus/plexus/languages/java/jpms/JavaModuleDescriptor
instanceKlass org/codehaus/plexus/languages/java/jpms/ResolvePathsResult
instanceKlass org/apache/maven/plugin/compiler/DependencyCoordinate
instanceKlass org/codehaus/plexus/compiler/CompilerResult
instanceKlass org/codehaus/plexus/compiler/util/scan/SourceInclusionScanner
instanceKlass org/apache/maven/shared/incremental/IncrementalBuildHelper
instanceKlass org/apache/maven/shared/utils/logging/MessageBuilder
instanceKlass java/time/Instant
instanceKlass org/codehaus/plexus/compiler/CompilerConfiguration
instanceKlass org/codehaus/plexus/compiler/util/scan/mapping/SourceMapping
instanceKlass org/codehaus/plexus/compiler/javac/JavaxToolsCompiler
instanceKlass org/codehaus/plexus/compiler/javac/InProcessCompiler
instanceKlass org/codehaus/plexus/compiler/AbstractCompiler
instanceKlass org/codehaus/plexus/compiler/Compiler
instanceKlass org/codehaus/plexus/compiler/manager/DefaultCompilerManager
instanceKlass org/codehaus/plexus/compiler/manager/CompilerManager
instanceKlass org/codehaus/plexus/languages/java/jpms/LocationManager
instanceKlass org/codehaus/plexus/interpolation/RecursionInterceptor
instanceKlass org/codehaus/plexus/interpolation/AbstractValueSource
instanceKlass org/apache/maven/plugins/resources/MavenBuildTimestamp
instanceKlass org/apache/maven/shared/filtering/FilterWrapper
instanceKlass java/lang/Character$Subset
instanceKlass org/apache/commons/lang3/StringUtils
instanceKlass org/sonatype/plexus/build/incremental/DefaultBuildContext$$FastClassByGuice$$220949341
instanceKlass org/apache/maven/plugins/resources/ResourcesMojo$$FastClassByGuice$$220066036
instanceKlass org/apache/maven/shared/filtering/DefaultMavenResourcesFiltering$$FastClassByGuice$$218923176
instanceKlass org/apache/maven/shared/filtering/DefaultMavenReaderFilter$$FastClassByGuice$$217638435
instanceKlass org/apache/maven/shared/filtering/DefaultMavenFileFilter$$FastClassByGuice$$216205482
instanceKlass org/codehaus/plexus/interpolation/Interpolator
instanceKlass org/codehaus/plexus/interpolation/BasicInterpolator
instanceKlass org/codehaus/plexus/interpolation/ValueSource
instanceKlass org/codehaus/plexus/util/Scanner
instanceKlass org/apache/maven/shared/filtering/AbstractMavenFilteringRequest
instanceKlass org/apache/maven/shared/filtering/DefaultMavenResourcesFiltering
instanceKlass org/apache/maven/shared/filtering/MavenResourcesFiltering
instanceKlass org/apache/maven/shared/filtering/MavenReaderFilter
instanceKlass org/apache/maven/shared/filtering/BaseFilter
instanceKlass org/apache/maven/shared/filtering/MavenFileFilter
instanceKlass org/apache/maven/shared/filtering/DefaultFilterInfo
instanceKlass org/sonatype/plexus/build/incremental/BuildContext
instanceKlass org/apache/maven/utils/Os$$Lambda$184
instanceKlass org/apache/maven/utils/Os
instanceKlass org/apache/maven/model/building/DefaultModelBuilder$$Lambda$183
instanceKlass org/apache/maven/model/building/DefaultModelBuilder$$Lambda$182
instanceKlass org/apache/maven/model/building/DefaultModelBuilder$$Lambda$181
instanceKlass org/apache/maven/model/building/DefaultModelBuilder$$Lambda$180
instanceKlass org/apache/maven/model/building/DefaultModelBuilder$$Lambda$179
instanceKlass org/apache/maven/plugins/install/InstallMojo$$Lambda$178
instanceKlass org/eclipse/aether/repository/LocalMetadataRegistration
instanceKlass org/apache/maven/artifact/repository/metadata/io/xpp3/MetadataXpp3Writer
instanceKlass org/codehaus/plexus/util/WriterFactory
instanceKlass org/apache/maven/artifact/repository/metadata/SnapshotVersion
instanceKlass org/apache/maven/artifact/repository/metadata/io/xpp3/MetadataXpp3Reader$1
instanceKlass org/apache/maven/artifact/repository/metadata/io/xpp3/MetadataXpp3Reader$ContentTransformer
instanceKlass org/apache/maven/artifact/repository/metadata/io/xpp3/MetadataXpp3Reader
instanceKlass java/io/RandomAccessFile$1
instanceKlass sun/util/locale/provider/TimeZoneNameUtility$TimeZoneNameGetter
instanceKlass sun/util/locale/provider/TimeZoneNameUtility
instanceKlass org/eclipse/aether/repository/LocalArtifactRegistration
instanceKlass sun/nio/fs/WindowsChannelFactory$2
instanceKlass org/eclipse/aether/util/FileUtils$2
instanceKlass org/eclipse/aether/util/FileUtils$CollocatedTempFile
instanceKlass org/eclipse/aether/util/FileUtils$TempFile
instanceKlass org/eclipse/aether/util/FileUtils
instanceKlass org/apache/maven/artifact/repository/metadata/Snapshot
instanceKlass org/eclipse/aether/metadata/AbstractMetadata
instanceKlass org/eclipse/aether/metadata/MergeableMetadata
instanceKlass org/apache/maven/repository/internal/PluginsMetadataGenerator
instanceKlass org/apache/maven/repository/internal/VersionsMetadataGenerator
instanceKlass org/apache/maven/repository/internal/LocalSnapshotMetadataGenerator
instanceKlass org/eclipse/aether/internal/impl/Utils
instanceKlass org/apache/maven/project/artifact/ProjectArtifact$PomArtifactHandler
instanceKlass org/apache/maven/project/artifact/ArtifactWithDependencies
instanceKlass org/apache/maven/plugins/install/InstallMojo$$Lambda$177
instanceKlass org/apache/maven/plugins/install/InstallMojo$$Lambda$176
instanceKlass org/apache/maven/plugins/install/InstallMojo$$Lambda$175
instanceKlass org/apache/maven/plugins/install/InstallMojo$$FastClassByGuice$$215304904
instanceKlass org/codehaus/plexus/util/xml/pull/MXParser
instanceKlass org/codehaus/plexus/util/ReaderFactory
instanceKlass com/puppycrawl/tools/checkstyle/checks/regexp/SinglelineDetector
instanceKlass com/puppycrawl/tools/checkstyle/checks/regexp/NeverSuppress
instanceKlass com/puppycrawl/tools/checkstyle/checks/regexp/MatchSuppressor
instanceKlass com/google/common/base/MoreObjects
instanceKlass com/puppycrawl/tools/checkstyle/checks/regexp/DetectorOptions$Builder
instanceKlass com/puppycrawl/tools/checkstyle/checks/regexp/DetectorOptions
instanceKlass com/puppycrawl/tools/checkstyle/filters/SuppressionCommentFilter$Tag
instanceKlass java/util/WeakHashMap$1
instanceKlass org/apache/commons/logging/impl/WeakHashtable$1
instanceKlass java/lang/ref/ReferenceQueue$1
instanceKlass com/google/common/collect/Ordering
instanceKlass com/google/common/collect/SortedIterable
instanceKlass com/puppycrawl/tools/checkstyle/checks/AbstractTypeAwareCheck$AbstractClassInfo
instanceKlass com/google/common/primitives/Ints
instanceKlass com/google/common/collect/Hashing
instanceKlass com/google/common/collect/Platform
instanceKlass com/google/common/collect/ImmutableCollection$Builder
instanceKlass com/google/common/collect/CollectPreconditions
instanceKlass com/puppycrawl/tools/checkstyle/api/TokenTypes
instanceKlass com/google/common/collect/AbstractMapEntry
instanceKlass com/google/common/collect/ImmutableMap$Builder
instanceKlass com/puppycrawl/tools/checkstyle/utils/TokenUtils
instanceKlass java/util/DualPivotQuicksort
instanceKlass com/puppycrawl/tools/checkstyle/api/FileContents
instanceKlass com/google/common/collect/AbstractMultimap
instanceKlass com/google/common/collect/SetMultimap
instanceKlass antlr/Token
instanceKlass antlr/TokenStream
instanceKlass com/puppycrawl/tools/checkstyle/grammars/CommentListener
instanceKlass com/google/common/collect/Multimap
instanceKlass com/puppycrawl/tools/checkstyle/api/ExternalResourceHolder
instanceKlass java/io/RandomAccessFile
instanceKlass antlr/BaseAST
instanceKlass antlr/collections/AST
instanceKlass org/apache/commons/beanutils/MethodUtils$MethodDescriptor
instanceKlass com/google/common/collect/Iterators$2
instanceKlass com/google/common/collect/PeekingIterator
instanceKlass com/google/common/collect/Iterators
instanceKlass com/google/common/collect/ObjectArrays
instanceKlass com/puppycrawl/tools/checkstyle/api/LocalizedMessages
instanceKlass com/puppycrawl/tools/checkstyle/DefaultContext
instanceKlass com/puppycrawl/tools/checkstyle/PackageObjectFactory
instanceKlass com/google/common/io/Closeables
instanceKlass java/util/ArrayDeque$DescendingIterator
instanceKlass org/apache/commons/beanutils/MethodUtils
instanceKlass org/apache/commons/beanutils/BeanIntrospectionData
instanceKlass com/puppycrawl/tools/checkstyle/api/LocalizedMessage
instanceKlass sun/reflect/generics/tree/IntSignature
instanceKlass com/puppycrawl/tools/checkstyle/api/FileSetCheck
instanceKlass java/beans/SimpleBeanInfo
instanceKlass java/beans/Transient
instanceKlass com/sun/beans/WildcardTypeImpl
instanceKlass com/sun/beans/TypeResolver
instanceKlass java/beans/MethodRef
instanceKlass com/sun/beans/util/Cache$CacheEntry
instanceKlass com/sun/beans/util/Cache
instanceKlass com/sun/beans/finder/AbstractFinder
instanceKlass com/sun/beans/finder/ClassFinder
instanceKlass java/beans/BeanInfo
instanceKlass com/sun/beans/finder/InstanceFinder
instanceKlass java/beans/WeakIdentityMap
instanceKlass java/beans/ThreadGroupContext
instanceKlass com/sun/beans/WeakCache
instanceKlass java/beans/Introspector
instanceKlass java/util/concurrent/CopyOnWriteArrayList$COWIterator
instanceKlass org/apache/commons/beanutils/DefaultIntrospectionContext
instanceKlass org/apache/commons/beanutils/BeanUtils
instanceKlass org/apache/commons/beanutils/DefaultBeanIntrospector
instanceKlass org/apache/commons/beanutils/BeanIntrospector
instanceKlass org/apache/commons/beanutils/PropertyUtils
instanceKlass org/apache/commons/beanutils/expression/DefaultResolver
instanceKlass org/apache/commons/beanutils/expression/Resolver
instanceKlass org/apache/commons/beanutils/IntrospectionContext
instanceKlass org/apache/commons/beanutils/PropertyUtilsBean
instanceKlass org/apache/commons/beanutils/ContextClassLoaderLocal
instanceKlass java/beans/FeatureDescriptor
instanceKlass org/apache/commons/beanutils/DynaProperty
instanceKlass org/apache/commons/beanutils/DynaBean
instanceKlass org/apache/commons/beanutils/DynaClass
instanceKlass org/apache/commons/beanutils/BeanUtilsBean
instanceKlass com/puppycrawl/tools/checkstyle/api/AutomaticBean$RelaxedStringArrayConverter
instanceKlass java/util/WeakHashMap$HashIterator
instanceKlass java/math/MathContext
instanceKlass org/apache/commons/beanutils/converters/ConverterFacade
instanceKlass org/apache/commons/beanutils/converters/AbstractConverter
instanceKlass org/apache/commons/beanutils/ConvertUtils
instanceKlass org/apache/commons/beanutils/ConvertUtilsBean
instanceKlass org/apache/xerces/impl/dtd/models/CMStateSet
instanceKlass org/apache/xerces/impl/dtd/models/DFAContentModel
instanceKlass com/puppycrawl/tools/checkstyle/DefaultConfiguration
instanceKlass com/puppycrawl/tools/checkstyle/ConfigurationLoader
instanceKlass com/puppycrawl/tools/checkstyle/PropertiesExpander
instanceKlass java/util/zip/ZipFile$ZipEntryIterator
instanceKlass java/util/jar/JarFile$JarEntryIterator
instanceKlass org/codehaus/plexus/resource/loader/JarHolder
instanceKlass org/apache/maven/plugin/checkstyle/exec/DefaultCheckstyleExecutor$1
instanceKlass com/google/common/collect/Lists
instanceKlass com/puppycrawl/tools/checkstyle/api/SeverityLevelCounter
instanceKlass org/slf4j/spi/LocationAwareLogger
instanceKlass org/apache/commons/logging/impl/SLF4JLog
instanceKlass org/apache/commons/logging/impl/SLF4JLocationAwareLog
instanceKlass org/apache/commons/logging/Log
instanceKlass org/apache/commons/logging/LogFactory$2
instanceKlass org/apache/commons/logging/LogFactory$3
instanceKlass org/apache/commons/logging/LogFactory$4
instanceKlass org/apache/commons/logging/impl/WeakHashtable$Referenced
instanceKlass org/apache/commons/logging/LogFactory$1
instanceKlass org/apache/commons/logging/LogFactory$6
instanceKlass org/apache/commons/logging/LogFactory
instanceKlass com/puppycrawl/tools/checkstyle/api/Context
instanceKlass com/puppycrawl/tools/checkstyle/ModuleFactory
instanceKlass com/puppycrawl/tools/checkstyle/api/MessageDispatcher
instanceKlass org/apache/xerces/impl/dtd/models/SimpleContentModel
instanceKlass com/puppycrawl/tools/checkstyle/filters/SuppressElement
instanceKlass org/apache/xerces/impl/Constants$ArrayEnumeration
instanceKlass org/apache/xerces/impl/Constants
instanceKlass org/apache/xerces/impl/dtd/XMLContentSpec
instanceKlass org/apache/xerces/impl/dtd/DTDGrammar$QNameHashtable
instanceKlass org/apache/xerces/impl/dtd/models/MixedContentModel
instanceKlass org/apache/xerces/impl/dtd/models/ContentModelValidator
instanceKlass org/apache/xerces/impl/dtd/models/CMNode
instanceKlass org/apache/xerces/parsers/AbstractSAXParser$LocatorProxy
instanceKlass org/apache/xerces/util/XMLSymbols
instanceKlass org/apache/xerces/util/XMLChar
instanceKlass org/apache/xerces/util/URI
instanceKlass org/apache/xerces/xni/parser/XMLInputSource
instanceKlass com/google/common/collect/Sets
instanceKlass org/apache/xerces/impl/ExternalSubsetResolver
instanceKlass org/apache/xerces/util/EntityResolverWrapper
instanceKlass org/xml/sax/ext/EntityResolver2
instanceKlass org/apache/xerces/util/ErrorHandlerWrapper
instanceKlass org/apache/xerces/parsers/AbstractSAXParser$AttributesProxy
instanceKlass org/apache/xerces/impl/msg/XMLMessageFormatter
instanceKlass org/apache/xerces/impl/XMLVersionDetector
instanceKlass org/apache/xerces/impl/validation/ValidationManager
instanceKlass org/apache/xerces/impl/dv/dtd/NMTOKENDatatypeValidator
instanceKlass org/apache/xerces/impl/dv/dtd/NOTATIONDatatypeValidator
instanceKlass org/apache/xerces/impl/dv/dtd/ENTITYDatatypeValidator
instanceKlass org/apache/xerces/impl/dv/dtd/ListDatatypeValidator
instanceKlass org/apache/xerces/impl/dv/dtd/IDREFDatatypeValidator
instanceKlass org/apache/xerces/impl/dv/dtd/IDDatatypeValidator
instanceKlass org/apache/xerces/impl/dv/dtd/StringDatatypeValidator
instanceKlass org/apache/xerces/impl/dv/DatatypeValidator
instanceKlass org/apache/xerces/impl/dv/SecuritySupport$3
instanceKlass org/apache/xerces/impl/dv/SecuritySupport$2
instanceKlass org/apache/xerces/impl/dv/SecuritySupport$1
instanceKlass org/apache/xerces/impl/dv/SecuritySupport
instanceKlass org/apache/xerces/impl/dv/ObjectFactory
instanceKlass org/apache/xerces/impl/dv/DTDDVFactory
instanceKlass org/apache/xerces/impl/dtd/DTDGrammarBucket
instanceKlass org/apache/xerces/impl/dtd/XMLAttributeDecl
instanceKlass org/apache/xerces/impl/dtd/XMLSimpleType
instanceKlass org/apache/xerces/impl/dtd/XMLElementDecl
instanceKlass org/apache/xerces/impl/validation/ValidationState
instanceKlass org/apache/xerces/impl/dv/ValidationContext
instanceKlass org/apache/xerces/impl/dtd/DTDGrammar
instanceKlass org/apache/xerces/xni/grammars/Grammar
instanceKlass org/apache/xerces/impl/validation/EntityState
instanceKlass org/apache/xerces/impl/dtd/XMLEntityDecl
instanceKlass org/apache/xerces/impl/XMLDocumentScannerImpl$TrailingMiscDispatcher
instanceKlass org/apache/xerces/impl/XMLDocumentScannerImpl$DTDDispatcher
instanceKlass org/apache/xerces/impl/XMLDocumentScannerImpl$PrologDispatcher
instanceKlass org/apache/xerces/impl/XMLDocumentScannerImpl$XMLDeclDispatcher
instanceKlass org/apache/xerces/util/NamespaceSupport
instanceKlass org/apache/xerces/util/XMLAttributesImpl$Attribute
instanceKlass org/apache/xerces/util/XMLAttributesImpl
instanceKlass org/apache/xerces/impl/XMLDocumentFragmentScannerImpl$FragmentContentDispatcher
instanceKlass org/apache/xerces/xni/QName
instanceKlass org/apache/xerces/impl/XMLDocumentFragmentScannerImpl$ElementStack
instanceKlass org/apache/xerces/xni/grammars/XMLDTDDescription
instanceKlass org/apache/xerces/xni/grammars/XMLGrammarDescription
instanceKlass org/apache/xerces/impl/XMLDocumentFragmentScannerImpl$Dispatcher
instanceKlass org/apache/xerces/xni/XMLAttributes
instanceKlass org/apache/xerces/xni/XMLString
instanceKlass org/apache/xerces/impl/XMLErrorReporter
instanceKlass org/apache/xerces/impl/XMLEntityManager$CharacterBuffer
instanceKlass org/apache/xerces/impl/XMLEntityManager$CharacterBufferPool
instanceKlass org/apache/xerces/impl/XMLEntityManager$ByteBufferPool
instanceKlass org/apache/xerces/util/AugmentationsImpl$AugmentationsItemsContainer
instanceKlass org/apache/xerces/util/AugmentationsImpl
instanceKlass org/apache/xerces/util/XMLResourceIdentifierImpl
instanceKlass org/apache/xerces/impl/XMLEntityManager$1
instanceKlass org/apache/xerces/xni/Augmentations
instanceKlass org/apache/xerces/impl/XMLEntityManager$Entity
instanceKlass org/apache/xerces/impl/XMLEntityScanner
instanceKlass org/apache/xerces/xni/XMLResourceIdentifier
instanceKlass org/apache/xerces/impl/XMLEntityManager
instanceKlass org/apache/xerces/util/SymbolTable$Entry
instanceKlass org/apache/xerces/xni/grammars/XMLGrammarPool
instanceKlass org/apache/xerces/util/SymbolTable
instanceKlass org/apache/xerces/xni/NamespaceContext
instanceKlass org/apache/xerces/xni/XMLLocator
instanceKlass org/apache/xerces/util/MessageFormatter
instanceKlass org/apache/xerces/impl/dtd/XMLDTDValidator
instanceKlass org/apache/xerces/impl/dtd/XMLDTDValidatorFilter
instanceKlass org/apache/xerces/xni/parser/XMLDocumentScanner
instanceKlass org/apache/xerces/xni/grammars/XMLGrammarLoader
instanceKlass org/apache/xerces/impl/dtd/XMLDTDProcessor
instanceKlass org/apache/xerces/xni/parser/XMLDTDContentModelFilter
instanceKlass org/apache/xerces/xni/parser/XMLDTDFilter
instanceKlass org/apache/xerces/impl/XMLScanner
instanceKlass org/apache/xerces/impl/XMLEntityHandler
instanceKlass org/apache/xerces/xni/parser/XMLDTDScanner
instanceKlass org/apache/xerces/xni/parser/XMLDTDContentModelSource
instanceKlass org/apache/xerces/util/ParserConfigurationSettings
instanceKlass org/apache/xerces/parsers/XML11Configurable
instanceKlass org/apache/xerces/xni/parser/XMLPullParserConfiguration
instanceKlass org/apache/xerces/xni/parser/XMLParserConfiguration
instanceKlass org/apache/xerces/parsers/SecuritySupport$6
instanceKlass org/apache/xerces/parsers/SecuritySupport$7
instanceKlass org/apache/xerces/parsers/SecuritySupport$4
instanceKlass org/apache/xerces/parsers/SecuritySupport$3
instanceKlass org/apache/xerces/parsers/SecuritySupport$2
instanceKlass org/apache/xerces/parsers/SecuritySupport$1
instanceKlass org/apache/xerces/parsers/SecuritySupport
instanceKlass org/apache/xerces/parsers/ObjectFactory
instanceKlass org/xml/sax/helpers/LocatorImpl
instanceKlass org/apache/xerces/xni/parser/XMLEntityResolver
instanceKlass org/apache/xerces/xni/parser/XMLErrorHandler
instanceKlass org/apache/xerces/jaxp/TeeXMLDocumentFilterImpl
instanceKlass org/apache/xerces/impl/xs/XMLSchemaValidator
instanceKlass org/apache/xerces/impl/RevalidationHandler
instanceKlass org/apache/xerces/impl/xs/identity/FieldActivator
instanceKlass org/apache/xerces/xni/parser/XMLDocumentFilter
instanceKlass org/apache/xerces/xni/parser/XMLDocumentSource
instanceKlass org/apache/xerces/xni/parser/XMLComponent
instanceKlass org/apache/xerces/xni/parser/XMLComponentManager
instanceKlass org/apache/xerces/xni/parser/XMLDTDSource
instanceKlass org/xml/sax/DocumentHandler
instanceKlass org/apache/xerces/parsers/XMLParser
instanceKlass org/apache/xerces/xni/XMLDTDContentModelHandler
instanceKlass org/apache/xerces/xni/XMLDTDHandler
instanceKlass org/apache/xerces/xni/XMLDocumentHandler
instanceKlass org/apache/xerces/xs/PSVIProvider
instanceKlass org/apache/xerces/jaxp/JAXPConstants
instanceKlass javax/xml/parsers/FactoryFinder$1
instanceKlass javax/xml/parsers/SecuritySupport$5
instanceKlass javax/xml/parsers/SecuritySupport$2
instanceKlass javax/xml/parsers/SecuritySupport
instanceKlass javax/xml/parsers/FactoryFinder
instanceKlass com/google/common/base/Joiner$MapJoiner
instanceKlass com/google/common/base/Preconditions
instanceKlass com/google/common/base/Joiner
instanceKlass com/google/common/collect/Multiset
instanceKlass com/google/common/collect/Collections2
instanceKlass com/google/common/base/Converter
instanceKlass com/google/common/collect/ImmutableMap
instanceKlass com/google/common/collect/BiMap
instanceKlass com/google/common/collect/UnmodifiableIterator
instanceKlass com/google/common/base/Function
instanceKlass com/google/common/collect/Maps$EntryTransformer
instanceKlass com/google/common/collect/SortedMapDifference
instanceKlass com/google/common/collect/MapDifference
instanceKlass com/google/common/collect/Maps
instanceKlass com/puppycrawl/tools/checkstyle/utils/CommonUtils
instanceKlass org/codehaus/plexus/util/IOUtil
instanceKlass org/codehaus/plexus/resource/loader/FilePlexusResource
instanceKlass org/codehaus/plexus/resource/loader/ThreadContextClasspathResourceLoader$$FastClassByGuice$$214667292
instanceKlass org/codehaus/plexus/util/AbstractScanner
instanceKlass org/codehaus/plexus/util/Scanner
instanceKlass org/codehaus/plexus/resource/loader/JarResourceLoader$$FastClassByGuice$$213658636
instanceKlass org/codehaus/plexus/resource/loader/URLResourceLoader$$FastClassByGuice$$211912196
instanceKlass org/codehaus/plexus/resource/loader/FileResourceLoader$$FastClassByGuice$$210969444
instanceKlass org/codehaus/plexus/util/Os
instanceKlass org/codehaus/plexus/util/io/InputStreamFacade
instanceKlass org/codehaus/plexus/util/FileUtils
instanceKlass org/codehaus/plexus/util/StringUtils
instanceKlass com/puppycrawl/tools/checkstyle/AuditEventDefaultFormatter
instanceKlass com/puppycrawl/tools/checkstyle/AuditEventFormatter
instanceKlass org/apache/commons/beanutils/Converter
instanceKlass org/apache/maven/plugin/internal/DefaultPluginValidationManager$PluginValidationIssues$$Lambda$174
instanceKlass org/apache/maven/plugin/internal/DefaultPluginValidationManager$PluginValidationIssues$$Lambda$173
instanceKlass org/apache/maven/plugin/internal/DefaultPluginValidationManager$$Lambda$172
instanceKlass org/apache/maven/plugin/checkstyle/resource/LicenseResourceManager$$FastClassByGuice$$210017773
instanceKlass org/codehaus/plexus/resource/DefaultResourceManager$$FastClassByGuice$$209668352
instanceKlass org/apache/maven/plugin/checkstyle/exec/DefaultCheckstyleExecutor$$FastClassByGuice$$208377937
instanceKlass org/apache/maven/plugin/checkstyle/CheckstyleViolationCheckMojo$$FastClassByGuice$$207240871
instanceKlass org/apache/maven/doxia/sink/AbstractTextSinkFactory
instanceKlass org/apache/maven/doxia/site/decoration/Banner
instanceKlass org/apache/maven/doxia/site/decoration/inheritance/DefaultDecorationModelInheritanceAssembler$URLContainer
instanceKlass org/apache/maven/doxia/site/decoration/inheritance/DefaultDecorationModelInheritanceAssembler
instanceKlass org/apache/maven/doxia/macro/manager/DefaultMacroManager
instanceKlass org/apache/maven/doxia/module/fml/model/Faq
instanceKlass org/apache/maven/doxia/module/fml/model/Part
instanceKlass org/apache/maven/doxia/module/fml/model/Faqs
instanceKlass org/apache/maven/doxia/module/fml/FmlMarkup
instanceKlass org/apache/maven/doxia/sink/AbstractSink
instanceKlass org/apache/maven/doxia/sink/render/RenderingContext
instanceKlass org/apache/maven/doxia/siterenderer/SiteRenderingContext
instanceKlass org/apache/maven/doxia/module/site/AbstractSiteModule
instanceKlass org/apache/velocity/runtime/RuntimeServices
instanceKlass org/apache/velocity/runtime/RuntimeLogger
instanceKlass org/apache/velocity/app/VelocityEngine
instanceKlass org/apache/velocity/runtime/RuntimeConstants
instanceKlass org/apache/velocity/runtime/log/LogSystem
instanceKlass org/sonatype/plexus/components/cipher/PBECipher
instanceKlass org/apache/maven/doxia/sink/SinkEventAttributeSet
instanceKlass org/apache/maven/doxia/parser/AbstractParser
instanceKlass org/apache/maven/doxia/module/xhtml/XhtmlMarkup
instanceKlass org/apache/maven/doxia/markup/HtmlMarkup
instanceKlass org/apache/maven/doxia/markup/XmlMarkup
instanceKlass org/apache/maven/doxia/markup/Markup
instanceKlass org/sonatype/plexus/components/sec/dispatcher/model/SettingsSecurity
instanceKlass org/codehaus/plexus/components/interactivity/DefaultOutputHandler
instanceKlass org/codehaus/plexus/resource/PlexusResource
instanceKlass org/apache/maven/doxia/index/IndexEntry
instanceKlass org/apache/maven/doxia/module/site/manager/DefaultSiteModuleManager
instanceKlass org/codehaus/plexus/components/interactivity/DefaultPrompter
instanceKlass org/apache/maven/doxia/site/decoration/LinkItem
instanceKlass org/apache/maven/doxia/site/decoration/DecorationModel
instanceKlass org/apache/maven/doxia/site/decoration/Menu
instanceKlass org/codehaus/plexus/interpolation/ValueSource
instanceKlass org/apache/maven/doxia/macro/MacroRequest
instanceKlass org/apache/maven/doxia/sink/SinkEventAttributes
instanceKlass org/apache/maven/doxia/macro/AbstractMacro
instanceKlass com/puppycrawl/tools/checkstyle/api/FilterSet
instanceKlass com/puppycrawl/tools/checkstyle/api/Configuration
instanceKlass com/puppycrawl/tools/checkstyle/api/Filter
instanceKlass com/puppycrawl/tools/checkstyle/PropertyResolver
instanceKlass org/apache/maven/doxia/parser/manager/DefaultParserManager
instanceKlass org/apache/maven/plugin/checkstyle/rss/CheckstyleRssGeneratorRequest
instanceKlass org/apache/velocity/context/Context
instanceKlass org/apache/maven/plugin/checkstyle/rss/DefaultCheckstyleRssGenerator
instanceKlass org/apache/maven/doxia/logging/Log
instanceKlass org/apache/maven/plugin/checkstyle/RuleUtil$Matcher
instanceKlass org/apache/maven/plugin/checkstyle/exec/CheckstyleResults
instanceKlass com/puppycrawl/tools/checkstyle/api/AutomaticBean
instanceKlass com/puppycrawl/tools/checkstyle/api/Contextualizable
instanceKlass com/puppycrawl/tools/checkstyle/api/Configurable
instanceKlass org/apache/maven/plugin/checkstyle/exec/CheckstyleExecutorRequest
instanceKlass com/puppycrawl/tools/checkstyle/api/AuditListener
instanceKlass java/util/EventListener
instanceKlass org/codehaus/doxia/sink/Sink
instanceKlass org/apache/maven/doxia/sink/Sink
instanceKlass org/codehaus/plexus/resource/loader/ResourceLoader
instanceKlass org/apache/maven/doxia/tools/SiteTool
instanceKlass org/codehaus/plexus/i18n/I18N
instanceKlass org/apache/maven/doxia/parser/Parser
instanceKlass org/apache/maven/doxia/sink/SinkFactory
instanceKlass org/apache/maven/doxia/module/site/SiteModule
instanceKlass org/apache/maven/doxia/siterenderer/Renderer
instanceKlass org/codehaus/plexus/velocity/VelocityComponent
instanceKlass org/apache/maven/doxia/site/decoration/inheritance/DecorationModelInheritanceAssembler
instanceKlass org/apache/maven/doxia/parser/manager/ParserManager
instanceKlass org/apache/maven/doxia/module/site/manager/SiteModuleManager
instanceKlass org/apache/maven/doxia/macro/manager/MacroManager
instanceKlass org/apache/maven/doxia/macro/Macro
instanceKlass org/apache/maven/doxia/logging/LogEnabled
instanceKlass org/apache/maven/doxia/Doxia
instanceKlass org/sonatype/plexus/components/cipher/PlexusCipher
instanceKlass org/sonatype/plexus/components/sec/dispatcher/SecDispatcher
instanceKlass org/codehaus/plexus/components/interactivity/Prompter
instanceKlass org/codehaus/plexus/components/interactivity/OutputHandler
instanceKlass org/codehaus/plexus/components/interactivity/InputHandler
instanceKlass org/apache/maven/plugin/checkstyle/rss/CheckstyleRssGenerator
instanceKlass org/codehaus/plexus/resource/ResourceManager
instanceKlass org/apache/maven/plugin/checkstyle/exec/CheckstyleExecutor
instanceKlass org/apache/maven/reporting/MavenMultiPageReport
instanceKlass org/apache/maven/reporting/MavenReport
instanceKlass java/util/AbstractList$1
instanceKlass org/apache/maven/model/merge/ModelMerger$1
instanceKlass org/apache/maven/artifact/resolver/filter/AbstractScopeArtifactFilter
instanceKlass com/sun/org/apache/xml/internal/serializer/WriterChain
instanceKlass com/sun/org/apache/xalan/internal/xsltc/util/IntegerArray
instanceKlass com/sun/org/apache/xml/internal/serializer/EncodingInfo$EncodingImpl
instanceKlass com/sun/org/apache/xml/internal/serializer/EncodingInfo$InEncoding
instanceKlass com/sun/org/apache/xalan/internal/xsltc/dom/DOMAdapter
instanceKlass java/util/ResourceBundle$Control$1
instanceKlass com/sun/org/apache/xalan/internal/utils/SecuritySupport$8
instanceKlass com/sun/org/apache/xalan/internal/xsltc/runtime/BasisLibrary
instanceKlass com/sun/org/apache/xml/internal/dtm/ref/DTMAxisIteratorBase
instanceKlass com/sun/org/apache/xerces/internal/impl/ExternalSubsetResolver
instanceKlass com/sun/org/apache/xerces/internal/util/EntityResolverWrapper
instanceKlass org/apache/commons/lang/ArrayUtils
instanceKlass org/apache/rat/analysis/HeaderCheckWorker
instanceKlass org/apache/rat/analysis/DocumentHeaderAnalyser
instanceKlass com/sun/org/apache/xerces/internal/util/ErrorHandlerWrapper
instanceKlass com/sun/org/apache/xerces/internal/xni/parser/XMLErrorHandler
instanceKlass org/apache/rat/document/impl/guesser/BinaryGuesser
instanceKlass com/sun/org/apache/xml/internal/utils/IntVector
instanceKlass com/sun/org/apache/xml/internal/utils/FastStringBuffer
instanceKlass com/sun/org/apache/xml/internal/dtm/ref/DTMStringPool
instanceKlass com/sun/org/apache/xml/internal/dtm/ref/DTMTreeWalker
instanceKlass org/apache/rat/document/impl/guesser/ArchiveGuesser
instanceKlass com/sun/org/apache/xml/internal/utils/SuballocatedIntVector
instanceKlass com/sun/org/apache/xml/internal/dtm/ref/EmptyIterator
instanceKlass com/sun/org/apache/xml/internal/utils/XMLStringDefault
instanceKlass com/sun/org/apache/xml/internal/utils/XMLString
instanceKlass com/sun/org/apache/xml/internal/dtm/ref/DTMDefaultBase
instanceKlass org/apache/commons/lang/StringUtils
instanceKlass com/sun/org/apache/xalan/internal/xsltc/dom/DOMBuilder
instanceKlass com/sun/org/apache/xalan/internal/xsltc/dom/ExtendedSAX
instanceKlass com/sun/org/apache/xalan/internal/xsltc/DOMEnhancedForDTM
instanceKlass com/sun/org/apache/xml/internal/utils/XMLReaderManager$ReaderWrapper
instanceKlass com/sun/org/apache/xml/internal/dtm/ref/ExpandedNameTable$HashEntry
instanceKlass com/sun/org/apache/xml/internal/dtm/ref/ExtendedType
instanceKlass com/sun/org/apache/xml/internal/dtm/ref/ExpandedNameTable
instanceKlass org/xml/sax/helpers/DefaultHandler
instanceKlass org/xml/sax/EntityResolver
instanceKlass com/sun/org/apache/xml/internal/dtm/DTM
instanceKlass org/apache/rat/document/impl/guesser/GuessUtils
instanceKlass com/sun/org/apache/xml/internal/dtm/DTMManager
instanceKlass org/apache/rat/document/impl/DocumentImplUtils
instanceKlass com/sun/org/apache/xalan/internal/xsltc/StripFilter
instanceKlass org/apache/rat/document/impl/guesser/NoteGuesser
instanceKlass org/apache/rat/mp/FilesReportable$FileDocument
instanceKlass org/apache/commons/lang/Validate
instanceKlass org/apache/commons/lang/time/FastDateFormat$StringLiteral
instanceKlass org/apache/commons/lang/time/FastDateFormat$TimeZoneNumberRule
instanceKlass org/apache/commons/lang/time/FastDateFormat$TwoDigitNumberField
instanceKlass org/apache/commons/lang/time/FastDateFormat$TwoDigitMonthField
instanceKlass org/apache/commons/lang/time/FastDateFormat$CharacterLiteral
instanceKlass org/apache/commons/lang/time/FastDateFormat$PaddedNumberField
instanceKlass org/apache/commons/lang/text/StrTokenizer
instanceKlass org/apache/commons/lang/text/StrBuilder
instanceKlass org/apache/commons/lang/time/FastDateFormat$Pair
instanceKlass org/apache/commons/lang/time/FastDateFormat$NumberRule
instanceKlass org/apache/commons/lang/time/FastDateFormat$TextField
instanceKlass org/apache/commons/lang/time/FastDateFormat$Rule
instanceKlass org/apache/commons/lang/time/DateFormatUtils
instanceKlass java/nio/charset/Charset$1
instanceKlass java/nio/charset/Charset$2
instanceKlass org/apache/rat/report/claim/util/ClaimReporterMultiplexer
instanceKlass org/apache/rat/document/impl/util/DocumentAnalyserMultiplexer
instanceKlass java/util/ComparableTimSort
instanceKlass org/apache/rat/policy/DefaultPolicy
instanceKlass org/apache/rat/analysis/DefaultAnalyserFactory$DefaultAnalyser
instanceKlass org/apache/rat/analysis/DefaultAnalyserFactory
instanceKlass org/apache/rat/report/AbstractReport
instanceKlass org/apache/rat/report/RatReport
instanceKlass org/apache/rat/document/IDocumentAnalyser
instanceKlass org/apache/rat/report/xml/XmlReportFactory
instanceKlass java/nio/charset/Charset$ExtendedProviderHolder$1
instanceKlass java/nio/charset/Charset$ExtendedProviderHolder
instanceKlass org/apache/commons/collections/Buffer
instanceKlass com/sun/org/apache/xalan/internal/utils/SecuritySupport$7
instanceKlass com/sun/org/apache/xml/internal/serializer/Encodings$EncodingInfos
instanceKlass com/sun/org/apache/xml/internal/serializer/Encodings
instanceKlass com/sun/org/apache/xml/internal/serializer/EncodingInfo
instanceKlass com/sun/org/apache/xml/internal/serializer/ToStream$BoolStack
instanceKlass com/sun/org/apache/xml/internal/serializer/ElemContext
instanceKlass com/sun/org/apache/xml/internal/serializer/SerializerBase
instanceKlass com/sun/org/apache/xml/internal/serializer/SerializerConstants
instanceKlass javax/xml/transform/dom/DOMResult
instanceKlass javax/xml/transform/stax/StAXResult
instanceKlass javax/xml/transform/sax/SAXResult
instanceKlass com/sun/org/apache/xalan/internal/xsltc/runtime/output/TransletOutputHandlerFactory
instanceKlass org/apache/rat/report/xml/writer/impl/base/XmlWriter
instanceKlass javax/xml/transform/stream/StreamResult
instanceKlass com/sun/org/apache/xml/internal/utils/XMLReaderManager
instanceKlass java/util/Collections$EmptyEnumeration
instanceKlass com/sun/org/apache/xml/internal/serializer/OutputPropertiesFactory$1
instanceKlass com/sun/org/apache/xml/internal/serializer/OutputPropertiesFactory
instanceKlass com/sun/org/apache/xml/internal/serializer/EmptySerializer
instanceKlass com/sun/org/apache/xml/internal/serializer/SerializationHandler
instanceKlass com/sun/org/apache/xml/internal/serializer/Serializer
instanceKlass com/sun/org/apache/xml/internal/serializer/DOMSerializer
instanceKlass org/xml/sax/ErrorHandler
instanceKlass org/xml/sax/DTDHandler
instanceKlass org/xml/sax/ext/DeclHandler
instanceKlass com/sun/org/apache/xml/internal/serializer/XSLOutputAttributes
instanceKlass com/sun/org/apache/xml/internal/serializer/ExtendedLexicalHandler
instanceKlass org/xml/sax/ext/LexicalHandler
instanceKlass com/sun/org/apache/xml/internal/serializer/ExtendedContentHandler
instanceKlass com/sun/org/apache/xml/internal/dtm/DTMAxisIterator
instanceKlass com/sun/org/apache/xalan/internal/xsltc/DOM
instanceKlass com/sun/org/apache/xalan/internal/xsltc/runtime/AbstractTranslet
instanceKlass com/sun/org/apache/xalan/internal/xsltc/Translet
instanceKlass com/sun/org/apache/xalan/internal/xsltc/dom/CurrentNodeListFilter
instanceKlass com/sun/org/apache/xalan/internal/xsltc/trax/TemplatesImpl$1
instanceKlass javax/xml/transform/Transformer
instanceKlass com/sun/org/apache/xalan/internal/xsltc/DOMCache
instanceKlass com/sun/org/apache/xalan/internal/xsltc/trax/TemplatesImpl
instanceKlass javax/xml/transform/Templates
instanceKlass com/sun/org/apache/bcel/internal/util/InstructionFinder
instanceKlass com/sun/org/apache/bcel/internal/generic/SWITCH
instanceKlass com/sun/org/apache/bcel/internal/generic/MethodGen$BranchTarget
instanceKlass com/sun/org/apache/bcel/internal/util/SyntheticRepository
instanceKlass com/sun/org/apache/bcel/internal/util/Repository
instanceKlass com/sun/org/apache/bcel/internal/classfile/JavaClass$1
instanceKlass com/sun/org/apache/bcel/internal/classfile/LocalVariable
instanceKlass com/sun/org/apache/xml/internal/dtm/Axis
instanceKlass com/sun/org/apache/xalan/internal/xsltc/runtime/Operators
instanceKlass com/sun/org/apache/bcel/internal/generic/AllocationInstruction
instanceKlass com/sun/org/apache/bcel/internal/generic/PUSH
instanceKlass com/sun/org/apache/bcel/internal/generic/VariableLengthInstruction
instanceKlass com/sun/org/apache/bcel/internal/generic/CompoundInstruction
instanceKlass com/sun/org/apache/xalan/internal/xsltc/compiler/TestSeq
instanceKlass java/util/Vector$1
instanceKlass com/sun/org/apache/xalan/internal/xsltc/compiler/Mode
instanceKlass com/sun/org/apache/bcel/internal/classfile/Method$1
instanceKlass com/sun/org/apache/bcel/internal/classfile/CodeException
instanceKlass com/sun/org/apache/bcel/internal/generic/MethodGen$BranchStack
instanceKlass com/sun/org/apache/bcel/internal/generic/CodeExceptionGen
instanceKlass com/sun/org/apache/bcel/internal/generic/MethodGen$2
instanceKlass com/sun/org/apache/bcel/internal/generic/UnconditionalBranch
instanceKlass com/sun/org/apache/bcel/internal/generic/ConstantPushInstruction
instanceKlass com/sun/org/apache/bcel/internal/generic/InstructionConst
instanceKlass com/sun/org/apache/bcel/internal/generic/InstructionHandle
instanceKlass com/sun/org/apache/xalan/internal/xsltc/compiler/util/SlotAllocator
instanceKlass com/sun/org/apache/bcel/internal/generic/LoadClass
instanceKlass com/sun/org/apache/bcel/internal/generic/ExceptionThrower
instanceKlass com/sun/org/apache/bcel/internal/generic/PopInstruction
instanceKlass com/sun/org/apache/bcel/internal/generic/StackConsumer
instanceKlass com/sun/org/apache/xalan/internal/xsltc/compiler/util/MethodGenerator$LocalVariableRegistry
instanceKlass com/sun/org/apache/bcel/internal/generic/LocalVariableGen
instanceKlass com/sun/org/apache/bcel/internal/generic/InstructionTargeter
instanceKlass com/sun/org/apache/bcel/internal/generic/MethodGen$1
instanceKlass com/sun/org/apache/bcel/internal/generic/InstructionList
instanceKlass com/sun/org/apache/bcel/internal/classfile/Field$1
instanceKlass com/sun/org/apache/bcel/internal/generic/AnnotationEntryGen
instanceKlass com/sun/org/apache/bcel/internal/Const
instanceKlass com/sun/org/apache/bcel/internal/generic/Type
instanceKlass com/sun/org/apache/bcel/internal/generic/FieldGen$1
instanceKlass com/sun/org/apache/bcel/internal/generic/NamedAndTyped
instanceKlass com/sun/org/apache/bcel/internal/generic/InstructionComparator$1
instanceKlass com/sun/org/apache/bcel/internal/generic/InstructionComparator
instanceKlass com/sun/org/apache/bcel/internal/generic/Instruction
instanceKlass com/sun/org/apache/bcel/internal/generic/IndexedInstruction
instanceKlass com/sun/org/apache/bcel/internal/generic/TypedInstruction
instanceKlass com/sun/org/apache/bcel/internal/generic/PushInstruction
instanceKlass com/sun/org/apache/bcel/internal/generic/StackProducer
instanceKlass com/sun/org/apache/bcel/internal/classfile/ConstantObject
instanceKlass com/sun/org/apache/bcel/internal/classfile/Utility
instanceKlass com/sun/org/apache/bcel/internal/util/Args
instanceKlass com/sun/org/apache/bcel/internal/classfile/ConstantPool
instanceKlass com/sun/org/apache/bcel/internal/classfile/Constant$1
instanceKlass com/sun/org/apache/bcel/internal/classfile/Attribute
instanceKlass com/sun/org/apache/bcel/internal/classfile/Constant
instanceKlass com/sun/org/apache/bcel/internal/classfile/Node
instanceKlass com/sun/org/apache/bcel/internal/generic/ConstantPoolGen
instanceKlass com/sun/org/apache/bcel/internal/generic/ClassGen$1
instanceKlass com/sun/org/apache/bcel/internal/util/BCELComparator
instanceKlass com/sun/org/apache/bcel/internal/classfile/AccessFlags
instanceKlass com/sun/org/apache/xalan/internal/xsltc/compiler/FunctionCall$JavaType
instanceKlass org/w3c/dom/NodeList
instanceKlass com/sun/org/apache/xalan/internal/xsltc/compiler/util/MultiHashtable
instanceKlass com/sun/org/apache/xalan/internal/xsltc/compiler/Closure
instanceKlass com/sun/org/apache/xalan/internal/xsltc/compiler/sym
instanceKlass com/sun/java_cup/internal/runtime/Symbol
instanceKlass com/sun/org/apache/xalan/internal/xsltc/compiler/parser_actions
instanceKlass com/sun/org/apache/xalan/internal/xsltc/compiler/XPathLexer
instanceKlass com/sun/java_cup/internal/runtime/Scanner
instanceKlass org/xml/sax/helpers/AttributesImpl
instanceKlass com/sun/org/apache/xalan/internal/xsltc/compiler/FlowList
instanceKlass com/sun/org/apache/xalan/internal/xsltc/compiler/SyntaxTreeNode
instanceKlass com/sun/org/apache/xalan/internal/utils/SecuritySupport$3
instanceKlass com/sun/org/apache/xalan/internal/utils/SecuritySupport$2
instanceKlass com/sun/org/apache/xalan/internal/utils/SecuritySupport$1
instanceKlass com/sun/org/apache/xalan/internal/utils/ObjectFactory
instanceKlass com/sun/org/apache/xerces/internal/impl/Constants$ArrayEnumeration
instanceKlass com/sun/org/apache/xerces/internal/impl/Constants
instanceKlass com/sun/org/apache/xerces/internal/parsers/AbstractSAXParser$LocatorProxy
instanceKlass org/xml/sax/ext/Locator2
instanceKlass org/xml/sax/Locator
instanceKlass com/sun/org/apache/xerces/internal/util/XMLSymbols
instanceKlass com/sun/org/apache/xerces/internal/util/XMLChar
instanceKlass com/sun/xml/internal/stream/Entity
instanceKlass com/sun/xml/internal/stream/util/BufferAllocator
instanceKlass com/sun/xml/internal/stream/util/ThreadLocalBufferAllocator
instanceKlass com/sun/org/apache/xerces/internal/impl/XMLEntityManager$EncodingInfo
instanceKlass com/sun/org/apache/xerces/internal/utils/XMLLimitAnalyzer
instanceKlass com/sun/org/apache/xerces/internal/xni/parser/XMLInputSource
instanceKlass com/sun/org/apache/xerces/internal/parsers/AbstractSAXParser$AttributesProxy
instanceKlass org/xml/sax/ext/Attributes2
instanceKlass org/xml/sax/Attributes
instanceKlass org/xml/sax/AttributeList
instanceKlass com/sun/org/apache/xerces/internal/util/PropertyState
instanceKlass com/sun/org/apache/xerces/internal/util/FeatureState
instanceKlass com/sun/org/apache/xerces/internal/impl/msg/XMLMessageFormatter
instanceKlass com/sun/org/apache/xerces/internal/util/MessageFormatter
instanceKlass com/sun/org/apache/xerces/internal/impl/XMLVersionDetector
instanceKlass com/sun/org/apache/xerces/internal/impl/validation/ValidationManager
instanceKlass com/sun/org/apache/xerces/internal/impl/dv/dtd/NMTOKENDatatypeValidator
instanceKlass com/sun/org/apache/xerces/internal/impl/dv/dtd/NOTATIONDatatypeValidator
instanceKlass com/sun/org/apache/xerces/internal/impl/dv/dtd/ENTITYDatatypeValidator
instanceKlass com/sun/org/apache/xerces/internal/impl/dv/dtd/ListDatatypeValidator
instanceKlass com/sun/org/apache/xerces/internal/impl/dv/dtd/IDREFDatatypeValidator
instanceKlass com/sun/org/apache/xerces/internal/impl/dv/dtd/IDDatatypeValidator
instanceKlass com/sun/org/apache/xerces/internal/impl/dv/dtd/StringDatatypeValidator
instanceKlass com/sun/org/apache/xerces/internal/impl/dv/DatatypeValidator
instanceKlass com/sun/org/apache/xerces/internal/impl/dv/DTDDVFactory
instanceKlass com/sun/org/apache/xerces/internal/impl/dtd/DTDGrammarBucket
instanceKlass com/sun/org/apache/xerces/internal/impl/dtd/XMLAttributeDecl
instanceKlass com/sun/org/apache/xerces/internal/impl/dtd/XMLSimpleType
instanceKlass com/sun/org/apache/xerces/internal/impl/dtd/XMLElementDecl
instanceKlass com/sun/org/apache/xerces/internal/impl/validation/ValidationState
instanceKlass com/sun/org/apache/xerces/internal/impl/dv/ValidationContext
instanceKlass com/sun/org/apache/xerces/internal/impl/dtd/XMLDTDValidator
instanceKlass com/sun/org/apache/xerces/internal/impl/RevalidationHandler
instanceKlass com/sun/org/apache/xerces/internal/impl/dtd/XMLDTDValidatorFilter
instanceKlass com/sun/org/apache/xerces/internal/xni/parser/XMLDocumentFilter
instanceKlass com/sun/org/apache/xerces/internal/impl/dtd/XMLEntityDecl
instanceKlass com/sun/org/apache/xerces/internal/impl/dtd/XMLDTDProcessor
instanceKlass com/sun/org/apache/xerces/internal/xni/parser/XMLDTDContentModelFilter
instanceKlass com/sun/org/apache/xerces/internal/xni/parser/XMLDTDFilter
instanceKlass com/sun/org/apache/xerces/internal/xni/parser/XMLDTDScanner
instanceKlass com/sun/org/apache/xerces/internal/xni/parser/XMLDTDContentModelSource
instanceKlass com/sun/org/apache/xerces/internal/xni/parser/XMLDTDSource
instanceKlass com/sun/org/apache/xerces/internal/xni/grammars/XMLDTDDescription
instanceKlass com/sun/org/apache/xerces/internal/xni/grammars/XMLGrammarDescription
instanceKlass com/sun/org/apache/xerces/internal/impl/XMLDocumentScannerImpl$TrailingMiscDriver
instanceKlass com/sun/org/apache/xerces/internal/impl/XMLDocumentScannerImpl$PrologDriver
instanceKlass com/sun/org/apache/xerces/internal/impl/XMLDocumentScannerImpl$XMLDeclDriver
instanceKlass com/sun/org/apache/xerces/internal/util/NamespaceSupport
instanceKlass com/sun/org/apache/xerces/internal/xni/NamespaceContext
instanceKlass com/sun/org/apache/xerces/internal/util/XMLAttributesImpl$Attribute
instanceKlass com/sun/org/apache/xerces/internal/util/XMLAttributesImpl
instanceKlass com/sun/org/apache/xerces/internal/xni/XMLAttributes
instanceKlass com/sun/org/apache/xerces/internal/impl/XMLDocumentFragmentScannerImpl$FragmentContentDriver
instanceKlass com/sun/org/apache/xerces/internal/impl/XMLDocumentFragmentScannerImpl$Driver
instanceKlass com/sun/org/apache/xerces/internal/impl/XMLDocumentFragmentScannerImpl$ElementStack2
instanceKlass com/sun/org/apache/xerces/internal/xni/QName
instanceKlass com/sun/org/apache/xerces/internal/impl/XMLDocumentFragmentScannerImpl$ElementStack
instanceKlass com/sun/org/apache/xerces/internal/xni/XMLString
instanceKlass com/sun/org/apache/xerces/internal/impl/XMLScanner
instanceKlass com/sun/xml/internal/stream/XMLBufferListener
instanceKlass com/sun/org/apache/xerces/internal/impl/XMLEntityHandler
instanceKlass com/sun/org/apache/xerces/internal/xni/parser/XMLDocumentScanner
instanceKlass com/sun/org/apache/xerces/internal/xni/parser/XMLDocumentSource
instanceKlass com/sun/org/apache/xerces/internal/impl/XMLErrorReporter
instanceKlass com/sun/org/apache/xerces/internal/impl/XMLEntityScanner
instanceKlass com/sun/org/apache/xerces/internal/xni/XMLLocator
instanceKlass com/sun/xml/internal/stream/XMLEntityStorage
instanceKlass com/sun/org/apache/xerces/internal/util/AugmentationsImpl$AugmentationsItemsContainer
instanceKlass com/sun/org/apache/xerces/internal/util/AugmentationsImpl
instanceKlass com/sun/org/apache/xerces/internal/xni/Augmentations
instanceKlass com/sun/org/apache/xerces/internal/util/XMLResourceIdentifierImpl
instanceKlass com/sun/org/apache/xerces/internal/xni/XMLResourceIdentifier
instanceKlass com/sun/org/apache/xerces/internal/impl/XMLEntityManager
instanceKlass com/sun/org/apache/xerces/internal/xni/parser/XMLEntityResolver
instanceKlass com/sun/org/apache/xerces/internal/xni/parser/XMLComponent
instanceKlass com/sun/org/apache/xerces/internal/util/SymbolTable$Entry
instanceKlass com/sun/org/apache/xerces/internal/util/SymbolTable
instanceKlass com/sun/org/apache/xerces/internal/util/ParserConfigurationSettings
instanceKlass com/sun/org/apache/xerces/internal/parsers/XML11Configurable
instanceKlass com/sun/org/apache/xerces/internal/xni/parser/XMLPullParserConfiguration
instanceKlass com/sun/org/apache/xerces/internal/xni/parser/XMLParserConfiguration
instanceKlass com/sun/org/apache/xerces/internal/xni/parser/XMLComponentManager
instanceKlass com/sun/org/apache/xerces/internal/parsers/XMLParser
instanceKlass com/sun/org/apache/xerces/internal/xni/XMLDTDContentModelHandler
instanceKlass com/sun/org/apache/xerces/internal/xni/XMLDTDHandler
instanceKlass com/sun/org/apache/xerces/internal/xni/XMLDocumentHandler
instanceKlass org/xml/sax/XMLReader
instanceKlass org/xml/sax/Parser
instanceKlass com/sun/org/apache/xerces/internal/utils/XMLSecurityPropertyManager
instanceKlass com/sun/org/apache/xerces/internal/utils/SecuritySupport$8
instanceKlass com/sun/org/apache/xerces/internal/utils/SecuritySupport$4
instanceKlass com/sun/org/apache/xerces/internal/utils/SecuritySupport
instanceKlass com/sun/org/apache/xerces/internal/utils/XMLSecurityManager
instanceKlass javax/xml/parsers/SAXParser
instanceKlass com/sun/org/apache/xerces/internal/xs/PSVIProvider
instanceKlass com/sun/org/apache/xerces/internal/jaxp/JAXPConstants
instanceKlass javax/xml/parsers/SAXParserFactory
instanceKlass jdk/xml/internal/JdkXmlUtils
instanceKlass com/sun/org/apache/xalan/internal/utils/SecuritySupport$5
instanceKlass com/sun/org/apache/xalan/internal/xsltc/compiler/util/Util
instanceKlass org/xml/sax/InputSource
instanceKlass javax/xml/transform/stax/StAXSource
instanceKlass javax/xml/transform/dom/DOMSource
instanceKlass javax/xml/transform/sax/SAXSource
instanceKlass com/sun/org/apache/xalan/internal/xsltc/trax/Util
instanceKlass com/sun/org/apache/xalan/internal/xsltc/compiler/util/Type
instanceKlass com/sun/org/apache/xalan/internal/xsltc/compiler/QName
instanceKlass jdk/xml/internal/XMLLimitAnalyzer
instanceKlass com/sun/java_cup/internal/runtime/lr_parser
instanceKlass com/sun/org/apache/xalan/internal/xsltc/compiler/SymbolTable
instanceKlass com/sun/org/apache/xalan/internal/xsltc/compiler/Parser
instanceKlass org/xml/sax/ContentHandler
instanceKlass com/sun/org/apache/xalan/internal/xsltc/compiler/Constants
instanceKlass com/sun/org/apache/xalan/internal/xsltc/compiler/XSLTC
instanceKlass javax/xml/transform/stream/StreamSource
instanceKlass jdk/xml/internal/XMLSecurityManager
instanceKlass com/sun/org/apache/xalan/internal/utils/SecuritySupport$9
instanceKlass com/sun/org/apache/xalan/internal/utils/SecuritySupport$4
instanceKlass com/sun/org/apache/xalan/internal/utils/SecuritySupport
instanceKlass com/sun/org/apache/xalan/internal/utils/FeaturePropertyBase
instanceKlass jdk/xml/internal/SecuritySupport$3
instanceKlass jdk/xml/internal/SecuritySupport$1
instanceKlass jdk/xml/internal/SecuritySupport
instanceKlass jdk/xml/internal/JdkXmlFeatures
instanceKlass javax/xml/transform/ErrorListener
instanceKlass com/sun/org/apache/xalan/internal/xsltc/compiler/SourceLoader
instanceKlass javax/xml/transform/SecuritySupport$1
instanceKlass javax/xml/transform/FactoryFinder$1
instanceKlass javax/xml/transform/SecuritySupport$5
instanceKlass javax/xml/transform/SecuritySupport$2
instanceKlass javax/xml/transform/SecuritySupport
instanceKlass javax/xml/transform/FactoryFinder
instanceKlass javax/xml/transform/TransformerFactory
instanceKlass org/apache/rat/ReportTransformer
instanceKlass org/apache/commons/io/filefilter/IOFileFilter
instanceKlass org/apache/rat/report/xml/writer/IXmlWriter
instanceKlass org/apache/rat/Report
instanceKlass org/apache/rat/api/Document
instanceKlass org/apache/rat/mp/FilesReportable
instanceKlass org/codehaus/plexus/util/SelectorUtils
instanceKlass org/codehaus/plexus/util/MatchPattern
instanceKlass org/codehaus/plexus/util/MatchPatterns
instanceKlass org/apache/rat/analysis/util/HeaderMatcherMultiplexer
instanceKlass org/apache/rat/analysis/generation/GeneratedLicenseNotRequired
instanceKlass org/apache/rat/analysis/generation/JavaDocLicenseNotRequired
instanceKlass org/apache/rat/api/MetaData$Datum
instanceKlass org/apache/rat/api/MetaData
instanceKlass org/apache/rat/analysis/license/BaseLicense
instanceKlass org/apache/rat/Defaults
instanceKlass org/eclipse/sisu/plexus/TypeArguments
instanceKlass org/apache/rat/mp/RatCheckMojo$$FastClassByGuice$$206481151
instanceKlass org/codehaus/plexus/components/interactivity/DefaultOutputHandler
instanceKlass org/apache/maven/doxia/parser/manager/DefaultParserManager
instanceKlass org/apache/maven/doxia/macro/manager/DefaultMacroManager
instanceKlass org/apache/maven/doxia/module/fml/model/Faq
instanceKlass org/apache/maven/doxia/module/fml/model/Part
instanceKlass org/apache/maven/doxia/module/fml/model/Faqs
instanceKlass org/apache/maven/doxia/module/fml/FmlMarkup
instanceKlass org/apache/maven/doxia/sink/AbstractTextSinkFactory
instanceKlass org/apache/maven/doxia/sink/AbstractSink
instanceKlass org/apache/maven/doxia/sink/render/RenderingContext
instanceKlass org/apache/maven/doxia/siterenderer/SiteRenderingContext
instanceKlass org/apache/velocity/context/Context
instanceKlass org/codehaus/plexus/archiver/tar/TarArchiver$TarOptions
instanceKlass org/apache/maven/doxia/module/site/manager/DefaultSiteModuleManager
instanceKlass org/apache/maven/doxia/index/IndexEntry
instanceKlass org/codehaus/plexus/archiver/manager/DefaultArchiverManager
instanceKlass org/codehaus/plexus/archiver/bzip2/BZip2Constants
instanceKlass org/codehaus/plexus/components/interactivity/DefaultPrompter
instanceKlass org/apache/maven/doxia/site/decoration/Banner
instanceKlass org/apache/maven/doxia/site/decoration/DecorationModel
instanceKlass org/apache/maven/doxia/site/decoration/inheritance/DefaultDecorationModelInheritanceAssembler$URLContainer
instanceKlass org/apache/maven/doxia/site/decoration/LinkItem
instanceKlass org/apache/maven/doxia/site/decoration/inheritance/DefaultDecorationModelInheritanceAssembler
instanceKlass org/apache/maven/doxia/macro/AbstractMacro
instanceKlass org/apache/maven/doxia/sink/SinkEventAttributeSet
instanceKlass org/apache/maven/doxia/sink/SinkEventAttributes
instanceKlass org/apache/maven/doxia/macro/MacroRequest
instanceKlass org/apache/maven/doxia/logging/Log
instanceKlass org/apache/maven/doxia/parser/AbstractParser
instanceKlass org/apache/maven/doxia/module/xhtml/XhtmlMarkup
instanceKlass org/apache/maven/doxia/markup/HtmlMarkup
instanceKlass org/apache/maven/doxia/markup/XmlMarkup
instanceKlass org/apache/maven/doxia/markup/Markup
instanceKlass org/apache/velocity/runtime/RuntimeServices
instanceKlass org/apache/velocity/runtime/RuntimeLogger
instanceKlass org/apache/velocity/app/VelocityEngine
instanceKlass org/apache/velocity/runtime/RuntimeConstants
instanceKlass org/apache/velocity/runtime/log/LogSystem
instanceKlass org/codehaus/plexus/util/cli/StreamConsumer
instanceKlass org/codehaus/plexus/archiver/jar/Manifest
instanceKlass org/codehaus/plexus/archiver/ArchiveEntry
instanceKlass org/codehaus/plexus/archiver/util/EnumeratedAttribute
instanceKlass org/apache/maven/doxia/module/site/AbstractSiteModule
instanceKlass org/codehaus/plexus/archiver/util/FilterSupport
instanceKlass org/codehaus/plexus/archiver/FinalizerEnabled
instanceKlass org/codehaus/plexus/archiver/FilterEnabled
instanceKlass org/codehaus/doxia/sink/Sink
instanceKlass org/apache/maven/doxia/sink/Sink
instanceKlass org/apache/rat/report/claim/ClaimStatistic
instanceKlass org/codehaus/plexus/util/AbstractScanner
instanceKlass org/codehaus/plexus/util/Scanner
instanceKlass org/apache/rat/ReportConfiguration
instanceKlass org/apache/rat/license/ILicenseFamily
instanceKlass org/apache/rat/mp/LicenseFamilySpecification
instanceKlass org/apache/rat/mp/HeaderMatcherSpecification
instanceKlass org/apache/rat/report/IReportable
instanceKlass org/apache/rat/analysis/IHeaderMatcher
instanceKlass org/codehaus/plexus/archiver/manager/ArchiverManager
instanceKlass org/codehaus/plexus/archiver/UnArchiver
instanceKlass org/codehaus/plexus/archiver/Archiver
instanceKlass org/codehaus/plexus/components/interactivity/Prompter
instanceKlass org/codehaus/plexus/components/interactivity/OutputHandler
instanceKlass org/codehaus/plexus/components/interactivity/InputHandler
instanceKlass org/codehaus/plexus/i18n/I18N
instanceKlass org/apache/maven/doxia/module/site/SiteModule
instanceKlass org/apache/maven/doxia/sink/SinkFactory
instanceKlass org/apache/maven/doxia/parser/Parser
instanceKlass org/apache/maven/doxia/siterenderer/Renderer
instanceKlass org/codehaus/plexus/velocity/VelocityComponent
instanceKlass org/apache/maven/doxia/site/decoration/inheritance/DecorationModelInheritanceAssembler
instanceKlass org/apache/maven/doxia/parser/manager/ParserManager
instanceKlass org/apache/maven/doxia/module/site/manager/SiteModuleManager
instanceKlass org/apache/maven/doxia/macro/manager/MacroManager
instanceKlass org/apache/maven/doxia/macro/Macro
instanceKlass org/apache/maven/doxia/logging/LogEnabled
instanceKlass org/apache/maven/doxia/Doxia
instanceKlass org/apache/maven/reporting/MavenReport
instanceKlass org/apache/maven/plugins/clean/Cleaner$Result
instanceKlass org/apache/maven/plugins/clean/Cleaner$$Lambda$171
instanceKlass org/apache/maven/plugins/clean/Cleaner$$Lambda$170
instanceKlass org/apache/maven/plugins/clean/Cleaner$Logger
instanceKlass java/lang/invoke/LambdaForm$DMH
instanceKlass org/apache/maven/shared/utils/Os
instanceKlass org/apache/maven/plugins/clean/Cleaner
instanceKlass org/eclipse/sisu/plexus/CompositeBeanHelper$1
instanceKlass org/codehaus/plexus/util/introspection/MethodMap
instanceKlass org/codehaus/plexus/util/introspection/ClassMap$CacheMiss
instanceKlass org/codehaus/plexus/util/introspection/ClassMap
instanceKlass org/codehaus/plexus/util/introspection/ReflectionValueExtractor$Tokenizer
instanceKlass org/codehaus/plexus/util/introspection/ReflectionValueExtractor
instanceKlass org/eclipse/sisu/plexus/CompositeBeanHelper
instanceKlass org/apache/maven/plugin/internal/ValidatingConfigurationListener
instanceKlass org/apache/maven/plugin/DebugConfigurationListener
instanceKlass org/eclipse/sisu/inject/MildKeys
instanceKlass java/time/LocalTime
instanceKlass java/time/LocalDate
instanceKlass java/time/zone/ZoneOffsetTransition
instanceKlass java/time/LocalDateTime
instanceKlass java/time/zone/ZoneOffsetTransitionRule
instanceKlass java/time/zone/ZoneRules
instanceKlass java/time/zone/Ser
instanceKlass java/io/Externalizable
instanceKlass java/time/zone/ZoneRulesProvider$1
instanceKlass java/time/zone/ZoneRulesProvider
instanceKlass java/time/format/DateTimeFormatter$$Lambda$169
instanceKlass java/time/format/DateTimeFormatter$$Lambda$168
instanceKlass java/time/Period
instanceKlass java/time/chrono/ChronoPeriod
instanceKlass java/time/format/DateTimeFormatterBuilder$TextPrinterParser
instanceKlass java/time/format/DateTimeTextProvider$1
instanceKlass java/time/format/DateTimeTextProvider
instanceKlass java/time/format/DateTimeTextProvider$LocaleStore
instanceKlass java/time/format/DateTimeFormatterBuilder$InstantPrinterParser
instanceKlass java/time/format/DateTimeFormatterBuilder$StringLiteralPrinterParser
instanceKlass java/time/format/DateTimeFormatterBuilder$ZoneIdPrinterParser
instanceKlass java/time/format/DateTimeFormatterBuilder$FractionPrinterParser
instanceKlass java/time/format/DateTimeFormatterBuilder$OffsetIdPrinterParser
instanceKlass java/time/format/DecimalStyle
instanceKlass java/time/format/DateTimeFormatterBuilder$CompositePrinterParser
instanceKlass java/time/chrono/AbstractChronology$$Lambda$167
instanceKlass java/time/chrono/ChronoZonedDateTime
instanceKlass java/time/chrono/AbstractChronology$$Lambda$166
instanceKlass java/time/chrono/ChronoLocalDateTime
instanceKlass java/time/chrono/AbstractChronology$$Lambda$165
instanceKlass java/lang/invoke/LambdaForm$DMH
instanceKlass java/time/chrono/ChronoLocalDate
instanceKlass java/time/temporal/TemporalAdjuster
instanceKlass java/time/chrono/AbstractChronology
instanceKlass java/time/chrono/Chronology
instanceKlass java/time/format/DateTimeFormatterBuilder$CharLiteralPrinterParser
instanceKlass java/time/format/DateTimeFormatterBuilder$NumberPrinterParser
instanceKlass java/time/format/DateTimeFormatterBuilder$DateTimePrinterParser
instanceKlass java/time/format/DateTimeFormatterBuilder$2
instanceKlass java/time/temporal/IsoFields
instanceKlass java/time/temporal/ValueRange
instanceKlass java/time/Duration
instanceKlass java/time/temporal/TemporalAmount
instanceKlass java/time/temporal/TemporalUnit
instanceKlass java/time/temporal/TemporalField
instanceKlass java/time/format/DateTimeFormatterBuilder$$Lambda$164
instanceKlass java/time/temporal/TemporalQuery
instanceKlass java/time/ZoneId
instanceKlass java/time/format/DateTimeFormatterBuilder
instanceKlass java/time/format/DateTimeFormatter
instanceKlass java/time/temporal/Temporal
instanceKlass java/time/temporal/TemporalAccessor
instanceKlass org/codehaus/plexus/component/configurator/converters/ParameterizedConfigurationConverter
instanceKlass org/codehaus/plexus/component/configurator/converters/AbstractConfigurationConverter
instanceKlass org/codehaus/plexus/component/configurator/converters/ConfigurationConverter
instanceKlass org/codehaus/plexus/component/configurator/converters/lookup/DefaultConverterLookup
instanceKlass org/codehaus/plexus/component/configurator/expression/DefaultExpressionEvaluator
instanceKlass org/apache/maven/plugin/internal/ReadOnlyPluginParametersValidator$$Lambda$163
instanceKlass org/apache/maven/plugin/internal/ReadOnlyPluginParametersValidator$$Lambda$162
instanceKlass org/apache/maven/plugin/internal/DeprecatedPluginValidator$$Lambda$161
instanceKlass java/lang/invoke/LambdaForm$DMH
instanceKlass org/apache/maven/plugin/internal/DeprecatedPluginValidator$$Lambda$160
instanceKlass java/lang/invoke/LambdaForm$DMH
instanceKlass org/apache/maven/plugin/internal/DeprecatedPluginValidator$$Lambda$159
instanceKlass org/apache/maven/plugin/internal/DeprecatedCoreExpressionValidator$$Lambda$158
instanceKlass org/apache/maven/plugin/internal/DeprecatedCoreExpressionValidator$$Lambda$157
instanceKlass org/apache/maven/plugin/internal/DeprecatedCoreExpressionValidator$$Lambda$156
instanceKlass org/apache/maven/plugin/PluginParameterExpressionEvaluator
instanceKlass org/codehaus/plexus/component/configurator/expression/TypeAwareExpressionEvaluator
instanceKlass org/apache/maven/monitor/logging/DefaultLog
instanceKlass org/apache/maven/plugins/clean/CleanMojo$$FastClassByGuice$$204499951
instanceKlass org/apache/maven/plugins/clean/Fileset
instanceKlass org/apache/maven/plugins/clean/Selector
instanceKlass org/apache/maven/plugin/DefaultPluginRealmCache$$Lambda$155
instanceKlass java/lang/invoke/LambdaForm$MH
instanceKlass org/apache/maven/plugin/internal/DefaultMavenPluginManager$$Lambda$154
instanceKlass org/apache/maven/plugin/DefaultPluginRealmCache$CacheKey
instanceKlass org/apache/maven/lifecycle/internal/MojoExecutor$ProjectLock
instanceKlass org/apache/maven/RepositoryUtils$$Lambda$153
instanceKlass org/apache/maven/RepositoryUtils$$Lambda$152
instanceKlass org/apache/maven/project/DefaultDependencyResolutionRequest
instanceKlass org/apache/maven/lifecycle/internal/LifecycleDependencyResolver$ReactorDependencyFilter
instanceKlass org/apache/maven/project/artifact/DefaultProjectArtifactsCache$CacheKey
instanceKlass org/apache/maven/lifecycle/internal/MojoExecutor$1
instanceKlass org/apache/maven/lifecycle/internal/ExecutionPlanItem
instanceKlass org/apache/maven/lifecycle/internal/DefaultMojoExecutionConfigurator$$Lambda$151
instanceKlass org/apache/maven/lifecycle/internal/DefaultMojoExecutionConfigurator$$Lambda$150
instanceKlass java/util/stream/Streams$AbstractStreamBuilderImpl
instanceKlass java/util/stream/Stream$Builder
instanceKlass org/apache/maven/lifecycle/internal/DefaultMojoExecutionConfigurator$$Lambda$149
instanceKlass org/apache/maven/lifecycle/internal/DefaultMojoExecutionConfigurator$$Lambda$148
instanceKlass org/apache/maven/plugin/internal/DefaultPluginValidationManager$PluginValidationIssues$$Lambda$147
instanceKlass org/apache/maven/plugin/internal/DefaultPluginValidationManager$$Lambda$146
instanceKlass org/apache/maven/plugin/internal/DefaultPluginValidationManager$$Lambda$145
instanceKlass org/apache/maven/lifecycle/internal/DefaultMojoExecutionConfigurator$$FastClassByGuice$$204180615
instanceKlass java/util/stream/MatchOps$$Lambda$144
instanceKlass java/util/stream/MatchOps$BooleanTerminalSink
instanceKlass java/util/stream/MatchOps$MatchOp
instanceKlass java/util/stream/MatchOps
instanceKlass org/apache/maven/plugin/internal/PlexusContainerDefaultDependenciesValidator$$Lambda$143
instanceKlass org/apache/maven/plugin/internal/PlexusContainerDefaultDependenciesValidator$$Lambda$142
instanceKlass org/apache/maven/plugin/internal/MavenScopeDependenciesValidator$$Lambda$141
instanceKlass org/apache/maven/plugin/internal/MavenScopeDependenciesValidator$$Lambda$140
instanceKlass org/apache/maven/plugin/internal/MavenScopeDependenciesValidator$$Lambda$139
instanceKlass org/apache/maven/plugin/internal/MavenScopeDependenciesValidator$$Lambda$138
instanceKlass org/apache/maven/plugin/internal/MavenScopeDependenciesValidator$$Lambda$137
instanceKlass org/apache/maven/plugin/internal/MavenScopeDependenciesValidator$$Lambda$136
instanceKlass org/apache/maven/plugin/internal/MavenMixedDependenciesValidator$$Lambda$135
instanceKlass org/apache/maven/plugin/internal/MavenMixedDependenciesValidator$$Lambda$134
instanceKlass org/apache/maven/plugin/internal/MavenMixedDependenciesValidator$$Lambda$133
instanceKlass org/apache/maven/plugin/internal/MavenMixedDependenciesValidator$$Lambda$132
instanceKlass java/util/stream/Collectors$$Lambda$131
instanceKlass java/lang/invoke/LambdaForm$BMH
instanceKlass java/util/stream/Collectors$$Lambda$130
instanceKlass java/util/stream/Collectors$$Lambda$129
instanceKlass org/apache/maven/plugin/internal/Maven2DependenciesValidator$$Lambda$128
instanceKlass org/apache/maven/plugin/internal/Maven2DependenciesValidator$$Lambda$127
instanceKlass org/apache/maven/plugin/internal/Maven2DependenciesValidator$$Lambda$126
instanceKlass org/apache/maven/plugin/internal/Maven2DependenciesValidator$$Lambda$125
instanceKlass org/apache/maven/plugin/internal/Maven2DependenciesValidator$$Lambda$124
instanceKlass org/apache/maven/plugin/DefaultPluginDescriptorCache$$Lambda$123
instanceKlass org/apache/maven/plugin/internal/DefaultMavenPluginManager$$Lambda$122
instanceKlass org/apache/maven/plugin/DefaultPluginDescriptorCache$CacheKey
instanceKlass org/apache/maven/lifecycle/internal/GoalTask
instanceKlass org/apache/maven/execution/ProjectExecutionEvent
instanceKlass org/apache/maven/lifecycle/internal/CompoundProjectExecutionListener
instanceKlass org/apache/maven/lifecycle/internal/DefaultLifecycleMappingDelegate$$FastClassByGuice$$203188504
instanceKlass org/apache/maven/lifecycle/internal/DefaultLifecycleExecutionPlanCalculator$$FastClassByGuice$$201721616
instanceKlass org/apache/maven/project/artifact/DefaultProjectArtifactsCache$$FastClassByGuice$$200598721
instanceKlass org/apache/maven/lifecycle/internal/builder/singlethreaded/SingleThreadedBuilder$$FastClassByGuice$$200240925
instanceKlass org/apache/maven/graph/DefaultProjectDependencyGraph$MavenProjectComparator
instanceKlass org/apache/maven/lifecycle/internal/LifecycleTask
instanceKlass org/slf4j/helpers/FormattingTuple
instanceKlass org/slf4j/helpers/MessageFormatter
instanceKlass org/apache/maven/plugin/internal/DefaultPluginValidationManager$$Lambda$121
instanceKlass org/apache/maven/plugin/internal/DefaultPluginValidationManager$$Lambda$120
instanceKlass org/apache/maven/internal/aether/MavenChainedWorkspaceReader
instanceKlass java/util/stream/Collectors$$Lambda$119
instanceKlass java/util/stream/Collectors$$Lambda$118
instanceKlass java/util/stream/Collectors$$Lambda$117
instanceKlass org/apache/maven/ReactorReader$$Lambda$116
instanceKlass org/apache/maven/ReactorReader$$Lambda$115
instanceKlass org/apache/maven/session/scope/internal/SessionScope$ScopeState$$Lambda$114
instanceKlass java/util/stream/FindOps$$Lambda$113
instanceKlass java/util/stream/FindOps$FindSink
instanceKlass java/util/stream/FindOps$$Lambda$112
instanceKlass java/lang/invoke/LambdaForm$DMH
instanceKlass java/util/stream/FindOps$FindOp
instanceKlass java/util/stream/FindOps
instanceKlass org/apache/maven/execution/MavenSession$$Lambda$111
instanceKlass org/apache/maven/execution/MavenSession$$Lambda$110
instanceKlass org/codehaus/plexus/util/dag/TopologicalSorter
instanceKlass org/codehaus/plexus/util/dag/CycleDetector
instanceKlass org/codehaus/plexus/util/dag/Vertex
instanceKlass org/codehaus/plexus/util/dag/DAG
instanceKlass org/apache/maven/project/ProjectSorter
instanceKlass org/apache/maven/graph/DefaultProjectDependencyGraph
instanceKlass org/apache/maven/project/DefaultProjectRealmCache$CacheKey
instanceKlass org/apache/maven/doxia/module/apt/AptSource
instanceKlass org/apache/maven/doxia/module/apt/AptParser$Block
instanceKlass org/apache/maven/shared/dependency/tree/DependencyTree
instanceKlass org/apache/maven/shared/dependency/tree/traversal/DependencyNodeVisitor
instanceKlass org/codehaus/plexus/archiver/tar/TarArchiver$TarOptions
instanceKlass org/apache/maven/doxia/module/fml/model/Faqs
instanceKlass org/apache/maven/doxia/module/fml/FmlParser
instanceKlass org/apache/maven/doxia/module/apt/AptMarkup
instanceKlass org/apache/maven/doxia/markup/TextMarkup
instanceKlass org/sonatype/plexus/components/cipher/PBECipher
instanceKlass org/codehaus/plexus/components/interactivity/DefaultOutputHandler
instanceKlass org/apache/maven/doxia/index/IndexEntry
instanceKlass org/apache/maven/doxia/siterenderer/SiteRenderingContext
instanceKlass org/apache/velocity/context/Context
instanceKlass org/apache/maven/shared/dependency/tree/DependencyNode
instanceKlass org/apache/maven/shared/dependency/graph/internal/Maven2DependencyGraphBuilder
instanceKlass org/apache/maven/doxia/macro/AbstractMacro
instanceKlass org/codehaus/plexus/archiver/filters/JarSecurityFileSelector
instanceKlass org/apache/maven/shared/dependency/graph/internal/Maven3DependencyGraphBuilder
instanceKlass org/apache/velocity/runtime/RuntimeServices
instanceKlass org/apache/velocity/runtime/RuntimeLogger
instanceKlass org/apache/velocity/app/VelocityEngine
instanceKlass org/apache/velocity/runtime/RuntimeConstants
instanceKlass org/apache/velocity/runtime/log/LogSystem
instanceKlass org/apache/maven/doxia/module/site/manager/DefaultSiteModuleManager
instanceKlass javax/annotation/Nullable
instanceKlass org/codehaus/plexus/util/MatchPatterns
instanceKlass org/codehaus/plexus/components/io/fileselectors/IncludeExcludeFileSelector
instanceKlass org/codehaus/plexus/components/interactivity/DefaultPrompter
instanceKlass org/apache/maven/doxia/parser/manager/DefaultParserManager
instanceKlass org/codehaus/plexus/components/io/fileselectors/AllFilesFileSelector
instanceKlass org/apache/maven/doxia/DefaultDoxia
instanceKlass org/apache/maven/doxia/macro/MacroRequest
instanceKlass org/apache/maven/doxia/parser/AbstractParser
instanceKlass org/apache/maven/shared/dependency/graph/internal/Maven31DependencyGraphBuilder
instanceKlass org/codehaus/plexus/archiver/manager/DefaultArchiverManager
instanceKlass org/apache/commons/compress/archivers/zip/ZipFile
instanceKlass org/apache/commons/compress/archivers/ArchiveEntry
instanceKlass org/codehaus/plexus/archiver/ArchivedFileSet
instanceKlass org/codehaus/plexus/archiver/ArchiveEntry
instanceKlass org/codehaus/plexus/archiver/FileSet
instanceKlass org/codehaus/plexus/archiver/BaseFileSet
instanceKlass org/codehaus/plexus/archiver/util/FilterSupport
instanceKlass org/codehaus/plexus/archiver/ResourceIterator
instanceKlass org/codehaus/plexus/archiver/ArchiveFinalizer
instanceKlass org/codehaus/plexus/archiver/FinalizerEnabled
instanceKlass org/codehaus/plexus/archiver/FilterEnabled
instanceKlass org/apache/maven/doxia/module/xhtml/decoration/render/RenderingContext
instanceKlass org/apache/maven/doxia/module/xhtml/XhtmlMarkup
instanceKlass javax/annotation/WillNotClose
instanceKlass org/apache/commons/compress/compressors/bzip2/BZip2Constants
instanceKlass org/apache/maven/doxia/macro/manager/DefaultMacroManager
instanceKlass org/sonatype/plexus/components/sec/dispatcher/model/SettingsSecurity
instanceKlass org/codehaus/plexus/components/io/attributes/PlexusIoResourceAttributes
instanceKlass org/codehaus/plexus/components/io/functions/InputStreamSupplier
instanceKlass org/codehaus/plexus/components/io/resources/PlexusIoCompressedFileResourceCollection
instanceKlass org/apache/maven/doxia/module/site/AbstractSiteModule
instanceKlass org/apache/maven/doxia/site/decoration/Banner
instanceKlass org/apache/maven/doxia/site/decoration/inheritance/DefaultDecorationModelInheritanceAssembler$URLContainer
instanceKlass org/apache/maven/doxia/site/decoration/DecorationModel
instanceKlass org/apache/maven/doxia/site/decoration/LinkItem
instanceKlass org/apache/maven/doxia/site/decoration/inheritance/DefaultDecorationModelInheritanceAssembler
instanceKlass javax/annotation/meta/TypeQualifier
instanceKlass javax/annotation/Nonnull
instanceKlass org/codehaus/plexus/components/io/filemappers/AbstractFileMapper
instanceKlass com/google/inject/internal/Messages$Converter
instanceKlass com/google/inject/internal/Messages
instanceKlass org/apache/maven/doxia/util/LineBreaker
instanceKlass javax/swing/text/MutableAttributeSet
instanceKlass javax/swing/text/AttributeSet
instanceKlass javax/swing/text/html/HTML$Tag
instanceKlass org/apache/maven/doxia/sink/SinkAdapter
instanceKlass org/apache/maven/doxia/module/xdoc/XdocMarkup
instanceKlass org/apache/maven/doxia/markup/XmlMarkup
instanceKlass org/apache/maven/doxia/markup/Markup
instanceKlass org/codehaus/plexus/archiver/tar/TarFile
instanceKlass org/codehaus/plexus/archiver/ArchiveFile
instanceKlass org/codehaus/plexus/components/io/resources/PlexusIoResource
instanceKlass org/codehaus/plexus/components/io/functions/InputStreamTransformer
instanceKlass org/codehaus/plexus/components/io/fileselectors/FileInfo
instanceKlass org/codehaus/plexus/components/io/resources/AbstractPlexusIoResourceCollection
instanceKlass org/codehaus/plexus/components/io/resources/PlexusIoArchivedResourceCollection
instanceKlass org/codehaus/plexus/util/xml/XMLWriter
instanceKlass org/codehaus/doxia/sink/Sink
instanceKlass org/apache/felix/bundleplugin/baseline/DiffMessage
instanceKlass aQute/bnd/version/Version
instanceKlass aQute/bnd/service/diff/Diff
instanceKlass aQute/bnd/service/diff/Differ
instanceKlass org/w3c/dom/Document
instanceKlass javax/xml/parsers/DocumentBuilder
instanceKlass org/w3c/dom/Element
instanceKlass javax/xml/transform/Source
instanceKlass javax/xml/transform/Result
instanceKlass org/w3c/dom/Node
instanceKlass org/apache/felix/bundlerepository/impl/ResourceImpl
instanceKlass org/apache/felix/bundlerepository/Repository
instanceKlass org/apache/felix/bundlerepository/Resource
instanceKlass java/io/FileFilter
instanceKlass org/apache/felix/obrplugin/ObrUpdate
instanceKlass org/apache/felix/obrplugin/RemoteFileManager
instanceKlass org/apache/felix/bundleplugin/BundleInfo
instanceKlass org/codehaus/plexus/util/Scanner
instanceKlass aQute/bnd/osgi/Instructions
instanceKlass aQute/bnd/osgi/Jar
instanceKlass org/apache/maven/shared/dependency/graph/DependencyNode
instanceKlass org/apache/maven/archiver/MavenArchiveConfiguration
instanceKlass aQute/bnd/osgi/Resource
instanceKlass aQute/bnd/osgi/Domain
instanceKlass aQute/bnd/osgi/Constants
instanceKlass aQute/bnd/service/Registry
instanceKlass aQute/service/reporter/Reporter
instanceKlass aQute/service/reporter/Report
instanceKlass org/apache/maven/shared/osgi/Maven2OsgiConverter
instanceKlass org/apache/maven/doxia/module/site/SiteModule
instanceKlass org/apache/maven/doxia/sink/Sink
instanceKlass org/apache/maven/doxia/parser/Parser
instanceKlass org/apache/maven/doxia/site/decoration/inheritance/DecorationModelInheritanceAssembler
instanceKlass org/codehaus/plexus/i18n/I18N
instanceKlass org/apache/maven/doxia/parser/manager/ParserManager
instanceKlass org/apache/maven/doxia/module/site/manager/SiteModuleManager
instanceKlass org/apache/maven/doxia/macro/manager/MacroManager
instanceKlass org/apache/maven/doxia/macro/Macro
instanceKlass org/apache/maven/doxia/Doxia
instanceKlass org/apache/maven/doxia/siterenderer/Renderer
instanceKlass org/codehaus/plexus/velocity/VelocityComponent
instanceKlass org/sonatype/plexus/build/incremental/BuildContext
instanceKlass org/apache/maven/shared/dependency/graph/DependencyGraphBuilder
instanceKlass org/apache/maven/shared/dependency/tree/DependencyTreeBuilder
instanceKlass org/codehaus/plexus/components/io/filemappers/FileMapper
instanceKlass org/codehaus/plexus/components/io/resources/PlexusIoResourceCollection
instanceKlass org/codehaus/plexus/components/io/fileselectors/FileSelector
instanceKlass org/codehaus/plexus/archiver/manager/ArchiverManager
instanceKlass org/codehaus/plexus/archiver/UnArchiver
instanceKlass org/codehaus/plexus/archiver/Archiver
instanceKlass org/sonatype/plexus/components/cipher/PlexusCipher
instanceKlass org/sonatype/plexus/components/sec/dispatcher/SecDispatcher
instanceKlass org/codehaus/plexus/components/interactivity/Prompter
instanceKlass org/codehaus/plexus/components/interactivity/OutputHandler
instanceKlass org/codehaus/plexus/components/interactivity/InputHandler
instanceKlass java/util/jar/JarVerifier$3
instanceKlass java/security/CodeSigner
instanceKlass java/util/jar/JarVerifier
instanceKlass org/eclipse/sisu/space/FileEntryIterator
instanceKlass org/eclipse/sisu/space/ResourceEnumeration
instanceKlass org/eclipse/sisu/plexus/ComponentDescriptorBeanModule$PlexusDescriptorBeanSource
instanceKlass org/apache/maven/reporting/MavenReport
instanceKlass org/eclipse/sisu/plexus/ComponentDescriptorBeanModule$ComponentMetadata
instanceKlass org/apache/maven/plugin/AbstractMojo
instanceKlass org/apache/maven/plugin/ContextEnabled
instanceKlass org/apache/maven/plugin/Mojo
instanceKlass org/eclipse/sisu/plexus/ComponentDescriptorBeanModule
instanceKlass org/apache/maven/plugin/MavenPluginValidator
instanceKlass org/codehaus/plexus/component/repository/ComponentDependency
instanceKlass org/codehaus/plexus/component/repository/ComponentRequirement
instanceKlass org/codehaus/plexus/configuration/DefaultPlexusConfiguration
instanceKlass org/apache/maven/classrealm/ArtifactClassRealmConstituent
instanceKlass org/apache/maven/RepositoryUtils$$Lambda$109
instanceKlass org/apache/maven/plugin/DefaultExtensionRealmCache$CacheKey
instanceKlass org/eclipse/aether/util/graph/visitor/TreeDependencyVisitor
instanceKlass org/eclipse/aether/util/graph/visitor/FilteringDependencyVisitor
instanceKlass org/eclipse/aether/internal/impl/ArtifactRequestBuilder
instanceKlass org/eclipse/aether/util/graph/transformer/ConflictResolver$NodeInfo
instanceKlass org/eclipse/aether/util/artifact/ArtifactIdUtils
instanceKlass org/eclipse/aether/util/graph/transformer/NearestVersionSelector$ConflictGroup
instanceKlass org/eclipse/aether/util/graph/transformer/ConflictResolver$ConflictItem
instanceKlass org/eclipse/aether/util/graph/transformer/ConflictResolver$ScopeContext
instanceKlass org/eclipse/aether/util/graph/transformer/ConflictResolver$ConflictContext
instanceKlass org/eclipse/aether/util/graph/transformer/ConflictResolver$State
instanceKlass org/eclipse/aether/util/graph/transformer/ConflictIdSorter$RootQueue
instanceKlass org/eclipse/aether/util/graph/transformer/ConflictIdSorter$ConflictId
instanceKlass java/util/IdentityHashMap$IdentityHashMapIterator
instanceKlass org/eclipse/aether/util/graph/transformer/ConflictMarker$ConflictGroup
instanceKlass org/eclipse/aether/util/graph/transformer/ConflictMarker$Key
instanceKlass org/eclipse/aether/util/graph/transformer/ConflictMarker
instanceKlass org/eclipse/aether/util/graph/transformer/ConflictIdSorter
instanceKlass org/eclipse/aether/util/graph/transformer/TransformationContextKeys
instanceKlass org/eclipse/aether/internal/impl/collect/DefaultDependencyGraphTransformationContext
instanceKlass org/eclipse/aether/util/graph/selector/ExclusionDependencySelector$ExclusionComparator
instanceKlass org/eclipse/aether/graph/Dependency$Exclusions$1
instanceKlass org/apache/maven/artifact/handler/DefaultArtifactHandler$__sisu12$$FastClassByGuice$$199084498
instanceKlass java/util/Collections$UnmodifiableList$1
instanceKlass org/apache/maven/model/building/DefaultModelBuilder$$Lambda$108
instanceKlass org/apache/maven/model/building/DefaultModelBuilder$$Lambda$107
instanceKlass org/apache/maven/model/merge/ModelMerger$NotifierKeyComputer
instanceKlass org/apache/maven/model/Notifier
instanceKlass org/eclipse/aether/collection/DependencyManagement
instanceKlass org/eclipse/aether/internal/impl/collect/DataPool$GraphKey
instanceKlass org/apache/maven/model/building/DefaultModelBuilder$$Lambda$106
instanceKlass org/apache/maven/model/building/DefaultModelBuilder$$Lambda$105
instanceKlass org/apache/maven/model/building/DefaultModelBuilder$$Lambda$104
instanceKlass org/eclipse/aether/internal/impl/collect/DefaultDependencyCycle
instanceKlass org/eclipse/aether/internal/impl/collect/DataPool$Descriptor
instanceKlass org/eclipse/aether/internal/impl/collect/DataPool$HardInternPool$$Lambda$103
instanceKlass org/eclipse/aether/internal/impl/collect/DataPool$DescriptorKey
instanceKlass org/eclipse/aether/internal/impl/collect/DataPool$Constraint$VersionRepo
instanceKlass org/eclipse/aether/internal/impl/collect/DataPool$Constraint
instanceKlass org/eclipse/aether/internal/impl/collect/DataPool$ConstraintKey
instanceKlass org/eclipse/aether/internal/impl/collect/CollectStepDataImpl
instanceKlass org/eclipse/aether/collection/CollectStepData
instanceKlass org/eclipse/aether/util/graph/manager/ClassicDependencyManager$Key
instanceKlass org/eclipse/aether/internal/impl/collect/df/NodeStack
instanceKlass org/eclipse/aether/graph/DependencyCycle
instanceKlass org/eclipse/aether/internal/impl/collect/DataPool$HardInternPool
instanceKlass org/eclipse/aether/internal/impl/collect/DataPool$WeakInternPool
instanceKlass org/eclipse/aether/internal/impl/collect/DataPool$InternPool
instanceKlass java/util/Formattable
instanceKlass java/util/Formatter$Conversion
instanceKlass java/util/Formatter$Flags
instanceKlass java/util/Formatter$FormatSpecifier
instanceKlass java/util/Formatter$FixedString
instanceKlass java/util/Formatter$FormatString
instanceKlass java/util/Formatter
instanceKlass org/apache/maven/model/Site
instanceKlass org/apache/maven/model/io/xpp3/MavenXpp3Reader$1
instanceKlass org/apache/maven/model/io/xpp3/MavenXpp3Reader$ContentTransformer
instanceKlass org/apache/maven/model/io/xpp3/MavenXpp3Reader
instanceKlass org/apache/maven/repository/internal/DefaultModelResolver
instanceKlass org/eclipse/aether/named/support/NamedLockFactorySupport$$Lambda$102
instanceKlass java/util/AbstractMap$2$1
instanceKlass sun/nio/ch/FileKey
instanceKlass sun/nio/ch/FileLockTable
instanceKlass sun/nio/fs/WindowsFileSystemProvider$1
instanceKlass org/eclipse/aether/repository/LocalArtifactRequest
instanceKlass org/eclipse/aether/internal/impl/DefaultRepositoryEventDispatcher$1
instanceKlass org/eclipse/aether/RepositoryEvent$Builder
instanceKlass org/eclipse/aether/internal/impl/filter/RemoteRepositoryFilterSourceSupport$SimpleResult
instanceKlass org/eclipse/aether/internal/impl/filter/DefaultRemoteRepositoryFilterManager$$Lambda$101
instanceKlass org/eclipse/aether/named/support/ReadWriteLockNamedLock$$Lambda$100
instanceKlass org/eclipse/aether/named/support/Retry$DoNotRetry
instanceKlass org/eclipse/aether/named/support/NamedLockFactorySupport$$Lambda$99
instanceKlass org/eclipse/aether/internal/impl/synccontext/named/NamedLockFactoryAdapter$AdaptedLockSyncContext
instanceKlass org/eclipse/aether/internal/impl/synccontext/named/GAVNameMapper
instanceKlass org/eclipse/aether/internal/impl/synccontext/named/NameMappers
instanceKlass org/eclipse/aether/DefaultSessionData$$Lambda$98
instanceKlass org/eclipse/aether/internal/impl/synccontext/DefaultSyncContextFactory$$Lambda$97
instanceKlass org/apache/maven/repository/internal/DefaultVersionResolver$Key
instanceKlass org/eclipse/aether/util/version/GenericVersion$Item
instanceKlass org/eclipse/aether/util/version/GenericVersion$Tokenizer
instanceKlass org/eclipse/aether/util/version/GenericVersion
instanceKlass org/eclipse/aether/util/version/GenericVersionConstraint
instanceKlass org/eclipse/aether/version/VersionRange
instanceKlass org/eclipse/aether/version/VersionConstraint
instanceKlass org/eclipse/aether/util/version/GenericVersionScheme
instanceKlass org/eclipse/aether/internal/impl/collect/CachingArtifactTypeRegistry
instanceKlass org/eclipse/sisu/wire/NamedIterableAdapter$NamedEntry
instanceKlass org/eclipse/sisu/wire/NamedIterableAdapter$NamedIterator
instanceKlass org/apache/maven/plugin/internal/WagonExcluder
instanceKlass org/eclipse/aether/util/filter/AndDependencyFilter
instanceKlass org/eclipse/aether/util/filter/ScopeDependencyFilter
instanceKlass org/eclipse/aether/artifact/AbstractArtifact
instanceKlass org/apache/maven/plugin/CacheUtils
instanceKlass org/apache/maven/plugin/DefaultPluginArtifactsCache$CacheKey
instanceKlass org/apache/maven/project/DefaultProjectBuildingResult
instanceKlass org/apache/maven/lifecycle/mapping/DefaultLifecycleMapping$__sisu1$$FastClassByGuice$$197643768
instanceKlass org/apache/maven/lifecycle/Lifecycle$__sisu7$$FastClassByGuice$$196473325
instanceKlass org/apache/maven/lifecycle/Lifecycle$__sisu8$$FastClassByGuice$$195103280
instanceKlass org/apache/maven/lifecycle/mapping/LifecycleMojo
instanceKlass org/apache/maven/lifecycle/mapping/DefaultLifecycleMapping$$FastClassByGuice$$194411699
instanceKlass org/apache/maven/lifecycle/mapping/Lifecycle
instanceKlass org/apache/maven/model/building/DefaultModelBuildingEvent
instanceKlass org/apache/maven/model/building/ModelBuildingEventCatapult$1
instanceKlass org/apache/maven/project/ReactorModelPool$CacheKey
instanceKlass org/apache/maven/model/Exclusion
instanceKlass org/apache/maven/artifact/handler/DefaultArtifactHandler$__sisu9$$FastClassByGuice$$193129381
instanceKlass org/apache/maven/repository/internal/DefaultModelCache$Key
instanceKlass org/apache/maven/model/building/ModelCacheTag$2
instanceKlass org/apache/maven/model/building/ModelCacheTag$1
instanceKlass org/apache/maven/project/DefaultProjectBuilder$InterimResult
instanceKlass org/apache/maven/artifact/handler/DefaultArtifactHandler$__sisu13$$FastClassByGuice$$192356868
instanceKlass org/apache/maven/artifact/versioning/Restriction
instanceKlass org/apache/maven/artifact/ArtifactUtils
instanceKlass org/apache/maven/artifact/DefaultArtifact
instanceKlass org/apache/maven/artifact/handler/DefaultArtifactHandler$$FastClassByGuice$$191858077
instanceKlass org/apache/maven/artifact/versioning/ComparableVersion$StringItem
instanceKlass org/apache/maven/artifact/versioning/ComparableVersion$IntItem
instanceKlass org/apache/maven/artifact/versioning/ComparableVersion$Item
instanceKlass org/apache/maven/artifact/versioning/ComparableVersion
instanceKlass org/apache/maven/artifact/versioning/DefaultArtifactVersion
instanceKlass org/apache/maven/model/building/DefaultModelBuilder$$Lambda$96
instanceKlass java/util/function/IntConsumer
instanceKlass java/lang/invoke/LambdaForm$DMH
instanceKlass java/util/stream/Streams$RangeIntSpliterator
instanceKlass java/util/stream/IntStream
instanceKlass org/apache/maven/model/Extension
instanceKlass org/codehaus/plexus/interpolation/util/StringUtils
instanceKlass org/apache/maven/model/Organization
instanceKlass org/apache/maven/model/CiManagement
instanceKlass org/apache/maven/model/Prerequisites
instanceKlass org/apache/maven/model/MailingList
instanceKlass org/apache/maven/model/Parent
instanceKlass org/codehaus/plexus/interpolation/reflection/MethodMap
instanceKlass org/codehaus/plexus/interpolation/reflection/ClassMap$CacheMiss
instanceKlass org/codehaus/plexus/interpolation/reflection/ClassMap
instanceKlass org/codehaus/plexus/interpolation/reflection/ReflectionValueExtractor$Tokenizer
instanceKlass org/codehaus/plexus/interpolation/reflection/ReflectionValueExtractor
instanceKlass org/codehaus/plexus/interpolation/util/ValueSourceUtils
instanceKlass org/apache/maven/model/interpolation/StringVisitorModelInterpolator$ModelVisitor
instanceKlass org/apache/maven/model/interpolation/StringVisitorModelInterpolator$1
instanceKlass org/codehaus/plexus/interpolation/PrefixAwareRecursionInterceptor
instanceKlass org/apache/maven/model/interpolation/UrlNormalizingPostProcessor
instanceKlass org/apache/maven/model/interpolation/PathTranslatingPostProcessor
instanceKlass java/text/DontCareFieldPosition$1
instanceKlass java/text/Format$FieldDelegate
instanceKlass org/apache/maven/model/interpolation/MavenBuildTimestamp
instanceKlass org/apache/maven/model/interpolation/ProblemDetectingValueSource
instanceKlass org/codehaus/plexus/interpolation/PrefixedValueSourceWrapper
instanceKlass org/codehaus/plexus/interpolation/FeedbackEnabledValueSource
instanceKlass org/codehaus/plexus/interpolation/AbstractDelegatingValueSource
instanceKlass org/codehaus/plexus/interpolation/QueryEnabledValueSource
instanceKlass org/apache/maven/model/merge/ModelMerger$ExtensionKeyComputer
instanceKlass org/apache/maven/model/merge/ModelMerger$ResourceKeyComputer
instanceKlass org/apache/maven/model/merge/ModelMerger$SourceDominant
instanceKlass org/apache/maven/model/merge/ModelMerger$DependencyKeyComputer
instanceKlass java/util/Collections$1
instanceKlass org/apache/maven/repository/internal/ArtifactDescriptorUtils
instanceKlass org/apache/maven/model/building/DefaultModelBuilder$$Lambda$95
instanceKlass org/apache/maven/model/building/DefaultModelBuilder$$Lambda$94
instanceKlass java/lang/invoke/LambdaForm$DMH
instanceKlass org/apache/maven/model/building/DefaultModelBuilder$$Lambda$93
instanceKlass org/apache/maven/model/building/DefaultModelBuilder$InterpolateString
instanceKlass org/apache/maven/model/building/DefaultModelBuilder$1Interpolation
instanceKlass java/lang/invoke/LambdaForm$MH
instanceKlass org/apache/maven/model/building/DefaultModelBuilder$$Lambda$92
instanceKlass java/lang/invoke/LambdaForm$DMH
instanceKlass org/apache/maven/model/building/DefaultModelBuilder$$Lambda$91
instanceKlass org/apache/maven/model/building/DefaultModelBuilder$$Lambda$90
instanceKlass org/apache/maven/model/building/DefaultModelBuilder$$Lambda$89
instanceKlass org/apache/maven/model/building/DefaultModelBuilder$$Lambda$88
instanceKlass org/apache/maven/model/building/DefaultModelBuilder$$Lambda$87
instanceKlass org/apache/maven/model/building/DefaultModelBuilder$$Lambda$86
instanceKlass org/apache/maven/model/building/DefaultModelBuilder$$Lambda$85
instanceKlass org/apache/maven/model/profile/DefaultProfileActivationContext$$Lambda$84
instanceKlass org/apache/maven/model/profile/DefaultProfileActivationContext$$Lambda$83
instanceKlass org/apache/maven/model/profile/DefaultProfileActivationContext$$Lambda$82
instanceKlass java/util/Spliterators$IteratorSpliterator
instanceKlass org/apache/maven/model/building/DefaultModelBuilder$$Lambda$81
instanceKlass org/apache/maven/model/validation/DefaultModelValidator$$Lambda$80
instanceKlass org/apache/maven/model/validation/DefaultModelValidator$$Lambda$79
instanceKlass org/apache/maven/model/validation/DefaultModelValidator$$Lambda$78
instanceKlass org/apache/maven/model/validation/DefaultModelValidator$$Lambda$77
instanceKlass org/apache/maven/model/validation/DefaultModelValidator$$Lambda$76
instanceKlass org/apache/maven/model/validation/DefaultModelValidator$$Lambda$75
instanceKlass org/apache/maven/model/validation/DefaultModelValidator$$Lambda$74
instanceKlass java/lang/invoke/LambdaForm$DMH
instanceKlass org/apache/maven/model/validation/DefaultModelValidator$$Lambda$73
instanceKlass java/lang/invoke/LambdaForm$MH
instanceKlass org/apache/maven/model/validation/DefaultModelValidator$$Lambda$72
instanceKlass java/lang/invoke/LambdaForm$DMH
instanceKlass org/apache/maven/model/validation/DefaultModelValidator$$Lambda$71
instanceKlass org/apache/maven/model/validation/DefaultModelValidator$$Lambda$70
instanceKlass org/apache/maven/model/building/ModelProblemUtils
instanceKlass org/apache/maven/model/io/xpp3/MavenXpp3ReaderEx$Xpp3DomBuilderInputLocationBuilder
instanceKlass org/apache/maven/model/DependencyManagement
instanceKlass org/apache/maven/model/IssueManagement
instanceKlass org/apache/maven/model/DistributionManagement
instanceKlass org/apache/maven/model/Scm
instanceKlass org/apache/maven/model/License
instanceKlass org/apache/maven/model/io/xpp3/MavenXpp3ReaderEx$1
instanceKlass org/codehaus/plexus/util/xml/Xpp3DomBuilder$InputLocationBuilder
instanceKlass org/apache/maven/model/io/xpp3/MavenXpp3ReaderEx$ContentTransformer
instanceKlass org/apache/maven/model/io/xpp3/MavenXpp3ReaderEx
instanceKlass org/apache/maven/model/building/ModelSource2
instanceKlass org/apache/maven/model/building/DefaultModelBuildingResult
instanceKlass org/apache/maven/model/building/AbstractModelBuildingListener
instanceKlass org/apache/maven/project/ProjectModelResolver
instanceKlass org/apache/maven/model/building/DefaultModelBuildingRequest
instanceKlass org/apache/maven/artifact/repository/LegacyLocalRepositoryManager
instanceKlass org/apache/maven/repository/internal/DefaultModelCache
instanceKlass org/apache/maven/project/DefaultProjectBuildingRequest
instanceKlass org/apache/maven/shared/utils/logging/AnsiMessageBuilder
instanceKlass org/apache/maven/lifecycle/internal/DefaultExecutionEventCatapult$1
instanceKlass org/apache/maven/lifecycle/internal/DefaultExecutionEvent
instanceKlass org/apache/maven/AbstractMavenLifecycleParticipant
instanceKlass java/util/concurrent/atomic/AtomicReference
instanceKlass org/apache/maven/session/scope/internal/SessionScope$CachingProvider
instanceKlass org/apache/maven/session/scope/internal/SessionScope$$Lambda$69
instanceKlass org/apache/maven/settings/RuntimeInfo
instanceKlass org/eclipse/aether/internal/impl/LocalPathPrefixComposerFactorySupport$LocalPathPrefixComposerSupport
instanceKlass org/eclipse/aether/internal/impl/SimpleLocalRepositoryManager
instanceKlass java/util/ArrayList$SubList$1
instanceKlass org/eclipse/aether/internal/impl/PrioritizedComponent
instanceKlass org/eclipse/sisu/wire/EntrySetAdapter$ValueIterator
instanceKlass org/eclipse/aether/internal/impl/PrioritizedComponents
instanceKlass org/apache/maven/RepositoryUtils$$Lambda$68
instanceKlass org/eclipse/aether/repository/RemoteRepository$Builder
instanceKlass org/eclipse/aether/util/ConfigUtils
instanceKlass org/eclipse/aether/AbstractRepositoryListener
instanceKlass org/eclipse/aether/util/repository/DefaultAuthenticationSelector
instanceKlass org/eclipse/aether/util/repository/DefaultProxySelector
instanceKlass org/eclipse/aether/util/repository/DefaultMirrorSelector$MirrorDef
instanceKlass org/eclipse/aether/util/repository/DefaultMirrorSelector
instanceKlass org/apache/maven/settings/crypto/DefaultSettingsDecryptionResult
instanceKlass org/apache/maven/settings/crypto/DefaultSettingsDecryptionRequest
instanceKlass org/apache/maven/RepositoryUtils$MavenArtifactTypeRegistry
instanceKlass org/apache/maven/RepositoryUtils
instanceKlass org/eclipse/aether/util/repository/SimpleResolutionErrorPolicy
instanceKlass java/util/stream/Collectors$$Lambda$67
instanceKlass org/apache/maven/internal/aether/DefaultRepositorySystemSessionFactory$$Lambda$66
instanceKlass org/apache/maven/internal/aether/DefaultRepositorySystemSessionFactory$$Lambda$65
instanceKlass org/apache/maven/internal/aether/DefaultRepositorySystemSessionFactory$$Lambda$64
instanceKlass org/apache/maven/internal/aether/DefaultRepositorySystemSessionFactory$$Lambda$63
instanceKlass org/apache/maven/internal/aether/DefaultRepositorySystemSessionFactory$$Lambda$62
instanceKlass org/apache/maven/internal/aether/DefaultRepositorySystemSessionFactory$$Lambda$61
instanceKlass java/lang/invoke/LambdaForm$DMH
instanceKlass org/eclipse/aether/util/repository/SimpleArtifactDescriptorPolicy
instanceKlass org/eclipse/aether/artifact/DefaultArtifactType
instanceKlass org/eclipse/aether/util/artifact/SimpleArtifactTypeRegistry
instanceKlass org/eclipse/aether/util/graph/transformer/JavaDependencyContextRefiner
instanceKlass org/eclipse/aether/util/graph/transformer/ChainedDependencyGraphTransformer
instanceKlass org/eclipse/aether/util/graph/transformer/ConflictResolver
instanceKlass org/eclipse/aether/graph/Exclusion
instanceKlass org/eclipse/aether/util/graph/selector/ExclusionDependencySelector
instanceKlass org/eclipse/aether/util/graph/selector/OptionalDependencySelector
instanceKlass org/eclipse/aether/util/graph/selector/ScopeDependencySelector
instanceKlass org/eclipse/aether/util/graph/selector/AndDependencySelector
instanceKlass org/eclipse/aether/util/graph/manager/ClassicDependencyManager
instanceKlass org/eclipse/aether/util/graph/traverser/FatArtifactTraverser
instanceKlass org/eclipse/aether/DefaultSessionData
instanceKlass org/eclipse/aether/DefaultRepositorySystemSession$NullFileTransformerManager
instanceKlass org/eclipse/aether/transform/FileTransformerManager
instanceKlass org/eclipse/aether/DefaultRepositorySystemSession$NullArtifactTypeRegistry
instanceKlass org/eclipse/aether/DefaultRepositorySystemSession$NullAuthenticationSelector
instanceKlass org/eclipse/aether/DefaultRepositorySystemSession$NullProxySelector
instanceKlass org/eclipse/aether/DefaultRepositorySystemSession$NullMirrorSelector
instanceKlass org/eclipse/aether/SessionData
instanceKlass org/eclipse/aether/artifact/ArtifactTypeRegistry
instanceKlass org/eclipse/aether/collection/DependencyGraphTransformer
instanceKlass org/eclipse/aether/util/graph/transformer/ConflictResolver$VersionSelector
instanceKlass org/eclipse/aether/util/graph/transformer/ConflictResolver$ScopeSelector
instanceKlass org/eclipse/aether/util/graph/transformer/ConflictResolver$OptionalitySelector
instanceKlass org/eclipse/aether/util/graph/transformer/ConflictResolver$ScopeDeriver
instanceKlass org/apache/maven/repository/internal/MavenRepositorySystemUtils
instanceKlass org/apache/maven/execution/DefaultMavenExecutionResult
instanceKlass org/apache/maven/artifact/repository/MavenArtifactRepository
instanceKlass org/apache/maven/artifact/repository/layout/ArtifactRepositoryLayout2
instanceKlass org/apache/maven/artifact/repository/layout/DefaultRepositoryLayout$$FastClassByGuice$$190840093
instanceKlass org/apache/maven/execution/AbstractExecutionListener
instanceKlass org/apache/maven/cli/transfer/SimplexTransferListener$$Lambda$60
instanceKlass java/lang/invoke/LambdaForm$DMH
instanceKlass java/util/Collections$SynchronizedMap
instanceKlass org/apache/maven/cli/transfer/SimplexTransferListener$Exchange
instanceKlass org/eclipse/aether/transfer/AbstractTransferListener
instanceKlass org/apache/maven/toolchain/building/DefaultToolchainsBuildingResult
instanceKlass org/apache/maven/toolchain/building/DefaultToolchainsBuilder$1
instanceKlass org/apache/maven/toolchain/model/io/xpp3/MavenToolchainsXpp3Writer
instanceKlass org/apache/maven/toolchain/model/io/xpp3/MavenToolchainsXpp3Reader$1
instanceKlass org/apache/maven/toolchain/model/io/xpp3/MavenToolchainsXpp3Reader$ContentTransformer
instanceKlass org/apache/maven/toolchain/model/io/xpp3/MavenToolchainsXpp3Reader
instanceKlass org/apache/maven/building/DefaultProblemCollector
instanceKlass org/apache/maven/building/ProblemCollectorFactory
instanceKlass org/apache/maven/toolchain/building/DefaultToolchainsBuildingRequest
instanceKlass org/apache/maven/settings/building/DefaultSettingsBuildingResult
instanceKlass org/apache/maven/settings/building/DefaultSettingsBuilder$1
instanceKlass org/codehaus/plexus/interpolation/os/OperatingSystemUtils$DefaultEnvVarSource
instanceKlass org/codehaus/plexus/interpolation/os/OperatingSystemUtils$EnvVarSource
instanceKlass org/codehaus/plexus/interpolation/os/OperatingSystemUtils
instanceKlass org/codehaus/plexus/util/xml/pull/MXSerializer
instanceKlass org/codehaus/plexus/util/xml/pull/XmlSerializer
instanceKlass org/apache/maven/settings/io/xpp3/SettingsXpp3Writer
instanceKlass org/codehaus/plexus/util/xml/pull/EntityReplacementMap
instanceKlass org/apache/maven/settings/io/xpp3/SettingsXpp3Reader$1
instanceKlass org/apache/maven/settings/io/xpp3/SettingsXpp3Reader$ContentTransformer
instanceKlass org/apache/maven/settings/io/xpp3/SettingsXpp3Reader
instanceKlass org/apache/maven/building/FileSource
instanceKlass org/apache/maven/settings/building/DefaultSettingsBuildingRequest
instanceKlass org/apache/maven/graph/DefaultGraphBuilder$$FastClassByGuice$$189009872
instanceKlass org/apache/maven/plugin/prefix/internal/DefaultPluginPrefixResolver$$FastClassByGuice$$188554179
instanceKlass org/apache/maven/plugin/CompoundMojoExecutionListener
instanceKlass org/apache/maven/plugin/DefaultBuildPluginManager$$FastClassByGuice$$187244552
instanceKlass org/apache/maven/lifecycle/internal/DefaultLifecycleTaskSegmentCalculator$$FastClassByGuice$$186164949
instanceKlass org/apache/maven/lifecycle/internal/DefaultExecutionEventCatapult$$FastClassByGuice$$185074651
instanceKlass org/apache/maven/project/DefaultProjectDependenciesResolver$$FastClassByGuice$$184016472
instanceKlass org/apache/maven/project/RepositorySessionDecorator
instanceKlass org/apache/maven/plugin/DefaultPluginArtifactsCache$$FastClassByGuice$$182723677
instanceKlass com/google/inject/internal/DelegatingInvocationHandler
instanceKlass org/apache/maven/artifact/repository/metadata/io/DefaultMetadataReader$$FastClassByGuice$$182214321
instanceKlass org/apache/maven/plugin/version/internal/DefaultPluginVersionResolver$$FastClassByGuice$$180576124
instanceKlass org/apache/maven/plugin/DefaultExtensionRealmCache$$FastClassByGuice$$179903295
instanceKlass org/apache/maven/rtinfo/internal/DefaultRuntimeInformation$$FastClassByGuice$$178934041
instanceKlass org/apache/maven/plugin/DefaultPluginRealmCache$$FastClassByGuice$$177749016
instanceKlass org/apache/maven/plugin/DefaultPluginDescriptorCache$$FastClassByGuice$$176429845
instanceKlass org/apache/maven/plugin/internal/DefaultMavenPluginManager$$FastClassByGuice$$176059845
instanceKlass sun/security/util/MessageDigestSpi2
instanceKlass sun/security/jca/GetInstance$Instance
instanceKlass sun/security/jca/GetInstance
instanceKlass java/security/SecureRandomSpi
instanceKlass sun/security/util/SecurityProviderConstants
instanceKlass java/security/Provider$UString
instanceKlass java/security/Provider$Service
instanceKlass sun/security/provider/NativePRNG$NonBlocking
instanceKlass sun/security/provider/NativePRNG$Blocking
instanceKlass sun/security/provider/NativePRNG
instanceKlass sun/security/provider/SunEntries$1
instanceKlass sun/security/provider/SunEntries
instanceKlass sun/security/jca/ProviderConfig$2
instanceKlass java/security/Security$2
instanceKlass sun/misc/JavaSecurityPropertiesAccess
instanceKlass java/security/Security$1
instanceKlass java/security/Security
instanceKlass sun/security/jca/ProviderList$2
instanceKlass sun/misc/FDBigInteger
instanceKlass sun/misc/FloatingDecimal$PreparedASCIIToBinaryBuffer
instanceKlass sun/misc/FloatingDecimal$ASCIIToBinaryConverter
instanceKlass sun/misc/FloatingDecimal$BinaryToASCIIBuffer
instanceKlass sun/misc/FloatingDecimal$ExceptionalBinaryToASCIIBuffer
instanceKlass sun/misc/FloatingDecimal$BinaryToASCIIConverter
instanceKlass sun/misc/FloatingDecimal
instanceKlass java/security/Provider$EngineDescription
instanceKlass java/security/Provider$ServiceKey
instanceKlass sun/security/jca/ProviderConfig
instanceKlass sun/security/jca/ProviderList
instanceKlass sun/security/jca/Providers
instanceKlass java/security/Key
instanceKlass java/security/spec/AlgorithmParameterSpec
instanceKlass org/apache/maven/repository/DefaultMirrorSelector$$FastClassByGuice$$174262441
instanceKlass org/apache/maven/repository/legacy/repository/DefaultArtifactRepositoryFactory$$FastClassByGuice$$173574665
instanceKlass org/eclipse/aether/artifact/ArtifactType
instanceKlass org/eclipse/aether/internal/impl/synccontext/named/NamedLockFactoryAdapterFactoryImpl$$Lambda$59
instanceKlass java/lang/invoke/LambdaForm$DMH
instanceKlass org/eclipse/sisu/wire/NamedIterableAdapter
instanceKlass org/eclipse/aether/internal/impl/DefaultUpdateCheckManager$1
instanceKlass org/apache/maven/project/artifact/DefaultMavenMetadataCache$$FastClassByGuice$$172405865
instanceKlass org/apache/maven/repository/legacy/DefaultUpdateCheckManager$$FastClassByGuice$$171539332
instanceKlass org/apache/maven/repository/legacy/DefaultWagonManager$$FastClassByGuice$$170723382
instanceKlass org/apache/maven/artifact/repository/metadata/DefaultRepositoryMetadataManager$$FastClassByGuice$$169729030
instanceKlass org/apache/maven/project/artifact/DefaultMetadataSource$$FastClassByGuice$$168557206
instanceKlass org/apache/maven/artifact/resolver/DefaultResolutionErrorHandler$$FastClassByGuice$$167094026
instanceKlass org/apache/maven/plugin/internal/DefaultLegacySupport$$FastClassByGuice$$166398686
instanceKlass org/apache/maven/repository/legacy/resolver/conflict/NearestConflictResolver$$FastClassByGuice$$164967342
instanceKlass org/apache/maven/artifact/resolver/DefaultArtifactCollector$$FastClassByGuice$$164507490
instanceKlass org/apache/maven/artifact/resolver/DefaultArtifactResolver$DaemonThreadCreator
instanceKlass java/util/concurrent/ThreadPoolExecutor$AbortPolicy
instanceKlass java/util/concurrent/RejectedExecutionHandler
instanceKlass java/util/concurrent/AbstractExecutorService
instanceKlass java/util/concurrent/ExecutorService
instanceKlass org/apache/maven/artifact/resolver/DefaultArtifactResolver$$FastClassByGuice$$162823474
instanceKlass org/apache/maven/artifact/handler/manager/DefaultArtifactHandlerManager$$FastClassByGuice$$162129831
instanceKlass org/apache/maven/artifact/factory/DefaultArtifactFactory$$FastClassByGuice$$161190176
instanceKlass org/apache/maven/repository/legacy/LegacyRepositorySystem$$FastClassByGuice$$160106918
instanceKlass org/apache/maven/project/DefaultProjectRealmCache$$FastClassByGuice$$159301112
instanceKlass org/codehaus/plexus/classworlds/realm/Entry
instanceKlass java/util/Random
instanceKlass org/eclipse/sisu/inject/Guice4$2
instanceKlass org/apache/maven/project/DefaultProjectBuildingHelper$$FastClassByGuice$$158113835
instanceKlass org/apache/maven/lifecycle/internal/DefaultLifecyclePluginAnalyzer$$FastClassByGuice$$156684577
instanceKlass org/apache/maven/model/plugin/DefaultLifecycleBindingsInjector$$FastClassByGuice$$155886476
instanceKlass org/apache/maven/model/Contributor
instanceKlass org/apache/maven/model/PatternSet
instanceKlass org/apache/maven/model/merge/ModelMerger$KeyComputer
instanceKlass org/apache/maven/model/merge/ModelMerger$Remapping
instanceKlass org/apache/maven/project/DefaultProjectBuilder$$FastClassByGuice$$155060744
instanceKlass org/apache/maven/DefaultMaven$$FastClassByGuice$$153378624
instanceKlass org/apache/maven/cli/event/DefaultEventSpyContext
instanceKlass org/eclipse/sisu/wire/EntryListAdapter$ValueIterator
instanceKlass org/apache/maven/cli/logging/Slf4jLogger
instanceKlass org/eclipse/sisu/inject/LazyBeanEntry$JsrNamed
instanceKlass org/eclipse/sisu/inject/LazyBeanEntry
instanceKlass javax/annotation/Priority
instanceKlass java/lang/Package$1
instanceKlass org/eclipse/sisu/inject/Implementations
instanceKlass org/eclipse/sisu/plexus/LazyPlexusBean
instanceKlass org/eclipse/sisu/inject/RankedSequence$Itr
instanceKlass org/eclipse/sisu/inject/RankedBindings$Itr
instanceKlass org/eclipse/sisu/inject/LocatedBeans$Itr
instanceKlass org/eclipse/sisu/plexus/RealmFilteredBeans$FilteredItr
instanceKlass org/eclipse/sisu/plexus/DefaultPlexusBeans$Itr
instanceKlass org/eclipse/sisu/plexus/DefaultPlexusBeans
instanceKlass org/eclipse/sisu/plexus/RealmFilteredBeans
instanceKlass org/eclipse/sisu/inject/BeanCache
instanceKlass org/eclipse/sisu/inject/LocatedBeans
instanceKlass org/eclipse/sisu/inject/MildElements$Indexable
instanceKlass com/google/inject/internal/ProviderInternalFactory$1
instanceKlass com/google/inject/internal/ConstructorInjector$1
instanceKlass org/eclipse/sisu/inject/WatchedBeans
instanceKlass java/util/concurrent/ConcurrentHashMap$Traverser
instanceKlass org/eclipse/sisu/inject/MildValues$ValueItr
instanceKlass org/eclipse/sisu/inject/InjectorBindings
instanceKlass com/google/inject/spi/ProvisionListener$ProvisionInvocation
instanceKlass com/google/inject/internal/MembersInjectorImpl$1
instanceKlass com/google/inject/internal/InternalContext
instanceKlass com/google/inject/internal/Initializer$1
instanceKlass com/google/common/collect/AbstractMapBasedMultimap$AsMap$AsMapIterator
instanceKlass org/codehaus/plexus/DefaultPlexusContainer$$FastClassByGuice$$152624813
instanceKlass org/eclipse/sisu/wire/TypeConverterCache$$FastClassByGuice$$151646217
instanceKlass com/google/inject/internal/SingleMethodInjector$1
instanceKlass org/eclipse/sisu/inject/DefaultBeanLocator$$FastClassByGuice$$150204447
instanceKlass com/google/inject/internal/InjectorImpl$MethodInvoker
instanceKlass com/google/inject/internal/SingleMethodInjector
instanceKlass org/eclipse/sisu/plexus/PlexusXmlBeanConverter$$FastClassByGuice$$149317734
instanceKlass org/sonatype/plexus/components/sec/dispatcher/DefaultSecDispatcher$$FastClassByGuice$$148144106
instanceKlass org/sonatype/plexus/components/cipher/DefaultPlexusCipher$$FastClassByGuice$$147277271
instanceKlass org/codehaus/plexus/component/configurator/MapOrientedComponentConfigurator$$FastClassByGuice$$146415578
instanceKlass org/codehaus/plexus/component/configurator/BasicComponentConfigurator$$FastClassByGuice$$144792233
instanceKlass org/apache/maven/settings/validation/DefaultSettingsValidator$$FastClassByGuice$$143664313
instanceKlass org/apache/maven/settings/io/DefaultSettingsWriter$$FastClassByGuice$$142893647
instanceKlass org/apache/maven/settings/io/DefaultSettingsReader$$FastClassByGuice$$142572957
instanceKlass org/apache/maven/settings/crypto/DefaultSettingsDecrypter$$FastClassByGuice$$141479409
instanceKlass org/apache/maven/settings/building/DefaultSettingsBuilder$$FastClassByGuice$$140182158
instanceKlass org/eclipse/aether/transport/wagon/WagonTransporterFactory$$FastClassByGuice$$138642986
instanceKlass org/eclipse/aether/internal/transport/wagon/PlexusWagonProvider$$FastClassByGuice$$137471132
instanceKlass org/eclipse/aether/internal/transport/wagon/PlexusWagonConfigurator$$FastClassByGuice$$136621130
instanceKlass org/eclipse/aether/transport/http/XChecksumChecksumExtractor$$FastClassByGuice$$136137926
instanceKlass org/eclipse/aether/transport/http/Nexus2ChecksumExtractor$$FastClassByGuice$$135125977
instanceKlass org/eclipse/aether/transport/http/HttpTransporterFactory$$FastClassByGuice$$133269648
instanceKlass org/eclipse/aether/transport/file/FileTransporterFactory$$FastClassByGuice$$132774582
instanceKlass org/apache/maven/repository/internal/VersionsMetadataGeneratorFactory$$FastClassByGuice$$131659874
instanceKlass org/apache/maven/repository/internal/SnapshotMetadataGeneratorFactory$$FastClassByGuice$$131010547
instanceKlass org/apache/maven/repository/internal/PluginsMetadataGeneratorFactory$$FastClassByGuice$$129122570
instanceKlass org/apache/maven/repository/internal/DefaultVersionResolver$$FastClassByGuice$$128391944
instanceKlass org/apache/maven/repository/internal/DefaultVersionRangeResolver$$FastClassByGuice$$127349410
instanceKlass org/apache/maven/repository/internal/DefaultModelCacheFactory$$FastClassByGuice$$125867436
instanceKlass org/apache/maven/repository/internal/DefaultArtifactDescriptorReader$$FastClassByGuice$$124902542
instanceKlass org/eclipse/aether/named/providers/NoopNamedLockFactory$$FastClassByGuice$$123982893
instanceKlass org/eclipse/aether/named/providers/LocalSemaphoreNamedLockFactory$$FastClassByGuice$$123189024
instanceKlass org/eclipse/aether/named/providers/LocalReadWriteLockNamedLockFactory$$FastClassByGuice$$122571819
instanceKlass org/eclipse/aether/named/providers/FileLockNamedLockFactory$$FastClassByGuice$$120760034
instanceKlass org/eclipse/aether/internal/impl/synccontext/named/providers/StaticNameMapperProvider$$FastClassByGuice$$119928995
instanceKlass org/eclipse/aether/internal/impl/synccontext/named/providers/GAVNameMapperProvider$$FastClassByGuice$$118696038
instanceKlass org/eclipse/aether/internal/impl/synccontext/named/providers/FileStaticNameMapperProvider$$FastClassByGuice$$117485083
instanceKlass org/eclipse/aether/internal/impl/synccontext/named/providers/FileHashingGAVNameMapperProvider$$FastClassByGuice$$116925394
instanceKlass org/eclipse/aether/internal/impl/synccontext/named/providers/FileGAVNameMapperProvider$$FastClassByGuice$$115876113
instanceKlass org/eclipse/aether/internal/impl/synccontext/named/providers/DiscriminatingNameMapperProvider$$FastClassByGuice$$114991523
instanceKlass org/eclipse/aether/internal/impl/synccontext/named/NamedLockFactoryAdapterFactoryImpl$$FastClassByGuice$$113606164
instanceKlass org/eclipse/aether/internal/impl/synccontext/legacy/DefaultSyncContextFactory$$FastClassByGuice$$112694452
instanceKlass org/eclipse/aether/internal/impl/synccontext/DefaultSyncContextFactory$$FastClassByGuice$$111829132
instanceKlass org/eclipse/aether/internal/impl/slf4j/Slf4jLoggerFactory$$FastClassByGuice$$110473479
instanceKlass org/eclipse/aether/internal/impl/resolution/TrustedChecksumsArtifactResolverPostProcessor$$FastClassByGuice$$109096217
instanceKlass org/eclipse/aether/internal/impl/filter/PrefixesRemoteRepositoryFilterSource$$FastClassByGuice$$108765514
instanceKlass org/eclipse/aether/internal/impl/filter/GroupIdRemoteRepositoryFilterSource$$FastClassByGuice$$107829903
instanceKlass org/eclipse/aether/internal/impl/filter/DefaultRemoteRepositoryFilterManager$$FastClassByGuice$$106296903
instanceKlass org/eclipse/aether/internal/impl/collect/df/DfDependencyCollector$$FastClassByGuice$$105877266
instanceKlass org/eclipse/aether/internal/impl/collect/bf/BfDependencyCollector$$FastClassByGuice$$104574332
instanceKlass org/eclipse/aether/internal/impl/collect/DefaultDependencyCollector$$FastClassByGuice$$103643007
instanceKlass org/eclipse/aether/internal/impl/checksum/TrustedToProvidedChecksumsSourceAdapter$$FastClassByGuice$$101735171
instanceKlass org/eclipse/aether/internal/impl/checksum/SummaryFileTrustedChecksumsSource$$FastClassByGuice$$101365530
instanceKlass org/eclipse/aether/internal/impl/checksum/SparseDirectoryTrustedChecksumsSource$$FastClassByGuice$$99675175
instanceKlass org/eclipse/aether/internal/impl/checksum/Sha512ChecksumAlgorithmFactory$$FastClassByGuice$$98764995
instanceKlass org/eclipse/aether/internal/impl/checksum/Sha256ChecksumAlgorithmFactory$$FastClassByGuice$$97968517
instanceKlass org/eclipse/aether/internal/impl/checksum/Sha1ChecksumAlgorithmFactory$$FastClassByGuice$$96825393
instanceKlass com/google/inject/internal/aop/ImmutableStringTrie$$Lambda$58
instanceKlass org/eclipse/aether/internal/impl/checksum/Md5ChecksumAlgorithmFactory$$FastClassByGuice$$95800730
instanceKlass org/eclipse/aether/internal/impl/checksum/DefaultChecksumAlgorithmFactorySelector$$FastClassByGuice$$95061076
instanceKlass org/eclipse/aether/internal/impl/SimpleLocalRepositoryManagerFactory$$FastClassByGuice$$93586734
instanceKlass org/eclipse/aether/internal/impl/Maven2RepositoryLayoutFactory$$FastClassByGuice$$92873586
instanceKlass org/eclipse/aether/internal/impl/LoggerFactoryProvider$$FastClassByGuice$$92261839
instanceKlass org/eclipse/aether/internal/impl/EnhancedLocalRepositoryManagerFactory$$FastClassByGuice$$91171270
instanceKlass org/eclipse/aether/internal/impl/DefaultUpdatePolicyAnalyzer$$FastClassByGuice$$89284827
instanceKlass org/eclipse/aether/internal/impl/DefaultUpdateCheckManager$$FastClassByGuice$$89106285
instanceKlass org/eclipse/aether/internal/impl/DefaultTransporterProvider$$FastClassByGuice$$87769558
instanceKlass org/eclipse/aether/internal/impl/DefaultTrackingFileManager$$FastClassByGuice$$86809832
instanceKlass org/eclipse/aether/internal/impl/DefaultRepositorySystemLifecycle$$FastClassByGuice$$85171616
instanceKlass org/eclipse/aether/internal/impl/DefaultRepositorySystem$$FastClassByGuice$$84699948
instanceKlass org/eclipse/aether/internal/impl/DefaultRepositoryLayoutProvider$$FastClassByGuice$$83137610
instanceKlass org/eclipse/aether/internal/impl/DefaultRepositoryEventDispatcher$$FastClassByGuice$$82745559
instanceKlass org/eclipse/aether/internal/impl/DefaultRepositoryConnectorProvider$$FastClassByGuice$$81563944
instanceKlass org/eclipse/aether/internal/impl/DefaultRemoteRepositoryManager$$FastClassByGuice$$80105761
instanceKlass org/eclipse/aether/internal/impl/DefaultOfflineController$$FastClassByGuice$$79528388
instanceKlass org/eclipse/aether/internal/impl/DefaultMetadataResolver$$FastClassByGuice$$78024390
instanceKlass org/eclipse/aether/internal/impl/DefaultLocalRepositoryProvider$$FastClassByGuice$$77579934
instanceKlass org/eclipse/aether/internal/impl/DefaultLocalPathPrefixComposerFactory$$FastClassByGuice$$76408951
instanceKlass org/eclipse/aether/internal/impl/DefaultLocalPathComposer$$FastClassByGuice$$74618759
instanceKlass org/eclipse/aether/internal/impl/DefaultInstaller$$FastClassByGuice$$74136177
instanceKlass org/eclipse/aether/internal/impl/DefaultFileProcessor$$FastClassByGuice$$72648157
instanceKlass org/eclipse/aether/internal/impl/DefaultDeployer$$FastClassByGuice$$72176887
instanceKlass org/eclipse/aether/internal/impl/DefaultChecksumPolicyProvider$$FastClassByGuice$$70590553
instanceKlass org/eclipse/aether/internal/impl/DefaultArtifactResolver$$FastClassByGuice$$69430401
instanceKlass org/eclipse/aether/connector/basic/BasicRepositoryConnectorFactory$$FastClassByGuice$$68729725
instanceKlass org/apache/maven/model/validation/DefaultModelValidator$$FastClassByGuice$$67400029
instanceKlass org/apache/maven/model/superpom/DefaultSuperPomProvider$$FastClassByGuice$$66464855
instanceKlass org/apache/maven/model/profile/activation/PropertyProfileActivator$$FastClassByGuice$$65574140
instanceKlass org/apache/maven/model/profile/activation/OperatingSystemProfileActivator$$FastClassByGuice$$64975402
instanceKlass org/apache/maven/model/profile/activation/JdkVersionProfileActivator$$FastClassByGuice$$63882802
instanceKlass org/apache/maven/model/profile/activation/FileProfileActivator$$FastClassByGuice$$62801824
instanceKlass org/apache/maven/model/profile/DefaultProfileSelector$$FastClassByGuice$$61019904
instanceKlass org/apache/maven/model/profile/DefaultProfileInjector$$FastClassByGuice$$60622539
instanceKlass org/apache/maven/model/plugin/DefaultReportingConverter$$FastClassByGuice$$59188836
instanceKlass org/apache/maven/model/plugin/DefaultReportConfigurationExpander$$FastClassByGuice$$58062272
instanceKlass org/apache/maven/model/plugin/DefaultPluginConfigurationExpander$$FastClassByGuice$$57256515
instanceKlass org/apache/maven/model/path/ProfileActivationFilePathInterpolator$$FastClassByGuice$$55682583
instanceKlass org/apache/maven/model/path/DefaultUrlNormalizer$$FastClassByGuice$$55080551
instanceKlass org/apache/maven/model/path/DefaultPathTranslator$$FastClassByGuice$$53665846
instanceKlass org/apache/maven/model/path/DefaultModelUrlNormalizer$$FastClassByGuice$$52465388
instanceKlass org/apache/maven/model/path/DefaultModelPathTranslator$$FastClassByGuice$$52250790
instanceKlass org/apache/maven/model/normalization/DefaultModelNormalizer$$FastClassByGuice$$51115795
instanceKlass org/apache/maven/model/management/DefaultPluginManagementInjector$$FastClassByGuice$$49618648
instanceKlass org/apache/maven/model/management/DefaultDependencyManagementInjector$$FastClassByGuice$$49230560
instanceKlass org/apache/maven/model/locator/DefaultModelLocator$$FastClassByGuice$$47572076
instanceKlass org/apache/maven/model/io/DefaultModelWriter$$FastClassByGuice$$47093021
instanceKlass org/apache/maven/model/io/DefaultModelReader$$FastClassByGuice$$45743476
instanceKlass org/apache/maven/model/interpolation/StringVisitorModelInterpolator$$FastClassByGuice$$44414126
instanceKlass org/apache/maven/model/interpolation/DefaultModelVersionProcessor$$FastClassByGuice$$43909880
instanceKlass org/apache/maven/model/inheritance/DefaultInheritanceAssembler$$FastClassByGuice$$42349093
instanceKlass org/apache/maven/model/composition/DefaultDependencyManagementImporter$$FastClassByGuice$$41164556
instanceKlass org/apache/maven/model/building/DefaultModelProcessor$$FastClassByGuice$$40529934
instanceKlass org/apache/maven/model/building/DefaultModelBuilder$$FastClassByGuice$$39737192
instanceKlass org/apache/maven/cli/internal/BootstrapCoreExtensionManager$$FastClassByGuice$$37983528
instanceKlass org/apache/maven/cli/configuration/SettingsXmlConfigurationProcessor$$FastClassByGuice$$37098173
instanceKlass org/apache/maven/toolchain/io/DefaultToolchainsWriter$$FastClassByGuice$$35699788
instanceKlass org/apache/maven/toolchain/io/DefaultToolchainsReader$$FastClassByGuice$$35568895
instanceKlass org/apache/maven/toolchain/building/DefaultToolchainsBuilder$$FastClassByGuice$$33794959
instanceKlass org/apache/maven/plugin/internal/ReadOnlyPluginParametersValidator$$FastClassByGuice$$32968256
instanceKlass org/apache/maven/plugin/internal/PlexusContainerDefaultDependenciesValidator$$FastClassByGuice$$31540205
instanceKlass org/apache/maven/plugin/internal/MavenScopeDependenciesValidator$$FastClassByGuice$$31010019
instanceKlass org/apache/maven/plugin/internal/MavenMixedDependenciesValidator$$FastClassByGuice$$30335696
instanceKlass org/apache/maven/plugin/internal/Maven3CompatDependenciesValidator$$FastClassByGuice$$28775144
instanceKlass org/apache/maven/plugin/internal/Maven2DependenciesValidator$$FastClassByGuice$$27332398
instanceKlass org/apache/maven/plugin/internal/DeprecatedPluginValidator$$FastClassByGuice$$27242257
instanceKlass org/apache/maven/plugin/internal/DeprecatedCoreExpressionValidator$$FastClassByGuice$$25864508
instanceKlass org/apache/maven/plugin/internal/DefaultPluginValidationManager$$FastClassByGuice$$24159650
instanceKlass org/apache/maven/plugin/DefaultMojosExecutionStrategy$$FastClassByGuice$$23482237
instanceKlass org/apache/maven/lifecycle/internal/LifecycleDependencyResolver$$FastClassByGuice$$22397994
instanceKlass org/apache/maven/lifecycle/internal/DefaultProjectArtifactFactory$$FastClassByGuice$$21288430
instanceKlass org/apache/maven/internal/aether/ResolverLifecycle$$FastClassByGuice$$20885980
instanceKlass com/google/inject/internal/InjectorImpl$SyntheticProviderBindingImpl$1
instanceKlass com/google/inject/internal/InjectorImpl$1
instanceKlass org/apache/maven/internal/aether/DefaultRepositorySystemSessionFactory$$FastClassByGuice$$19079339
instanceKlass com/google/inject/internal/SingleFieldInjector
instanceKlass org/apache/maven/extension/internal/CoreExportsProvider$$FastClassByGuice$$18476988
instanceKlass org/apache/maven/execution/DefaultMavenExecutionRequestPopulator$$FastClassByGuice$$17740858
instanceKlass org/apache/maven/classrealm/DefaultClassRealmManager$$FastClassByGuice$$15963366
instanceKlass org/apache/maven/ReactorReader$$FastClassByGuice$$15663469
instanceKlass org/apache/maven/DefaultArtifactFilterManager$$FastClassByGuice$$14655135
instanceKlass com/google/inject/internal/SingleParameterInjector
instanceKlass org/apache/maven/lifecycle/internal/LifecycleStarter$$FastClassByGuice$$12755784
instanceKlass org/apache/maven/lifecycle/internal/LifecyclePluginResolver$$FastClassByGuice$$11775925
instanceKlass org/apache/maven/eventspy/internal/EventSpyDispatcher$$FastClassByGuice$$11268232
instanceKlass org/eclipse/sisu/PreDestroy
instanceKlass org/eclipse/sisu/PostConstruct
instanceKlass org/apache/maven/lifecycle/internal/builder/BuilderCommon$$FastClassByGuice$$9575387
instanceKlass org/apache/maven/lifecycle/internal/MojoExecutor$$FastClassByGuice$$8635069
instanceKlass org/apache/maven/lifecycle/internal/LifecycleModuleBuilder$$FastClassByGuice$$7593875
instanceKlass org/eclipse/sisu/bean/BeanPropertySetter
instanceKlass org/apache/maven/bridge/MavenRepositorySystem$$FastClassByGuice$$6307883
instanceKlass org/apache/maven/lifecycle/DefaultLifecycles$$FastClassByGuice$$6045377
instanceKlass org/apache/maven/lifecycle/internal/LifecycleDebugLogger$$FastClassByGuice$$4535881
instanceKlass org/apache/maven/lifecycle/internal/MojoDescriptorCreator$$FastClassByGuice$$3521500
instanceKlass org/apache/maven/lifecycle/internal/BuildListCalculator$$FastClassByGuice$$2838589
instanceKlass org/apache/maven/lifecycle/Lifecycle$$FastClassByGuice$$1370759
instanceKlass org/eclipse/sisu/plexus/PlexusConfigurations$ConfigurationProvider
instanceKlass com/google/inject/internal/ProxyFactory
instanceKlass com/google/common/collect/TransformedIterator
instanceKlass com/google/inject/internal/ConstructorInjectorStore$$Lambda$57
instanceKlass com/google/inject/spi/InterceptorBinding
instanceKlass com/google/inject/internal/MethodAspect
instanceKlass com/google/inject/internal/MembersInjectorImpl
instanceKlass org/eclipse/sisu/bean/BeanInjector
instanceKlass org/eclipse/sisu/plexus/PlexusLifecycleManager$2
instanceKlass org/eclipse/sisu/bean/PropertyBinder$1
instanceKlass org/eclipse/sisu/plexus/ProvidedPropertyBinding
instanceKlass org/eclipse/sisu/plexus/PlexusRequirements$AbstractRequirementProvider
instanceKlass org/eclipse/sisu/bean/BeanPropertyField
instanceKlass org/eclipse/sisu/bean/DeclaredMembers$MemberIterator
instanceKlass org/eclipse/sisu/bean/BeanPropertyIterator
instanceKlass org/eclipse/sisu/bean/DeclaredMembers
instanceKlass org/eclipse/sisu/bean/IgnoreSetters
instanceKlass org/eclipse/sisu/bean/BeanProperties
instanceKlass org/eclipse/sisu/plexus/PlexusRequirements
instanceKlass org/eclipse/sisu/plexus/PlexusConfigurations
instanceKlass org/eclipse/sisu/plexus/PlexusPropertyBinder
instanceKlass org/eclipse/sisu/bean/BeanLifecycle
instanceKlass com/google/inject/internal/EncounterImpl
instanceKlass com/google/inject/internal/AbstractBindingProcessor$Processor$$Lambda$56
instanceKlass org/apache/maven/session/scope/internal/SessionScope$$Lambda$55
instanceKlass org/apache/maven/execution/scope/internal/MojoExecutionScope$2
instanceKlass com/google/inject/internal/ProviderInternalFactory
instanceKlass com/google/inject/internal/InternalProviderInstanceBindingImpl$Factory
instanceKlass com/google/inject/internal/FactoryProxy
instanceKlass com/google/inject/internal/InternalFactoryToProviderAdapter
instanceKlass com/google/inject/internal/ConstructionContext
instanceKlass com/google/inject/internal/SingletonScope$1
instanceKlass com/google/inject/internal/ProviderToInternalFactoryAdapter
instanceKlass com/google/inject/internal/CycleDetectingLock$CycleDetectingLockFactory$ReentrantCycleDetectingLock
instanceKlass com/google/inject/internal/Initializer$InjectableReference
instanceKlass com/google/inject/internal/ProvisionListenerStackCallback
instanceKlass com/google/common/cache/LocalCache$AbstractReferenceEntry
instanceKlass com/google/inject/internal/ProvisionListenerCallbackStore$KeyBinding
instanceKlass com/google/inject/internal/util/Classes
instanceKlass com/google/inject/spi/ExposedBinding
instanceKlass com/google/inject/internal/CreationListener
instanceKlass com/google/inject/internal/InjectorShell$LoggerFactory
instanceKlass com/google/inject/internal/InjectorShell$InjectorFactory
instanceKlass com/google/inject/internal/Initializables$1
instanceKlass com/google/inject/internal/Initializables
instanceKlass com/google/inject/internal/ConstantFactory
instanceKlass com/google/inject/internal/InjectorShell
instanceKlass com/google/inject/internal/ProvisionListenerCallbackStore
instanceKlass com/google/inject/internal/SingleMemberInjector
instanceKlass com/google/inject/spi/TypeEncounter
instanceKlass com/google/inject/internal/MembersInjectorStore
instanceKlass com/google/inject/internal/TypeConverterBindingProcessor$4
instanceKlass com/google/inject/internal/TypeConverterBindingProcessor$2
instanceKlass com/google/inject/internal/TypeConverterBindingProcessor$1
instanceKlass com/google/inject/internal/TypeConverterBindingProcessor$5
instanceKlass com/google/inject/internal/FailableCache
instanceKlass com/google/inject/internal/ConstructorInjectorStore
instanceKlass com/google/inject/internal/DeferredLookups
instanceKlass com/google/inject/spi/ProviderBinding
instanceKlass com/google/inject/spi/ConvertedConstantBinding
instanceKlass com/google/inject/internal/InjectorImpl
instanceKlass com/google/inject/internal/Lookups
instanceKlass com/google/inject/internal/InjectorImpl$InjectorOptions
instanceKlass com/google/inject/internal/AbstractProcessor$$Lambda$54
instanceKlass java/lang/invoke/LambdaForm$DMH
instanceKlass com/google/inject/spi/BindingSourceRestriction$$Lambda$53
instanceKlass org/eclipse/sisu/wire/BeanProviders$3
instanceKlass org/sonatype/inject/BeanEntry
instanceKlass org/eclipse/sisu/BeanEntry
instanceKlass com/google/inject/internal/ProvisionListenerStackCallback$ProvisionCallback
instanceKlass com/google/inject/internal/ConstructorInjector
instanceKlass com/google/inject/internal/DefaultConstructionProxyFactory$FastClassProxy
instanceKlass java/lang/invoke/LambdaForm$MH
instanceKlass com/google/inject/internal/aop/AbstractGlueGenerator$$Lambda$52
instanceKlass com/google/inject/internal/aop/ImmutableStringTrie
instanceKlass java/util/function/ToIntFunction
instanceKlass java/lang/invoke/LambdaForm$BMH
instanceKlass java/lang/invoke/LambdaForm$DMH
instanceKlass java/lang/invoke/LambdaForm$DMH
instanceKlass org/apache/maven/plugin/internal/DefaultPluginDependenciesResolver$$FastClassByGuice$$95545
instanceKlass com/google/inject/internal/aop/GeneratedClassDefiner
instanceKlass java/lang/ClassLoader$$DefineAccessByGuice$$
instanceKlass com/google/inject/internal/aop/UnsafeClassDefiner$ClassLoaderDefineClassHolder$$Lambda$51
instanceKlass com/google/inject/internal/aop/UnsafeClassDefiner$ClassLoaderDefineClassHolder
instanceKlass com/google/inject/internal/asm/$Handler
instanceKlass com/google/inject/internal/asm/$Attribute
instanceKlass com/google/inject/internal/aop/BytecodeTasks
instanceKlass com/google/inject/internal/aop/AbstractGlueGenerator$$Lambda$50
instanceKlass com/google/inject/internal/asm/$Handle
instanceKlass com/google/inject/internal/asm/$Label
instanceKlass com/google/inject/internal/asm/$Frame
instanceKlass com/google/inject/internal/asm/$ByteVector
instanceKlass com/google/inject/internal/asm/$Symbol
instanceKlass com/google/inject/internal/asm/$SymbolTable
instanceKlass com/google/inject/internal/asm/$FieldVisitor
instanceKlass com/google/inject/internal/asm/$MethodVisitor
instanceKlass com/google/inject/internal/asm/$AnnotationVisitor
instanceKlass com/google/inject/internal/asm/$ModuleVisitor
instanceKlass com/google/inject/internal/asm/$RecordComponentVisitor
instanceKlass com/google/inject/internal/asm/$ClassVisitor
instanceKlass com/google/inject/internal/aop/AbstractGlueGenerator
instanceKlass com/google/inject/internal/aop/ClassBuilding$$Lambda$49
instanceKlass com/google/inject/internal/aop/ClassBuilding$$Lambda$48
instanceKlass com/google/inject/internal/asm/$Type
instanceKlass com/google/inject/internal/aop/UnsafeClassDefiner$$Lambda$47
instanceKlass com/google/inject/internal/aop/AnonymousClassDefiner
instanceKlass com/google/inject/internal/aop/UnsafeClassDefiner
instanceKlass com/google/inject/internal/aop/ClassDefining$ClassDefinerHolder
instanceKlass com/google/inject/internal/aop/ClassDefiner
instanceKlass com/google/inject/internal/aop/ClassDefining
instanceKlass com/google/inject/internal/aop/ClassBuilding$$Lambda$46
instanceKlass java/lang/invoke/LambdaForm$DMH
instanceKlass com/google/inject/internal/BytecodeGen$$Lambda$45
instanceKlass java/lang/invoke/LambdaForm$DMH
instanceKlass com/google/inject/internal/BytecodeGen$EnhancerBuilder
instanceKlass com/google/inject/internal/aop/ClassBuilding
instanceKlass com/google/common/collect/MapMakerInternalMap$StrongValueEntry
instanceKlass com/google/common/collect/MapMakerInternalMap$WeakKeyStrongValueEntry$Helper
instanceKlass com/google/common/collect/MapMakerInternalMap$InternalEntry
instanceKlass com/google/common/collect/MapMakerInternalMap$1
instanceKlass com/google/common/collect/MapMakerInternalMap$InternalEntryHelper
instanceKlass com/google/common/collect/MapMakerInternalMap$WeakValueReference
instanceKlass com/google/common/collect/MapMaker
instanceKlass com/google/inject/internal/BytecodeGen
instanceKlass com/google/inject/internal/ConstructionProxy
instanceKlass com/google/inject/internal/DefaultConstructionProxyFactory
instanceKlass com/google/inject/internal/ConstructionProxyFactory
instanceKlass com/google/inject/internal/ConstructorBindingImpl$Factory
instanceKlass org/eclipse/sisu/inject/TypeArguments$Implicit
instanceKlass org/eclipse/sisu/wire/PlaceholderBeanProvider
instanceKlass org/eclipse/sisu/wire/BeanProviders$6
instanceKlass org/eclipse/sisu/wire/BeanProviders$7
instanceKlass org/eclipse/sisu/wire/BeanProviders$4
instanceKlass org/eclipse/sisu/wire/BeanProviders$1
instanceKlass com/google/inject/spi/ProviderLookup$1
instanceKlass com/google/inject/spi/ProviderWithDependencies
instanceKlass com/google/inject/spi/ProviderLookup
instanceKlass org/eclipse/sisu/wire/BeanProviders
instanceKlass org/eclipse/sisu/inject/HiddenSource
instanceKlass org/eclipse/sisu/wire/LocatorWiring
instanceKlass com/google/inject/ProvidedBy
instanceKlass com/google/inject/ImplementedBy
instanceKlass org/sonatype/plexus/components/cipher/PBECipher
instanceKlass org/codehaus/classworlds/ClassRealm
instanceKlass org/apache/maven/settings/crypto/SettingsDecryptionResult
instanceKlass org/apache/maven/settings/building/DefaultSettingsProblemCollector
instanceKlass org/apache/maven/settings/merge/MavenSettingsMerger
instanceKlass org/apache/maven/settings/building/SettingsBuildingResult
instanceKlass org/apache/maven/settings/building/SettingsProblemCollector
instanceKlass org/eclipse/aether/impl/MetadataGenerator
instanceKlass org/apache/maven/model/Relocation
instanceKlass org/apache/maven/repository/internal/ArtifactDescriptorReaderDelegate
instanceKlass org/eclipse/aether/named/support/AdaptedSemaphoreNamedLock$AdaptedSemaphore
instanceKlass org/eclipse/aether/named/support/NamedLockSupport
instanceKlass org/eclipse/aether/named/support/NamedLockFactorySupport$NamedLockHolder
instanceKlass org/eclipse/aether/named/NamedLock
instanceKlass org/eclipse/aether/internal/impl/synccontext/named/NamedLockFactoryAdapter
instanceKlass org/eclipse/aether/spi/log/Logger
instanceKlass org/eclipse/aether/internal/impl/filter/PrefixesRemoteRepositoryFilterSource$Node
instanceKlass org/eclipse/aether/spi/connector/filter/RemoteRepositoryFilter$Result
instanceKlass org/eclipse/aether/spi/connector/filter/RemoteRepositoryFilter
instanceKlass org/eclipse/aether/collection/DependencyTraverser
instanceKlass org/eclipse/aether/collection/DependencyManager
instanceKlass org/eclipse/aether/internal/impl/collect/df/DfDependencyCollector$Args
instanceKlass org/eclipse/aether/internal/impl/collect/bf/BfDependencyCollector$DescriptorResolutionResult
instanceKlass org/eclipse/aether/internal/impl/collect/bf/BfDependencyCollector$Args
instanceKlass org/eclipse/aether/internal/impl/collect/bf/DependencyProcessingContext
instanceKlass org/eclipse/aether/internal/impl/collect/bf/DependencyResolutionSkipper
instanceKlass org/eclipse/aether/collection/VersionFilter
instanceKlass org/eclipse/aether/graph/DefaultDependencyNode
instanceKlass org/eclipse/aether/version/Version
instanceKlass org/eclipse/aether/internal/impl/collect/PremanagedDependency
instanceKlass org/eclipse/aether/internal/impl/collect/DependencyCollectorDelegate$Results
instanceKlass org/eclipse/aether/internal/impl/collect/DefaultVersionFilterContext
instanceKlass org/eclipse/aether/internal/impl/collect/DefaultDependencyCollectionContext
instanceKlass org/eclipse/aether/collection/DependencyCollectionContext
instanceKlass org/eclipse/aether/internal/impl/collect/DataPool
instanceKlass org/eclipse/aether/collection/VersionFilter$VersionFilterContext
instanceKlass org/eclipse/aether/collection/DependencyGraphTransformationContext
instanceKlass org/eclipse/aether/spi/connector/Transfer
instanceKlass org/eclipse/aether/internal/impl/checksum/SummaryFileTrustedChecksumsSource$SummaryFileWriter
instanceKlass org/eclipse/aether/internal/impl/checksum/SparseDirectoryTrustedChecksumsSource$SparseDirectoryWriter
instanceKlass org/eclipse/aether/spi/checksums/TrustedChecksumsSource$Writer
instanceKlass org/eclipse/aether/spi/connector/checksum/ChecksumAlgorithm
instanceKlass org/eclipse/aether/impl/UpdateCheck
instanceKlass org/eclipse/aether/spi/connector/transport/Transporter
instanceKlass java/nio/channels/FileLock
instanceKlass org/eclipse/aether/resolution/DependencyResult
instanceKlass org/eclipse/aether/resolution/DependencyRequest
instanceKlass org/eclipse/aether/resolution/VersionRangeResult
instanceKlass org/eclipse/aether/resolution/VersionRangeRequest
instanceKlass org/eclipse/aether/collection/CollectResult
instanceKlass org/eclipse/aether/collection/CollectRequest
instanceKlass org/eclipse/aether/resolution/ArtifactDescriptorRequest
instanceKlass org/eclipse/aether/resolution/VersionRequest
instanceKlass org/eclipse/aether/spi/connector/layout/RepositoryLayout
instanceKlass org/eclipse/aether/RepositoryEvent
instanceKlass org/eclipse/aether/repository/LocalRepository
instanceKlass org/eclipse/aether/internal/impl/LocalPathPrefixComposer
instanceKlass org/eclipse/aether/transform/FileTransformer
instanceKlass org/eclipse/aether/installation/InstallResult
instanceKlass org/eclipse/aether/installation/InstallRequest
instanceKlass org/eclipse/aether/spi/io/FileProcessor$ProgressListener
instanceKlass org/eclipse/aether/internal/impl/DefaultDeployer$EventCatapult
instanceKlass org/eclipse/aether/deployment/DeployResult
instanceKlass org/eclipse/aether/deployment/DeployRequest
instanceKlass org/eclipse/aether/repository/RepositoryPolicy
instanceKlass org/eclipse/aether/transfer/TransferResource
instanceKlass org/eclipse/aether/spi/connector/checksum/ChecksumPolicy
instanceKlass org/eclipse/aether/resolution/VersionResult
instanceKlass org/eclipse/aether/repository/LocalArtifactResult
instanceKlass org/eclipse/aether/resolution/ArtifactRequest
instanceKlass org/eclipse/aether/internal/impl/DefaultArtifactResolver$ResolutionGroup
instanceKlass org/eclipse/aether/SyncContext
instanceKlass org/eclipse/aether/spi/locator/ServiceLocator
instanceKlass org/eclipse/aether/repository/RemoteRepository
instanceKlass org/eclipse/aether/spi/connector/RepositoryConnector
instanceKlass org/apache/maven/model/validation/DefaultModelValidator$1ActivationFrame
instanceKlass org/apache/maven/model/profile/activation/JdkVersionProfileActivator$RangeValue
instanceKlass org/apache/maven/model/InputLocation
instanceKlass org/apache/maven/model/InputSource
instanceKlass org/apache/maven/model/interpolation/StringVisitorModelInterpolator$InnerInterpolator
instanceKlass org/apache/maven/model/ActivationFile
instanceKlass org/apache/maven/model/Activation
instanceKlass org/apache/maven/model/ActivationOS
instanceKlass org/apache/maven/model/ActivationProperty
instanceKlass org/codehaus/plexus/interpolation/RegexBasedInterpolator
instanceKlass org/apache/maven/model/profile/DefaultProfileActivationContext
instanceKlass org/apache/maven/model/building/ModelBuildingEventCatapult
instanceKlass org/apache/maven/model/building/ModelData
instanceKlass org/apache/maven/model/building/DefaultModelProblemCollector
instanceKlass org/apache/maven/model/building/ModelCacheTag
instanceKlass org/apache/maven/model/building/ModelBuildingEvent
instanceKlass org/apache/maven/model/profile/ProfileActivationContext
instanceKlass org/apache/maven/model/building/ModelProblemCollectorExt
instanceKlass org/apache/maven/cli/internal/extension/model/CoreExtension
instanceKlass org/apache/maven/building/ProblemCollector
instanceKlass org/apache/maven/toolchain/merge/MavenToolchainMerger
instanceKlass org/codehaus/plexus/interpolation/InterpolationPostProcessor
instanceKlass org/apache/maven/toolchain/building/ToolchainsBuildingResult
instanceKlass org/eclipse/aether/graph/Dependency
instanceKlass org/eclipse/aether/resolution/ArtifactDescriptorResult
instanceKlass org/apache/maven/plugin/internal/DefaultPluginValidationManager$PluginValidationIssues
instanceKlass com/google/inject/util/Types
instanceKlass org/eclipse/sisu/Nullable
instanceKlass org/eclipse/aether/repository/LocalRepositoryManager
instanceKlass org/eclipse/aether/repository/AuthenticationSelector
instanceKlass org/eclipse/aether/repository/ProxySelector
instanceKlass org/eclipse/aether/repository/MirrorSelector
instanceKlass org/eclipse/aether/resolution/ResolutionErrorPolicy
instanceKlass org/apache/maven/classrealm/ClassRealmManagerDelegate
instanceKlass org/apache/maven/classrealm/ClassRealmConstituent
instanceKlass org/apache/maven/classrealm/ClassRealmRequest
instanceKlass org/eclipse/aether/repository/WorkspaceRepository
instanceKlass org/apache/maven/ArtifactFilterManagerDelegate
instanceKlass org/apache/maven/artifact/resolver/DefaultResolutionErrorHandler
instanceKlass org/apache/maven/repository/metadata/ClasspathContainer
instanceKlass org/apache/maven/repository/metadata/DefaultClasspathTransformation
instanceKlass org/apache/maven/settings/building/SettingsBuildingRequest
instanceKlass org/apache/maven/execution/ProjectDependencyGraph
instanceKlass org/apache/maven/graph/DefaultGraphBuilder
instanceKlass org/apache/maven/repository/metadata/DefaultGraphConflictResolutionPolicy
instanceKlass org/apache/maven/project/validation/ModelValidationResult
instanceKlass org/apache/maven/project/validation/DefaultModelValidator
instanceKlass org/apache/maven/plugin/internal/DefaultPluginManager
instanceKlass org/apache/maven/lifecycle/internal/builder/singlethreaded/SingleThreadedBuilder
instanceKlass org/apache/maven/project/artifact/ProjectArtifactsCache$CacheRecord
instanceKlass org/apache/maven/project/artifact/ProjectArtifactsCache$Key
instanceKlass org/apache/maven/project/artifact/DefaultProjectArtifactsCache
instanceKlass org/apache/maven/project/ProjectRealmCache$Key
instanceKlass org/apache/maven/project/DefaultProjectRealmCache
instanceKlass org/apache/maven/lifecycle/internal/DefaultLifecycleTaskSegmentCalculator
instanceKlass org/apache/maven/model/Reporting
instanceKlass org/apache/maven/model/PluginContainer
instanceKlass org/apache/maven/project/inheritance/DefaultModelInheritanceAssembler
instanceKlass org/apache/maven/plugin/PluginArtifactsCache$CacheRecord
instanceKlass org/apache/maven/plugin/PluginArtifactsCache$Key
instanceKlass org/apache/maven/plugin/DefaultPluginArtifactsCache
instanceKlass org/eclipse/aether/RepositoryListener
instanceKlass org/apache/maven/artifact/handler/manager/DefaultArtifactHandlerManager
instanceKlass org/apache/maven/repository/legacy/resolver/conflict/DefaultConflictResolverFactory
instanceKlass org/apache/maven/exception/ExceptionSummary
instanceKlass org/apache/maven/exception/DefaultExceptionHandler
instanceKlass org/apache/maven/plugin/internal/DefaultLegacySupport
instanceKlass org/apache/maven/artifact/factory/DefaultArtifactFactory
instanceKlass org/apache/maven/model/building/ModelBuildingResult
instanceKlass org/apache/maven/project/ReactorModelPool
instanceKlass org/apache/maven/project/DefaultProjectBuilder$InternalConfig
instanceKlass org/apache/maven/model/resolution/ModelResolver
instanceKlass org/apache/maven/project/ProjectBuildingResult
instanceKlass org/apache/maven/model/building/ModelBuildingListener
instanceKlass org/apache/maven/model/building/ModelCache
instanceKlass org/apache/maven/project/DefaultProjectBuilder
instanceKlass org/apache/maven/plugin/prefix/PluginPrefixResult
instanceKlass org/apache/maven/plugin/prefix/internal/DefaultPluginPrefixResolver
instanceKlass org/apache/maven/lifecycle/internal/DefaultLifecycleExecutionPlanCalculator
instanceKlass org/apache/maven/lifecycle/internal/PhaseRecorder
instanceKlass org/apache/maven/lifecycle/internal/DependencyContext
instanceKlass org/apache/maven/lifecycle/internal/ProjectIndex
instanceKlass org/apache/maven/plugin/MojoExecutionRunner
instanceKlass org/apache/maven/repository/legacy/resolver/conflict/NearestConflictResolver
instanceKlass org/apache/maven/project/ProjectRealmCache$CacheRecord
instanceKlass org/apache/maven/project/DefaultProjectBuildingHelper
instanceKlass org/apache/maven/project/DefaultDependencyResolutionResult
instanceKlass org/apache/maven/project/DependencyResolutionRequest
instanceKlass org/apache/maven/project/DependencyResolutionResult
instanceKlass org/apache/maven/project/DefaultProjectDependenciesResolver
instanceKlass org/apache/maven/lifecycle/internal/builder/multithreaded/ConcurrencyDependencyGraph
instanceKlass org/apache/maven/lifecycle/internal/builder/multithreaded/ThreadOutputMuxer
instanceKlass org/apache/maven/lifecycle/internal/ProjectSegment
instanceKlass org/apache/maven/lifecycle/internal/ReactorBuildStatus
instanceKlass java/util/concurrent/CompletionService
instanceKlass org/apache/maven/lifecycle/internal/builder/multithreaded/MultiThreadedBuilder
instanceKlass org/apache/maven/repository/metadata/MetadataGraphEdge
instanceKlass org/apache/maven/repository/metadata/MetadataGraph
instanceKlass org/apache/maven/repository/metadata/MetadataGraphVertex
instanceKlass org/apache/maven/repository/metadata/DefaultGraphConflictResolver
instanceKlass org/apache/maven/project/artifact/DefaultMavenMetadataCache$CacheKey
instanceKlass org/apache/maven/project/artifact/DefaultMavenMetadataCache
instanceKlass org/apache/maven/lifecycle/internal/TaskSegment
instanceKlass org/apache/maven/lifecycle/internal/ReactorContext
instanceKlass org/apache/maven/execution/ProjectExecutionListener
instanceKlass org/apache/maven/execution/BuildSummary
instanceKlass org/apache/maven/plugin/PluginDescriptorCache$PluginDescriptorSupplier
instanceKlass org/apache/maven/plugin/PluginDescriptorCache$Key
instanceKlass org/apache/maven/plugin/DefaultPluginDescriptorCache
instanceKlass org/apache/maven/lifecycle/internal/DefaultLifecyclePluginAnalyzer$GoalSpec
instanceKlass org/apache/maven/lifecycle/mapping/LifecyclePhase
instanceKlass org/apache/maven/lifecycle/internal/DefaultLifecyclePluginAnalyzer
instanceKlass org/apache/maven/repository/legacy/resolver/conflict/NewestConflictResolver
instanceKlass org/apache/maven/settings/RepositoryPolicy
instanceKlass org/apache/maven/settings/RepositoryBase
instanceKlass org/apache/maven/plugin/DefaultBuildPluginManager
instanceKlass org/eclipse/aether/resolution/ArtifactResult
instanceKlass org/eclipse/aether/artifact/Artifact
instanceKlass org/eclipse/aether/collection/DependencySelector
instanceKlass org/eclipse/aether/resolution/ArtifactDescriptorPolicy
instanceKlass org/apache/maven/plugin/internal/DefaultPluginDependenciesResolver
instanceKlass org/apache/maven/repository/legacy/resolver/conflict/FarthestConflictResolver
instanceKlass org/sonatype/plexus/components/sec/dispatcher/PasswordDecryptor
instanceKlass sun/reflect/generics/tree/MethodTypeSignature
instanceKlass sun/reflect/generics/tree/VoidDescriptor
instanceKlass org/sonatype/plexus/components/sec/dispatcher/model/SettingsSecurity
instanceKlass org/apache/maven/plugin/version/internal/DefaultPluginVersionResult
instanceKlass org/apache/maven/plugin/version/internal/DefaultPluginVersionResolver$Versions
instanceKlass org/eclipse/aether/RequestTrace
instanceKlass org/apache/maven/plugin/version/internal/DefaultPluginVersionResolver$Key
instanceKlass org/eclipse/aether/repository/ArtifactRepository
instanceKlass org/eclipse/aether/metadata/Metadata
instanceKlass org/apache/maven/plugin/version/PluginVersionResult
instanceKlass org/apache/maven/plugin/version/internal/DefaultPluginVersionResolver
instanceKlass org/apache/maven/artifact/versioning/VersionRange
instanceKlass org/apache/maven/repository/legacy/resolver/DefaultLegacyArtifactCollector
instanceKlass org/eclipse/aether/util/graph/visitor/AbstractDepthFirstNodeListGenerator
instanceKlass org/eclipse/aether/graph/DependencyNode
instanceKlass org/codehaus/plexus/component/repository/ComponentSetDescriptor
instanceKlass org/apache/maven/plugin/descriptor/PluginDescriptorBuilder
instanceKlass org/codehaus/plexus/component/configurator/ConfigurationListener
instanceKlass org/eclipse/aether/graph/DependencyVisitor
instanceKlass org/apache/maven/plugin/logging/Log
instanceKlass org/apache/maven/plugin/internal/DefaultMavenPluginManager
instanceKlass org/apache/maven/toolchain/DefaultToolchainManager
instanceKlass org/apache/maven/plugin/descriptor/Parameter
instanceKlass org/apache/maven/lifecycle/internal/DefaultMojoExecutionConfigurator
instanceKlass org/apache/maven/artifact/versioning/ArtifactVersion
instanceKlass org/apache/maven/execution/DefaultRuntimeInformation
instanceKlass org/apache/maven/lifecycle/internal/DefaultLifecycleMappingDelegate
instanceKlass org/eclipse/aether/DefaultRepositorySystemSession
instanceKlass org/apache/maven/model/building/Result
instanceKlass org/apache/maven/execution/MavenExecutionResult
instanceKlass org/apache/maven/DefaultMaven
instanceKlass org/apache/maven/model/building/ModelProblemCollector
instanceKlass org/apache/maven/model/building/ModelBuildingRequest
instanceKlass org/apache/maven/model/merge/ModelMerger
instanceKlass org/apache/maven/model/plugin/DefaultLifecycleBindingsInjector
instanceKlass org/apache/maven/artifact/repository/DefaultArtifactRepositoryFactory
instanceKlass org/apache/maven/repository/legacy/resolver/transform/DefaultArtifactTransformationManager
instanceKlass org/apache/maven/toolchain/DefaultToolchain
instanceKlass org/apache/maven/toolchain/ToolchainPrivate
instanceKlass org/apache/maven/toolchain/java/JavaToolchain
instanceKlass org/apache/maven/toolchain/Toolchain
instanceKlass org/apache/maven/toolchain/java/JavaToolchainFactory
instanceKlass org/apache/maven/profiles/ProfileManager
instanceKlass org/apache/maven/model/building/ModelSource
instanceKlass org/apache/maven/project/ProjectBuilderConfiguration
instanceKlass org/apache/maven/project/DefaultMavenProjectBuilder
instanceKlass org/apache/maven/DefaultProjectDependenciesResolver
instanceKlass org/apache/maven/wagon/observers/ChecksumObserver
instanceKlass org/apache/maven/repository/legacy/DefaultWagonManager
instanceKlass org/apache/maven/plugin/ExtensionRealmCache$CacheRecord
instanceKlass org/apache/maven/plugin/ExtensionRealmCache$Key
instanceKlass org/apache/maven/plugin/DefaultExtensionRealmCache
instanceKlass org/apache/maven/repository/legacy/repository/DefaultArtifactRepositoryFactory
instanceKlass org/apache/maven/artifact/repository/metadata/Versioning
instanceKlass org/apache/maven/artifact/repository/layout/FlatRepositoryLayout
instanceKlass org/apache/maven/repository/DefaultMirrorSelector
instanceKlass org/apache/maven/lifecycle/mapping/DefaultLifecycleMapping
instanceKlass org/apache/maven/lifecycle/MavenExecutionPlan
instanceKlass org/apache/maven/lifecycle/DefaultLifecycleExecutor
instanceKlass org/eclipse/aether/graph/DependencyFilter
instanceKlass org/apache/maven/plugin/PluginRealmCache$CacheRecord
instanceKlass org/apache/maven/plugin/PluginRealmCache$PluginRealmSupplier
instanceKlass org/apache/maven/plugin/PluginRealmCache$Key
instanceKlass org/apache/maven/plugin/DefaultPluginRealmCache
instanceKlass org/apache/maven/artifact/repository/metadata/io/DefaultMetadataReader
instanceKlass org/apache/maven/project/artifact/MavenMetadataSource$ProjectRelocation
instanceKlass org/apache/maven/model/building/ModelProblem
instanceKlass org/apache/maven/artifact/repository/metadata/Metadata
instanceKlass org/apache/maven/artifact/repository/metadata/RepositoryMetadata
instanceKlass org/apache/maven/repository/legacy/metadata/ResolutionGroup
instanceKlass org/apache/maven/project/artifact/MavenMetadataSource
instanceKlass org/apache/maven/plugin/prefix/PluginPrefixRequest
instanceKlass org/apache/maven/plugin/version/PluginVersionRequest
instanceKlass org/apache/maven/repository/legacy/metadata/MetadataResolutionRequest
instanceKlass java/util/concurrent/ThreadFactory
instanceKlass org/apache/maven/artifact/resolver/DefaultArtifactResolver
instanceKlass org/apache/maven/profiles/ProfilesRoot
instanceKlass org/codehaus/plexus/logging/AbstractLogEnabled
instanceKlass org/apache/maven/artifact/repository/Authentication
instanceKlass org/apache/maven/model/RepositoryPolicy
instanceKlass org/apache/maven/model/Dependency
instanceKlass org/apache/maven/model/ConfigurationContainer
instanceKlass org/apache/maven/model/RepositoryBase
instanceKlass org/apache/maven/artifact/repository/ArtifactRepositoryPolicy
instanceKlass org/apache/maven/settings/TrackableBase
instanceKlass org/apache/maven/repository/Proxy
instanceKlass org/eclipse/aether/RepositorySystemSession
instanceKlass org/apache/maven/repository/ArtifactTransferListener
instanceKlass org/apache/maven/artifact/resolver/ArtifactResolutionResult
instanceKlass org/apache/maven/artifact/resolver/ArtifactResolutionRequest
instanceKlass org/apache/maven/artifact/repository/RepositoryRequest
instanceKlass org/apache/maven/artifact/resolver/filter/ArtifactFilter
instanceKlass org/apache/maven/settings/crypto/SettingsDecryptionRequest
instanceKlass org/apache/maven/repository/legacy/LegacyRepositorySystem
instanceKlass org/apache/maven/model/ModelBase
instanceKlass org/apache/maven/model/InputLocationTracker
instanceKlass org/apache/maven/project/path/DefaultPathTranslator
instanceKlass org/apache/maven/configuration/BeanConfigurationRequest
instanceKlass org/codehaus/plexus/component/configurator/expression/ExpressionEvaluator
instanceKlass org/codehaus/plexus/configuration/PlexusConfiguration
instanceKlass org/codehaus/plexus/component/configurator/converters/lookup/ConverterLookup
instanceKlass org/apache/maven/configuration/internal/DefaultBeanConfigurator
instanceKlass org/apache/maven/execution/ExecutionEvent
instanceKlass org/apache/maven/lifecycle/internal/DefaultExecutionEventCatapult
instanceKlass org/apache/maven/toolchain/model/TrackableBase
instanceKlass org/apache/maven/toolchain/DefaultToolchainsBuilder
instanceKlass org/apache/maven/artifact/resolver/ResolutionNode
instanceKlass org/apache/maven/repository/legacy/resolver/conflict/OldestConflictResolver
instanceKlass org/apache/http/config/Registry
instanceKlass org/apache/http/impl/conn/PoolingHttpClientConnectionManager
instanceKlass org/apache/http/pool/ConnPoolControl
instanceKlass org/apache/http/client/methods/CloseableHttpResponse
instanceKlass org/apache/http/HttpResponse
instanceKlass org/apache/maven/wagon/shared/http/BasicAuthScope
instanceKlass org/apache/maven/wagon/shared/http/HttpConfiguration
instanceKlass org/apache/http/impl/client/CloseableHttpClient
instanceKlass org/apache/http/client/HttpClient
instanceKlass org/apache/http/client/RedirectStrategy
instanceKlass org/apache/http/config/Lookup
instanceKlass org/apache/http/Header
instanceKlass org/apache/http/NameValuePair
instanceKlass org/apache/http/conn/ssl/TrustStrategy
instanceKlass org/apache/http/ssl/TrustStrategy
instanceKlass org/apache/http/auth/Credentials
instanceKlass org/apache/http/client/AuthCache
instanceKlass org/apache/http/client/CredentialsProvider
instanceKlass org/apache/http/client/HttpRequestRetryHandler
instanceKlass org/apache/http/client/ServiceUnavailableRetryStrategy
instanceKlass org/apache/http/protocol/HttpContext
instanceKlass org/apache/http/client/methods/HttpUriRequest
instanceKlass org/apache/http/HttpRequest
instanceKlass org/apache/http/HttpMessage
instanceKlass org/apache/http/auth/AuthScheme
instanceKlass org/apache/http/HttpEntity
instanceKlass org/apache/http/conn/HttpClientConnectionManager
instanceKlass org/apache/maven/wagon/OutputData
instanceKlass org/apache/maven/wagon/InputData
instanceKlass java/util/EventObject
instanceKlass org/apache/maven/wagon/events/TransferListener
instanceKlass org/apache/maven/wagon/events/SessionListener
instanceKlass org/apache/maven/wagon/resource/Resource
instanceKlass org/apache/maven/wagon/repository/RepositoryPermissions
instanceKlass org/apache/maven/wagon/proxy/ProxyInfo
instanceKlass org/apache/maven/wagon/authentication/AuthenticationInfo
instanceKlass org/apache/maven/wagon/events/TransferEventSupport
instanceKlass org/apache/maven/wagon/events/SessionEventSupport
instanceKlass org/apache/maven/wagon/repository/Repository
instanceKlass org/apache/maven/wagon/proxy/ProxyInfoProvider
instanceKlass org/apache/maven/wagon/AbstractWagon
instanceKlass org/apache/maven/wagon/StreamingWagon
instanceKlass org/apache/maven/artifact/Artifact
instanceKlass org/apache/maven/artifact/repository/ArtifactRepository
instanceKlass org/apache/maven/artifact/metadata/ArtifactMetadata
instanceKlass org/apache/maven/repository/legacy/metadata/ArtifactMetadata
instanceKlass org/apache/maven/artifact/repository/layout/DefaultRepositoryLayout
instanceKlass org/eclipse/aether/version/VersionScheme
instanceKlass org/apache/maven/rtinfo/internal/DefaultRuntimeInformation
instanceKlass org/apache/maven/lifecycle/internal/ProjectBuildList
instanceKlass org/apache/maven/artifact/handler/DefaultArtifactHandler
instanceKlass org/eclipse/sisu/space/asm/Handler
instanceKlass org/eclipse/sisu/space/asm/Frame
instanceKlass org/eclipse/sisu/space/asm/ByteVector
instanceKlass org/eclipse/sisu/space/asm/Symbol
instanceKlass org/eclipse/sisu/space/asm/SymbolTable
instanceKlass org/eclipse/sisu/space/asm/RecordComponentVisitor
instanceKlass org/eclipse/sisu/space/asm/ModuleVisitor
instanceKlass org/eclipse/sisu/space/asm/MethodVisitor
instanceKlass org/eclipse/sisu/space/asm/FieldVisitor
instanceKlass com/google/inject/spi/ProviderWithExtensionVisitor
instanceKlass com/google/common/collect/Iterables
instanceKlass java/util/stream/ForEachOps$ForEachOp
instanceKlass java/util/stream/ForEachOps
instanceKlass com/google/inject/spi/InjectionPoint$$Lambda$44
instanceKlass com/google/inject/spi/InjectionPoint$$Lambda$43
instanceKlass com/google/inject/spi/InjectionPoint$$Lambda$42
instanceKlass java/util/ArrayList$ArrayListSpliterator
instanceKlass com/google/inject/spi/InjectionPoint$$Lambda$41
instanceKlass org/eclipse/sisu/plexus/PlexusBean
instanceKlass org/codehaus/plexus/component/repository/ComponentDescriptor
instanceKlass com/google/inject/spi/ProvidesMethodBinding
instanceKlass org/eclipse/sisu/inject/Guice4
instanceKlass com/google/inject/internal/GuiceInternal
instanceKlass org/sonatype/inject/Parameters
instanceKlass org/eclipse/sisu/plexus/PlexusXmlBeanConverter
instanceKlass org/eclipse/sisu/plexus/PlexusBeanConverter
instanceKlass com/google/inject/spi/TypeConverterBinding
instanceKlass java/lang/reflect/AnnotatedParameterizedType
instanceKlass sun/reflect/generics/tree/Wildcard
instanceKlass sun/reflect/generics/tree/BottomSignature
instanceKlass org/eclipse/sisu/inject/DefaultRankingFunction
instanceKlass com/google/inject/spi/ProvisionListenerBinding
instanceKlass com/google/inject/spi/TypeListenerBinding
instanceKlass org/eclipse/sisu/bean/BeanListener
instanceKlass com/google/inject/matcher/Matchers
instanceKlass org/eclipse/sisu/bean/PropertyBinder
instanceKlass org/eclipse/sisu/plexus/PlexusBeanBinder
instanceKlass com/google/inject/spi/InjectionListener
instanceKlass org/sonatype/plexus/components/sec/dispatcher/DefaultSecDispatcher
instanceKlass org/sonatype/plexus/components/cipher/DefaultPlexusCipher
instanceKlass org/sonatype/plexus/components/cipher/PlexusCipher
instanceKlass org/codehaus/plexus/component/configurator/AbstractComponentConfigurator
instanceKlass org/codehaus/plexus/component/configurator/ComponentConfigurator
instanceKlass org/apache/maven/settings/validation/DefaultSettingsValidator
instanceKlass org/apache/maven/settings/validation/SettingsValidator
instanceKlass org/apache/maven/settings/io/DefaultSettingsWriter
instanceKlass org/apache/maven/settings/io/SettingsWriter
instanceKlass org/apache/maven/settings/io/DefaultSettingsReader
instanceKlass org/apache/maven/settings/io/SettingsReader
instanceKlass org/apache/maven/settings/crypto/DefaultSettingsDecrypter
instanceKlass org/apache/maven/settings/crypto/SettingsDecrypter
instanceKlass org/apache/maven/settings/building/DefaultSettingsBuilder
instanceKlass org/apache/maven/settings/building/SettingsBuilder
instanceKlass org/eclipse/aether/transport/wagon/WagonTransporterFactory
instanceKlass org/eclipse/aether/internal/transport/wagon/PlexusWagonProvider
instanceKlass org/eclipse/aether/transport/wagon/WagonProvider
instanceKlass org/eclipse/aether/internal/transport/wagon/PlexusWagonConfigurator
instanceKlass org/eclipse/aether/transport/wagon/WagonConfigurator
instanceKlass org/eclipse/aether/transport/http/ChecksumExtractor
instanceKlass org/eclipse/aether/transport/http/HttpTransporterFactory
instanceKlass org/eclipse/aether/transport/file/FileTransporterFactory
instanceKlass org/eclipse/aether/spi/connector/transport/TransporterFactory
instanceKlass org/apache/maven/repository/internal/VersionsMetadataGeneratorFactory
instanceKlass org/apache/maven/repository/internal/SnapshotMetadataGeneratorFactory
instanceKlass org/apache/maven/repository/internal/PluginsMetadataGeneratorFactory
instanceKlass org/eclipse/aether/impl/MetadataGeneratorFactory
instanceKlass org/apache/maven/repository/internal/DefaultVersionResolver
instanceKlass org/eclipse/aether/impl/VersionResolver
instanceKlass org/apache/maven/repository/internal/DefaultVersionRangeResolver
instanceKlass org/eclipse/aether/impl/VersionRangeResolver
instanceKlass org/apache/maven/repository/internal/DefaultModelCacheFactory
instanceKlass org/apache/maven/repository/internal/ModelCacheFactory
instanceKlass org/apache/maven/repository/internal/DefaultArtifactDescriptorReader
instanceKlass org/eclipse/aether/impl/ArtifactDescriptorReader
instanceKlass org/eclipse/aether/named/support/NamedLockFactorySupport
instanceKlass org/eclipse/aether/named/NamedLockFactory
instanceKlass org/eclipse/aether/internal/impl/synccontext/named/providers/StaticNameMapperProvider
instanceKlass org/eclipse/aether/internal/impl/synccontext/named/providers/GAVNameMapperProvider
instanceKlass org/eclipse/aether/internal/impl/synccontext/named/providers/FileStaticNameMapperProvider
instanceKlass org/eclipse/aether/internal/impl/synccontext/named/providers/FileHashingGAVNameMapperProvider
instanceKlass org/eclipse/aether/internal/impl/synccontext/named/providers/FileGAVNameMapperProvider
instanceKlass org/eclipse/aether/internal/impl/synccontext/named/NameMapper
instanceKlass org/eclipse/aether/internal/impl/synccontext/named/providers/DiscriminatingNameMapperProvider
instanceKlass org/eclipse/aether/internal/impl/synccontext/named/NamedLockFactoryAdapterFactoryImpl
instanceKlass org/eclipse/aether/internal/impl/synccontext/named/NamedLockFactoryAdapterFactory
instanceKlass org/eclipse/aether/internal/impl/synccontext/legacy/DefaultSyncContextFactory
instanceKlass org/eclipse/aether/impl/SyncContextFactory
instanceKlass org/eclipse/aether/internal/impl/synccontext/DefaultSyncContextFactory
instanceKlass org/eclipse/aether/spi/synccontext/SyncContextFactory
instanceKlass java/lang/Deprecated
instanceKlass org/eclipse/aether/internal/impl/slf4j/Slf4jLoggerFactory
instanceKlass org/eclipse/aether/internal/impl/resolution/ArtifactResolverPostProcessorSupport
instanceKlass org/eclipse/aether/internal/impl/filter/RemoteRepositoryFilterSourceSupport
instanceKlass org/eclipse/aether/spi/connector/filter/RemoteRepositoryFilterSource
instanceKlass org/eclipse/aether/spi/resolution/ArtifactResolverPostProcessor
instanceKlass org/eclipse/aether/internal/impl/filter/DefaultRemoteRepositoryFilterManager
instanceKlass org/eclipse/aether/impl/RemoteRepositoryFilterManager
instanceKlass org/eclipse/aether/internal/impl/collect/DependencyCollectorDelegate
instanceKlass org/eclipse/aether/internal/impl/collect/DefaultDependencyCollector
instanceKlass org/eclipse/aether/impl/DependencyCollector
instanceKlass org/eclipse/aether/internal/impl/checksum/TrustedToProvidedChecksumsSourceAdapter
instanceKlass org/eclipse/aether/spi/checksums/ProvidedChecksumsSource
instanceKlass org/eclipse/aether/internal/impl/checksum/FileTrustedChecksumsSourceSupport
instanceKlass org/eclipse/aether/spi/checksums/TrustedChecksumsSource
instanceKlass org/eclipse/aether/spi/connector/checksum/ChecksumAlgorithmFactorySupport
instanceKlass org/eclipse/aether/spi/connector/checksum/ChecksumAlgorithmFactory
instanceKlass org/eclipse/aether/internal/impl/checksum/DefaultChecksumAlgorithmFactorySelector
instanceKlass org/eclipse/aether/spi/connector/checksum/ChecksumAlgorithmFactorySelector
instanceKlass org/eclipse/aether/internal/impl/SimpleLocalRepositoryManagerFactory
instanceKlass org/eclipse/aether/internal/impl/Maven2RepositoryLayoutFactory
instanceKlass org/eclipse/aether/spi/connector/layout/RepositoryLayoutFactory
instanceKlass org/eclipse/aether/spi/log/LoggerFactory
instanceKlass org/eclipse/aether/internal/impl/LoggerFactoryProvider
instanceKlass org/eclipse/aether/internal/impl/EnhancedLocalRepositoryManagerFactory
instanceKlass org/eclipse/aether/spi/localrepo/LocalRepositoryManagerFactory
instanceKlass org/eclipse/aether/internal/impl/DefaultUpdatePolicyAnalyzer
instanceKlass org/eclipse/aether/impl/UpdatePolicyAnalyzer
instanceKlass org/eclipse/aether/internal/impl/DefaultUpdateCheckManager
instanceKlass org/eclipse/aether/impl/UpdateCheckManager
instanceKlass org/eclipse/aether/internal/impl/DefaultTransporterProvider
instanceKlass org/eclipse/aether/spi/connector/transport/TransporterProvider
instanceKlass org/eclipse/aether/internal/impl/DefaultTrackingFileManager
instanceKlass org/eclipse/aether/internal/impl/TrackingFileManager
instanceKlass org/eclipse/aether/internal/impl/DefaultRepositorySystemLifecycle
instanceKlass org/eclipse/aether/impl/RepositorySystemLifecycle
instanceKlass org/eclipse/aether/internal/impl/DefaultRepositorySystem
instanceKlass org/eclipse/aether/RepositorySystem
instanceKlass org/eclipse/aether/internal/impl/DefaultRepositoryLayoutProvider
instanceKlass org/eclipse/aether/spi/connector/layout/RepositoryLayoutProvider
instanceKlass org/eclipse/aether/internal/impl/DefaultRepositoryEventDispatcher
instanceKlass org/eclipse/aether/impl/RepositoryEventDispatcher
instanceKlass org/eclipse/aether/internal/impl/DefaultRepositoryConnectorProvider
instanceKlass org/eclipse/aether/impl/RepositoryConnectorProvider
instanceKlass org/eclipse/aether/internal/impl/DefaultRemoteRepositoryManager
instanceKlass org/eclipse/aether/impl/RemoteRepositoryManager
instanceKlass org/eclipse/aether/internal/impl/DefaultOfflineController
instanceKlass org/eclipse/aether/impl/OfflineController
instanceKlass org/eclipse/aether/internal/impl/DefaultMetadataResolver
instanceKlass org/eclipse/aether/impl/MetadataResolver
instanceKlass org/eclipse/aether/internal/impl/DefaultLocalRepositoryProvider
instanceKlass org/eclipse/aether/impl/LocalRepositoryProvider
instanceKlass org/eclipse/aether/internal/impl/LocalPathPrefixComposerFactorySupport
instanceKlass org/eclipse/aether/internal/impl/LocalPathPrefixComposerFactory
instanceKlass org/eclipse/aether/internal/impl/DefaultLocalPathComposer
instanceKlass org/eclipse/aether/internal/impl/LocalPathComposer
instanceKlass org/eclipse/aether/internal/impl/DefaultInstaller
instanceKlass org/eclipse/aether/impl/Installer
instanceKlass org/eclipse/aether/internal/impl/DefaultFileProcessor
instanceKlass org/eclipse/aether/spi/io/FileProcessor
instanceKlass org/eclipse/aether/internal/impl/DefaultDeployer
instanceKlass org/eclipse/aether/impl/Deployer
instanceKlass org/eclipse/aether/internal/impl/DefaultChecksumPolicyProvider
instanceKlass org/eclipse/aether/spi/connector/checksum/ChecksumPolicyProvider
instanceKlass org/eclipse/aether/internal/impl/DefaultArtifactResolver
instanceKlass org/eclipse/aether/impl/ArtifactResolver
instanceKlass org/eclipse/aether/connector/basic/BasicRepositoryConnectorFactory
instanceKlass org/eclipse/aether/spi/locator/Service
instanceKlass org/eclipse/aether/spi/connector/RepositoryConnectorFactory
instanceKlass org/apache/maven/model/validation/DefaultModelValidator
instanceKlass org/apache/maven/model/validation/ModelValidator
instanceKlass org/apache/maven/model/superpom/DefaultSuperPomProvider
instanceKlass org/apache/maven/model/superpom/SuperPomProvider
instanceKlass org/apache/maven/model/profile/activation/PropertyProfileActivator
instanceKlass org/apache/maven/model/profile/activation/OperatingSystemProfileActivator
instanceKlass org/apache/maven/model/profile/activation/JdkVersionProfileActivator
instanceKlass org/apache/maven/model/profile/activation/FileProfileActivator
instanceKlass org/apache/maven/model/profile/activation/ProfileActivator
instanceKlass org/apache/maven/model/profile/DefaultProfileSelector
instanceKlass org/apache/maven/model/profile/ProfileSelector
instanceKlass org/apache/maven/model/profile/DefaultProfileInjector
instanceKlass org/apache/maven/model/profile/ProfileInjector
instanceKlass org/apache/maven/model/plugin/DefaultReportingConverter
instanceKlass org/apache/maven/model/plugin/ReportingConverter
instanceKlass org/apache/maven/model/plugin/DefaultReportConfigurationExpander
instanceKlass org/apache/maven/model/plugin/ReportConfigurationExpander
instanceKlass org/apache/maven/model/plugin/DefaultPluginConfigurationExpander
instanceKlass org/apache/maven/model/plugin/PluginConfigurationExpander
instanceKlass org/apache/maven/model/path/ProfileActivationFilePathInterpolator
instanceKlass org/apache/maven/model/path/DefaultUrlNormalizer
instanceKlass org/apache/maven/model/path/UrlNormalizer
instanceKlass org/apache/maven/model/path/DefaultPathTranslator
instanceKlass org/apache/maven/model/path/PathTranslator
instanceKlass org/apache/maven/model/path/DefaultModelUrlNormalizer
instanceKlass org/apache/maven/model/path/ModelUrlNormalizer
instanceKlass org/apache/maven/model/path/DefaultModelPathTranslator
instanceKlass org/apache/maven/model/path/ModelPathTranslator
instanceKlass org/apache/maven/model/normalization/DefaultModelNormalizer
instanceKlass org/apache/maven/model/normalization/ModelNormalizer
instanceKlass org/apache/maven/model/management/DefaultPluginManagementInjector
instanceKlass org/apache/maven/model/management/PluginManagementInjector
instanceKlass org/apache/maven/model/management/DefaultDependencyManagementInjector
instanceKlass org/apache/maven/model/management/DependencyManagementInjector
instanceKlass org/apache/maven/model/locator/DefaultModelLocator
instanceKlass org/apache/maven/model/io/DefaultModelWriter
instanceKlass org/apache/maven/model/io/ModelWriter
instanceKlass org/apache/maven/model/io/DefaultModelReader
instanceKlass org/apache/maven/model/interpolation/AbstractStringBasedModelInterpolator
instanceKlass org/apache/maven/model/interpolation/ModelInterpolator
instanceKlass org/apache/maven/model/interpolation/DefaultModelVersionProcessor
instanceKlass org/apache/maven/model/interpolation/ModelVersionProcessor
instanceKlass org/apache/maven/model/inheritance/DefaultInheritanceAssembler
instanceKlass org/apache/maven/model/inheritance/InheritanceAssembler
instanceKlass org/apache/maven/model/composition/DefaultDependencyManagementImporter
instanceKlass org/apache/maven/model/composition/DependencyManagementImporter
instanceKlass org/apache/maven/model/building/DefaultModelProcessor
instanceKlass org/apache/maven/model/building/ModelProcessor
instanceKlass org/apache/maven/model/io/ModelReader
instanceKlass org/apache/maven/model/locator/ModelLocator
instanceKlass org/apache/maven/model/building/DefaultModelBuilder
instanceKlass org/apache/maven/model/building/ModelBuilder
instanceKlass org/apache/maven/cli/internal/BootstrapCoreExtensionManager
instanceKlass org/apache/maven/cli/configuration/SettingsXmlConfigurationProcessor
instanceKlass org/apache/maven/cli/configuration/ConfigurationProcessor
instanceKlass org/apache/maven/toolchain/io/DefaultToolchainsWriter
instanceKlass org/apache/maven/toolchain/io/ToolchainsWriter
instanceKlass org/apache/maven/toolchain/io/DefaultToolchainsReader
instanceKlass org/apache/maven/toolchain/io/ToolchainsReader
instanceKlass org/apache/maven/toolchain/building/DefaultToolchainsBuilder
instanceKlass org/apache/maven/toolchain/building/ToolchainsBuilder
instanceKlass java/lang/invoke/LambdaForm$Hidden
instanceKlass org/apache/maven/execution/MavenSession
instanceKlass org/apache/maven/session/scope/internal/SessionScope$ScopeState
instanceKlass org/apache/maven/session/scope/internal/SessionScope$$Lambda$40
instanceKlass org/apache/maven/session/scope/internal/SessionScope
instanceKlass sun/reflect/ClassDefiner$1
instanceKlass sun/reflect/ClassDefiner
instanceKlass sun/reflect/MethodAccessorGenerator$1
instanceKlass sun/reflect/Label$PatchInfo
instanceKlass sun/reflect/Label
instanceKlass sun/reflect/UTF8
instanceKlass sun/reflect/ClassFileAssembler
instanceKlass sun/reflect/ByteVectorImpl
instanceKlass sun/reflect/ByteVector
instanceKlass sun/reflect/ByteVectorFactory
instanceKlass sun/reflect/AccessorGenerator
instanceKlass sun/reflect/ClassFileConstants
instanceKlass org/apache/maven/plugin/internal/AbstractMavenPluginDependenciesValidator
instanceKlass org/apache/maven/plugin/internal/MavenPluginDependenciesValidator
instanceKlass org/apache/maven/plugin/internal/AbstractMavenPluginParametersValidator
instanceKlass org/apache/maven/plugin/internal/MavenPluginConfigurationValidator
instanceKlass org/apache/maven/eventspy/AbstractEventSpy
instanceKlass org/apache/maven/eventspy/EventSpy
instanceKlass org/apache/maven/plugin/PluginValidationManager
instanceKlass org/apache/maven/plugin/DefaultMojosExecutionStrategy
instanceKlass org/apache/maven/plugin/MojosExecutionStrategy
instanceKlass org/apache/maven/lifecycle/internal/LifecycleDependencyResolver
instanceKlass org/apache/maven/lifecycle/internal/DefaultProjectArtifactFactory
instanceKlass org/apache/maven/lifecycle/internal/ProjectArtifactFactory
instanceKlass org/apache/maven/internal/aether/ResolverLifecycle
instanceKlass org/apache/maven/internal/aether/DefaultRepositorySystemSessionFactory
instanceKlass org/apache/maven/extension/internal/CoreExportsProvider
instanceKlass org/apache/maven/plugin/MojoExecution
instanceKlass org/apache/maven/project/MavenProject
instanceKlass org/apache/maven/execution/MojoExecutionEvent
instanceKlass org/apache/maven/execution/scope/internal/MojoExecutionScope$ScopeState
instanceKlass org/apache/maven/execution/scope/MojoExecutionScoped
instanceKlass com/google/inject/RestrictedBindingSource$Permit
instanceKlass org/apache/maven/execution/scope/internal/MojoExecutionScope$1
instanceKlass org/apache/maven/execution/scope/internal/MojoExecutionScope
instanceKlass org/apache/maven/execution/MojoExecutionListener
instanceKlass org/eclipse/sisu/space/QualifiedTypeBinder$1
instanceKlass org/apache/maven/execution/DefaultMavenExecutionRequestPopulator
instanceKlass org/apache/maven/execution/MavenExecutionRequestPopulator
instanceKlass org/apache/maven/classrealm/DefaultClassRealmManager
instanceKlass org/apache/maven/classrealm/ClassRealmManager
instanceKlass org/apache/maven/SessionScoped
instanceKlass org/apache/maven/ReactorReader
instanceKlass org/apache/maven/repository/internal/MavenWorkspaceReader
instanceKlass org/eclipse/aether/repository/WorkspaceReader
instanceKlass org/eclipse/sisu/space/WildcardKey$QualifiedImpl
instanceKlass org/eclipse/sisu/space/WildcardKey$Qualified
instanceKlass org/eclipse/sisu/space/WildcardKey
instanceKlass org/eclipse/sisu/Typed
instanceKlass org/sonatype/inject/EagerSingleton
instanceKlass org/eclipse/sisu/EagerSingleton
instanceKlass org/sonatype/inject/Mediator
instanceKlass org/eclipse/sisu/inject/TypeArguments
instanceKlass org/apache/maven/DefaultArtifactFilterManager
instanceKlass org/apache/maven/ArtifactFilterManager
instanceKlass org/eclipse/sisu/space/asm/Context
instanceKlass org/eclipse/sisu/space/asm/Attribute
instanceKlass org/eclipse/sisu/space/asm/AnnotationVisitor
instanceKlass org/eclipse/sisu/space/asm/ClassReader
instanceKlass org/eclipse/sisu/space/IndexedClassFinder$1
instanceKlass org/eclipse/sisu/inject/Logs$SLF4JSink
instanceKlass org/eclipse/sisu/inject/Logs$Sink
instanceKlass org/eclipse/sisu/inject/Logs
instanceKlass org/eclipse/sisu/space/QualifierCache
instanceKlass org/eclipse/sisu/space/QualifiedTypeVisitor
instanceKlass org/eclipse/sisu/plexus/PlexusTypeVisitor$ComponentAnnotationVisitor
instanceKlass org/eclipse/sisu/space/AnnotationVisitor
instanceKlass org/eclipse/sisu/plexus/PlexusTypeVisitor
instanceKlass org/eclipse/sisu/space/ClassVisitor
instanceKlass org/eclipse/sisu/plexus/PlexusXmlBeanModule$PlexusXmlBeanSource
instanceKlass org/eclipse/sisu/inject/DescriptionSource
instanceKlass org/eclipse/sisu/inject/AnnotatedSource
instanceKlass org/eclipse/sisu/Hidden
instanceKlass org/eclipse/sisu/Priority
instanceKlass org/eclipse/sisu/Description
instanceKlass org/eclipse/sisu/inject/Sources
instanceKlass com/google/inject/internal/MoreTypes$ParameterizedTypeImpl
instanceKlass sun/reflect/generics/reflectiveObjects/ParameterizedTypeImpl
instanceKlass sun/reflect/generics/reflectiveObjects/LazyReflectiveObjectGenerator
instanceKlass com/google/inject/Key$AnnotationInstanceStrategy
instanceKlass com/google/inject/name/NamedImpl
instanceKlass com/google/inject/name/Named
instanceKlass com/google/inject/name/Names
instanceKlass org/apache/maven/wagon/Wagon
instanceKlass org/apache/maven/toolchain/ToolchainsBuilder
instanceKlass org/apache/maven/toolchain/ToolchainManagerPrivate
instanceKlass org/apache/maven/toolchain/ToolchainManager
instanceKlass org/apache/maven/toolchain/ToolchainFactory
instanceKlass org/apache/maven/settings/MavenSettingsBuilder
instanceKlass org/apache/maven/rtinfo/RuntimeInformation
instanceKlass org/apache/maven/project/artifact/ProjectArtifactsCache
instanceKlass org/apache/maven/project/artifact/MavenMetadataCache
instanceKlass org/apache/maven/project/ProjectRealmCache
instanceKlass org/apache/maven/project/ProjectDependenciesResolver
instanceKlass org/apache/maven/project/ProjectBuildingHelper
instanceKlass org/apache/maven/project/ProjectBuilder
instanceKlass org/apache/maven/project/MavenProjectHelper
instanceKlass org/apache/maven/plugin/version/PluginVersionResolver
instanceKlass org/apache/maven/plugin/prefix/PluginPrefixResolver
instanceKlass org/apache/maven/plugin/internal/PluginDependenciesResolver
instanceKlass org/apache/maven/plugin/PluginRealmCache
instanceKlass org/apache/maven/plugin/PluginManager
instanceKlass org/apache/maven/plugin/PluginDescriptorCache
instanceKlass org/apache/maven/plugin/PluginArtifactsCache
instanceKlass org/apache/maven/plugin/MavenPluginManager
instanceKlass org/apache/maven/plugin/LegacySupport
instanceKlass org/apache/maven/plugin/ExtensionRealmCache
instanceKlass org/apache/maven/plugin/BuildPluginManager
instanceKlass org/apache/maven/model/plugin/LifecycleBindingsInjector
instanceKlass org/apache/maven/lifecycle/internal/builder/BuilderCommon
instanceKlass org/apache/maven/lifecycle/internal/builder/Builder
instanceKlass org/apache/maven/lifecycle/internal/MojoExecutor
instanceKlass org/apache/maven/lifecycle/internal/MojoDescriptorCreator
instanceKlass org/apache/maven/lifecycle/internal/LifecycleTaskSegmentCalculator
instanceKlass org/apache/maven/lifecycle/internal/LifecycleStarter
instanceKlass org/apache/maven/lifecycle/internal/LifecyclePluginResolver
instanceKlass org/apache/maven/lifecycle/internal/LifecycleModuleBuilder
instanceKlass org/apache/maven/lifecycle/internal/LifecycleExecutionPlanCalculator
instanceKlass org/apache/maven/lifecycle/internal/LifecycleDebugLogger
instanceKlass org/apache/maven/lifecycle/internal/ExecutionEventCatapult
instanceKlass org/apache/maven/lifecycle/internal/BuildListCalculator
instanceKlass org/apache/maven/lifecycle/MojoExecutionConfigurator
instanceKlass org/apache/maven/lifecycle/LifecycleMappingDelegate
instanceKlass org/apache/maven/lifecycle/LifecycleExecutor
instanceKlass org/apache/maven/lifecycle/LifeCyclePluginAnalyzer
instanceKlass org/apache/maven/lifecycle/DefaultLifecycles
instanceKlass org/apache/maven/graph/GraphBuilder
instanceKlass org/apache/maven/eventspy/internal/EventSpyDispatcher
instanceKlass org/apache/maven/configuration/BeanConfigurator
instanceKlass org/apache/maven/bridge/MavenRepositorySystem
instanceKlass org/apache/maven/artifact/resolver/ResolutionErrorHandler
instanceKlass org/apache/maven/artifact/repository/metadata/io/MetadataReader
instanceKlass org/apache/maven/artifact/metadata/ArtifactMetadataSource
instanceKlass org/apache/maven/repository/legacy/metadata/ArtifactMetadataSource
instanceKlass org/apache/maven/artifact/handler/manager/ArtifactHandlerManager
instanceKlass org/apache/maven/artifact/factory/ArtifactFactory
instanceKlass org/apache/maven/ProjectDependenciesResolver
instanceKlass org/apache/maven/Maven
instanceKlass org/apache/maven/artifact/handler/ArtifactHandler
instanceKlass org/sonatype/plexus/components/sec/dispatcher/SecDispatcher
instanceKlass org/apache/maven/lifecycle/Lifecycle
instanceKlass org/eclipse/sisu/space/CloningClassSpace$1
instanceKlass org/apache/maven/lifecycle/mapping/LifecycleMapping
instanceKlass org/apache/maven/repository/metadata/GraphConflictResolver
instanceKlass org/apache/maven/repository/metadata/GraphConflictResolutionPolicy
instanceKlass org/eclipse/sisu/plexus/ConfigurationImpl
instanceKlass org/apache/maven/repository/metadata/ClasspathTransformation
instanceKlass org/apache/maven/repository/legacy/resolver/transform/ArtifactTransformationManager
instanceKlass org/apache/maven/repository/legacy/resolver/transform/ArtifactTransformation
instanceKlass org/apache/maven/repository/legacy/resolver/conflict/ConflictResolverFactory
instanceKlass org/apache/maven/repository/legacy/resolver/conflict/ConflictResolver
instanceKlass org/apache/maven/repository/legacy/repository/ArtifactRepositoryFactory
instanceKlass org/apache/maven/repository/legacy/UpdateCheckManager
instanceKlass org/apache/maven/repository/RepositorySystem
instanceKlass org/apache/maven/repository/MirrorSelector
instanceKlass org/apache/maven/project/validation/ModelValidator
instanceKlass org/apache/maven/project/path/PathTranslator
instanceKlass org/apache/maven/project/interpolation/ModelInterpolator
instanceKlass org/apache/maven/project/inheritance/ModelInheritanceAssembler
instanceKlass org/apache/maven/project/MavenProjectBuilder
instanceKlass org/apache/maven/profiles/MavenProfilesBuilder
instanceKlass org/apache/maven/execution/RuntimeInformation
instanceKlass org/apache/maven/artifact/resolver/ArtifactResolver
instanceKlass org/apache/maven/artifact/resolver/ArtifactCollector
instanceKlass org/apache/maven/repository/legacy/resolver/LegacyArtifactCollector
instanceKlass org/apache/maven/artifact/repository/metadata/RepositoryMetadataManager
instanceKlass org/apache/maven/artifact/repository/layout/ArtifactRepositoryLayout
instanceKlass org/apache/maven/artifact/repository/ArtifactRepositoryFactory
instanceKlass org/apache/maven/artifact/manager/WagonManager
instanceKlass org/apache/maven/repository/legacy/WagonManager
instanceKlass org/apache/maven/artifact/installer/ArtifactInstaller
instanceKlass org/eclipse/sisu/plexus/PlexusXmlMetadata
instanceKlass org/eclipse/sisu/plexus/Roles
instanceKlass org/apache/maven/artifact/deployer/ArtifactDeployer
instanceKlass org/eclipse/sisu/plexus/Hints
instanceKlass org/eclipse/sisu/space/AbstractDeferredClass
instanceKlass org/eclipse/sisu/plexus/RequirementImpl
instanceKlass org/codehaus/plexus/component/annotations/Requirement
instanceKlass org/eclipse/sisu/space/Streams
instanceKlass org/eclipse/sisu/plexus/ComponentImpl
instanceKlass org/codehaus/plexus/component/annotations/Component
instanceKlass org/eclipse/sisu/plexus/PlexusTypeRegistry
instanceKlass org/eclipse/sisu/plexus/PlexusXmlScanner
instanceKlass org/eclipse/sisu/space/QualifiedTypeBinder
instanceKlass org/eclipse/sisu/plexus/PlexusTypeBinder
instanceKlass com/google/inject/spi/InjectionRequest
instanceKlass org/eclipse/sisu/bean/BeanProperty
instanceKlass com/google/common/collect/ObjectArrays
instanceKlass com/google/inject/internal/Nullability
instanceKlass com/google/inject/internal/KotlinSupport$KotlinUnsupported$$Lambda$39
instanceKlass java/lang/invoke/LambdaForm$DMH
instanceKlass com/google/inject/internal/KotlinSupport$KotlinUnsupported
instanceKlass com/google/inject/internal/KotlinSupport$KotlinSupportHolder
instanceKlass com/google/inject/internal/KotlinSupportInterface
instanceKlass com/google/inject/internal/KotlinSupport
instanceKlass com/google/inject/spi/InjectionPoint$OverrideIndex
instanceKlass org/eclipse/sisu/inject/RankedBindings
instanceKlass org/eclipse/sisu/Mediator
instanceKlass sun/reflect/generics/tree/TypeVariableSignature
instanceKlass com/google/inject/Inject
instanceKlass javax/inject/Inject
instanceKlass com/google/inject/internal/DeclaredMembers$$Lambda$38
instanceKlass com/google/inject/internal/DeclaredMembers$$Lambda$37
instanceKlass com/google/inject/internal/DeclaredMembers$$Lambda$36
instanceKlass com/google/inject/internal/DeclaredMembers$$Lambda$35
instanceKlass java/lang/reflect/WildcardType
instanceKlass java/lang/reflect/TypeVariable
instanceKlass com/google/inject/spi/InjectionPoint$InjectableMembers
instanceKlass com/google/inject/spi/InjectionPoint$InjectableMember
instanceKlass com/google/inject/spi/InjectionPoint
instanceKlass java/lang/reflect/ParameterizedType
instanceKlass com/google/inject/internal/MoreTypes$GenericArrayTypeImpl
instanceKlass com/google/inject/internal/MoreTypes$CompositeType
instanceKlass com/google/inject/Key$AnnotationTypeStrategy
instanceKlass com/google/common/cache/LocalCache$StrongValueReference
instanceKlass com/google/common/util/concurrent/AbstractFuture$Failure
instanceKlass com/google/common/util/concurrent/AbstractFuture$Cancellation
instanceKlass com/google/common/util/concurrent/AbstractFuture$SetFuture
instanceKlass com/google/common/util/concurrent/Uninterruptibles
instanceKlass java/util/concurrent/locks/LockSupport
instanceKlass com/google/common/util/concurrent/AbstractFuture$Waiter
instanceKlass com/google/common/util/concurrent/AbstractFuture$Listener
instanceKlass com/google/common/util/concurrent/AbstractFuture$UnsafeAtomicHelper$1
instanceKlass com/google/common/util/concurrent/LazyLogger
instanceKlass java/util/concurrent/Executor
instanceKlass com/google/common/util/concurrent/AbstractFuture$AtomicHelper
instanceKlass com/google/common/util/concurrent/internal/InternalFutureFailureAccess
instanceKlass com/google/common/util/concurrent/AbstractFuture$Trusted
instanceKlass com/google/common/util/concurrent/ListenableFuture
instanceKlass java/lang/annotation/Documented
instanceKlass java/lang/annotation/Target
instanceKlass javax/inject/Named
instanceKlass javax/inject/Qualifier
instanceKlass com/google/inject/BindingAnnotation
instanceKlass javax/inject/Scope
instanceKlass com/google/inject/ScopeAnnotation
instanceKlass com/google/inject/internal/Annotations$AnnotationChecker
instanceKlass java/lang/reflect/Proxy$1
instanceKlass java/lang/reflect/WeakCache$Value
instanceKlass sun/misc/ProxyGenerator$ExceptionTableEntry
instanceKlass sun/misc/ProxyGenerator$PrimitiveTypeInfo
instanceKlass sun/misc/ProxyGenerator$FieldInfo
instanceKlass java/io/DataOutput
instanceKlass sun/misc/ProxyGenerator$ConstantPool$Entry
instanceKlass sun/misc/ProxyGenerator$MethodInfo
instanceKlass sun/misc/ProxyGenerator$ProxyMethod
instanceKlass sun/misc/ProxyGenerator$ConstantPool
instanceKlass sun/misc/ProxyGenerator
instanceKlass java/lang/reflect/WeakCache$Factory
instanceKlass java/lang/reflect/Proxy$ProxyClassFactory
instanceKlass java/lang/reflect/Proxy$KeyFactory
instanceKlass java/lang/reflect/WeakCache
instanceKlass java/lang/reflect/Proxy
instanceKlass sun/reflect/annotation/AnnotationInvocationHandler
instanceKlass sun/reflect/annotation/AnnotationParser$1
instanceKlass sun/reflect/annotation/ExceptionProxy
instanceKlass java/lang/annotation/Inherited
instanceKlass java/lang/annotation/Retention
instanceKlass sun/reflect/annotation/AnnotationType$1
instanceKlass java/lang/reflect/GenericArrayType
instanceKlass sun/reflect/generics/visitor/Reifier
instanceKlass sun/reflect/generics/visitor/TypeTreeVisitor
instanceKlass sun/reflect/generics/factory/CoreReflectionFactory
instanceKlass sun/reflect/generics/factory/GenericsFactory
instanceKlass sun/reflect/generics/scope/AbstractScope
instanceKlass sun/reflect/generics/scope/Scope
instanceKlass com/google/inject/internal/Annotations$TestAnnotation
instanceKlass com/google/inject/internal/Annotations$AnnotationToStringConfig
instanceKlass com/google/common/base/Joiner$MapJoiner
instanceKlass com/google/common/base/Joiner
instanceKlass java/lang/reflect/InvocationHandler
instanceKlass com/google/inject/internal/Annotations
instanceKlass org/eclipse/sisu/Parameters
instanceKlass org/eclipse/sisu/wire/ParameterKeys
instanceKlass com/google/inject/internal/util/StackTraceElements$InMemoryStackTraceElement
instanceKlass com/google/inject/internal/util/StackTraceElements
instanceKlass org/eclipse/sisu/wire/TypeConverterCache
instanceKlass com/google/inject/internal/Scoping
instanceKlass com/google/inject/internal/InternalFactory
instanceKlass com/google/inject/internal/InternalFlags$1
instanceKlass com/google/inject/internal/InternalFlags
instanceKlass com/google/inject/spi/ConstructorBinding
instanceKlass com/google/inject/internal/DelayedInitialize
instanceKlass com/google/inject/spi/ProviderKeyBinding
instanceKlass com/google/inject/spi/ProviderInstanceBinding
instanceKlass com/google/inject/spi/InstanceBinding
instanceKlass com/google/inject/spi/HasDependencies
instanceKlass com/google/inject/spi/LinkedKeyBinding
instanceKlass com/google/inject/spi/UntargettedBinding
instanceKlass com/google/inject/internal/BindingImpl
instanceKlass com/google/inject/Key$AnnotationStrategy
instanceKlass org/eclipse/sisu/wire/ElementAnalyzer$1
instanceKlass com/google/inject/util/Modules$EmptyModule
instanceKlass com/google/inject/util/Modules$OverriddenModuleBuilder
instanceKlass com/google/inject/util/Modules
instanceKlass java/util/stream/Nodes$ArrayNode
instanceKlass java/util/stream/Node$Builder
instanceKlass java/util/stream/Node$OfDouble
instanceKlass java/util/stream/Node$OfLong
instanceKlass java/util/stream/Node$OfInt
instanceKlass java/util/stream/Node$OfPrimitive
instanceKlass java/util/stream/Nodes$EmptyNode
instanceKlass java/util/stream/Node
instanceKlass java/util/stream/Nodes
instanceKlass com/google/inject/internal/DeclaredMembers$$Lambda$34
instanceKlass java/util/function/IntFunction
instanceKlass java/lang/invoke/LambdaForm$DMH
instanceKlass java/util/stream/SortedOps
instanceKlass com/google/common/collect/Ordering
instanceKlass com/google/inject/internal/DeclaredMembers$$Lambda$33
instanceKlass com/google/inject/internal/DeclaredMembers$$Lambda$32
instanceKlass java/util/Comparator$$Lambda$31
instanceKlass java/lang/invoke/LambdaForm$DMH
instanceKlass java/util/Comparator$$Lambda$30
instanceKlass com/google/inject/internal/DeclaredMembers$$Lambda$29
instanceKlass com/google/inject/internal/DeclaredMembers$$Lambda$28
instanceKlass java/util/Comparator$$Lambda$27
instanceKlass java/lang/invoke/LambdaForm$BMH
instanceKlass java/lang/invoke/LambdaForm$MH
instanceKlass java/lang/invoke/LambdaForm$DMH
instanceKlass java/lang/invoke/LambdaForm$BMH
instanceKlass java/lang/invoke/LambdaForm$BMH
instanceKlass com/google/inject/internal/DeclaredMembers$$Lambda$26
instanceKlass com/google/inject/internal/DeclaredMembers
instanceKlass com/google/common/base/ExtraObjectsMethodsForWeb
instanceKlass com/google/common/collect/ImmutableMap$Builder
instanceKlass com/google/inject/internal/MoreTypes
instanceKlass com/google/inject/multibindings/ProvidesIntoOptional
instanceKlass com/google/inject/multibindings/ProvidesIntoMap
instanceKlass com/google/inject/multibindings/ProvidesIntoSet
instanceKlass com/google/inject/Provides
instanceKlass javax/inject/Singleton
instanceKlass com/google/inject/spi/ElementSource
instanceKlass com/google/inject/spi/ScopeBinding
instanceKlass com/google/inject/Scopes$2
instanceKlass com/google/inject/Scopes$1
instanceKlass com/google/inject/internal/SingletonScope
instanceKlass com/google/inject/Scopes
instanceKlass com/google/inject/Singleton
instanceKlass com/google/inject/spi/Elements$ModuleInfo
instanceKlass com/google/inject/PrivateModule
instanceKlass java/util/stream/Sink$ChainedReference
instanceKlass java/util/stream/Collectors$$Lambda$25
instanceKlass java/util/stream/Collectors$$Lambda$24
instanceKlass java/lang/invoke/LambdaForm$DMH
instanceKlass java/util/stream/Collectors$$Lambda$23
instanceKlass com/google/inject/spi/BindingSourceRestriction$PermitMapConstruction$$Lambda$22
instanceKlass com/google/inject/spi/BindingSourceRestriction$$Lambda$21
instanceKlass java/lang/invoke/LambdaForm$DMH
instanceKlass com/google/inject/spi/BindingSourceRestriction$$Lambda$20
instanceKlass java/lang/invoke/LambdaForm$DMH
instanceKlass java/util/stream/Streams$2
instanceKlass java/util/stream/Streams
instanceKlass java/util/stream/Streams$ConcatSpliterator
instanceKlass sun/reflect/annotation/AnnotatedTypeFactory$AnnotatedTypeBaseImpl
instanceKlass java/lang/reflect/AnnotatedType
instanceKlass sun/reflect/annotation/AnnotatedTypeFactory
instanceKlass sun/reflect/annotation/TypeAnnotation$LocationInfo$Location
instanceKlass sun/reflect/annotation/TypeAnnotation$LocationInfo
instanceKlass sun/reflect/generics/tree/ClassSignature
instanceKlass sun/reflect/generics/tree/Signature
instanceKlass sun/reflect/generics/tree/ClassTypeSignature
instanceKlass sun/reflect/generics/tree/SimpleClassTypeSignature
instanceKlass sun/reflect/generics/tree/FieldTypeSignature
instanceKlass sun/reflect/generics/tree/BaseType
instanceKlass sun/reflect/generics/tree/TypeSignature
instanceKlass sun/reflect/generics/tree/ReturnType
instanceKlass sun/reflect/generics/tree/TypeArgument
instanceKlass sun/reflect/generics/tree/FormalTypeParameter
instanceKlass sun/reflect/generics/tree/TypeTree
instanceKlass sun/reflect/generics/tree/Tree
instanceKlass sun/reflect/generics/parser/SignatureParser
instanceKlass sun/reflect/annotation/TypeAnnotation
instanceKlass sun/reflect/annotation/TypeAnnotationParser
instanceKlass java/util/Spliterators$ArraySpliterator
instanceKlass java/util/Spliterator$OfDouble
instanceKlass java/util/Spliterator$OfLong
instanceKlass java/util/Spliterator$OfInt
instanceKlass java/util/Spliterator$OfPrimitive
instanceKlass java/util/Spliterators$EmptySpliterator
instanceKlass java/util/Spliterators
instanceKlass sun/reflect/annotation/AnnotationParser
instanceKlass com/google/inject/RestrictedBindingSource
instanceKlass com/google/inject/spi/BindingSourceRestriction
instanceKlass com/google/inject/spi/ModuleSource
instanceKlass com/google/inject/internal/ProviderMethodsModule
instanceKlass com/google/inject/spi/BindingSourceRestriction$PermitMapConstruction$PermitMapImpl
instanceKlass com/google/inject/spi/BindingSourceRestriction$PermitMap
instanceKlass com/google/inject/spi/BindingSourceRestriction$PermitMapConstruction
instanceKlass com/google/common/collect/Hashing
instanceKlass com/google/common/math/IntMath$1
instanceKlass com/google/common/math/MathPreconditions
instanceKlass com/google/common/math/IntMath
instanceKlass com/google/inject/internal/AbstractBindingBuilder
instanceKlass com/google/inject/binder/ConstantBindingBuilder
instanceKlass com/google/inject/binder/AnnotatedElementBuilder
instanceKlass com/google/inject/spi/Elements$RecordingBinder
instanceKlass com/google/inject/Binding
instanceKlass com/google/inject/spi/DefaultBindingTargetVisitor
instanceKlass com/google/inject/spi/BindingTargetVisitor
instanceKlass com/google/inject/spi/Elements
instanceKlass com/google/inject/internal/InjectorShell$RootModule
instanceKlass com/google/common/collect/ListMultimap
instanceKlass com/google/inject/internal/InjectorBindingData
instanceKlass java/util/concurrent/atomic/AtomicReferenceArray
instanceKlass java/util/concurrent/Future
instanceKlass com/google/common/cache/LocalCache$LoadingValueReference
instanceKlass java/util/concurrent/ConcurrentLinkedQueue$Node
instanceKlass com/google/common/cache/Weigher
instanceKlass com/google/common/base/Predicate
instanceKlass java/util/function/Predicate
instanceKlass com/google/common/base/Equivalence
instanceKlass java/util/function/BiPredicate
instanceKlass com/google/common/base/MoreObjects
instanceKlass com/google/common/cache/LocalCache$1
instanceKlass com/google/common/cache/ReferenceEntry
instanceKlass com/google/common/cache/CacheLoader
instanceKlass com/google/common/cache/LocalCache$LocalManualCache
instanceKlass com/google/inject/internal/WeakKeySet$$Lambda$19
instanceKlass com/google/common/cache/RemovalListener
instanceKlass java/lang/invoke/LambdaForm$DMH
instanceKlass java/util/AbstractMap$SimpleImmutableEntry
instanceKlass com/google/common/cache/LocalCache$ValueReference
instanceKlass com/google/common/cache/CacheBuilder$2
instanceKlass com/google/common/cache/CacheStats
instanceKlass com/google/common/base/Suppliers$SupplierOfInstance
instanceKlass com/google/common/base/Suppliers
instanceKlass com/google/common/cache/CacheBuilder$1
instanceKlass com/google/common/cache/AbstractCache$StatsCounter
instanceKlass com/google/common/cache/LoadingCache
instanceKlass com/google/common/cache/Cache
instanceKlass com/google/common/base/Supplier
instanceKlass com/google/common/cache/CacheBuilder
instanceKlass com/google/inject/internal/WeakKeySet
instanceKlass com/google/common/collect/Sets
instanceKlass java/util/Optional
instanceKlass com/google/inject/internal/InjectorJitBindingData
instanceKlass com/google/inject/internal/ProcessedBindingData
instanceKlass com/google/inject/spi/DefaultElementVisitor
instanceKlass com/google/inject/internal/InjectorShell$Builder
instanceKlass com/google/common/collect/Lists
instanceKlass com/google/common/collect/AbstractMapEntry
instanceKlass com/google/common/collect/LinkedHashMultimap$ValueSetLink
instanceKlass com/google/common/collect/CollectPreconditions
instanceKlass java/lang/StrictMath
instanceKlass com/google/common/collect/Platform
instanceKlass com/google/common/collect/Multiset
instanceKlass com/google/common/collect/AbstractMultimap
instanceKlass com/google/common/collect/SetMultimap
instanceKlass com/google/common/base/Converter
instanceKlass com/google/common/collect/ImmutableMap
instanceKlass com/google/common/collect/BiMap
instanceKlass com/google/common/base/Function
instanceKlass com/google/common/collect/Maps$EntryTransformer
instanceKlass com/google/common/collect/SortedMapDifference
instanceKlass com/google/common/collect/MapDifference
instanceKlass com/google/common/collect/Maps
instanceKlass com/google/inject/internal/CycleDetectingLock
instanceKlass com/google/common/collect/Multimap
instanceKlass com/google/inject/internal/CycleDetectingLock$CycleDetectingLockFactory
instanceKlass com/google/inject/internal/Initializable
instanceKlass com/google/inject/internal/Initializer
instanceKlass com/google/common/collect/PeekingIterator
instanceKlass com/google/common/collect/UnmodifiableIterator
instanceKlass com/google/common/collect/Iterators
instanceKlass com/google/common/collect/ImmutableCollection$Builder
instanceKlass com/google/common/collect/ImmutableSet$SetBuilderImpl
instanceKlass com/google/inject/internal/util/SourceProvider
instanceKlass com/google/inject/spi/ErrorDetail
instanceKlass com/google/inject/internal/Errors
instanceKlass com/google/common/base/Preconditions
instanceKlass java/util/logging/LogManager$5
instanceKlass java/util/logging/LoggingProxyImpl
instanceKlass sun/util/logging/LoggingProxy
instanceKlass sun/util/logging/LoggingSupport$1
instanceKlass sun/util/logging/LoggingSupport
instanceKlass sun/util/logging/PlatformLogger$LoggerProxy
instanceKlass sun/util/logging/PlatformLogger$1
instanceKlass sun/util/logging/PlatformLogger
instanceKlass java/util/logging/LogManager$LoggerContext$1
instanceKlass java/util/logging/LogManager$3
instanceKlass java/util/logging/LogManager$2
instanceKlass java/util/logging/LogManager$LogNode
instanceKlass java/util/logging/LogManager$LoggerContext
instanceKlass java/util/logging/LogManager$1
instanceKlass java/util/logging/LogManager
instanceKlass java/util/concurrent/CopyOnWriteArrayList
instanceKlass java/util/logging/Logger$LoggerBundle
instanceKlass java/util/logging/Level$KnownLevel
instanceKlass java/util/logging/Level
instanceKlass java/util/logging/Handler
instanceKlass java/util/logging/Logger
instanceKlass com/google/common/base/Ticker
instanceKlass com/google/common/base/Stopwatch
instanceKlass com/google/inject/internal/util/ContinuousStopwatch
instanceKlass com/google/inject/Injector
instanceKlass com/google/inject/internal/InternalInjectorCreator
instanceKlass com/google/inject/Guice
instanceKlass org/eclipse/sisu/wire/Wiring
instanceKlass org/eclipse/sisu/wire/WireModule$Strategy$1
instanceKlass org/eclipse/sisu/wire/WireModule$Strategy
instanceKlass org/eclipse/sisu/wire/AbstractTypeConverter
instanceKlass com/google/inject/spi/ElementVisitor
instanceKlass org/eclipse/sisu/wire/WireModule
instanceKlass org/eclipse/sisu/bean/BeanBinder
instanceKlass org/eclipse/sisu/plexus/PlexusBindingModule
instanceKlass org/codehaus/plexus/DefaultPlexusContainer$BootModule
instanceKlass org/codehaus/plexus/component/annotations/Configuration
instanceKlass org/eclipse/sisu/plexus/PlexusAnnotatedMetadata
instanceKlass org/eclipse/sisu/plexus/PlexusBeanMetadata
instanceKlass org/eclipse/sisu/plexus/PlexusAnnotatedBeanModule$PlexusAnnotatedBeanSource
instanceKlass org/eclipse/sisu/space/SpaceModule$2
instanceKlass org/eclipse/sisu/space/SpaceModule$Strategy$2
instanceKlass org/eclipse/sisu/space/SpaceModule$Strategy$1
instanceKlass org/eclipse/sisu/space/DefaultClassFinder
instanceKlass org/eclipse/sisu/space/asm/ClassVisitor
instanceKlass org/eclipse/sisu/space/SpaceScanner
instanceKlass org/eclipse/sisu/space/IndexedClassFinder
instanceKlass org/eclipse/sisu/space/ClassFinder
instanceKlass org/eclipse/sisu/space/SpaceModule
instanceKlass org/eclipse/sisu/space/SpaceVisitor
instanceKlass org/eclipse/sisu/plexus/PlexusTypeListener
instanceKlass org/eclipse/sisu/space/QualifiedTypeListener
instanceKlass org/eclipse/sisu/plexus/PlexusAnnotatedBeanModule$1
instanceKlass org/eclipse/sisu/space/SpaceModule$Strategy
instanceKlass org/eclipse/sisu/plexus/PlexusAnnotatedBeanModule
instanceKlass org/eclipse/sisu/plexus/PlexusBeanSource
instanceKlass org/eclipse/sisu/plexus/PlexusXmlBeanModule
instanceKlass org/eclipse/sisu/plexus/PlexusBeanModule
instanceKlass org/eclipse/sisu/space/URLClassSpace
instanceKlass org/codehaus/plexus/DefaultPlexusContainer$SLF4JLoggerFactoryProvider
instanceKlass com/google/inject/util/Providers$ConstantProvider
instanceKlass com/google/inject/util/Providers
instanceKlass org/codehaus/plexus/personality/plexus/lifecycle/phase/Disposable
instanceKlass org/codehaus/plexus/personality/plexus/lifecycle/phase/Startable
instanceKlass org/codehaus/plexus/personality/plexus/lifecycle/phase/Initializable
instanceKlass org/codehaus/plexus/personality/plexus/lifecycle/phase/Contextualizable
instanceKlass org/codehaus/plexus/logging/LogEnabled
instanceKlass org/eclipse/sisu/bean/PropertyBinding
instanceKlass javax/annotation/PreDestroy
instanceKlass javax/annotation/PostConstruct
instanceKlass org/eclipse/sisu/bean/LifecycleBuilder
instanceKlass org/eclipse/sisu/bean/BeanScheduler$1
instanceKlass com/google/inject/spi/DefaultBindingScopingVisitor
instanceKlass com/google/inject/spi/BindingScopingVisitor
instanceKlass org/eclipse/sisu/bean/BeanScheduler$CycleActivator
instanceKlass com/google/inject/PrivateBinder
instanceKlass com/google/inject/spi/TypeListener
instanceKlass com/google/inject/binder/AnnotatedConstantBindingBuilder
instanceKlass org/aopalliance/intercept/MethodInterceptor
instanceKlass org/aopalliance/intercept/Interceptor
instanceKlass org/aopalliance/aop/Advice
instanceKlass com/google/inject/Scope
instanceKlass com/google/inject/spi/Message
instanceKlass com/google/inject/spi/Element
instanceKlass com/google/inject/MembersInjector
instanceKlass com/google/inject/spi/ModuleAnnotatedMethodScanner
instanceKlass com/google/inject/TypeLiteral
instanceKlass com/google/inject/binder/AnnotatedBindingBuilder
instanceKlass com/google/inject/binder/LinkedBindingBuilder
instanceKlass com/google/inject/binder/ScopedBindingBuilder
instanceKlass com/google/inject/spi/Dependency
instanceKlass com/google/inject/Key
instanceKlass com/google/inject/spi/ProvisionListener
instanceKlass com/google/inject/Binder
instanceKlass org/eclipse/sisu/bean/BeanScheduler
instanceKlass org/eclipse/sisu/plexus/DefaultPlexusBeanLocator
instanceKlass org/eclipse/sisu/plexus/RealmManager
instanceKlass org/codehaus/plexus/context/ContextMapAdapter
instanceKlass org/codehaus/plexus/context/DefaultContext
instanceKlass org/codehaus/plexus/logging/AbstractLogger
instanceKlass org/codehaus/plexus/logging/AbstractLoggerManager
instanceKlass java/util/Date
instanceKlass java/text/DigitList
instanceKlass java/text/FieldPosition
instanceKlass java/util/Currency$CurrencyNameGetter
instanceKlass java/util/Currency$1
instanceKlass java/util/Currency
instanceKlass java/text/DecimalFormatSymbols
instanceKlass java/util/concurrent/atomic/AtomicMarkableReference$Pair
instanceKlass java/util/concurrent/atomic/AtomicMarkableReference
instanceKlass java/text/DateFormatSymbols
instanceKlass sun/util/calendar/CalendarUtils
instanceKlass sun/util/calendar/CalendarDate
instanceKlass sun/util/locale/LanguageTag
instanceKlass java/util/ResourceBundle$CacheKeyReference
instanceKlass java/util/ResourceBundle$CacheKey
instanceKlass java/util/ResourceBundle$RBClassLoader$1
instanceKlass java/util/spi/ResourceBundleControlProvider
instanceKlass java/util/ResourceBundle
instanceKlass java/util/ResourceBundle$Control
instanceKlass sun/util/resources/LocaleData$1
instanceKlass sun/util/resources/LocaleData
instanceKlass sun/util/locale/provider/LocaleResources
instanceKlass sun/util/locale/provider/CalendarDataUtility$CalendarWeekParameterGetter
instanceKlass sun/util/locale/provider/LocaleServiceProviderPool$LocalizedObjectGetter
instanceKlass java/util/ServiceLoader$1
instanceKlass java/util/ServiceLoader$LazyIterator
instanceKlass java/util/ServiceLoader
instanceKlass sun/util/locale/provider/SPILocaleProviderAdapter$1
instanceKlass sun/util/locale/provider/LocaleServiceProviderPool
instanceKlass sun/util/locale/provider/CalendarDataUtility
instanceKlass java/util/Calendar$Builder
instanceKlass sun/util/locale/provider/JRELocaleProviderAdapter$1
instanceKlass sun/util/locale/provider/LocaleDataMetaInfo
instanceKlass sun/util/locale/provider/AvailableLanguageTags
instanceKlass sun/util/locale/provider/LocaleProviderAdapter$1
instanceKlass sun/util/locale/provider/ResourceBundleBasedAdapter
instanceKlass sun/util/locale/provider/LocaleProviderAdapter
instanceKlass java/util/spi/LocaleServiceProvider
instanceKlass java/util/Calendar
instanceKlass java/util/TimeZone$1
instanceKlass sun/util/calendar/ZoneInfoFile$ZoneOffsetTransitionRule
instanceKlass java/io/DataInput
instanceKlass sun/util/calendar/ZoneInfoFile$1
instanceKlass sun/util/calendar/ZoneInfoFile
instanceKlass sun/util/calendar/CalendarSystem
instanceKlass java/util/TimeZone
instanceKlass java/text/AttributedCharacterIterator$Attribute
instanceKlass com/google/inject/matcher/AbstractMatcher
instanceKlass com/google/inject/matcher/Matcher
instanceKlass com/google/inject/spi/TypeConverter
instanceKlass org/codehaus/plexus/DefaultPlexusContainer$LoggerProvider
instanceKlass org/codehaus/plexus/DefaultPlexusContainer$DefaultsModule
instanceKlass org/codehaus/plexus/DefaultPlexusContainer$ContainerModule
instanceKlass java/util/concurrent/locks/ReentrantReadWriteLock$WriteLock
instanceKlass java/util/concurrent/locks/ReentrantReadWriteLock$ReadLock
instanceKlass java/util/concurrent/locks/ReentrantReadWriteLock
instanceKlass java/util/concurrent/locks/ReadWriteLock
instanceKlass org/eclipse/sisu/inject/ImplicitBindings
instanceKlass org/eclipse/sisu/inject/MildValues$InverseMapping
instanceKlass org/eclipse/sisu/inject/MildValues
instanceKlass org/eclipse/sisu/inject/Weak
instanceKlass org/eclipse/sisu/inject/RankedSequence$Content
instanceKlass org/eclipse/sisu/inject/RankedSequence
instanceKlass org/eclipse/sisu/inject/BindingSubscriber
instanceKlass org/eclipse/sisu/inject/DefaultBeanLocator
instanceKlass org/eclipse/sisu/inject/DeferredClass
instanceKlass org/codehaus/plexus/DefaultPlexusContainer$LoggerManagerProvider
instanceKlass org/eclipse/sisu/inject/DeferredProvider
instanceKlass com/google/inject/Provider
instanceKlass com/google/inject/AbstractModule
instanceKlass org/codehaus/plexus/context/Context
instanceKlass org/eclipse/sisu/inject/BindingPublisher
instanceKlass org/eclipse/sisu/inject/RankingFunction
instanceKlass org/eclipse/sisu/space/ClassSpace
instanceKlass javax/inject/Provider
instanceKlass org/eclipse/sisu/bean/BeanManager
instanceKlass org/eclipse/sisu/plexus/PlexusBeanLocator
instanceKlass org/codehaus/plexus/classworlds/ClassWorldListener
instanceKlass com/google/inject/Module
instanceKlass org/eclipse/sisu/inject/MutableBeanLocator
instanceKlass org/eclipse/sisu/inject/BeanLocator
instanceKlass org/codehaus/plexus/DefaultPlexusContainer
instanceKlass org/codehaus/plexus/MutablePlexusContainer
instanceKlass java/util/stream/ReduceOps$Box
instanceKlass java/util/stream/ReduceOps$AccumulatingSink
instanceKlass java/util/stream/TerminalSink
instanceKlass java/util/stream/Sink
instanceKlass java/util/stream/ReduceOps$ReduceOp
instanceKlass java/util/stream/TerminalOp
instanceKlass java/util/stream/ReduceOps
instanceKlass java/util/function/Function$$Lambda$18
instanceKlass org/apache/maven/extension/internal/CoreExports$$Lambda$17
instanceKlass java/util/stream/Collectors$$Lambda$16
instanceKlass java/util/stream/Collectors$$Lambda$15
instanceKlass java/util/stream/Collectors$CollectorImpl
instanceKlass java/util/stream/Collector
instanceKlass java/lang/invoke/LambdaForm$MH
instanceKlass java/util/stream/Collectors$$Lambda$14
instanceKlass java/lang/invoke/LambdaForm$DMH
instanceKlass java/util/stream/Collectors$$Lambda$13
instanceKlass java/lang/invoke/LambdaForm$DMH
instanceKlass java/util/stream/Collectors$$Lambda$12
instanceKlass java/util/function/BinaryOperator
instanceKlass java/util/function/BiFunction
instanceKlass java/util/stream/Collectors
instanceKlass org/apache/maven/extension/internal/CoreExports$$Lambda$11
instanceKlass sun/invoke/util/VerifyAccess$1
instanceKlass java/util/function/Function$$Lambda$10
instanceKlass java/lang/Class$4
instanceKlass java/util/EnumMap$1
instanceKlass java/util/stream/StreamOpFlag$MaskBuilder
instanceKlass java/util/stream/PipelineHelper
instanceKlass java/util/stream/Stream
instanceKlass java/util/stream/BaseStream
instanceKlass java/util/stream/StreamSupport
instanceKlass java/util/HashMap$HashMapSpliterator
instanceKlass java/util/Spliterator
instanceKlass org/apache/maven/extension/internal/CoreExports
instanceKlass java/util/Collections$EmptyIterator
instanceKlass org/codehaus/plexus/DefaultContainerConfiguration
instanceKlass org/codehaus/plexus/ContainerConfiguration
instanceKlass org/codehaus/plexus/util/BaseIOUtil
instanceKlass org/codehaus/plexus/util/xml/XMLWriter
instanceKlass org/codehaus/plexus/util/xml/Xpp3Dom
instanceKlass org/codehaus/plexus/util/xml/pull/MXParser
instanceKlass org/codehaus/plexus/util/xml/pull/XmlPullParser
instanceKlass org/codehaus/plexus/util/xml/Xpp3DomBuilder
instanceKlass java/util/regex/ASCII
instanceKlass java/util/Locale$1
instanceKlass org/codehaus/plexus/util/ReaderFactory
instanceKlass org/apache/maven/project/ExtensionDescriptor
instanceKlass org/apache/maven/project/ExtensionDescriptorBuilder
instanceKlass org/apache/maven/extension/internal/CoreExtensionEntry
instanceKlass org/codehaus/plexus/logging/Logger
instanceKlass org/apache/maven/cli/logging/Slf4jLoggerManager
instanceKlass org/slf4j/impl/MavenSlf4jSimpleFriend
instanceKlass org/slf4j/MavenSlf4jFriend
instanceKlass java/lang/invoke/LambdaForm$MH
instanceKlass org/apache/commons/cli/CommandLine$$Lambda$9
instanceKlass java/util/function/Supplier
instanceKlass org/apache/maven/cli/logging/BaseSlf4jConfiguration
instanceKlass org/codehaus/plexus/util/PropertyUtils
instanceKlass org/apache/maven/cli/logging/Slf4jConfiguration
instanceKlass org/apache/maven/cli/logging/Slf4jConfigurationFactory
instanceKlass org/slf4j/impl/OutputChoice
instanceKlass sun/net/DefaultProgressMeteringPolicy
instanceKlass sun/net/ProgressMeteringPolicy
instanceKlass sun/net/ProgressMonitor
instanceKlass org/slf4j/impl/SimpleLoggerConfiguration$1
instanceKlass java/text/Format
instanceKlass org/slf4j/impl/SimpleLoggerConfiguration
instanceKlass org/slf4j/helpers/NamedLoggerBase
instanceKlass org/slf4j/impl/SimpleLoggerFactory
instanceKlass org/slf4j/impl/StaticLoggerBinder
instanceKlass org/slf4j/spi/LoggerFactoryBinder
instanceKlass java/util/Collections$3
instanceKlass java/net/URLClassLoader$3$1
instanceKlass sun/misc/CompoundEnumeration
instanceKlass java/net/URLClassLoader$3
instanceKlass sun/misc/URLClassPath$1
instanceKlass java/lang/ClassLoader$2
instanceKlass sun/misc/URLClassPath$2
instanceKlass org/slf4j/helpers/Util
instanceKlass org/slf4j/helpers/NOPLoggerFactory
instanceKlass java/util/concurrent/LinkedBlockingQueue$Node
instanceKlass java/util/concurrent/locks/AbstractQueuedSynchronizer$ConditionObject
instanceKlass java/util/concurrent/locks/Condition
instanceKlass java/util/concurrent/locks/AbstractQueuedSynchronizer$Node
instanceKlass java/util/concurrent/locks/AbstractOwnableSynchronizer
instanceKlass java/util/concurrent/BlockingQueue
instanceKlass org/slf4j/helpers/SubstituteLoggerFactory
instanceKlass org/slf4j/ILoggerFactory
instanceKlass org/slf4j/event/LoggingEvent
instanceKlass org/slf4j/LoggerFactory
instanceKlass java/util/LinkedList$ListItr
instanceKlass org/codehaus/plexus/util/StringUtils
instanceKlass org/apache/maven/cli/CLIReportingUtils
instanceKlass org/apache/maven/cli/MavenCli$$Lambda$8
instanceKlass java/util/function/BiConsumer
instanceKlass org/codehaus/plexus/interpolation/SimpleRecursionInterceptor
instanceKlass org/codehaus/plexus/interpolation/AbstractValueSource
instanceKlass org/codehaus/plexus/interpolation/RecursionInterceptor
instanceKlass org/codehaus/plexus/interpolation/StringSearchInterpolator
instanceKlass org/codehaus/plexus/interpolation/Interpolator
instanceKlass org/codehaus/plexus/interpolation/BasicInterpolator
instanceKlass org/apache/maven/properties/internal/SystemProperties
instanceKlass java/util/Collections$UnmodifiableMap$UnmodifiableEntrySet$UnmodifiableEntry
instanceKlass java/util/Collections$UnmodifiableMap$UnmodifiableEntrySet$1
instanceKlass org/codehaus/plexus/util/Os
instanceKlass org/apache/maven/properties/internal/EnvironmentUtils
instanceKlass java/util/LinkedList$Node
instanceKlass org/apache/commons/cli/DefaultParser
instanceKlass org/apache/commons/cli/Util
instanceKlass org/apache/commons/cli/CommandLine$Builder$$Lambda$7
instanceKlass java/util/function/Consumer
instanceKlass java/lang/invoke/LambdaForm$DMH
instanceKlass org/apache/commons/cli/CommandLine$Builder
instanceKlass org/apache/commons/cli/CommandLine
instanceKlass java/util/LinkedHashMap$LinkedHashIterator
instanceKlass org/apache/commons/cli/Parser
instanceKlass org/apache/maven/cli/CleanArgument
instanceKlass org/apache/commons/cli/OptionValidator
instanceKlass org/apache/commons/cli/Option$Builder
instanceKlass org/apache/commons/cli/Option
instanceKlass org/apache/commons/cli/Options
instanceKlass org/apache/commons/cli/CommandLineParser
instanceKlass org/apache/maven/cli/CLIManager
instanceKlass org/apache/maven/cli/logging/Slf4jStdoutLogger
instanceKlass sun/nio/fs/AbstractBasicFileAttributeView
instanceKlass sun/nio/fs/DynamicFileAttributeView
instanceKlass sun/nio/fs/WindowsFileAttributeViews
instanceKlass java/nio/file/attribute/BasicFileAttributeView
instanceKlass java/nio/file/attribute/FileAttributeView
instanceKlass java/nio/file/attribute/AttributeView
instanceKlass sun/nio/fs/WindowsPath$1
instanceKlass sun/nio/fs/WindowsFileAttributes
instanceKlass java/nio/file/attribute/DosFileAttributes
instanceKlass java/nio/file/attribute/BasicFileAttributes
instanceKlass sun/nio/fs/WindowsLinkSupport
instanceKlass java/nio/file/CopyOption
instanceKlass org/eclipse/aether/DefaultRepositoryCache
instanceKlass org/apache/maven/project/ProjectBuildingRequest
instanceKlass org/eclipse/aether/RepositoryCache
instanceKlass org/apache/maven/execution/DefaultMavenExecutionRequest
instanceKlass org/apache/maven/execution/MavenExecutionRequest
instanceKlass java/lang/Shutdown$Lock
instanceKlass java/lang/Shutdown
instanceKlass java/lang/ApplicationShutdownHooks$1
instanceKlass java/lang/ApplicationShutdownHooks
instanceKlass sun/nio/cs/Surrogate
instanceKlass sun/nio/cs/Surrogate$Parser
instanceKlass org/fusesource/jansi/AnsiConsole$$Lambda$6
instanceKlass java/lang/invoke/LambdaForm$MH
instanceKlass java/lang/invoke/LambdaForm$DMH
instanceKlass java/util/regex/Matcher
instanceKlass java/util/regex/MatchResult
instanceKlass java/lang/invoke/LambdaForm$DMH
instanceKlass java/util/Properties$LineReader
instanceKlass org/fusesource/jansi/AnsiConsole$$Lambda$5
instanceKlass org/fusesource/jansi/io/AnsiOutputStream$IoRunnable
instanceKlass sun/net/www/protocol/jar/JarFileFactory
instanceKlass sun/net/www/protocol/jar/URLJarFile$URLJarFileCloseController
instanceKlass java/lang/invoke/LambdaForm$DMH
instanceKlass java/net/URLClassLoader$2
instanceKlass org/fusesource/jansi/AnsiConsole$1
instanceKlass org/fusesource/jansi/internal/Kernel32
instanceKlass org/fusesource/jansi/internal/OSInfo
instanceKlass sun/misc/Launcher$BootClassPathHolder$1
instanceKlass sun/misc/Launcher$BootClassPathHolder
instanceKlass org/fusesource/jansi/internal/JansiLoader$1
instanceKlass org/fusesource/jansi/internal/JansiLoader$$Lambda$4
instanceKlass java/lang/invoke/LambdaForm$DMH
instanceKlass org/fusesource/jansi/internal/JansiLoader
instanceKlass org/fusesource/jansi/internal/CLibrary
instanceKlass java/util/TreeMap$Entry
instanceKlass java/lang/ProcessEnvironment$CheckedEntry
instanceKlass java/lang/ProcessEnvironment$CheckedEntrySet$1
instanceKlass java/util/Collections$UnmodifiableMap
instanceKlass java/lang/ProcessEnvironment$EntryComparator
instanceKlass java/lang/ProcessEnvironment$NameComparator
instanceKlass org/fusesource/jansi/io/AnsiProcessor
instanceKlass org/fusesource/jansi/io/AnsiOutputStream$WidthSupplier
instanceKlass org/fusesource/jansi/AnsiConsole
instanceKlass org/fusesource/jansi/Ansi$$Lambda$3
instanceKlass java/util/concurrent/Callable
instanceKlass java/lang/invoke/LambdaForm$DMH
instanceKlass org/fusesource/jansi/Ansi
instanceKlass org/apache/maven/shared/utils/logging/LoggerLevelRenderer
instanceKlass org/apache/maven/shared/utils/logging/MessageBuilder
instanceKlass org/apache/maven/shared/utils/logging/MessageUtils
instanceKlass java/util/regex/Pattern$TreeInfo
instanceKlass java/util/regex/Pattern$Node
instanceKlass java/util/regex/Pattern
instanceKlass org/apache/maven/cli/CliRequest
instanceKlass org/codehaus/plexus/logging/LoggerManager
instanceKlass org/apache/maven/toolchain/building/ToolchainsBuildingRequest
instanceKlass org/apache/maven/building/Source
instanceKlass org/slf4j/Logger
instanceKlass org/apache/maven/eventspy/EventSpy$Context
instanceKlass org/codehaus/plexus/PlexusContainer
instanceKlass org/apache/maven/execution/ExecutionListener
instanceKlass org/eclipse/aether/transfer/TransferListener
instanceKlass org/codehaus/plexus/interpolation/ValueSource
instanceKlass org/apache/maven/exception/ExceptionHandler
instanceKlass org/apache/maven/cli/MavenCli
instanceKlass java/nio/file/attribute/FileTime
instanceKlass java/util/zip/ZipUtils
instanceKlass java/util/TreeMap$PrivateEntryIterator
instanceKlass java/util/TimSort
instanceKlass java/util/Arrays$LegacyMergeSort
instanceKlass java/lang/invoke/LambdaForm$MH
instanceKlass java/lang/invoke/LambdaForm$MH
instanceKlass java/lang/invoke/InnerClassLambdaMetafactory$1
instanceKlass org/codehaus/plexus/classworlds/launcher/Configurator$$Lambda$2
instanceKlass java/lang/invoke/LambdaForm$DMH
instanceKlass java/lang/invoke/LambdaForm$MH
instanceKlass org/codehaus/plexus/classworlds/launcher/ConfigurationParser$$Lambda$1
instanceKlass java/lang/invoke/InfoFromMemberName
instanceKlass java/lang/invoke/MethodHandleInfo
instanceKlass sun/security/util/SecurityConstants
instanceKlass java/security/AccessController$1
instanceKlass java/lang/invoke/AbstractValidatingLambdaMetafactory
instanceKlass java/lang/invoke/LambdaForm$BMH
instanceKlass java/lang/invoke/LambdaForm$BMH
instanceKlass java/lang/invoke/LambdaForm$BMH
instanceKlass java/lang/invoke/LambdaForm$BMH
instanceKlass sun/reflect/UnsafeFieldAccessorFactory
instanceKlass jdk/internal/org/objectweb/asm/FieldVisitor
instanceKlass java/lang/invoke/BoundMethodHandle$Factory$1
instanceKlass java/lang/invoke/BoundMethodHandle$SpeciesData$1
instanceKlass java/lang/invoke/LambdaForm$BMH
instanceKlass java/lang/invoke/LambdaForm$MH
instanceKlass java/lang/invoke/LambdaForm$BMH
instanceKlass java/lang/invoke/LambdaForm$MH
instanceKlass java/lang/invoke/LambdaForm$DMH
instanceKlass java/lang/invoke/LambdaForm$DMH
instanceKlass java/lang/invoke/LambdaForm$BMH
instanceKlass java/lang/invoke/LambdaForm$BMH
instanceKlass java/lang/invoke/LambdaForm$MH
instanceKlass java/lang/invoke/LambdaFormBuffer
instanceKlass java/lang/invoke/LambdaFormEditor
instanceKlass java/lang/invoke/LambdaForm$BMH
instanceKlass java/lang/invoke/LambdaForm$DMH
instanceKlass java/lang/invoke/LambdaForm$DMH
instanceKlass java/lang/invoke/LambdaForm$DMH
instanceKlass java/lang/invoke/LambdaForm$DMH
instanceKlass java/lang/invoke/LambdaForm$MH
instanceKlass java/lang/invoke/LambdaForm$DMH
instanceKlass java/lang/invoke/LambdaForm$DMH
instanceKlass java/lang/invoke/LambdaForm$MH
instanceKlass java/lang/invoke/LambdaForm$DMH
instanceKlass java/lang/invoke/LambdaForm$DMH
instanceKlass java/lang/invoke/LambdaForm$MH
instanceKlass java/lang/invoke/LambdaForm$DMH
instanceKlass java/lang/invoke/LambdaForm$DMH
instanceKlass java/lang/invoke/LambdaForm$MH
instanceKlass java/lang/invoke/LambdaForm$DMH
instanceKlass java/lang/invoke/LambdaForm$DMH
instanceKlass java/lang/invoke/LambdaForm$MH
instanceKlass java/lang/invoke/LambdaForm$DMH
instanceKlass java/lang/invoke/LambdaForm$MH
instanceKlass java/lang/invoke/LambdaForm$DMH
instanceKlass java/lang/invoke/LambdaForm$DMH
instanceKlass java/lang/invoke/LambdaForm$MH
instanceKlass java/lang/invoke/LambdaForm$DMH
instanceKlass java/lang/invoke/LambdaForm$DMH
instanceKlass java/lang/invoke/LambdaForm$MH
instanceKlass java/lang/invoke/LambdaForm$DMH
instanceKlass java/lang/invoke/LambdaForm$MH
instanceKlass java/lang/invoke/LambdaForm$DMH
instanceKlass java/lang/invoke/LambdaForm$MH
instanceKlass java/lang/invoke/LambdaForm$DMH
instanceKlass java/lang/invoke/LambdaForm$DMH
instanceKlass java/lang/invoke/MethodHandleImpl$Lazy
instanceKlass java/lang/invoke/LambdaForm$BMH
instanceKlass java/lang/invoke/LambdaForm$MH
instanceKlass java/lang/invoke/LambdaForm$DMH
instanceKlass java/lang/invoke/LambdaForm$DMH
instanceKlass java/lang/invoke/LambdaForm$DMH
instanceKlass java/io/FilenameFilter
instanceKlass java/lang/invoke/LambdaForm$DMH
instanceKlass java/lang/invoke/LambdaForm$DMH
instanceKlass java/util/SubList$1
instanceKlass java/util/ListIterator
instanceKlass java/lang/invoke/LambdaForm$MH
instanceKlass java/lang/invoke/LambdaForm$MH
instanceKlass java/lang/invoke/LambdaForm$MH
instanceKlass java/lang/invoke/LambdaForm$MH
instanceKlass java/lang/invoke/LambdaForm$MH
instanceKlass java/lang/invoke/LambdaForm$MH
instanceKlass java/lang/invoke/LambdaForm$MH
instanceKlass java/lang/invoke/LambdaForm$MH
instanceKlass java/lang/invoke/LambdaForm$MH
instanceKlass java/lang/invoke/LambdaForm$MH
instanceKlass java/lang/invoke/LambdaForm$MH
instanceKlass java/lang/invoke/LambdaForm$MH
instanceKlass java/lang/invoke/LambdaForm$DMH
instanceKlass java/lang/invoke/LambdaForm$DMH
instanceKlass java/lang/invoke/LambdaForm$DMH
instanceKlass java/lang/invoke/LambdaForm$DMH
instanceKlass java/lang/invoke/LambdaForm$DMH
instanceKlass java/lang/invoke/LambdaForm$DMH
instanceKlass sun/invoke/empty/Empty
instanceKlass sun/invoke/util/VerifyType
instanceKlass java/lang/invoke/InvokerBytecodeGenerator$2
instanceKlass java/lang/invoke/InvokerBytecodeGenerator$CpPatch
instanceKlass jdk/internal/org/objectweb/asm/AnnotationVisitor
instanceKlass jdk/internal/org/objectweb/asm/Frame
instanceKlass jdk/internal/org/objectweb/asm/Label
instanceKlass jdk/internal/org/objectweb/asm/Type
instanceKlass jdk/internal/org/objectweb/asm/MethodVisitor
instanceKlass jdk/internal/org/objectweb/asm/Item
instanceKlass jdk/internal/org/objectweb/asm/ByteVector
instanceKlass jdk/internal/org/objectweb/asm/ClassVisitor
instanceKlass java/lang/invoke/InvokerBytecodeGenerator
instanceKlass java/util/Collections$UnmodifiableCollection$1
instanceKlass java/lang/invoke/DirectMethodHandle$Lazy
instanceKlass sun/invoke/util/BytecodeDescriptor
instanceKlass java/lang/invoke/BoundMethodHandle$Factory
instanceKlass java/lang/invoke/BoundMethodHandle$SpeciesData
instanceKlass java/lang/invoke/LambdaForm$NamedFunction
instanceKlass java/lang/invoke/LambdaForm$Name
instanceKlass sun/invoke/util/ValueConversions
instanceKlass sun/invoke/util/VerifyAccess
instanceKlass java/lang/Long$LongCache
instanceKlass java/lang/Character$CharacterCache
instanceKlass java/lang/Short$ShortCache
instanceKlass java/lang/Byte$ByteCache
instanceKlass sun/invoke/util/Wrapper$Format
instanceKlass java/lang/invoke/MethodHandles
instanceKlass java/lang/invoke/Invokers
instanceKlass java/lang/invoke/MethodTypeForm
instanceKlass java/lang/invoke/MethodType$ConcurrentWeakInternSet
instanceKlass java/lang/invoke/MethodHandles$Lookup
instanceKlass java/lang/invoke/LambdaMetafactory
instanceKlass java/util/ArrayList$Itr
instanceKlass org/codehaus/plexus/classworlds/strategy/AbstractStrategy
instanceKlass org/codehaus/plexus/classworlds/strategy/Strategy
instanceKlass org/codehaus/plexus/classworlds/strategy/StrategyFactory
instanceKlass java/util/NavigableMap
instanceKlass java/util/SortedMap
instanceKlass java/util/NavigableSet
instanceKlass java/util/SortedSet
instanceKlass sun/nio/ch/IOStatus
instanceKlass java/nio/DirectByteBuffer$Deallocator
instanceKlass sun/nio/ch/Util$BufferCache
instanceKlass sun/nio/ch/Util$2
instanceKlass sun/nio/ch/Util
instanceKlass sun/nio/ch/NativeThread
instanceKlass java/nio/channels/spi/AbstractInterruptibleChannel$1
instanceKlass sun/nio/ch/Interruptible
instanceKlass org/codehaus/plexus/classworlds/launcher/ConfigurationParser
instanceKlass org/codehaus/plexus/classworlds/launcher/Configurator
instanceKlass org/codehaus/plexus/classworlds/launcher/ConfigurationHandler
instanceKlass java/nio/channels/Channels
instanceKlass sun/nio/ch/FileDispatcherImpl$1
instanceKlass sun/nio/ch/NativeDispatcher
instanceKlass sun/nio/ch/NativeThreadSet
instanceKlass java/net/Inet6Address$Inet6AddressHolder
instanceKlass java/net/InetAddress$2
instanceKlass sun/net/spi/nameservice/NameService
instanceKlass java/net/Inet6AddressImpl
instanceKlass java/net/InetAddressImpl
instanceKlass java/net/InetAddressImplFactory
instanceKlass java/net/InetAddress$Cache
instanceKlass java/net/InetAddress$InetAddressHolder
instanceKlass java/net/InetAddress$1
instanceKlass sun/security/action/GetBooleanAction
instanceKlass java/net/InetAddress
instanceKlass sun/nio/ch/IOUtil$1
instanceKlass sun/nio/ch/IOUtil
instanceKlass java/nio/channels/spi/AbstractInterruptibleChannel
instanceKlass java/nio/channels/InterruptibleChannel
instanceKlass java/nio/channels/ScatteringByteChannel
instanceKlass java/nio/channels/GatheringByteChannel
instanceKlass java/nio/channels/SeekableByteChannel
instanceKlass java/nio/channels/ByteChannel
instanceKlass java/nio/channels/WritableByteChannel
instanceKlass java/nio/channels/ReadableByteChannel
instanceKlass java/nio/channels/Channel
instanceKlass sun/nio/fs/NativeBuffer$Deallocator
instanceKlass sun/nio/fs/NativeBuffer
instanceKlass sun/nio/fs/NativeBuffers
instanceKlass sun/nio/fs/WindowsNativeDispatcher$BackupResult
instanceKlass sun/nio/fs/WindowsNativeDispatcher$CompletionStatus
instanceKlass sun/nio/fs/WindowsNativeDispatcher$AclInformation
instanceKlass sun/nio/fs/WindowsNativeDispatcher$Account
instanceKlass sun/nio/fs/WindowsNativeDispatcher$DiskFreeSpace
instanceKlass sun/nio/fs/WindowsNativeDispatcher$VolumeInformation
instanceKlass sun/nio/fs/WindowsNativeDispatcher$FirstStream
instanceKlass sun/nio/fs/WindowsNativeDispatcher$FirstFile
instanceKlass sun/nio/fs/WindowsNativeDispatcher$1
instanceKlass sun/nio/fs/WindowsNativeDispatcher
instanceKlass java/util/HashMap$HashIterator
instanceKlass sun/nio/fs/WindowsChannelFactory$Flags
instanceKlass sun/nio/fs/WindowsChannelFactory$1
instanceKlass sun/nio/fs/WindowsChannelFactory
instanceKlass sun/nio/fs/WindowsSecurityDescriptor
instanceKlass java/nio/file/attribute/FileAttribute
instanceKlass java/nio/file/Files
instanceKlass java/nio/file/OpenOption
instanceKlass sun/nio/fs/AbstractPath
instanceKlass java/net/URI$Parser
instanceKlass java/net/URI
instanceKlass sun/nio/fs/Util
instanceKlass sun/nio/fs/WindowsPathParser$Result
instanceKlass sun/nio/fs/WindowsPathParser
instanceKlass java/util/AbstractList$Itr
instanceKlass java/nio/file/FileSystem
instanceKlass java/nio/file/spi/FileSystemProvider
instanceKlass sun/nio/fs/DefaultFileSystemProvider
instanceKlass java/nio/file/FileSystems$DefaultFileSystemHolder$1
instanceKlass java/nio/file/FileSystems$DefaultFileSystemHolder
instanceKlass java/nio/file/FileSystems
instanceKlass java/nio/file/Paths
instanceKlass java/lang/Void
instanceKlass org/codehaus/plexus/classworlds/ClassWorld
instanceKlass java/lang/Class$MethodArray
instanceKlass sun/launcher/LauncherHelper$FXHelper
instanceKlass org/codehaus/plexus/classworlds/launcher/Launcher
instanceKlass java/io/FilePermission$1
instanceKlass sun/net/www/MessageHeader
instanceKlass java/net/URLConnection
instanceKlass java/util/zip/CRC32
instanceKlass java/util/zip/Checksum
instanceKlass sun/nio/ByteBuffered
instanceKlass java/lang/Package
instanceKlass sun/misc/ASCIICaseInsensitiveComparator
instanceKlass java/util/jar/Attributes$Name
instanceKlass java/util/jar/Attributes
instanceKlass sun/misc/Resource
instanceKlass sun/misc/IOUtils
instanceKlass sun/security/action/GetIntegerAction
instanceKlass sun/security/util/SignatureFileVerifier
instanceKlass java/util/zip/ZStreamRef
instanceKlass java/util/zip/Inflater
instanceKlass java/util/zip/ZipEntry
instanceKlass sun/misc/ExtensionDependency
instanceKlass sun/misc/JarIndex
instanceKlass sun/nio/ch/DirectBuffer
instanceKlass sun/misc/PerfCounter$CoreCounters
instanceKlass sun/misc/Perf
instanceKlass sun/misc/Perf$GetPerfAction
instanceKlass sun/misc/PerfCounter
instanceKlass java/util/zip/ZipCoder
instanceKlass java/util/Deque
instanceKlass java/util/Queue
instanceKlass java/nio/charset/StandardCharsets
instanceKlass java/util/jar/JavaUtilJarAccessImpl
instanceKlass sun/misc/JavaUtilJarAccess
instanceKlass sun/misc/FileURLMapper
instanceKlass sun/misc/URLClassPath$JarLoader$1
instanceKlass sun/nio/cs/ThreadLocalCoders$Cache
instanceKlass sun/nio/cs/ThreadLocalCoders
instanceKlass java/util/zip/ZipFile$1
instanceKlass sun/misc/JavaUtilZipFileAccess
instanceKlass java/util/zip/ZipFile
instanceKlass java/util/zip/ZipConstants
instanceKlass sun/misc/URLClassPath$Loader
instanceKlass sun/misc/URLClassPath$3
instanceKlass sun/net/util/URLUtil
instanceKlass java/net/URLClassLoader$1
instanceKlass java/lang/StringCoding$StringDecoder
instanceKlass java/io/FileOutputStream$1
instanceKlass java/lang/StringCoding$StringEncoder
instanceKlass java/lang/ThreadLocal$ThreadLocalMap
instanceKlass java/lang/StringCoding
instanceKlass sun/usagetracker/UsageTrackerClient$3
instanceKlass sun/usagetracker/UsageTrackerClient$2
instanceKlass sun/usagetracker/UsageTrackerClient$4
instanceKlass sun/usagetracker/UsageTrackerClient$1
instanceKlass java/util/concurrent/atomic/AtomicBoolean
instanceKlass sun/usagetracker/UsageTrackerClient
instanceKlass sun/misc/PostVMInitHook$1
instanceKlass jdk/internal/util/EnvUtils
instanceKlass sun/misc/PostVMInitHook$2
instanceKlass java/security/MessageDigestSpi
instanceKlass java/security/PermissionCollection
instanceKlass sun/security/validator/Validator
instanceKlass java/security/cert/X509Extension
instanceKlass java/security/cert/CertificateFactory
instanceKlass javax/crypto/JarVerifier
instanceKlass sun/misc/PostVMInitHook
instanceKlass java/lang/invoke/MethodHandleStatics$1
instanceKlass java/lang/invoke/MethodHandleStatics
instanceKlass java/lang/invoke/MemberName$Factory
instanceKlass java/lang/ClassValue$Version
instanceKlass java/lang/ClassValue$Identity
instanceKlass java/lang/ClassValue
instanceKlass java/lang/invoke/MethodHandleImpl$3
instanceKlass java/lang/invoke/MethodHandleImpl$2
instanceKlass java/util/function/Function
instanceKlass java/lang/invoke/MethodHandleImpl$1
instanceKlass java/lang/invoke/MethodHandleImpl
instanceKlass java/lang/SystemClassLoaderAction
instanceKlass sun/misc/Launcher$AppClassLoader$1
instanceKlass sun/misc/URLClassPath
instanceKlass java/security/Principal
instanceKlass java/security/ProtectionDomain$Key
instanceKlass java/security/ProtectionDomain$2
instanceKlass sun/misc/JavaSecurityProtectionDomainAccess
instanceKlass java/security/ProtectionDomain$JavaSecurityAccessImpl
instanceKlass sun/misc/JavaSecurityAccess
instanceKlass sun/net/util/IPAddressUtil
instanceKlass java/net/URLStreamHandler
instanceKlass java/net/Parts
instanceKlass java/util/BitSet
instanceKlass sun/net/www/ParseUtil
instanceKlass java/io/FileInputStream$1
instanceKlass java/lang/CharacterData
instanceKlass sun/util/locale/LocaleUtils
instanceKlass java/util/Locale$LocaleKey
instanceKlass sun/util/locale/BaseLocale$Key
instanceKlass sun/util/locale/BaseLocale
instanceKlass java/util/concurrent/ConcurrentHashMap$CollectionView
instanceKlass java/util/concurrent/ConcurrentHashMap$CounterCell
instanceKlass java/util/concurrent/ConcurrentHashMap$Node
instanceKlass java/util/concurrent/locks/ReentrantLock
instanceKlass java/util/concurrent/locks/Lock
instanceKlass java/util/concurrent/ConcurrentMap
instanceKlass sun/util/locale/LocaleObjectCache
instanceKlass java/util/Locale
instanceKlass java/lang/reflect/Array
instanceKlass java/nio/charset/CoderResult$Cache
instanceKlass java/nio/charset/CoderResult
instanceKlass java/nio/charset/CharsetDecoder
instanceKlass sun/nio/cs/ArrayDecoder
instanceKlass java/io/Reader
instanceKlass java/lang/Readable
instanceKlass sun/misc/MetaIndex
instanceKlass java/util/StringTokenizer
instanceKlass sun/misc/Launcher$ExtClassLoader$1
instanceKlass java/net/URLClassLoader$7
instanceKlass sun/misc/JavaNetAccess
instanceKlass java/lang/ClassLoader$ParallelLoaders
instanceKlass sun/security/util/Debug
instanceKlass sun/misc/Launcher$Factory
instanceKlass java/net/URLStreamHandlerFactory
instanceKlass java/lang/Compiler$1
instanceKlass java/lang/Compiler
instanceKlass java/lang/System$2
instanceKlass sun/misc/JavaLangAccess
instanceKlass sun/io/Win32ErrorMode
instanceKlass sun/misc/OSEnvironment
instanceKlass java/lang/Integer$IntegerCache
instanceKlass sun/misc/NativeSignalHandler
instanceKlass sun/misc/Signal
instanceKlass java/lang/Terminator$1
instanceKlass sun/misc/SignalHandler
instanceKlass java/lang/Terminator
instanceKlass java/io/ExpiringCache$Entry
instanceKlass java/lang/ClassLoaderHelper
instanceKlass java/lang/ClassLoader$NativeLibrary
instanceKlass java/lang/ClassLoader$3
instanceKlass java/nio/file/Path
instanceKlass java/nio/file/Watchable
instanceKlass java/lang/Enum
instanceKlass java/io/ExpiringCache
instanceKlass java/io/FileSystem
instanceKlass java/io/DefaultFileSystem
instanceKlass sun/security/action/GetPropertyAction
instanceKlass java/nio/Bits$1
instanceKlass sun/misc/JavaNioAccess
instanceKlass java/nio/ByteOrder
instanceKlass java/nio/Bits
instanceKlass java/nio/charset/CodingErrorAction
instanceKlass java/nio/charset/CharsetEncoder
instanceKlass sun/nio/cs/ArrayEncoder
instanceKlass java/io/Writer
instanceKlass sun/reflect/ReflectionFactory$1
instanceKlass java/lang/Class$1
instanceKlass sun/nio/cs/SingleByte
instanceKlass sun/nio/cs/HistoricallyNamedCharset
instanceKlass java/lang/ThreadLocal
instanceKlass java/nio/charset/spi/CharsetProvider
instanceKlass java/nio/charset/Charset
instanceKlass java/util/Arrays
instanceKlass sun/reflect/misc/ReflectUtil
instanceKlass java/lang/reflect/ReflectAccess
instanceKlass sun/reflect/LangReflectAccess
instanceKlass java/lang/reflect/Modifier
instanceKlass sun/reflect/annotation/AnnotationType
instanceKlass java/lang/Class$AnnotationData
instanceKlass sun/reflect/generics/repository/AbstractRepository
instanceKlass java/lang/Class$Atomic
instanceKlass java/lang/Class$ReflectionData
instanceKlass java/lang/Class$3
instanceKlass java/util/concurrent/atomic/AtomicReferenceFieldUpdater$AtomicReferenceFieldUpdaterImpl$1
instanceKlass java/security/PrivilegedExceptionAction
instanceKlass java/util/concurrent/atomic/AtomicReferenceFieldUpdater
instanceKlass java/io/OutputStream
instanceKlass java/io/Flushable
instanceKlass java/io/FileDescriptor$1
instanceKlass sun/misc/JavaIOFileDescriptorAccess
instanceKlass java/io/FileDescriptor
instanceKlass sun/misc/Version
instanceKlass java/lang/Runtime
instanceKlass java/util/Hashtable$Enumerator
instanceKlass java/util/Iterator
instanceKlass java/util/Enumeration
instanceKlass java/util/Objects
instanceKlass java/util/Collections$SynchronizedCollection
instanceKlass java/lang/Math
instanceKlass java/util/Hashtable$Entry
instanceKlass sun/misc/VM
instanceKlass java/util/HashMap$Node
instanceKlass java/util/Map$Entry
instanceKlass sun/reflect/Reflection
instanceKlass sun/misc/SharedSecrets
instanceKlass java/lang/ref/Reference$1
instanceKlass sun/misc/JavaLangRefAccess
instanceKlass java/lang/ref/ReferenceQueue$Lock
instanceKlass java/util/Collections$UnmodifiableCollection
instanceKlass java/util/AbstractMap
instanceKlass java/util/Set
instanceKlass java/util/Collections
instanceKlass java/lang/ref/Reference$Lock
instanceKlass sun/reflect/ReflectionFactory
instanceKlass java/util/AbstractCollection
instanceKlass java/util/RandomAccess
instanceKlass java/util/List
instanceKlass java/util/Collection
instanceKlass java/lang/Iterable
instanceKlass java/security/cert/Certificate
instanceKlass sun/reflect/ReflectionFactory$GetReflectionFactoryAction
instanceKlass java/security/PrivilegedAction
instanceKlass java/security/AccessController
instanceKlass java/security/Permission
instanceKlass java/security/Guard
instanceKlass java/lang/String$CaseInsensitiveComparator
instanceKlass java/util/Comparator
instanceKlass java/io/ObjectStreamField
instanceKlass java/lang/Number
instanceKlass java/lang/Character
instanceKlass java/lang/Boolean
instanceKlass java/nio/Buffer
instanceKlass java/lang/StackTraceElement
instanceKlass java/security/CodeSource
instanceKlass sun/misc/Launcher
instanceKlass java/util/jar/Manifest
instanceKlass java/net/URL
instanceKlass java/io/File
instanceKlass java/io/InputStream
instanceKlass java/io/Closeable
instanceKlass java/lang/AutoCloseable
instanceKlass sun/misc/Unsafe
instanceKlass java/lang/AbstractStringBuilder
instanceKlass java/lang/Appendable
instanceKlass java/lang/invoke/CallSite
instanceKlass java/lang/invoke/MethodType
instanceKlass java/lang/invoke/LambdaForm
instanceKlass java/lang/invoke/MethodHandleNatives
instanceKlass java/lang/invoke/MemberName
instanceKlass java/lang/invoke/MethodHandle
instanceKlass sun/reflect/CallerSensitive
instanceKlass java/lang/annotation/Annotation
instanceKlass sun/reflect/FieldAccessor
instanceKlass sun/reflect/ConstantPool
instanceKlass sun/reflect/ConstructorAccessor
instanceKlass sun/reflect/MethodAccessor
instanceKlass sun/reflect/MagicAccessorImpl
instanceKlass java/lang/reflect/Parameter
instanceKlass java/lang/reflect/Member
instanceKlass java/lang/reflect/AccessibleObject
instanceKlass java/util/Dictionary
instanceKlass java/util/Map
instanceKlass java/lang/ThreadGroup
instanceKlass java/lang/Thread$UncaughtExceptionHandler
instanceKlass java/lang/Thread
instanceKlass java/lang/Runnable
instanceKlass java/lang/ref/ReferenceQueue
instanceKlass java/lang/ref/Reference
instanceKlass java/security/AccessControlContext
instanceKlass java/security/ProtectionDomain
instanceKlass java/lang/SecurityManager
instanceKlass java/lang/Throwable
instanceKlass java/lang/System
instanceKlass java/lang/ClassLoader
instanceKlass java/lang/Cloneable
instanceKlass java/lang/Class
instanceKlass java/lang/reflect/Type
instanceKlass java/lang/reflect/GenericDeclaration
instanceKlass java/lang/reflect/AnnotatedElement
instanceKlass java/lang/String
instanceKlass java/lang/CharSequence
instanceKlass java/lang/Comparable
instanceKlass java/io/Serializable
ciInstanceKlass java/lang/Object 1 1 78 3 8 8 8 1 1 1 1 1 1 1 1 1 1 1 1 1 1 1 1 1 1 1 1 1 1 1 1 1 1 1 1 1 1 1 1 1 1 1 1 1 1 1 1 1 7 7 100 7 7 7 7 7 1 1 1 12 12 12 12 12 12 12 12 12 12 10 10 10 10 10 10 10 10 10 10 1
ciInstanceKlass java/io/Serializable 1 0 7 1 1 1 100 100 1
ciInstanceKlass java/lang/String 1 1 542 3 3 3 3 8 8 8 8 8 8 8 8 8 8 1 1 1 1 1 1 1 1 1 1 1 1 1 1 1 1 1 1 1 1 1 1 1 1 1 1 1 1 1 1 1 1 1 1 1 1 1 1 1 1 1 1 1 1 1 1 1 1 1 1 1 1 1 1 1 1 1 1 1 1 1 1 1 1 1 1 1 1 1 1 1 1 1 1 1 1 1 1 1 1 1 1 1 1 1 1 1 1 1 1 1 1 1 1 1 1 1 1 1 1 1 1 1 1 1 1 1 1 1 1 1 1 1 1 1 1 1 1 1 1 1 1 1 1 1 1 1 1 1 1 1 1 1 1 1 1 1 1 1 1 1 1 1 1 1 1 1 1 1 1 1 1 1 1 1 1 1 1 1 1 1 1 1 1 1 1 1 1 1 1 1 1 1 1 1 1 1 1 1 1 1 1 1 1 1 1 1 1 1 1 1 1 1 1 1 1 1 1 1 5 0 100 100 100 100 7 7 100 7 100 7 7 100 100 7 7 100 100 7 7 7 7 100 7 7 100 7 100 100 7 100 7 100 100 7 7 7 7 7 7 7 7 7 7 7 1 1 1 1 1 1 1 1 1 1 1 1 1 1 1 1 1 1 1 1 1 1 1 1 1 1 1 1 1 1 1 1 1 1 1 1 1 1 1 1 1 1 1 1 1 1 1 1 1 1 1 1 1 1 1 1 1 1 1 1 1 12 12 12 12 12 12 12 12 12 12 12 12 12 12 12 12 12 12 12 12 12 12 12 12 12 12 12 12 12 12 12 12 12 12 12 12 12 12 12 12 12 12 12 12 12 12 12 12 12 12 12 12 12 12 12 12 12 12 12 12 12 12 12 12 12 12 12 12 12 12 12 12 12 12 12 12 12 12 12 12 12 12 12 12 12 12 12 12 12 12 12 12 12 12 12 12 12 12 12 12 12 12 9 9 9 9 10 10 10 10 10 10 10 10 10 10 10 10 10 10 10 10 10 10 10 10 10 10 10 10 10 10 10 10 10 10 10 10 10 10 10 10 10 10 10 10 10 10 10 10 10 10 10 10 10 10 10 10 10 10 10 10 10 10 10 10 10 10 10 10 10 10 10 10 10 10 10 10 10 10 10 10 10 10 10 10 10 10 10 10 10 10 10 10 10 10 10 10 10 10 10 10 10 10 10 10 10 10 10 10 10 11 11 11 11 11 11 11 11 1 1
staticfield java/lang/String serialPersistentFields [Ljava/io/ObjectStreamField; 0 [Ljava/io/ObjectStreamField;
staticfield java/lang/String CASE_INSENSITIVE_ORDER Ljava/util/Comparator; java/lang/String$CaseInsensitiveComparator
ciInstanceKlass java/lang/Class 1 1 1190 8 8 8 8 8 8 8 8 8 8 8 8 8 8 8 8 8 8 7 1 1 1 1 1 1 1 1 1 1 1 1 1 1 1 1 1 1 1 1 1 1 1 1 1 1 1 1 1 1 1 1 1 1 1 1 1 1 1 1 1 1 1 1 1 1 1 1 1 1 1 1 1 1 1 1 1 1 1 1 1 1 1 1 1 1 1 1 1 1 1 1 1 1 1 1 1 1 1 1 1 1 1 1 1 1 1 1 1 1 1 1 1 1 1 1 1 1 1 1 1 1 1 1 1 1 1 1 1 1 1 1 1 1 1 1 1 1 1 1 1 1 1 1 1 1 1 1 1 1 1 1 1 1 1 1 1 1 1 1 1 1 1 1 1 1 1 1 1 1 1 1 1 1 1 1 1 1 1 1 1 1 1 1 1 1 1 1 1 1 1 1 1 1 1 1 1 1 1 1 1 1 1 1 1 1 1 1 1 1 1 1 1 1 1 1 1 1 1 1 1 1 1 1 1 1 1 1 1 1 1 1 1 1 1 1 1 1 1 1 1 1 1 1 1 1 1 1 1 1 1 1 1 1 1 1 1 1 1 1 1 1 1 1 1 1 1 1 1 1 1 1 1 1 1 1 1 1 1 1 1 1 1 1 1 1 1 1 1 1 1 1 1 1 1 1 1 1 1 1 1 1 1 1 1 1 1 1 1 1 1 1 1 1 1 1 1 1 1 1 1 1 1 1 1 1 1 1 1 1 1 1 1 1 1 1 1 1 1 1 1 1 1 1 1 1 1 1 1 1 1 1 1 1 1 1 1 1 1 1 1 1 1 1 1 1 1 1 1 1 1 1 1 1 1 1 1 1 1 1 1 1 1 1 1 1 1 1 1 1 1 1 1 1 1 1 1 1 1 1 1 1 1 1 1 1 1 1 1 1 1 1 1 1 1 1 1 1 1 1 1 1 3 3 3 5 0 8 8 8 8 8 7 7 7 100 100 100 7 7 100 7 100 7 7 7 7 100 7 7 100 7 100 100 100 7 100 100 100 100 100 100 100 7 7 7 100 100 100 7 7 7 100 7 7 7 100 100 7 7 100 7 100 7 7 100 100 100 7 7 7 7 7 7 7 7 7 7 7 7 7 7 100 100 7 7 7 7 100 7 7 7 7 100 100 7 100 7 1 1 1 1 1 1 1 1 1 1 1 1 1 1 1 1 1 1 1 1 1 1 1 1 1 1 1 1 1 1 1 1 1 1 1 1 1 1 1 1 1 1 1 1 1 1 1 1 1 1 1 1 1 1 1 1 1 1 1 1 1 1 1 1 1 1 1 1 1 1 1 1 1 1 1 1 1 1 1 1 1 1 1 1 1 1 1 1 1 1 1 1 1 1 1 1 1 1 1 1 1 1 1 1 1 1 1 1 1 1 1 1 1 1 1 1 1 1 1 1 1 1 1 1 1 1 1 1 1 1 1 1 1 1 1 1 1 1 1 1 1 1 1 1 1 1 1 1 1 1 1 1 1 1 1 1 1 1 1 1 1 1 1 1 1 1 1 12 12 12 12 12 12 12 12 12 12 12 12 12 12 12 12 12 12 12 12 12 12 12 12 12 12 12 12 12 12 12 12 12 12 12 12 12 12 12 12 12 12 12 12 12 12 12 12 12 12 12 12 12 12 12 12 12 12 12 12 12 12 12 12 12 12 12 12 12 12 12 12 12 12 12 12 12 12 12 12 12 12 12 12 12 12 12 12 12 12 12 12 12 12 12 12 12 12 12 12 12 12 12 12 12 12 12 12 12 12 12 12 12 12 12 12 12 12 12 12 12 12 12 12 12 12 12 12 12 12 12 12 12 12 12 12 12 12 12 12 12 12 12 12 12 12 12 12 12 12 12 12 12 12 12 12 12 12 12 12 12 12 12 12 12 12 12 12 12 12 12 12 12 12 12 12 12 12 12 12 12 12 12 12 12 12 12 12 12 12 12 12 12 12 12 12 12 12 12 12 12 12 12 12 12 12 12 12 12 12 12 12 12 12 12 12 12 12 12 12 12 12 12 12 12 12 12 12 12 12 12 12 9 9 9 9 9 9 9 9 9 9 9 9 9 9 9 9 9 9 9 9 9 9 9 9 9 9 9 9 9 9 9 9 9 9 9 9 9 10 10 10 10 10 10 10 10 10 10 10 10 10 10 10 10 10 10 10 10 10 10 10 10 10 10 10 10 10 10 10 10 10 10 10 10 10 10 10 10 10 10 10 10 10 10 10 10 10 10 10 10 10 10 10 10 10 10 10 10 10 10 10 10 10 10 10 10 10 10 10 10 10 10 10 10 10 10 10 10 10 10 10 10 10 10 10 10 10 10 10 10 10 10 10 10 10 10 10 10 10 10 10 10 10 10 10 10 10 10 10 10 10 10 10 10 10 10 10 10 10 10 10 10 10 10 10 10 10 10 10 10 10 10 10 10 10 10 10 10 10 10 10 10 10 10 10 10 10 10 10 10 10 10 10 10 10 10 10 10 10 10 10 10 10 10 10 10 10 10 10 10 10 10 10 10 10 10 10 10 10 10 10 10 10 10 10 10 10 10 10 10 10 10 10 10 10 10 10 10 10 10 10 10 10 10 10 10 10 10 11 11 11 11 11 11 11 11 11 11 11 11 11 11 11 11 11 11 1 1 1 1 1 1 1 1
staticfield java/lang/Class serialPersistentFields [Ljava/io/ObjectStreamField; 0 [Ljava/io/ObjectStreamField;
ciInstanceKlass java/lang/Cloneable 1 0 7 1 1 1 100 100 1
instanceKlass com/sun/org/apache/xalan/internal/xsltc/trax/TemplatesImpl$TransletClassLoader
instanceKlass org/eclipse/sisu/space/CloningClassSpace$CloningClassLoader
instanceKlass java/util/ResourceBundle$RBClassLoader
instanceKlass sun/reflect/DelegatingClassLoader
instanceKlass java/security/SecureClassLoader
ciInstanceKlass java/lang/ClassLoader 1 1 832 8 8 8 8 8 8 8 8 8 8 8 8 8 8 8 8 8 8 7 1 1 1 1 1 1 1 1 1 1 1 1 1 1 1 1 1 1 1 1 1 1 1 1 1 1 1 1 1 1 1 1 1 1 1 1 1 1 1 1 1 1 1 1 1 1 1 1 1 1 1 1 1 1 1 1 1 1 1 1 1 1 1 1 1 1 1 1 1 1 1 1 1 1 1 1 1 1 1 1 1 1 1 1 1 1 1 1 1 1 1 1 1 1 1 1 1 1 1 1 1 1 1 1 1 1 1 1 1 1 1 1 1 1 1 1 1 1 1 1 1 1 1 1 1 1 1 1 1 1 1 1 1 1 1 1 1 1 1 1 1 1 1 1 1 1 1 1 1 1 1 1 1 1 1 1 1 1 1 1 1 1 1 1 1 1 1 1 1 1 1 1 1 1 1 1 1 1 1 1 1 1 1 1 1 1 1 1 1 1 1 1 1 1 1 1 1 1 1 1 1 1 1 1 1 1 1 1 1 1 1 1 1 1 1 1 1 1 1 1 1 1 1 1 1 1 1 1 1 1 1 1 1 1 1 1 1 1 1 1 1 1 1 1 1 1 1 1 1 1 1 1 1 1 1 1 1 1 1 1 1 1 1 1 1 1 1 1 1 1 1 1 1 1 1 1 100 100 100 7 7 7 100 100 100 100 7 100 100 7 7 7 7 100 7 100 100 100 100 7 7 100 100 7 100 7 7 100 100 100 100 7 100 100 7 7 100 7 7 100 100 7 7 7 7 7 7 7 7 7 7 7 7 7 7 100 100 1 1 1 1 1 1 1 1 1 1 1 1 1 1 1 1 1 1 1 1 1 1 1 1 1 1 1 1 1 1 1 1 1 1 1 1 1 1 1 1 1 1 1 1 1 1 1 1 1 1 1 1 1 1 1 1 1 1 1 1 1 1 1 1 1 1 1 1 1 1 1 1 1 1 1 1 1 1 1 1 1 1 1 1 1 1 1 1 1 1 1 1 1 1 1 1 1 1 1 1 1 1 1 1 1 1 1 1 1 1 1 1 12 12 12 12 12 12 12 12 12 12 12 12 12 12 12 12 12 12 12 12 12 12 12 12 12 12 12 12 12 12 12 12 12 12 12 12 12 12 12 12 12 12 12 12 12 12 12 12 12 12 12 12 12 12 12 12 12 12 12 12 12 12 12 12 12 12 12 12 12 12 12 12 12 12 12 12 12 12 12 12 12 12 12 12 12 12 12 12 12 12 12 12 12 12 12 12 12 12 12 12 12 12 12 12 12 12 12 12 12 12 12 12 12 12 12 12 12 12 12 12 12 12 12 12 12 12 12 12 12 12 12 12 12 12 12 12 12 12 12 12 12 12 12 12 12 12 12 12 12 12 12 12 12 12 12 12 12 12 12 12 12 12 12 12 12 12 12 12 9 9 9 9 9 9 9 9 9 9 9 9 9 9 9 9 9 9 9 9 9 9 9 9 9 9 9 9 10 10 10 10 10 10 10 10 10 10 10 10 10 10 10 10 10 10 10 10 10 10 10 10 10 10 10 10 10 10 10 10 10 10 10 10 10 10 10 10 10 10 10 10 10 10 10 10 10 10 10 10 10 10 10 10 10 10 10 10 10 10 10 10 10 10 10 10 10 10 10 10 10 10 10 10 10 10 10 10 10 10 10 10 10 10 10 10 10 10 10 10 10 10 10 10 10 10 10 10 10 10 10 10 10 10 10 10 10 10 10 10 10 10 10 10 10 10 10 10 10 10 10 10 10 10 10 10 10 10 10 10 10 10 10 10 10 10 10 10 10 10 10 10 10 10 10 10 10 10 10 10 10 10 10 10 10 10 10 10 11 11 11 11 11 1 1
staticfield java/lang/ClassLoader nocerts [Ljava/security/cert/Certificate; 0 [Ljava/security/cert/Certificate;
ciInstanceKlass java/lang/System 1 1 369 8 8 8 8 8 8 8 8 8 8 8 8 8 7 1 1 1 1 1 1 1 1 1 1 1 1 1 1 1 1 1 1 1 1 1 1 1 1 1 1 1 1 1 1 1 1 1 1 1 1 1 1 1 1 1 1 1 1 1 1 1 1 1 1 1 1 1 1 1 1 1 1 1 1 1 1 1 1 1 1 1 1 1 1 1 1 1 1 1 1 1 1 1 1 1 1 1 1 1 1 1 1 1 1 1 1 1 1 1 1 1 1 1 1 1 1 1 1 1 1 1 1 1 1 1 1 1 1 1 1 1 1 1 1 1 1 1 1 1 1 1 1 1 1 1 1 1 1 1 1 1 7 7 7 7 7 7 7 100 100 100 100 100 100 7 7 100 100 7 100 100 7 7 7 7 100 100 100 7 100 100 7 7 7 7 1 1 1 1 1 1 1 1 1 1 1 1 1 1 1 1 1 1 1 1 1 1 1 1 1 1 1 1 1 1 1 1 1 1 1 1 1 1 1 1 12 12 12 12 12 12 12 12 12 12 12 12 12 12 12 12 12 12 12 12 12 12 12 12 12 12 12 12 12 12 12 12 12 12 12 12 12 12 12 12 12 12 12 12 12 12 12 12 12 12 12 12 12 12 12 12 12 12 12 12 12 12 12 12 12 12 12 12 9 9 9 9 9 9 9 9 9 9 10 10 10 10 10 10 10 10 10 10 10 10 10 10 10 10 10 10 10 10 10 10 10 10 10 10 10 10 10 10 10 10 10 10 10 10 10 10 10 10 10 10 10 10 10 10 10 10 10 10 10 10 10 10 10 10 10 10 10 10 10 10 10 11 1
staticfield java/lang/System in Ljava/io/InputStream; java/io/BufferedInputStream
staticfield java/lang/System out Ljava/io/PrintStream; org/fusesource/jansi/AnsiPrintStream
staticfield java/lang/System err Ljava/io/PrintStream; org/fusesource/jansi/AnsiPrintStream
instanceKlass org/apache/maven/artifact/repository/metadata/RepositoryMetadataDeploymentException
instanceKlass org/apache/maven/artifact/repository/metadata/RepositoryMetadataInstallationException
instanceKlass java/lang/Exception
instanceKlass java/lang/Error
ciInstanceKlass java/lang/Throwable 1 1 353 8 8 8 8 8 8 8 8 8 8 8 8 8 8 8 8 8 8 8 7 1 1 1 1 1 1 1 1 1 1 1 1 1 1 1 1 1 1 1 1 1 1 1 1 1 1 1 1 1 1 1 1 1 1 1 1 1 1 1 1 1 1 1 1 1 1 1 1 1 1 1 1 1 1 1 1 1 1 1 1 1 1 1 1 1 1 1 1 1 1 1 1 1 1 1 1 1 1 1 1 1 1 1 1 1 1 1 1 1 1 1 1 1 1 1 1 1 1 1 1 1 1 1 1 1 1 1 1 1 1 1 1 1 1 1 1 1 1 1 1 1 1 1 1 1 1 1 1 1 1 1 1 1 1 1 1 1 1 5 0 7 100 100 100 100 100 100 100 7 100 100 100 100 100 100 7 100 7 100 100 100 100 100 100 100 100 100 7 7 100 100 100 100 100 1 1 1 1 1 1 1 1 1 1 1 1 1 1 1 1 1 1 1 1 1 1 1 1 1 1 1 1 1 1 1 12 12 12 12 12 12 12 12 12 12 12 12 12 12 12 12 12 12 12 12 12 12 12 12 12 12 12 12 12 12 12 12 12 12 12 12 12 12 12 12 12 12 12 12 12 12 12 12 12 12 12 12 12 12 12 12 12 9 9 9 9 9 9 9 9 9 9 9 9 10 10 10 10 10 10 10 10 10 10 10 10 10 10 10 10 10 10 10 10 10 10 10 10 10 10 10 10 10 10 10 10 10 10 10 10 10 10 10 10 10 10 10 10 10 11 11 11 11 11 11 11 11 1 1 1 1 1
staticfield java/lang/Throwable UNASSIGNED_STACK [Ljava/lang/StackTraceElement; 0 [Ljava/lang/StackTraceElement;
staticfield java/lang/Throwable SUPPRESSED_SENTINEL Ljava/util/List; java/util/Collections$UnmodifiableRandomAccessList
staticfield java/lang/Throwable EMPTY_THROWABLE_ARRAY [Ljava/lang/Throwable; 0 [Ljava/lang/Throwable;
staticfield java/lang/Throwable $assertionsDisabled Z 1
instanceKlass org/apache/xerces/impl/dv/ObjectFactory$ConfigurationError
instanceKlass org/apache/xerces/parsers/ObjectFactory$ConfigurationError
instanceKlass com/sun/tools/javac/tree/Pretty$UncheckedIOException
instanceKlass java/util/ServiceConfigurationError
instanceKlass com/sun/tools/javac/processing/ServiceProxy$ServiceConfigurationError
instanceKlass com/sun/tools/javac/tree/TreeInfo$1Result
instanceKlass com/sun/tools/javac/util/Abort
instanceKlass com/sun/tools/javac/processing/AnnotationProcessingError
instanceKlass com/sun/tools/javac/util/FatalError
instanceKlass com/sun/tools/javac/file/BaseFileObject$CannotCreateUriError
instanceKlass org/apache/xerces/impl/dv/ObjectFactory$ConfigurationError
instanceKlass org/apache/xerces/parsers/ObjectFactory$ConfigurationError
instanceKlass com/google/common/util/concurrent/ExecutionError
instanceKlass java/lang/AssertionError
instanceKlass java/io/IOError
instanceKlass org/apache/maven/BuildAbort
instanceKlass java/lang/VirtualMachineError
instanceKlass java/lang/LinkageError
instanceKlass java/lang/ThreadDeath
ciInstanceKlass java/lang/Error 1 1 30 1 1 1 1 1 1 1 1 1 1 1 1 5 0 100 7 1 1 12 12 12 12 12 10 10 10 10 10 1
ciInstanceKlass java/lang/ThreadDeath 0 0 18 1 1 1 1 1 1 1 1 1 1 5 0 100 100 12 10 1
instanceKlass antlr/ANTLRException
instanceKlass org/apache/xerces/impl/dv/DatatypeException
instanceKlass org/apache/maven/doxia/tools/SiteToolException
instanceKlass org/codehaus/plexus/interpolation/InterpolationException
instanceKlass org/sonatype/plexus/components/cipher/PlexusCipherException
instanceKlass org/sonatype/plexus/components/sec/dispatcher/SecDispatcherException
instanceKlass org/apache/maven/doxia/macro/manager/MacroNotFoundException
instanceKlass org/apache/maven/doxia/macro/MacroExecutionException
instanceKlass org/apache/maven/doxia/parser/ParseException
instanceKlass org/codehaus/plexus/resource/loader/FileResourceCreationException
instanceKlass org/apache/maven/doxia/parser/manager/ParserNotFoundException
instanceKlass org/codehaus/plexus/resource/loader/ResourceNotFoundException
instanceKlass org/codehaus/plexus/components/interactivity/PrompterException
instanceKlass org/apache/maven/doxia/module/site/manager/SiteModuleNotFoundException
instanceKlass org/apache/maven/plugin/checkstyle/exec/CheckstyleExecutorException
instanceKlass com/puppycrawl/tools/checkstyle/api/CheckstyleException
instanceKlass org/apache/maven/doxia/siterenderer/RendererException
instanceKlass org/codehaus/plexus/util/cli/CommandLineException
instanceKlass org/codehaus/plexus/compiler/util/scan/InclusionScanException
instanceKlass org/codehaus/plexus/compiler/CompilerException
instanceKlass org/codehaus/plexus/compiler/manager/NoSuchCompilerException
instanceKlass org/apache/maven/shared/filtering/MavenFilteringException
instanceKlass org/apache/rat/analysis/RatHeaderAnalysisException
instanceKlass org/apache/rat/document/RatDocumentAnalysisException
instanceKlass org/apache/commons/cli/ParseException
instanceKlass org/codehaus/plexus/util/cli/CommandLineException
instanceKlass org/apache/maven/doxia/module/site/manager/SiteModuleNotFoundException
instanceKlass org/apache/maven/doxia/parser/manager/ParserNotFoundException
instanceKlass org/codehaus/plexus/components/interactivity/PrompterException
instanceKlass org/codehaus/plexus/archiver/jar/ManifestException
instanceKlass org/codehaus/plexus/archiver/ArchiveFilterException
instanceKlass org/apache/maven/doxia/macro/manager/MacroNotFoundException
instanceKlass org/apache/maven/doxia/parser/ParseException
instanceKlass org/codehaus/plexus/archiver/ArchiverException
instanceKlass org/codehaus/plexus/archiver/manager/NoSuchArchiverException
instanceKlass org/apache/maven/doxia/macro/MacroExecutionException
instanceKlass org/apache/maven/doxia/siterenderer/RendererException
instanceKlass org/apache/rat/api/RatException
instanceKlass org/codehaus/plexus/interpolation/reflection/MethodMap$AmbiguousException
instanceKlass org/codehaus/plexus/interpolation/InterpolationException
instanceKlass org/codehaus/plexus/util/cli/CommandLineException
instanceKlass org/tmatesoft/svn/core/SVNException
instanceKlass org/codehaus/plexus/components/interactivity/PrompterException
instanceKlass org/apache/maven/scm/repository/UnknownRepositoryStructure
instanceKlass org/apache/maven/scm/ScmException
instanceKlass org/antlr/runtime/RecognitionException
instanceKlass org/codehaus/plexus/compiler/util/scan/InclusionScanException
instanceKlass org/codehaus/plexus/interpolation/InterpolationException
instanceKlass org/codehaus/plexus/archiver/jar/ManifestException
instanceKlass org/codehaus/plexus/archiver/manager/NoSuchArchiverException
instanceKlass org/codehaus/plexus/util/cli/CommandLineException
instanceKlass org/apache/maven/surefire/util/NestedCheckedException
instanceKlass java/util/zip/DataFormatException
instanceKlass com/sun/tools/javac/jvm/JNIWriter$TypeSignature$SignatureException
instanceKlass com/sun/tools/javac/jvm/ClassWriter$StringOverflow
instanceKlass com/sun/tools/javac/jvm/ClassWriter$PoolOverflow
instanceKlass com/sun/tools/doclint/DocLint$BadArgs
instanceKlass org/codehaus/plexus/util/cli/CommandLineException
instanceKlass org/codehaus/plexus/compiler/util/scan/InclusionScanException
instanceKlass org/codehaus/plexus/compiler/CompilerException
instanceKlass org/codehaus/plexus/compiler/manager/NoSuchCompilerException
instanceKlass org/apache/maven/shared/filtering/MavenFilteringException
instanceKlass antlr/ANTLRException
instanceKlass java/beans/PropertyVetoException
instanceKlass java/util/TooManyListenersException
instanceKlass java/beans/IntrospectionException
instanceKlass org/apache/xerces/impl/dv/DatatypeException
instanceKlass org/apache/maven/doxia/macro/manager/MacroNotFoundException
instanceKlass org/sonatype/plexus/components/cipher/PlexusCipherException
instanceKlass org/sonatype/plexus/components/sec/dispatcher/SecDispatcherException
instanceKlass org/apache/maven/doxia/module/site/manager/SiteModuleNotFoundException
instanceKlass org/codehaus/plexus/components/interactivity/PrompterException
instanceKlass org/apache/maven/doxia/tools/SiteToolException
instanceKlass org/codehaus/plexus/interpolation/InterpolationException
instanceKlass org/apache/maven/doxia/macro/MacroExecutionException
instanceKlass org/codehaus/plexus/resource/loader/FileResourceCreationException
instanceKlass org/codehaus/plexus/resource/loader/ResourceNotFoundException
instanceKlass org/apache/maven/doxia/parser/ParseException
instanceKlass org/apache/maven/doxia/parser/manager/ParserNotFoundException
instanceKlass org/apache/maven/plugin/checkstyle/exec/CheckstyleExecutorException
instanceKlass com/puppycrawl/tools/checkstyle/api/CheckstyleException
instanceKlass org/apache/maven/doxia/siterenderer/RendererException
instanceKlass org/apache/rat/analysis/RatHeaderAnalysisException
instanceKlass org/apache/rat/document/RatDocumentAnalysisException
instanceKlass com/sun/org/apache/bcel/internal/generic/TargetLostException
instanceKlass org/apache/commons/cli/ParseException
instanceKlass org/apache/maven/doxia/parser/manager/ParserNotFoundException
instanceKlass org/apache/maven/doxia/module/site/manager/SiteModuleNotFoundException
instanceKlass org/codehaus/plexus/components/interactivity/PrompterException
instanceKlass org/apache/maven/doxia/macro/manager/MacroNotFoundException
instanceKlass org/apache/maven/doxia/macro/MacroExecutionException
instanceKlass org/apache/maven/doxia/parser/ParseException
instanceKlass org/codehaus/plexus/util/cli/CommandLineException
instanceKlass org/codehaus/plexus/archiver/jar/ManifestException
instanceKlass org/codehaus/plexus/archiver/manager/NoSuchArchiverException
instanceKlass org/codehaus/plexus/archiver/ArchiveFilterException
instanceKlass org/codehaus/plexus/archiver/ArchiverException
instanceKlass org/apache/maven/doxia/siterenderer/RendererException
instanceKlass org/apache/rat/api/RatException
instanceKlass org/apache/maven/artifact/DependencyResolutionRequiredException
instanceKlass org/codehaus/plexus/util/introspection/MethodMap$AmbiguousException
instanceKlass org/apache/maven/doxia/siterenderer/RendererException
instanceKlass org/apache/maven/doxia/module/site/manager/SiteModuleNotFoundException
instanceKlass org/codehaus/plexus/components/interactivity/PrompterException
instanceKlass org/apache/maven/doxia/parser/manager/ParserNotFoundException
instanceKlass org/apache/maven/doxia/parser/ParseException
instanceKlass org/apache/maven/doxia/macro/MacroExecutionException
instanceKlass org/codehaus/plexus/archiver/jar/ManifestException
instanceKlass org/codehaus/plexus/archiver/ArchiveFilterException
instanceKlass org/codehaus/plexus/archiver/manager/NoSuchArchiverException
instanceKlass org/apache/maven/doxia/macro/manager/MacroNotFoundException
instanceKlass org/sonatype/plexus/components/cipher/PlexusCipherException
instanceKlass org/sonatype/plexus/components/sec/dispatcher/SecDispatcherException
instanceKlass org/apache/maven/reporting/MavenReportException
instanceKlass javax/xml/transform/TransformerException
instanceKlass org/xml/sax/SAXException
instanceKlass javax/xml/parsers/ParserConfigurationException
instanceKlass java/net/URISyntaxException
instanceKlass org/apache/maven/shared/dependency/tree/DependencyTreeBuilderException
instanceKlass org/apache/maven/shared/dependency/graph/DependencyGraphBuilderException
instanceKlass org/codehaus/plexus/interpolation/reflection/MethodMap$AmbiguousException
instanceKlass org/apache/maven/model/resolution/InvalidRepositoryException
instanceKlass org/apache/maven/model/resolution/UnresolvableModelException
instanceKlass org/apache/maven/cli/internal/ExtensionResolutionException
instanceKlass org/apache/maven/toolchain/building/ToolchainsBuildingException
instanceKlass org/apache/maven/execution/MavenExecutionRequestPopulationException
instanceKlass org/apache/maven/repository/metadata/MetadataGraphTransformationException
instanceKlass org/apache/maven/settings/building/SettingsBuildingException
instanceKlass org/apache/maven/lifecycle/internal/builder/BuilderNotFoundException
instanceKlass org/apache/maven/lifecycle/NoGoalSpecifiedException
instanceKlass org/apache/maven/BuildFailureException
instanceKlass org/codehaus/plexus/util/dag/CycleDetectedException
instanceKlass org/apache/maven/project/DuplicateProjectException
instanceKlass org/apache/maven/plugin/version/PluginVersionNotFoundException
instanceKlass org/apache/maven/plugin/InvalidPluginException
instanceKlass org/apache/maven/artifact/repository/metadata/RepositoryMetadataReadException
instanceKlass org/apache/maven/artifact/repository/metadata/RepositoryMetadataStoreException
instanceKlass org/apache/maven/repository/legacy/resolver/conflict/ConflictResolverNotFoundException
instanceKlass org/apache/maven/model/building/ModelBuildingException
instanceKlass org/apache/maven/lifecycle/MissingProjectException
instanceKlass org/apache/maven/project/DependencyResolutionException
instanceKlass org/apache/maven/repository/metadata/GraphConflictResolutionException
instanceKlass org/apache/maven/repository/metadata/MetadataResolutionException
instanceKlass org/sonatype/plexus/components/sec/dispatcher/SecDispatcherException
instanceKlass org/sonatype/plexus/components/cipher/PlexusCipherException
instanceKlass org/apache/maven/project/interpolation/ModelInterpolationException
instanceKlass org/codehaus/plexus/component/composition/CycleDetectedInComponentGraphException
instanceKlass org/codehaus/plexus/component/configurator/expression/ExpressionEvaluationException
instanceKlass org/codehaus/plexus/configuration/PlexusConfigurationException
instanceKlass org/apache/maven/plugin/PluginConfigurationException
instanceKlass org/codehaus/plexus/personality/plexus/lifecycle/phase/InitializationException
instanceKlass org/apache/maven/MavenExecutionException
instanceKlass org/apache/maven/artifact/deployer/ArtifactDeploymentException
instanceKlass org/apache/maven/artifact/installer/ArtifactInstallationException
instanceKlass org/codehaus/plexus/component/repository/exception/ComponentLifecycleException
instanceKlass org/apache/maven/lifecycle/LifecycleExecutionException
instanceKlass org/apache/maven/lifecycle/LifecycleNotFoundException
instanceKlass org/apache/maven/lifecycle/LifecyclePhaseNotFoundException
instanceKlass org/apache/maven/plugin/PluginManagerException
instanceKlass org/apache/maven/project/ProjectBuildingException
instanceKlass org/apache/maven/artifact/repository/metadata/RepositoryMetadataResolutionException
instanceKlass org/apache/maven/plugin/InvalidPluginDescriptorException
instanceKlass org/apache/maven/plugin/MojoNotFoundException
instanceKlass org/apache/maven/plugin/PluginDescriptorParsingException
instanceKlass org/apache/maven/plugin/PluginResolutionException
instanceKlass org/apache/maven/plugin/prefix/NoPluginFoundForPrefixException
instanceKlass org/apache/maven/plugin/version/PluginVersionResolutionException
instanceKlass org/apache/maven/repository/legacy/metadata/ArtifactMetadataRetrievalException
instanceKlass org/apache/maven/artifact/versioning/InvalidVersionSpecificationException
instanceKlass org/apache/maven/artifact/InvalidRepositoryException
instanceKlass org/apache/maven/repository/ArtifactDoesNotExistException
instanceKlass org/apache/maven/repository/ArtifactTransferFailedException
instanceKlass org/apache/maven/configuration/BeanConfigurationException
instanceKlass org/codehaus/plexus/component/configurator/ComponentConfigurationException
instanceKlass org/apache/maven/toolchain/MisconfiguredToolchainException
instanceKlass org/apache/maven/artifact/resolver/AbstractArtifactResolutionException
instanceKlass org/apache/http/HttpException
instanceKlass org/apache/maven/wagon/WagonException
instanceKlass org/eclipse/aether/RepositoryException
instanceKlass org/apache/maven/plugin/AbstractMojoExecutionException
instanceKlass java/util/concurrent/TimeoutException
instanceKlass com/google/common/collect/RegularImmutableMap$BucketOverflowException
instanceKlass java/util/concurrent/ExecutionException
instanceKlass com/google/inject/internal/ErrorsException
instanceKlass com/google/inject/internal/InternalProvisionException
instanceKlass org/codehaus/plexus/context/ContextException
instanceKlass java/text/ParseException
instanceKlass org/codehaus/plexus/PlexusContainerException
instanceKlass org/codehaus/plexus/component/repository/exception/ComponentLookupException
instanceKlass org/codehaus/plexus/util/xml/pull/XmlPullParserException
instanceKlass java/lang/CloneNotSupportedException
instanceKlass sun/nio/fs/WindowsException
instanceKlass java/security/PrivilegedActionException
instanceKlass org/apache/commons/cli/ParseException
instanceKlass org/codehaus/plexus/interpolation/InterpolationException
instanceKlass org/apache/maven/cli/MavenCli$ExitException
instanceKlass org/codehaus/plexus/classworlds/launcher/ConfigurationException
instanceKlass org/codehaus/plexus/classworlds/ClassWorldException
instanceKlass java/security/GeneralSecurityException
instanceKlass java/io/IOException
instanceKlass java/lang/InterruptedException
instanceKlass java/lang/ReflectiveOperationException
instanceKlass java/lang/RuntimeException
ciInstanceKlass java/lang/Exception 1 1 30 1 1 1 1 1 1 1 1 1 1 1 1 5 0 100 7 1 1 12 12 12 12 12 10 10 10 10 10 1
instanceKlass io/cdap/wrangler/proto/StatusCodeException
instanceKlass org/apache/commons/logging/LogConfigurationException
instanceKlass org/apache/xerces/impl/dv/DVFactoryException
instanceKlass org/apache/xerces/xni/XNIException
instanceKlass org/apache/commons/beanutils/ConversionException
instanceKlass org/apache/velocity/exception/VelocityException
instanceKlass org/apache/rat/ReportFailedRuntimeException
instanceKlass org/antlr/v4/parse/ResyncToEndOfRuleBlock
instanceKlass org/antlr/runtime/tree/RewriteCardinalityException
instanceKlass org/stringtemplate/v4/misc/AmbiguousMatchException
instanceKlass org/stringtemplate/v4/compiler/STException
instanceKlass org/codehaus/plexus/archiver/ArchiverException
instanceKlass org/apache/maven/surefire/util/NestedRuntimeException
instanceKlass com/sun/tools/javac/jvm/Gen$CodeSizeOverflow
instanceKlass com/sun/tools/javac/comp/Infer$GraphStrategy$NodeNotFoundException
instanceKlass com/sun/tools/javac/comp/Attr$BreakAttr
instanceKlass com/sun/tools/javac/comp/Resolve$InapplicableMethodException
instanceKlass com/sun/tools/javac/code/Types$AdaptFailure
instanceKlass com/sun/tools/javac/code/Types$FunctionDescriptorLookupError
instanceKlass com/sun/tools/javac/code/Symbol$CompletionFailure
instanceKlass com/sun/tools/javac/util/PropagatedException
instanceKlass com/sun/tools/javac/util/ClientCodeException
instanceKlass org/apache/commons/logging/LogConfigurationException
instanceKlass org/apache/xerces/impl/dv/DVFactoryException
instanceKlass org/apache/xerces/xni/XNIException
instanceKlass org/apache/commons/beanutils/ConversionException
instanceKlass org/apache/velocity/exception/VelocityException
instanceKlass java/util/EmptyStackException
instanceKlass org/apache/rat/ReportFailedRuntimeException
instanceKlass org/apache/maven/project/DuplicateArtifactAttachmentException
instanceKlass java/time/DateTimeException
instanceKlass java/util/MissingResourceException
instanceKlass org/codehaus/plexus/archiver/ArchiverException
instanceKlass org/eclipse/aether/named/support/LockUpgradeNotSupportedException
instanceKlass java/util/ConcurrentModificationException
instanceKlass com/google/inject/internal/aop/GlueException
instanceKlass java/io/UncheckedIOException
instanceKlass org/apache/maven/artifact/InvalidArtifactRTException
instanceKlass com/google/inject/OutOfScopeException
instanceKlass java/lang/annotation/IncompleteAnnotationException
instanceKlass java/lang/reflect/UndeclaredThrowableException
instanceKlass com/google/common/util/concurrent/UncheckedExecutionException
instanceKlass com/google/common/cache/CacheLoader$InvalidCacheLoadException
instanceKlass java/util/NoSuchElementException
instanceKlass com/google/inject/CreationException
instanceKlass com/google/inject/ConfigurationException
instanceKlass com/google/inject/ProvisionException
instanceKlass java/lang/TypeNotPresentException
instanceKlass java/lang/IndexOutOfBoundsException
instanceKlass java/lang/UnsupportedOperationException
instanceKlass java/lang/SecurityException
instanceKlass java/lang/IllegalStateException
instanceKlass java/lang/invoke/WrongMethodTypeException
instanceKlass java/lang/IllegalArgumentException
instanceKlass java/lang/ArithmeticException
instanceKlass java/lang/NullPointerException
instanceKlass java/lang/IllegalMonitorStateException
instanceKlass java/lang/ArrayStoreException
instanceKlass java/lang/ClassCastException
ciInstanceKlass java/lang/RuntimeException 1 1 30 1 1 1 1 1 1 1 1 1 1 1 1 5 0 7 100 1 1 12 12 12 12 12 10 10 10 10 10 1
ciInstanceKlass java/lang/SecurityManager 0 0 375 8 8 8 8 8 8 8 8 8 8 8 8 8 8 8 8 8 8 8 8 8 8 8 8 8 8 8 8 8 8 8 8 8 8 8 8 100 1 1 1 1 1 1 1 1 1 1 1 1 1 1 1 1 1 1 1 1 1 1 1 1 1 1 1 1 1 1 1 1 1 1 1 1 1 1 1 1 1 1 1 1 1 1 1 1 1 1 1 1 1 1 1 1 1 1 1 1 1 1 1 1 1 1 1 1 1 1 1 1 1 1 1 1 1 1 1 1 1 1 1 1 1 1 1 1 1 1 1 1 1 1 1 1 1 1 1 1 1 1 1 1 1 1 1 1 1 1 1 1 1 1 1 1 1 1 1 1 1 1 1 1 1 1 1 1 1 1 1 1 1 1 1 1 1 1 1 1 1 1 1 1 1 1 1 1 1 1 1 1 1 1 1 1 1 1 1 1 1 1 1 1 100 100 100 100 100 100 100 100 100 100 100 100 100 100 100 100 100 100 100 100 100 100 100 100 100 100 100 100 1 1 1 1 1 1 1 1 1 1 1 1 1 1 1 1 1 1 1 1 1 1 1 1 1 1 1 1 1 1 1 12 12 12 12 12 12 12 12 12 12 12 12 12 12 12 12 12 12 12 12 12 12 12 12 12 12 12 12 12 12 12 12 12 12 12 12 12 12 12 12 12 12 12 12 12 12 12 12 12 12 12 9 9 9 9 9 9 9 9 9 9 9 9 9 9 9 9 9 10 10 10 10 10 10 10 10 10 10 10 10 10 10 10 10 10 10 10 10 10 10 10 10 10 10 10 10 10 10 10 10 10 10 10 10 10 10 10 10 10 10 10 10 10 1
ciInstanceKlass java/security/ProtectionDomain 1 1 272 8 8 8 8 8 8 8 8 8 8 1 1 1 1 1 1 1 1 1 1 1 1 1 1 1 1 1 1 1 1 1 1 1 1 1 1 1 1 1 1 1 1 1 1 1 1 1 1 1 1 1 1 1 1 1 1 1 1 1 1 1 1 1 1 1 1 1 1 1 1 1 1 1 1 1 1 1 1 1 1 1 1 1 1 1 1 1 1 1 1 1 1 1 1 1 1 1 1 1 1 1 1 1 1 1 1 1 1 1 100 100 100 7 100 100 100 100 100 100 100 100 100 7 7 100 7 7 100 7 7 7 100 100 100 7 7 100 1 1 1 1 1 1 1 1 1 1 1 1 1 1 1 1 1 1 1 1 1 1 1 1 1 1 1 1 1 12 12 12 12 12 12 12 12 12 12 12 12 12 12 12 12 12 12 12 12 12 12 12 12 12 12 12 12 12 12 12 12 12 12 12 12 12 12 12 12 12 12 12 12 12 12 12 12 9 9 9 9 9 9 9 9 9 9 9 10 10 10 10 10 10 10 10 10 10 10 10 10 10 10 10 10 10 10 10 10 10 10 10 10 10 10 10 10 10 10 10 10 10 10 10 10 11 11 11 11 11 11 11 1 1
staticfield java/security/ProtectionDomain debug Lsun/security/util/Debug; null
ciInstanceKlass java/security/AccessControlContext 1 1 305 8 8 8 8 8 8 8 8 8 8 8 8 8 7 1 1 1 1 1 1 1 1 1 1 1 1 1 1 1 1 1 1 1 1 1 1 1 1 1 1 1 1 1 1 1 1 1 1 1 1 1 1 1 1 1 1 1 1 1 1 1 1 1 1 1 1 1 1 1 1 1 1 1 1 1 1 1 1 1 1 1 1 1 1 1 1 1 1 1 1 1 1 1 1 1 1 1 1 1 1 1 1 1 1 1 1 1 1 1 1 1 1 1 1 1 1 1 1 1 1 1 1 1 100 100 100 100 7 100 100 7 100 100 7 100 100 7 100 100 7 100 7 100 100 100 100 1 1 1 1 1 1 1 1 1 1 1 1 1 1 1 1 1 1 1 1 1 1 1 1 1 1 1 1 1 1 1 1 1 1 12 12 12 12 12 12 12 12 12 12 12 12 12 12 12 12 12 12 12 12 12 12 12 12 12 12 12 12 12 12 12 12 12 12 12 12 12 12 12 12 12 12 12 12 12 12 12 12 12 12 12 12 12 12 12 12 12 12 9 9 9 9 9 9 9 9 9 9 9 9 9 9 10 10 10 10 10 10 10 10 10 10 10 10 10 10 10 10 10 10 10 10 10 10 10 10 10 10 10 10 10 10 10 10 10 10 10 10 10 10 10 10 10 10 10 10 10 11 11 11 11 11 11 1
instanceKlass java/net/URLClassLoader
ciInstanceKlass java/security/SecureClassLoader 1 1 130 8 8 8 8 1 1 1 1 1 1 1 1 1 1 1 1 1 1 1 1 1 1 1 1 1 1 1 1 1 1 1 1 1 1 1 1 1 1 1 1 1 1 1 1 1 1 1 1 1 1 7 100 100 100 100 7 100 7 7 7 7 7 1 1 1 1 1 1 1 1 1 1 1 1 1 1 1 1 1 1 12 12 12 12 12 12 12 12 12 12 12 12 12 12 12 12 12 12 12 12 12 12 12 9 9 9 10 10 10 10 10 10 10 10 10 10 10 10 10 10 10 10 10 10 10 10 10 10 1
staticfield java/security/SecureClassLoader debug Lsun/security/util/Debug; null
instanceKlass java/lang/NoSuchFieldException
instanceKlass java/lang/InstantiationException
instanceKlass java/lang/IllegalAccessException
instanceKlass java/lang/reflect/InvocationTargetException
instanceKlass java/lang/NoSuchMethodException
instanceKlass java/lang/ClassNotFoundException
ciInstanceKlass java/lang/ReflectiveOperationException 1 1 27 1 1 1 1 1 1 1 1 1 1 1 1 5 0 7 100 1 12 12 12 12 10 10 10 10 1
ciInstanceKlass java/lang/ClassNotFoundException 1 1 32 1 1 1 1 1 1 1 1 1 1 1 1 1 1 1 1 5 0 100 7 100 1 1 1 12 12 12 9 10 10 1
instanceKlass java/lang/ClassFormatError
instanceKlass java/lang/ExceptionInInitializerError
instanceKlass java/lang/UnsatisfiedLinkError
instanceKlass java/lang/IncompatibleClassChangeError
instanceKlass java/lang/BootstrapMethodError
instanceKlass java/lang/NoClassDefFoundError
ciInstanceKlass java/lang/LinkageError 1 1 24 1 1 1 1 1 1 1 1 1 1 1 5 0 7 100 1 12 12 12 10 10 10 1
ciInstanceKlass java/lang/NoClassDefFoundError 1 1 21 1 1 1 1 1 1 1 1 1 1 1 5 0 7 100 12 12 10 10 1
ciInstanceKlass java/lang/ClassCastException 1 1 21 1 1 1 1 1 1 1 1 1 1 1 5 0 100 100 12 12 10 10 1
ciInstanceKlass java/lang/ArrayStoreException 1 1 21 1 1 1 1 1 1 1 1 1 1 1 5 0 100 100 12 12 10 10 1
instanceKlass java/lang/InternalError
instanceKlass java/lang/StackOverflowError
instanceKlass java/lang/OutOfMemoryError
ciInstanceKlass java/lang/VirtualMachineError 1 1 27 1 1 1 1 1 1 1 1 1 1 1 1 5 0 100 100 1 12 12 12 12 10 10 10 10 1
ciInstanceKlass java/lang/OutOfMemoryError 1 1 21 1 1 1 1 1 1 1 1 1 1 1 5 0 100 100 12 12 10 10 1
ciInstanceKlass java/lang/StackOverflowError 1 1 21 1 1 1 1 1 1 1 1 1 1 1 5 0 100 100 12 12 10 10 1
ciInstanceKlass java/lang/IllegalMonitorStateException 1 1 21 1 1 1 1 1 1 1 1 1 1 1 5 0 100 100 12 12 10 10 1
instanceKlass java/lang/ref/PhantomReference
instanceKlass java/lang/ref/FinalReference
instanceKlass java/lang/ref/WeakReference
instanceKlass java/lang/ref/SoftReference
ciInstanceKlass java/lang/ref/Reference 1 1 139 8 1 1 1 1 1 1 1 1 1 1 1 1 1 1 1 1 1 1 1 1 1 1 1 1 1 1 1 1 1 1 1 1 1 1 1 1 1 1 1 1 1 1 1 1 1 1 1 1 1 1 1 1 1 1 1 1 1 1 100 100 7 100 7 7 100 7 7 7 7 7 7 7 1 1 1 1 1 1 1 1 1 1 1 1 1 1 1 1 12 12 12 12 12 12 12 12 12 12 12 12 12 12 12 12 12 12 12 12 12 12 9 9 9 9 9 9 9 10 10 10 10 10 10 10 10 10 10 10 10 10 10 10 10 10 1 1 1
instanceKlass org/eclipse/sisu/inject/MildElements$Soft
instanceKlass sun/util/locale/provider/LocaleResources$ResourceReference
instanceKlass java/util/ResourceBundle$BundleReference
instanceKlass org/eclipse/sisu/inject/MildKeys$Soft
instanceKlass java/lang/invoke/LambdaFormEditor$Transform
instanceKlass sun/util/locale/LocaleObjectCache$CacheEntry
ciInstanceKlass java/lang/ref/SoftReference 1 1 35 1 1 1 1 1 1 1 1 1 1 1 1 1 1 1 1 100 7 7 1 1 1 1 12 12 12 12 12 9 9 10 10 10 1
instanceKlass org/apache/commons/logging/impl/WeakHashtable$WeakKey
instanceKlass com/sun/tools/javac/util/UnsharedNameTable$HashEntry
instanceKlass java/beans/WeakIdentityMap$Entry
instanceKlass org/apache/commons/logging/impl/WeakHashtable$WeakKey
instanceKlass sun/nio/ch/SharedFileLockTable$FileLockReference
instanceKlass org/eclipse/sisu/inject/MildElements$Weak
instanceKlass com/google/common/collect/MapMakerInternalMap$AbstractWeakKeyEntry
instanceKlass com/google/common/cache/LocalCache$WeakEntry
instanceKlass java/lang/reflect/WeakCache$CacheValue
instanceKlass java/lang/reflect/Proxy$Key1
instanceKlass java/lang/reflect/WeakCache$CacheKey
instanceKlass java/util/logging/LogManager$LoggerWeakRef
instanceKlass java/util/ResourceBundle$LoaderReference
instanceKlass org/eclipse/sisu/inject/MildKeys$Weak
instanceKlass java/lang/invoke/MethodType$ConcurrentWeakInternSet$WeakEntry
instanceKlass java/lang/ThreadLocal$ThreadLocalMap$Entry
instanceKlass java/lang/ClassValue$Entry
instanceKlass java/util/WeakHashMap$Entry
ciInstanceKlass java/lang/ref/WeakReference 1 1 20 1 1 1 1 1 1 1 1 7 100 1 1 1 1 12 12 10 10 1
instanceKlass java/lang/ref/Finalizer
ciInstanceKlass java/lang/ref/FinalReference 1 1 25 8 1 1 1 1 1 1 1 1 1 1 1 1 100 100 7 1 1 1 12 12 10 10 1
instanceKlass sun/misc/Cleaner
ciInstanceKlass java/lang/ref/PhantomReference 1 1 19 1 1 1 1 1 1 1 1 1 1 100 7 1 1 1 12 10 1
ciInstanceKlass java/lang/ref/Finalizer 1 1 140 1 1 1 1 1 1 1 1 1 1 1 1 1 1 1 1 1 1 1 1 1 1 1 1 1 1 1 1 1 1 1 1 1 1 1 1 1 1 1 1 1 1 1 1 1 1 1 1 1 1 1 1 1 1 7 7 7 7 100 7 7 100 100 7 7 100 7 100 1 1 1 1 1 1 1 1 1 1 1 1 1 1 1 12 12 12 12 12 12 12 12 12 12 12 12 12 12 12 12 12 12 12 12 12 12 12 12 12 12 9 9 9 9 9 10 10 10 10 10 10 10 10 10 10 10 10 10 10 10 10 10 10 10 10 10 10 11 1 1
staticfield java/lang/ref/Finalizer lock Ljava/lang/Object; java/lang/Object
instanceKlass java/lang/ref/ReferenceQueue$Null
ciInstanceKlass java/lang/ref/ReferenceQueue 1 1 130 8 7 1 1 1 1 1 1 1 1 1 1 1 1 1 1 1 1 1 1 1 1 1 1 1 1 1 1 1 1 1 1 1 1 1 1 1 1 1 1 1 1 1 1 1 1 1 1 1 1 1 1 1 1 1 5 0 100 7 100 100 7 100 100 7 7 100 7 7 100 7 1 1 1 1 1 1 1 1 1 1 1 1 1 1 1 1 12 12 12 12 12 12 12 12 12 12 12 12 12 12 12 12 12 12 12 9 9 9 9 9 9 9 9 10 10 10 10 10 10 10 10 10 10 10 10 11 1 1
staticfield java/lang/ref/ReferenceQueue $assertionsDisabled Z 1
instanceKlass org/apache/maven/shared/utils/logging/MessageUtils$1
instanceKlass org/codehaus/plexus/util/cli/StreamPumper
instanceKlass org/codehaus/plexus/util/cli/CommandLineUtils$1
instanceKlass org/apache/maven/shared/utils/logging/MessageUtils$1
instanceKlass java/util/logging/LogManager$Cleaner
instanceKlass org/apache/maven/shared/utils/logging/MessageUtils$1
instanceKlass java/lang/ref/Finalizer$FinalizerThread
instanceKlass java/lang/ref/Reference$ReferenceHandler
ciInstanceKlass java/lang/Thread 1 1 550 3 3 8 8 8 8 8 8 8 8 8 8 8 8 7 1 1 1 1 1 1 1 1 1 1 1 1 1 1 1 1 1 1 1 1 1 1 1 1 1 1 1 1 1 1 1 1 1 1 1 1 1 1 1 1 1 1 1 1 1 1 1 1 1 1 1 1 1 1 1 1 1 1 1 1 1 1 1 1 1 1 1 1 1 1 1 1 1 1 1 1 1 1 1 1 1 1 1 1 1 1 1 1 1 1 1 1 1 1 1 1 1 1 1 1 1 1 1 1 1 1 1 1 1 1 1 1 1 1 1 1 1 1 1 1 1 1 1 1 1 1 1 1 1 1 1 1 1 1 1 1 1 1 1 1 1 1 1 1 1 1 1 1 1 1 1 1 1 1 1 1 1 1 1 1 1 1 1 1 1 1 1 1 1 1 1 1 1 1 1 1 1 1 1 1 1 1 1 1 1 1 1 1 1 1 1 1 1 1 1 1 1 1 1 1 1 1 1 1 1 1 1 1 1 1 1 1 3 3 3 100 100 100 100 100 100 100 100 100 7 100 100 7 7 7 100 7 100 7 7 100 100 100 100 100 100 7 7 100 100 100 100 100 100 7 100 100 100 7 100 100 100 100 1 1 1 1 1 1 1 1 1 1 1 1 1 1 1 1 1 1 1 1 1 1 1 1 1 1 1 1 1 1 1 1 1 1 1 1 1 1 1 1 1 1 1 1 1 1 1 1 1 1 1 1 1 1 1 1 1 1 1 12 12 12 12 12 12 12 12 12 12 12 12 12 12 12 12 12 12 12 12 12 12 12 12 12 12 12 12 12 12 12 12 12 12 12 12 12 12 12 12 12 12 12 12 12 12 12 12 12 12 12 12 12 12 12 12 12 12 12 12 12 12 12 12 12 12 12 12 12 12 12 12 12 12 12 12 12 12 12 12 12 12 12 12 12 12 12 12 12 12 12 12 12 12 12 12 12 12 12 9 9 9 9 9 9 9 9 9 9 9 9 9 9 9 9 9 9 9 9 9 9 9 9 9 9 9 10 10 10 10 10 10 10 10 10 10 10 10 10 10 10 10 10 10 10 10 10 10 10 10 10 10 10 10 10 10 10 10 10 10 10 10 10 10 10 10 10 10 10 10 10 10 10 10 10 10 10 10 10 10 10 10 10 10 10 10 10 10 10 10 10 10 10 10 10 10 10 10 10 10 10 10 10 10 10 11 11 11 11 11 11 11 1 1 1 1 1
staticfield java/lang/Thread EMPTY_STACK_TRACE [Ljava/lang/StackTraceElement; 0 [Ljava/lang/StackTraceElement;
staticfield java/lang/Thread SUBCLASS_IMPLEMENTATION_PERMISSION Ljava/lang/RuntimePermission; java/lang/RuntimePermission
ciInstanceKlass java/lang/ThreadGroup 1 1 268 8 8 8 8 8 8 8 1 1 1 1 1 1 1 1 1 1 1 1 1 1 1 1 1 1 1 1 1 1 1 1 1 1 1 1 1 1 1 1 1 1 1 1 1 1 1 1 1 1 1 1 1 1 1 1 1 1 1 1 1 1 1 1 1 1 1 1 1 1 1 1 1 1 1 1 1 1 1 1 1 1 1 1 1 1 1 1 1 1 1 1 1 1 1 1 1 1 1 1 1 1 1 1 1 1 1 1 1 7 100 100 100 100 100 7 100 100 7 7 100 100 7 100 7 100 1 1 1 1 1 1 1 1 1 1 1 1 1 1 1 1 1 1 1 1 1 1 1 1 1 1 1 12 12 12 12 12 12 12 12 12 12 12 12 12 12 12 12 12 12 12 12 12 12 12 12 12 12 12 12 12 12 12 12 12 12 12 12 12 12 12 12 12 12 12 12 12 12 12 12 12 12 12 12 12 9 9 9 9 9 9 9 9 9 9 9 9 9 10 10 10 10 10 10 10 10 10 10 10 10 10 10 10 10 10 10 10 10 10 10 10 10 10 10 10 10 10 10 10 10 10 10 10 10 10 10 10 10 10 10 10 10 10 10 11 1 1
instanceKlass java/util/Hashtable
ciInstanceKlass java/util/Dictionary 1 1 31 1 1 1 1 1 1 1 1 1 1 1 1 1 1 1 1 1 1 1 7 100 1 1 1 1 1 1 12 10 1
instanceKlass org/apache/commons/logging/impl/WeakHashtable
instanceKlass org/apache/commons/logging/impl/WeakHashtable
instanceKlass java/util/Properties
ciInstanceKlass java/util/Hashtable 1 1 437 3 3 4 4 4 4 8 8 8 8 8 8 8 8 100 1 1 1 1 1 1 1 1 1 1 1 1 1 1 1 1 1 1 1 1 1 1 1 1 1 1 1 1 1 1 1 1 1 1 1 1 1 1 1 1 1 1 1 1 1 1 1 1 1 1 1 1 1 1 1 1 1 1 1 1 1 1 1 1 1 1 1 1 1 1 1 1 1 1 1 1 1 1 1 1 1 1 1 1 1 1 1 1 1 1 1 1 1 1 1 1 1 1 1 1 1 1 1 1 1 1 1 1 1 1 1 1 1 1 1 1 1 1 1 1 1 1 1 1 1 1 1 1 1 1 1 1 1 1 1 1 1 1 1 1 1 1 1 1 1 1 1 1 1 1 1 1 1 1 1 1 1 1 1 1 3 3 3 5 0 100 100 100 100 100 100 100 100 100 100 100 7 100 100 7 100 7 100 100 100 7 100 7 7 100 7 7 7 7 100 100 7 7 7 7 7 7 100 7 100 100 1 1 1 1 1 1 1 1 1 1 1 1 1 1 1 1 1 1 1 1 1 1 1 1 1 1 1 1 1 1 1 1 1 1 1 1 1 1 1 1 1 1 1 1 1 1 1 1 1 1 1 1 1 1 1 1 1 1 1 12 12 12 12 12 12 12 12 12 12 12 12 12 12 12 12 12 12 12 12 12 12 12 12 12 12 12 12 12 12 12 12 12 12 12 12 12 12 12 12 12 12 12 12 12 12 12 12 12 12 12 12 12 12 12 12 12 12 12 12 12 12 12 12 12 12 12 12 9 9 9 9 9 9 9 9 9 9 9 9 10 10 10 10 10 10 10 10 10 10 10 10 10 10 10 10 10 10 10 10 10 10 10 10 10 10 10 10 10 10 10 10 10 10 10 10 10 10 10 10 10 10 10 10 10 10 10 10 10 10 10 10 10 10 10 10 11 11 11 11 11 11 11 11 11 11 11 11 11 1 1 1 1 1 1 1
instanceKlass org/apache/maven/plugin/surefire/SurefireProperties
instanceKlass java/security/Provider
ciInstanceKlass java/util/Properties 1 1 263 3 8 8 8 8 8 8 8 1 1 1 1 1 1 1 1 1 1 1 1 1 1 1 1 1 1 1 1 1 1 1 1 1 1 1 1 1 1 1 1 1 1 1 1 1 1 1 1 1 1 1 1 1 1 1 1 1 1 1 1 1 1 1 1 1 1 1 1 1 1 1 1 1 1 1 1 1 1 1 1 1 1 1 1 1 1 1 1 1 1 1 1 1 1 1 1 1 1 1 1 1 1 1 1 1 5 0 100 7 100 100 100 7 100 100 100 100 100 7 7 7 100 7 7 7 100 100 7 7 100 1 1 1 1 1 1 1 1 1 1 1 1 1 1 1 1 1 1 1 1 1 1 1 1 1 1 1 1 1 1 1 12 12 12 12 12 12 12 12 12 12 12 12 12 12 12 12 12 12 12 12 12 12 12 12 12 12 12 12 12 12 12 12 12 12 12 12 12 12 12 12 12 12 12 12 12 9 9 9 10 10 10 10 10 10 10 10 10 10 10 10 10 10 10 10 10 10 10 10 10 10 10 10 10 10 10 10 10 10 10 10 10 10 10 10 10 10 10 10 10 10 10 10 10 10 10 10 11 11 1 1 1
staticfield java/util/Properties hexDigit [C 16
instanceKlass java/lang/reflect/Executable
instanceKlass java/lang/reflect/Field
ciInstanceKlass java/lang/reflect/AccessibleObject 1 1 144 8 8 8 7 1 1 1 1 1 1 1 1 1 1 1 1 1 1 1 1 1 1 1 1 1 1 1 1 1 1 1 1 1 1 1 1 1 1 1 1 1 1 1 1 1 1 1 1 1 1 1 1 1 1 1 1 1 1 1 1 1 1 1 100 100 100 7 100 100 7 7 7 7 100 7 7 7 7 7 1 1 1 1 1 1 1 1 1 1 1 1 1 1 1 1 1 1 1 1 12 12 12 12 12 12 12 12 12 12 12 12 12 12 12 12 12 12 12 12 9 9 9 9 10 10 10 10 10 10 10 10 10 10 10 10 10 10 10 10 10 11 1 1
staticfield java/lang/reflect/AccessibleObject ACCESS_PERMISSION Ljava/security/Permission; java/lang/reflect/ReflectPermission
staticfield java/lang/reflect/AccessibleObject reflectionFactory Lsun/reflect/ReflectionFactory; sun/reflect/ReflectionFactory
ciInstanceKlass java/lang/reflect/Field 1 1 362 8 8 8 8 1 1 1 1 1 1 1 1 1 1 1 1 1 1 1 1 1 1 1 1 1 1 1 1 1 1 1 1 1 1 1 1 1 1 1 1 1 1 1 1 1 1 1 1 1 1 1 1 1 1 1 1 1 1 1 1 1 1 1 1 1 1 1 1 1 1 1 1 1 1 1 1 1 1 1 1 1 1 1 1 1 1 1 1 1 1 1 1 1 1 1 1 1 1 1 1 1 1 1 1 1 1 1 1 1 1 1 1 1 1 1 1 1 1 1 1 1 1 1 1 1 1 1 1 1 1 1 1 7 100 100 7 100 7 7 7 100 7 100 7 7 7 7 7 7 7 7 100 100 7 7 7 7 7 1 1 1 1 1 1 1 1 1 1 1 1 1 1 1 1 1 1 1 1 1 1 1 1 1 1 1 1 1 1 1 1 1 1 1 1 1 1 1 1 1 1 1 1 1 1 1 1 1 1 1 1 1 1 12 12 12 12 12 12 12 12 12 12 12 12 12 12 12 12 12 12 12 12 12 12 12 12 12 12 12 12 12 12 12 12 12 12 12 12 12 12 12 12 12 12 12 12 12 12 12 12 12 12 12 12 12 12 12 12 12 12 12 12 12 12 12 12 12 12 12 12 12 12 12 9 9 9 9 9 9 9 9 9 9 9 9 9 9 9 10 10 10 10 10 10 10 10 10 10 10 10 10 10 10 10 10 10 10 10 10 10 10 10 10 10 10 10 10 10 10 10 10 10 10 10 10 10 10 10 11 11 11 11 11 11 11 11 11 11 11 11 11 11 11 11 11 11 11 11 11 1 1
ciInstanceKlass java/lang/reflect/Parameter 1 1 210 8 8 8 8 1 1 1 1 1 1 1 1 1 1 1 1 1 1 1 1 1 1 1 1 1 1 1 1 1 1 1 1 1 1 1 1 1 1 1 1 1 1 1 1 1 1 1 1 1 1 1 1 1 1 1 1 1 1 1 1 1 1 1 1 1 1 1 1 1 1 1 1 1 1 1 1 1 1 1 1 1 1 1 100 100 7 100 100 100 100 100 100 7 100 100 100 100 100 1 1 1 1 1 1 1 1 1 1 1 1 1 1 1 1 1 1 1 1 1 1 1 1 1 1 1 1 12 12 12 12 12 12 12 12 12 12 12 12 12 12 12 12 12 12 12 12 12 12 12 12 12 12 12 12 12 12 12 12 12 12 12 12 12 12 12 9 9 9 9 9 9 9 10 10 10 10 10 10 10 10 10 10 10 10 10 10 10 10 10 10 10 10 10 10 10 10 10 10 10 10 10 10 10 10 11 11 11 11 1
instanceKlass java/lang/reflect/Constructor
instanceKlass java/lang/reflect/Method
ciInstanceKlass java/lang/reflect/Executable 1 1 378 3 8 8 8 8 8 8 8 8 8 8 8 8 8 8 1 1 1 1 1 1 1 1 1 1 1 1 1 1 1 1 1 1 1 1 1 1 1 1 1 1 1 1 1 1 1 1 1 1 1 1 1 1 1 1 1 1 1 1 1 1 1 1 1 1 1 1 1 1 1 1 1 1 1 1 1 1 1 1 1 1 1 1 1 1 1 1 1 1 1 1 1 1 1 1 1 1 1 1 1 1 1 1 1 1 1 1 1 1 1 1 1 1 1 1 1 1 1 1 1 1 1 1 1 1 1 1 1 1 1 1 1 1 1 1 1 1 1 1 1 1 1 1 1 1 1 1 1 1 1 1 100 7 100 100 7 100 7 100 100 100 7 7 7 7 7 100 100 100 7 7 7 100 7 7 7 7 7 100 100 7 7 7 1 1 1 1 1 1 1 1 1 1 1 1 1 1 1 1 1 1 1 1 1 1 1 1 1 1 1 1 1 1 1 1 1 1 1 1 1 1 1 1 1 1 1 1 1 1 1 1 1 1 1 12 12 12 12 12 12 12 12 12 12 12 12 12 12 12 12 12 12 12 12 12 12 12 12 12 12 12 12 12 12 12 12 12 12 12 12 12 12 12 12 12 12 12 12 12 12 12 12 12 12 12 12 12 12 12 12 12 12 12 12 12 12 12 12 12 12 12 12 9 9 9 9 9 9 9 10 10 10 10 10 10 10 10 10 10 10 10 10 10 10 10 10 10 10 10 10 10 10 10 10 10 10 10 10 10 10 10 10 10 10 10 10 10 10 10 10 10 10 10 10 10 10 10 10 10 10 10 10 10 10 10 10 10 10 10 10 10 10 11 11 11 1 1
ciInstanceKlass java/lang/reflect/Method 1 1 346 8 8 8 1 1 1 1 1 1 1 1 1 1 1 1 1 1 1 1 1 1 1 1 1 1 1 1 1 1 1 1 1 1 1 1 1 1 1 1 1 1 1 1 1 1 1 1 1 1 1 1 1 1 1 1 1 1 1 1 1 1 1 1 1 1 1 1 1 1 1 1 1 1 1 1 1 1 1 1 1 1 1 1 1 1 1 1 1 1 1 1 1 1 1 1 1 1 1 1 1 1 1 1 1 1 1 1 1 1 1 1 1 1 1 1 1 1 1 1 1 1 1 1 1 1 1 1 1 1 1 1 7 7 7 100 100 100 100 7 100 7 100 7 7 7 7 7 7 7 7 7 7 7 7 7 7 7 7 1 1 1 1 1 1 1 1 1 1 1 1 1 1 1 1 1 1 1 1 1 1 1 1 1 1 1 1 1 1 1 1 1 1 1 1 1 1 1 1 1 1 1 1 1 1 1 1 12 12 12 12 12 12 12 12 12 12 12 12 12 12 12 12 12 12 12 12 12 12 12 12 12 12 12 12 12 12 12 12 12 12 12 12 12 12 12 12 12 12 12 12 12 12 12 12 12 12 12 12 12 12 12 12 12 12 12 12 12 12 12 12 12 12 12 9 9 9 9 9 9 9 9 9 9 9 9 9 9 9 9 10 10 10 10 10 10 10 10 10 10 10 10 10 10 10 10 10 10 10 10 10 10 10 10 10 10 10 10 10 10 10 10 10 10 10 10 10 10 10 10 10 10 10 10 10 10 10 10 10 10 10 10 11 11 11 1
ciInstanceKlass java/lang/reflect/Constructor 1 1 330 8 8 8 1 1 1 1 1 1 1 1 1 1 1 1 1 1 1 1 1 1 1 1 1 1 1 1 1 1 1 1 1 1 1 1 1 1 1 1 1 1 1 1 1 1 1 1 1 1 1 1 1 1 1 1 1 1 1 1 1 1 1 1 1 1 1 1 1 1 1 1 1 1 1 1 1 1 1 1 1 1 1 1 1 1 1 1 1 1 1 1 1 1 1 1 1 1 1 1 1 1 1 1 1 1 1 1 1 1 1 1 1 1 1 1 1 1 1 1 1 1 1 1 1 1 1 1 1 1 7 100 7 100 100 100 7 100 100 7 7 100 100 100 100 100 7 7 7 100 100 100 7 7 7 1 1 1 1 1 1 1 1 1 1 1 1 1 1 1 1 1 1 1 1 1 1 1 1 1 1 1 1 1 1 1 1 1 1 1 1 1 1 1 1 1 1 1 1 1 1 1 1 12 12 12 12 12 12 12 12 12 12 12 12 12 12 12 12 12 12 12 12 12 12 12 12 12 12 12 12 12 12 12 12 12 12 12 12 12 12 12 12 12 12 12 12 12 12 12 12 12 12 12 12 12 12 12 12 12 12 12 12 12 12 9 9 9 9 9 9 9 9 9 9 9 9 9 9 10 10 10 10 10 10 10 10 10 10 10 10 10 10 10 10 10 10 10 10 10 10 10 10 10 10 10 10 10 10 10 10 10 10 10 10 10 10 10 10 10 10 10 10 10 10 10 11 11 1 1
instanceKlass sun/reflect/FieldAccessorImpl
instanceKlass sun/reflect/ConstructorAccessorImpl
instanceKlass sun/reflect/MethodAccessorImpl
ciInstanceKlass sun/reflect/MagicAccessorImpl 1 1 13 1 1 1 1 1 1 1 7 100 12 10 1
instanceKlass sun/reflect/GeneratedMethodAccessor37
instanceKlass sun/reflect/GeneratedMethodAccessor36
instanceKlass sun/reflect/GeneratedMethodAccessor35
instanceKlass sun/reflect/GeneratedMethodAccessor34
instanceKlass sun/reflect/GeneratedMethodAccessor33
instanceKlass sun/reflect/GeneratedMethodAccessor32
instanceKlass sun/reflect/GeneratedMethodAccessor31
instanceKlass sun/reflect/GeneratedMethodAccessor30
instanceKlass sun/reflect/GeneratedMethodAccessor29
instanceKlass sun/reflect/GeneratedMethodAccessor28
instanceKlass sun/reflect/GeneratedMethodAccessor27
instanceKlass sun/reflect/GeneratedMethodAccessor26
instanceKlass sun/reflect/GeneratedMethodAccessor25
instanceKlass sun/reflect/GeneratedMethodAccessor24
instanceKlass sun/reflect/GeneratedMethodAccessor23
instanceKlass sun/reflect/GeneratedMethodAccessor22
instanceKlass sun/reflect/GeneratedMethodAccessor21
instanceKlass sun/reflect/GeneratedMethodAccessor20
instanceKlass sun/reflect/GeneratedMethodAccessor19
instanceKlass sun/reflect/GeneratedMethodAccessor18
instanceKlass sun/reflect/GeneratedMethodAccessor17
instanceKlass sun/reflect/GeneratedMethodAccessor16
instanceKlass sun/reflect/GeneratedMethodAccessor15
instanceKlass sun/reflect/GeneratedMethodAccessor14
instanceKlass sun/reflect/GeneratedMethodAccessor13
instanceKlass sun/reflect/GeneratedMethodAccessor12
instanceKlass sun/reflect/GeneratedMethodAccessor11
instanceKlass sun/reflect/GeneratedMethodAccessor10
instanceKlass sun/reflect/GeneratedMethodAccessor9
instanceKlass sun/reflect/GeneratedMethodAccessor8
instanceKlass sun/reflect/GeneratedMethodAccessor7
instanceKlass sun/reflect/GeneratedMethodAccessor6
instanceKlass sun/reflect/GeneratedMethodAccessor5
instanceKlass sun/reflect/GeneratedMethodAccessor4
instanceKlass sun/reflect/GeneratedMethodAccessor3
instanceKlass sun/reflect/GeneratedMethodAccessor2
instanceKlass sun/reflect/GeneratedMethodAccessor1
instanceKlass sun/reflect/DelegatingMethodAccessorImpl
instanceKlass sun/reflect/NativeMethodAccessorImpl
ciInstanceKlass sun/reflect/MethodAccessorImpl 1 1 22 1 1 1 1 1 1 1 1 1 1 1 1 1 100 100 7 100 100 12 10 1
instanceKlass sun/reflect/GeneratedConstructorAccessor27
instanceKlass sun/reflect/GeneratedConstructorAccessor26
instanceKlass sun/reflect/GeneratedConstructorAccessor25
instanceKlass sun/reflect/GeneratedConstructorAccessor24
instanceKlass sun/reflect/GeneratedConstructorAccessor23
instanceKlass sun/reflect/GeneratedConstructorAccessor22
instanceKlass sun/reflect/GeneratedConstructorAccessor21
instanceKlass sun/reflect/GeneratedConstructorAccessor20
instanceKlass sun/reflect/GeneratedConstructorAccessor19
instanceKlass sun/reflect/GeneratedConstructorAccessor18
instanceKlass sun/reflect/GeneratedConstructorAccessor17
instanceKlass sun/reflect/GeneratedConstructorAccessor16
instanceKlass sun/reflect/GeneratedConstructorAccessor15
instanceKlass sun/reflect/GeneratedConstructorAccessor14
instanceKlass sun/reflect/GeneratedConstructorAccessor13
instanceKlass sun/reflect/GeneratedConstructorAccessor12
instanceKlass sun/reflect/GeneratedConstructorAccessor11
instanceKlass sun/reflect/GeneratedConstructorAccessor10
instanceKlass sun/reflect/GeneratedConstructorAccessor9
instanceKlass sun/reflect/GeneratedConstructorAccessor8
instanceKlass sun/reflect/GeneratedConstructorAccessor7
instanceKlass sun/reflect/GeneratedConstructorAccessor6
instanceKlass sun/reflect/GeneratedConstructorAccessor5
instanceKlass sun/reflect/GeneratedConstructorAccessor4
instanceKlass sun/reflect/GeneratedConstructorAccessor3
instanceKlass sun/reflect/GeneratedConstructorAccessor2
instanceKlass sun/reflect/BootstrapConstructorAccessorImpl
instanceKlass sun/reflect/GeneratedConstructorAccessor1
instanceKlass sun/reflect/DelegatingConstructorAccessorImpl
instanceKlass sun/reflect/NativeConstructorAccessorImpl
ciInstanceKlass sun/reflect/ConstructorAccessorImpl 1 1 24 1 1 1 1 1 1 1 1 1 1 1 1 1 1 100 100 100 100 100 7 12 10 1
ciInstanceKlass sun/reflect/DelegatingClassLoader 1 1 13 1 1 1 1 1 1 1 7 100 1 12 10
ciInstanceKlass sun/reflect/ConstantPool 1 1 106 8 7 1 1 1 1 1 1 1 1 1 1 1 1 1 1 1 1 1 1 1 1 1 1 1 1 1 1 1 1 1 1 1 1 1 1 1 1 1 1 1 1 1 1 1 1 1 1 1 1 100 7 7 1 1 1 1 1 1 1 1 1 1 1 1 1 1 1 1 1 12 12 12 12 12 12 12 12 12 12 12 12 12 12 12 12 12 9 10 10 10 10 10 10 10 10 10 10 10 10 10 10 10 10 1
instanceKlass sun/reflect/UnsafeFieldAccessorImpl
ciInstanceKlass sun/reflect/FieldAccessorImpl 1 1 56 1 1 1 1 1 1 1 1 1 1 1 1 1 1 1 1 1 1 1 1 1 1 1 1 1 1 1 1 1 1 1 1 1 1 100 100 100 100 7 1 1 1 1 1 1 1 1 1 1 1 1 1 12 10 1
instanceKlass sun/reflect/UnsafeIntegerFieldAccessorImpl
instanceKlass sun/reflect/UnsafeBooleanFieldAccessorImpl
instanceKlass sun/reflect/UnsafeQualifiedFieldAccessorImpl
instanceKlass sun/reflect/UnsafeObjectFieldAccessorImpl
instanceKlass sun/reflect/UnsafeStaticFieldAccessorImpl
ciInstanceKlass sun/reflect/UnsafeFieldAccessorImpl 1 1 230 8 8 8 8 8 8 8 8 8 8 8 8 8 8 8 8 8 8 8 8 8 8 1 1 1 1 1 1 1 1 1 1 1 1 1 1 1 1 1 1 1 1 1 1 1 1 1 1 1 1 1 1 1 1 1 1 1 1 1 1 1 1 1 1 1 1 1 1 1 1 1 1 1 1 1 1 1 1 1 1 1 1 1 1 1 1 1 1 1 1 1 1 1 1 1 1 1 1 1 1 1 1 1 1 1 1 1 1 1 1 1 1 1 1 1 1 1 1 1 1 100 100 100 7 100 100 100 100 100 100 7 100 100 100 7 7 7 7 7 1 1 1 1 1 1 1 1 1 1 1 1 1 1 1 1 1 1 12 12 12 12 12 12 12 12 12 12 12 12 12 12 12 12 12 12 12 12 12 12 12 12 12 12 12 12 12 12 12 12 12 12 9 9 9 9 10 10 10 10 10 10 10 10 10 10 10 10 10 10 10 10 10 10 10 10 10 10 10 10 10 10 10 10 10 10 10 10 10 1
staticfield sun/reflect/UnsafeFieldAccessorImpl unsafe Lsun/misc/Unsafe; sun/misc/Unsafe
instanceKlass sun/reflect/UnsafeQualifiedStaticFieldAccessorImpl
instanceKlass sun/reflect/UnsafeStaticObjectFieldAccessorImpl
ciInstanceKlass sun/reflect/UnsafeStaticFieldAccessorImpl 1 1 38 8 7 1 1 1 1 1 1 1 1 1 1 1 1 1 1 1 1 7 7 7 7 1 1 1 1 12 12 12 12 12 9 9 10 10 10 1
ciInstanceKlass sun/reflect/CallerSensitive 0 0 17 1 1 1 1 1 1 1 1 100 100 100 1 1 1 1 1
instanceKlass java/lang/invoke/DelegatingMethodHandle
instanceKlass java/lang/invoke/BoundMethodHandle
instanceKlass java/lang/invoke/DirectMethodHandle
ciInstanceKlass java/lang/invoke/MethodHandle 1 1 438 8 8 8 8 8 8 8 8 8 8 8 8 8 7 1 1 1 1 1 1 1 1 1 1 1 1 1 1 1 1 1 1 1 1 1 1 1 1 1 1 1 1 1 1 1 1 1 1 1 1 1 1 1 1 1 1 1 1 1 1 1 1 1 1 1 1 1 1 1 1 1 1 1 1 1 1 1 1 1 1 1 1 1 1 1 1 1 1 1 1 1 1 1 1 1 1 1 1 1 1 1 1 1 1 1 1 1 1 1 1 1 1 1 1 1 1 1 1 1 1 1 1 1 1 1 1 1 1 1 1 1 1 1 1 1 1 1 1 1 1 1 1 1 1 1 1 1 1 1 1 1 1 1 1 1 1 1 1 1 1 1 1 1 1 1 1 1 1 1 1 1 100 7 100 100 100 100 7 100 100 100 7 100 100 7 7 7 100 7 7 7 7 100 100 100 7 1 1 1 1 1 1 1 1 1 1 1 1 1 1 1 1 1 1 1 1 1 1 1 1 1 1 1 1 1 1 1 1 1 1 1 1 1 1 1 1 1 1 1 1 1 1 1 1 1 1 1 1 1 1 1 1 1 1 1 1 1 1 1 1 1 1 1 12 12 12 12 12 12 12 12 12 12 12 12 12 12 12 12 12 12 12 12 12 12 12 12 12 12 12 12 12 12 12 12 12 12 12 12 12 12 12 12 12 12 12 12 12 12 12 12 12 12 12 12 12 12 12 12 12 12 12 12 12 12 12 12 12 12 12 12 12 12 12 12 12 12 12 12 12 12 12 12 12 12 12 9 9 9 9 9 9 9 9 9 9 9 9 10 10 10 10 10 10 10 10 10 10 10 10 10 10 10 10 10 10 10 10 10 10 10 10 10 10 10 10 10 10 10 10 10 10 10 10 10 10 10 10 10 10 10 10 10 10 10 10 10 10 10 10 10 10 10 10 10 10 10 10 10 10 10 10 10 10 10 10 10 10 10 10 10 10 10 11 1 1 1
staticfield java/lang/invoke/MethodHandle FORM_OFFSET J 20
staticfield java/lang/invoke/MethodHandle $assertionsDisabled Z 1
instanceKlass java/lang/invoke/DirectMethodHandle$Special
instanceKlass java/lang/invoke/DirectMethodHandle$Constructor
instanceKlass java/lang/invoke/DirectMethodHandle$Accessor
instanceKlass java/lang/invoke/DirectMethodHandle$Interface
ciInstanceKlass java/lang/invoke/DirectMethodHandle 1 1 701 8 8 8 8 8 8 8 8 8 8 8 8 8 8 8 8 8 8 8 8 8 7 7 7 7 7 7 7 7 7 7 7 1 1 1 1 1 1 1 1 1 1 1 1 1 1 1 1 1 1 1 1 1 1 1 1 1 1 1 1 1 1 1 1 1 1 1 1 1 1 1 1 1 1 1 1 1 1 1 1 1 1 1 1 1 1 1 1 1 1 1 1 1 1 1 1 1 1 1 1 1 1 1 1 1 1 1 1 1 1 1 1 1 1 1 1 1 1 1 1 1 1 1 1 1 1 1 1 1 1 1 1 1 1 1 1 1 1 1 1 1 1 1 1 1 1 1 1 1 1 1 1 1 1 1 1 1 1 1 1 1 1 1 1 1 1 1 1 1 1 1 1 1 1 1 1 1 1 1 1 1 1 1 1 1 1 1 1 1 1 1 1 1 1 1 1 1 1 1 1 1 1 1 1 1 1 1 1 1 1 1 1 1 1 1 1 1 1 1 1 1 1 1 1 1 1 1 1 1 1 1 1 1 1 1 1 1 1 1 1 1 1 1 1 1 1 1 1 1 1 1 1 1 1 1 1 1 1 1 1 1 1 1 100 100 7 7 7 100 7 100 7 7 100 7 7 100 7 7 7 7 7 7 100 7 7 100 7 7 100 7 7 7 100 100 100 7 7 7 7 1 1 1 1 1 1 1 1 1 1 1 1 1 1 1 1 1 1 1 1 1 1 1 1 1 1 1 1 1 1 1 1 1 1 1 1 1 1 1 1 1 1 1 1 1 1 1 1 1 1 1 1 1 1 1 1 1 1 1 1 1 1 1 1 1 1 1 1 1 1 1 1 1 1 1 1 1 1 1 12 12 12 12 12 12 12 12 12 12 12 12 12 12 12 12 12 12 12 12 12 12 12 12 12 12 12 12 12 12 12 12 12 12 12 12 12 12 12 12 12 12 12 12 12 12 12 12 12 12 12 12 12 12 12 12 12 12 12 12 12 12 12 12 12 12 12 12 12 12 12 12 12 12 12 12 12 12 12 12 12 12 12 12 12 12 12 12 12 12 12 12 12 12 12 12 12 12 12 12 12 12 12 12 12 12 12 12 12 12 12 12 12 12 12 12 12 12 12 12 12 12 12 12 12 12 12 12 12 12 12 12 12 12 12 12 12 12 12 12 12 12 12 12 12 12 12 12 12 12 12 12 9 9 9 9 9 9 9 9 9 9 9 9 9 9 9 9 9 9 9 9 9 9 9 9 9 9 9 9 9 9 9 9 9 9 9 9 10 10 10 10 10 10 10 10 10 10 10 10 10 10 10 10 10 10 10 10 10 10 10 10 10 10 10 10 10 10 10 10 10 10 10 10 10 10 10 10 10 10 10 10 10 10 10 10 10 10 10 10 10 10 10 10 10 10 10 10 10 10 10 10 10 10 10 10 10 10 10 10 10 10 10 10 10 10 10 10 10 10 10 10 10 10 10 10 10 10 10 10 10 10 10 10 10 10 10 10 10 10 10 10 10 10 10 10 10 10 10 10 10 10 10 10 10 10 10 10 10 10 10 1 1 1 1 1 1 1 1 1 1
staticfield java/lang/invoke/DirectMethodHandle IMPL_NAMES Ljava/lang/invoke/MemberName$Factory; java/lang/invoke/MemberName$Factory
staticfield java/lang/invoke/DirectMethodHandle ACCESSOR_FORMS [Ljava/lang/invoke/LambdaForm; 132 [Ljava/lang/invoke/LambdaForm;
staticfield java/lang/invoke/DirectMethodHandle $assertionsDisabled Z 1
ciInstanceKlass java/lang/invoke/MemberName 1 1 642 3 3 3 3 3 3 3 3 3 3 3 8 8 8 8 8 8 8 8 8 8 8 8 8 8 8 8 8 8 8 8 8 8 8 8 8 8 8 8 8 8 8 7 7 7 100 1 1 1 1 1 1 1 1 1 1 1 1 1 1 1 1 1 1 1 1 1 1 1 1 1 1 1 1 1 1 1 1 1 1 1 1 1 1 1 1 1 1 1 1 1 1 1 1 1 1 1 1 1 1 1 1 1 1 1 1 1 1 1 1 1 1 1 1 1 1 1 1 1 1 1 1 1 1 1 1 1 1 1 1 1 1 1 1 1 1 1 1 1 1 1 1 1 1 1 1 1 1 1 1 1 1 1 1 1 1 1 1 1 1 1 1 1 1 1 1 1 1 1 1 1 1 1 1 1 1 1 1 1 1 1 1 1 1 1 1 1 1 1 1 1 1 1 1 1 1 1 1 1 1 1 1 1 1 1 1 1 1 1 1 1 1 1 1 1 1 1 1 1 1 1 1 1 1 1 1 1 1 1 1 1 1 1 1 1 1 1 1 1 1 1 1 1 1 1 1 1 1 1 1 1 1 1 1 1 1 1 1 1 1 1 1 1 1 1 1 1 1 1 1 1 1 1 1 1 1 1 3 3 3 3 3 3 3 3 7 7 100 100 100 7 7 100 100 100 100 100 100 100 100 100 7 100 7 7 7 7 7 100 7 7 100 100 100 100 7 100 100 100 7 7 7 100 7 1 1 1 1 1 1 1 1 1 1 1 1 1 1 1 1 1 1 1 1 1 1 1 1 1 1 1 1 1 1 1 1 1 1 1 1 1 1 1 1 1 1 1 1 1 1 1 1 1 1 1 1 1 1 1 1 1 1 1 1 1 1 1 1 12 12 12 12 12 12 12 12 12 12 12 12 12 12 12 12 12 12 12 12 12 12 12 12 12 12 12 12 12 12 12 12 12 12 12 12 12 12 12 12 12 12 12 12 12 12 12 12 12 12 12 12 12 12 12 12 12 12 12 12 12 12 12 12 12 12 12 12 12 12 12 12 12 12 12 12 12 12 12 12 12 12 12 12 12 12 12 12 12 12 12 12 12 12 12 12 12 12 12 12 12 12 12 12 12 12 12 12 12 12 12 12 12 9 9 9 9 9 9 9 9 9 9 10 10 10 10 10 10 10 10 10 10 10 10 10 10 10 10 10 10 10 10 10 10 10 10 10 10 10 10 10 10 10 10 10 10 10 10 10 10 10 10 10 10 10 10 10 10 10 10 10 10 10 10 10 10 10 10 10 10 10 10 10 10 10 10 10 10 10 10 10 10 10 10 10 10 10 10 10 10 10 10 10 10 10 10 10 10 10 10 10 10 10 10 10 10 10 10 10 10 10 10 10 10 10 10 10 10 10 10 10 10 10 10 10 10 10 10 10 10 10 10 10 10 10 10 10 10 1 1 1 1
staticfield java/lang/invoke/MemberName $assertionsDisabled Z 1
ciInstanceKlass java/lang/invoke/MethodHandleNatives 1 1 427 8 8 8 8 8 8 8 8 8 8 8 8 8 8 8 8 8 8 8 8 8 8 8 8 8 8 8 8 100 100 7 7 100 1 1 1 1 1 1 1 1 1 1 1 1 1 1 1 1 1 1 1 1 1 1 1 1 1 1 1 1 1 1 1 1 1 1 1 1 1 1 1 1 1 1 1 1 1 1 1 1 1 1 1 1 1 1 1 1 1 1 1 1 1 1 1 1 1 1 1 1 1 1 1 1 1 1 1 1 1 1 1 1 1 1 1 1 1 1 1 1 1 1 1 1 1 1 1 1 1 1 1 1 1 1 1 1 1 1 1 1 1 1 1 1 1 1 1 1 1 1 1 1 1 1 1 1 1 1 1 1 1 1 1 1 1 1 1 1 1 1 1 1 1 1 1 1 1 1 1 1 1 1 1 1 1 1 1 1 1 1 1 1 1 1 1 1 1 1 1 100 100 100 100 7 100 100 100 100 100 100 100 100 100 100 100 100 100 7 100 7 100 100 100 7 7 7 7 7 7 100 7 7 100 100 1 1 1 1 1 1 1 1 1 1 1 1 1 1 1 1 1 1 1 1 1 1 1 1 1 1 1 1 1 1 1 1 1 1 1 1 1 1 1 1 1 1 1 1 1 1 1 12 12 12 12 12 12 12 12 12 12 12 12 12 12 12 12 12 12 12 12 12 12 12 12 12 12 12 12 12 12 12 12 12 12 12 12 12 12 12 12 12 12 12 12 12 12 12 12 12 12 12 12 12 12 12 12 12 12 12 12 12 12 12 12 9 9 9 9 9 9 10 10 10 10 10 10 10 10 10 10 10 10 10 10 10 10 10 10 10 10 10 10 10 10 10 10 10 10 10 10 10 10 10 10 10 10 10 10 10 10 10 10 10 10 10 10 10 10 10 10 10 10 10 10 10 10 10 10 10 10 10 10 10 10 10 10 10 10 10 10 10 1 1 1
staticfield java/lang/invoke/MethodHandleNatives COUNT_GWT Z 1
staticfield java/lang/invoke/MethodHandleNatives $assertionsDisabled Z 1
ciInstanceKlass java/lang/invoke/LambdaForm 1 1 967 8 8 8 8 8 8 8 8 8 8 8 8 8 8 8 8 8 8 8 8 8 8 8 8 8 8 8 8 8 8 8 8 8 8 8 8 8 8 8 8 8 8 8 8 8 8 8 8 8 8 8 8 8 8 100 7 7 1 1 1 1 1 1 1 1 1 1 1 1 1 1 1 1 1 1 1 1 1 1 1 1 1 1 1 1 1 1 1 1 1 1 1 1 1 1 1 1 1 1 1 1 1 1 1 1 1 1 1 1 1 1 1 1 1 1 1 1 1 1 1 1 1 1 1 1 1 1 1 1 1 1 1 1 1 1 1 1 1 1 1 1 1 1 1 1 1 1 1 1 1 1 1 1 1 1 1 1 1 1 1 1 1 1 1 1 1 1 1 1 1 1 1 1 1 1 1 1 1 1 1 1 1 1 1 1 1 1 1 1 1 1 1 1 1 1 1 1 1 1 1 1 1 1 1 1 1 1 1 1 1 1 1 1 1 1 1 1 1 1 1 1 1 1 1 1 1 1 1 1 1 1 1 1 1 1 1 1 1 1 1 1 1 1 1 1 1 1 1 1 1 1 1 1 1 1 1 1 1 1 1 1 1 1 1 1 1 1 1 1 1 1 1 1 1 1 1 1 1 1 1 1 1 1 1 1 1 1 1 1 1 1 1 1 1 1 1 1 1 1 1 1 1 1 1 1 1 1 1 1 1 1 1 1 1 1 1 1 1 1 1 1 1 1 1 1 1 1 1 1 1 1 1 1 1 1 1 1 1 1 1 1 1 1 1 1 1 1 1 1 1 1 1 1 1 1 1 1 1 1 1 1 1 1 1 1 1 1 1 1 1 1 1 1 1 1 1 1 1 1 1 1 1 1 1 1 1 1 1 1 1 1 1 1 1 1 1 1 3 3 3 3 8 100 100 100 100 7 7 100 100 100 7 100 100 100 100 100 100 100 100 7 7 7 100 7 7 100 100 100 7 100 7 100 100 7 7 7 7 7 100 100 7 7 7 7 100 100 7 7 7 1 1 1 1 1 1 1 1 1 1 1 1 1 1 1 1 1 1 1 1 1 1 1 1 1 1 1 1 1 1 1 1 1 1 1 1 1 1 1 1 1 1 1 1 1 1 1 1 1 1 1 1 1 1 1 1 1 1 1 1 1 1 1 1 1 1 1 1 1 1 1 1 1 1 1 1 1 1 1 1 1 1 1 1 1 1 1 1 1 1 1 1 1 1 1 1 1 1 1 1 1 1 1 1 1 1 1 1 1 1 1 1 1 1 12 12 12 12 12 12 12 12 12 12 12 12 12 12 12 12 12 12 12 12 12 12 12 12 12 12 12 12 12 12 12 12 12 12 12 12 12 12 12 12 12 12 12 12 12 12 12 12 12 12 12 12 12 12 12 12 12 12 12 12 12 12 12 12 12 12 12 12 12 12 12 12 12 12 12 12 12 12 12 12 12 12 12 12 12 12 12 12 12 12 12 12 12 12 12 12 12 12 12 12 12 12 12 12 12 12 12 12 12 12 12 12 12 12 12 12 12 12 12 12 12 12 12 12 12 12 12 12 12 12 12 12 12 12 12 12 12 12 12 12 12 12 12 12 12 12 12 12 12 12 12 12 12 12 12 12 12 12 12 12 12 12 12 12 12 12 12 12 12 12 12 12 12 12 12 12 12 12 12 12 12 12 12 12 12 12 12 12 12 12 12 9 9 9 9 9 9 9 9 9 9 9 9 9 9 9 9 9 9 9 9 9 9 9 9 9 9 9 9 9 9 9 9 9 9 9 9 9 9 9 9 10 10 10 10 10 10 10 10 10 10 10 10 10 10 10 10 10 10 10 10 10 10 10 10 10 10 10 10 10 10 10 10 10 10 10 10 10 10 10 10 10 10 10 10 10 10 10 10 10 10 10 10 10 10 10 10 10 10 10 10 10 10 10 10 10 10 10 10 10 10 10 10 10 10 10 10 10 10 10 10 10 10 10 10 10 10 10 10 10 10 10 10 10 10 10 10 10 10 10 10 10 10 10 10 10 10 10 10 10 10 10 10 10 10 10 10 10 10 10 10 10 10 10 10 10 10 10 10 10 10 10 10 10 10 10 10 10 10 10 10 10 10 10 10 10 10 10 10 10 10 10 10 10 10 10 10 10 10 10 10 11 11 11 11 11 1 1 1 1 1 1
staticfield java/lang/invoke/LambdaForm COMPILE_THRESHOLD I 0
staticfield java/lang/invoke/LambdaForm INTERNED_ARGUMENTS [[Ljava/lang/invoke/LambdaForm$Name; 5 [[Ljava/lang/invoke/LambdaForm$Name;
staticfield java/lang/invoke/LambdaForm IMPL_NAMES Ljava/lang/invoke/MemberName$Factory; java/lang/invoke/MemberName$Factory
staticfield java/lang/invoke/LambdaForm LF_identityForm [Ljava/lang/invoke/LambdaForm; 6 [Ljava/lang/invoke/LambdaForm;
staticfield java/lang/invoke/LambdaForm LF_zeroForm [Ljava/lang/invoke/LambdaForm; 6 [Ljava/lang/invoke/LambdaForm;
staticfield java/lang/invoke/LambdaForm NF_identity [Ljava/lang/invoke/LambdaForm$NamedFunction; 6 [Ljava/lang/invoke/LambdaForm$NamedFunction;
staticfield java/lang/invoke/LambdaForm NF_zero [Ljava/lang/invoke/LambdaForm$NamedFunction; 6 [Ljava/lang/invoke/LambdaForm$NamedFunction;
staticfield java/lang/invoke/LambdaForm DEBUG_NAME_COUNTERS Ljava/util/HashMap; null
staticfield java/lang/invoke/LambdaForm TRACE_INTERPRETER Z 0
staticfield java/lang/invoke/LambdaForm $assertionsDisabled Z 1
ciInstanceKlass java/lang/invoke/MethodType 1 1 588 8 8 8 8 8 8 8 8 8 8 8 8 7 7 7 7 1 1 1 1 1 1 1 1 1 1 1 1 1 1 1 1 1 1 1 1 1 1 1 1 1 1 1 1 1 1 1 1 1 1 1 1 1 1 1 1 1 1 1 1 1 1 1 1 1 1 1 1 1 1 1 1 1 1 1 1 1 1 1 1 1 1 1 1 1 1 1 1 1 1 1 1 1 1 1 1 1 1 1 1 1 1 1 1 1 1 1 1 1 1 1 1 1 1 1 1 1 1 1 1 1 1 1 1 1 1 1 1 1 1 1 1 1 1 1 1 1 1 1 1 1 1 1 1 1 1 1 1 1 1 1 1 1 1 1 1 1 1 1 1 1 1 1 1 1 1 1 1 1 1 1 1 1 1 1 1 1 1 1 1 1 1 1 1 1 1 1 1 1 1 1 1 1 1 1 1 1 1 1 1 1 1 1 1 1 1 1 1 1 1 1 1 1 1 3 3 3 5 0 7 100 100 100 100 7 100 100 7 100 7 100 100 100 100 100 7 7 7 7 100 7 7 7 7 7 7 7 7 7 7 100 100 7 1 1 1 1 1 1 1 1 1 1 1 1 1 1 1 1 1 1 1 1 1 1 1 1 1 1 1 1 1 1 1 1 1 1 1 1 1 1 1 1 1 1 1 1 1 1 1 1 1 1 1 1 1 1 1 1 1 1 1 1 1 1 1 1 1 1 1 1 1 1 1 1 1 1 1 1 1 1 1 1 1 1 1 1 1 1 1 1 1 1 1 1 1 1 1 1 1 1 1 1 1 1 12 12 12 12 12 12 12 12 12 12 12 12 12 12 12 12 12 12 12 12 12 12 12 12 12 12 12 12 12 12 12 12 12 12 12 12 12 12 12 12 12 12 12 12 12 12 12 12 12 12 12 12 12 12 12 12 12 12 12 12 12 12 12 12 12 12 12 12 12 12 12 12 12 12 12 12 12 12 12 12 12 12 12 12 12 12 12 12 12 12 12 12 12 12 12 12 12 12 12 12 12 12 12 12 12 12 12 12 12 12 12 9 9 9 9 9 9 9 9 9 9 9 9 9 9 9 9 9 9 10 10 10 10 10 10 10 10 10 10 10 10 10 10 10 10 10 10 10 10 10 10 10 10 10 10 10 10 10 10 10 10 10 10 10 10 10 10 10 10 10 10 10 10 10 10 10 10 10 10 10 10 10 10 10 10 10 10 10 10 10 10 10 10 10 10 10 10 10 10 10 10 10 10 10 10 10 10 10 10 10 10 10 10 10 10 10 10 10 10 10 10 10 10 10 10 10 11 11 11 11 1 1
staticfield java/lang/invoke/MethodType internTable Ljava/lang/invoke/MethodType$ConcurrentWeakInternSet; java/lang/invoke/MethodType$ConcurrentWeakInternSet
staticfield java/lang/invoke/MethodType NO_PTYPES [Ljava/lang/Class; 0 [Ljava/lang/Class;
staticfield java/lang/invoke/MethodType objectOnlyTypes [Ljava/lang/invoke/MethodType; 20 [Ljava/lang/invoke/MethodType;
staticfield java/lang/invoke/MethodType serialPersistentFields [Ljava/io/ObjectStreamField; 0 [Ljava/io/ObjectStreamField;
staticfield java/lang/invoke/MethodType rtypeOffset J 12
staticfield java/lang/invoke/MethodType ptypesOffset J 16
staticfield java/lang/invoke/MethodType $assertionsDisabled Z 1
ciInstanceKlass java/lang/BootstrapMethodError 0 0 38 1 1 1 1 1 1 1 1 1 1 1 1 1 1 1 1 1 1 5 0 100 100 100 100 1 1 12 12 12 12 12 10 10 10 10 10 1
instanceKlass java/lang/invoke/VolatileCallSite
instanceKlass java/lang/invoke/MutableCallSite
instanceKlass java/lang/invoke/ConstantCallSite
ciInstanceKlass java/lang/invoke/CallSite 1 1 311 8 8 8 8 8 8 8 8 7 7 7 7 1 1 1 1 1 1 1 1 1 1 1 1 1 1 1 1 1 1 1 1 1 1 1 1 1 1 1 1 1 1 1 1 1 1 1 1 1 1 1 1 1 1 1 1 1 1 1 1 1 1 1 1 1 1 1 1 1 1 1 1 1 1 1 1 1 1 1 1 1 1 1 1 1 1 1 1 1 1 1 1 1 1 1 1 1 1 1 1 1 1 1 1 1 1 1 1 1 1 1 1 1 1 1 1 1 1 100 7 100 100 100 100 7 100 100 100 100 100 100 7 100 7 100 7 7 100 100 7 1 1 1 1 1 1 1 1 1 1 1 1 1 1 1 1 1 1 1 1 1 1 1 1 1 1 1 1 1 1 1 1 1 1 1 1 1 1 1 1 1 1 1 12 12 12 12 12 12 12 12 12 12 12 12 12 12 12 12 12 12 12 12 12 12 12 12 12 12 12 12 12 12 12 12 12 12 12 12 12 12 12 12 12 12 12 12 12 12 12 12 12 12 12 12 12 12 12 12 12 12 12 12 9 9 9 9 9 9 10 10 10 10 10 10 10 10 10 10 10 10 10 10 10 10 10 10 10 10 10 10 10 10 10 10 10 10 10 10 10 10 10 10 10 10 10 10 10 10 10 10 10 10 10 10 10 10 10 10 10 10 10 10 10 10 10 10 10 1 1
staticfield java/lang/invoke/CallSite GET_TARGET Ljava/lang/invoke/MethodHandle; java/lang/invoke/DirectMethodHandle
staticfield java/lang/invoke/CallSite THROW_UCS Ljava/lang/invoke/MethodHandle; java/lang/invoke/MethodHandleImpl$AsVarargsCollector
staticfield java/lang/invoke/CallSite TARGET_OFFSET J 12
ciInstanceKlass java/lang/invoke/ConstantCallSite 1 1 42 1 1 1 1 1 1 1 1 1 1 1 1 1 1 1 1 1 1 1 1 100 100 100 7 7 1 1 12 12 12 12 12 12 9 9 10 10 10 10 10 1
ciInstanceKlass java/lang/invoke/MutableCallSite 0 0 57 1 1 1 1 1 1 1 1 1 1 1 1 1 1 1 1 1 1 1 1 1 1 1 1 1 100 100 100 100 1 1 1 1 1 1 12 12 12 12 12 12 12 12 12 12 9 9 10 10 10 10 10 10 10 10 1
ciInstanceKlass java/lang/invoke/VolatileCallSite 0 0 33 1 1 1 1 1 1 1 1 1 1 1 1 1 1 100 100 1 1 1 12 12 12 12 12 12 10 10 10 10 10 10 1
instanceKlass java/lang/StringBuilder
instanceKlass java/lang/StringBuffer
ciInstanceKlass java/lang/AbstractStringBuilder 1 1 318 3 3 3 8 8 8 8 8 8 8 8 8 8 8 8 8 1 1 1 1 1 1 1 1 1 1 1 1 1 1 1 1 1 1 1 1 1 1 1 1 1 1 1 1 1 1 1 1 1 1 1 1 1 1 1 1 1 1 1 1 1 1 1 1 1 1 1 1 1 1 1 1 1 1 1 1 1 1 1 1 1 1 1 1 1 1 1 1 1 1 1 1 1 1 1 1 1 1 1 1 1 1 1 1 1 1 1 1 1 1 1 1 1 1 1 1 1 1 1 1 1 1 1 1 1 1 1 1 1 1 1 1 5 0 100 7 100 7 7 100 100 7 7 7 100 7 100 100 100 7 7 100 1 1 1 1 1 1 1 1 1 1 1 1 1 1 1 1 1 1 1 1 1 1 1 1 1 1 1 1 1 1 1 1 1 1 1 1 1 1 1 1 1 1 1 12 12 12 12 12 12 12 12 12 12 12 12 12 12 12 12 12 12 12 12 12 12 12 12 12 12 12 12 12 12 12 12 12 12 12 12 12 12 12 12 12 12 12 12 12 12 12 12 12 12 12 12 12 12 12 9 9 10 10 10 10 10 10 10 10 10 10 10 10 10 10 10 10 10 10 10 10 10 10 10 10 10 10 10 10 10 10 10 10 10 10 10 10 10 10 10 10 10 10 10 10 10 10 10 10 10 10 10 10 10 10 10 10 10 10 10 10 10 10 11 11 1
ciInstanceKlass java/lang/StringBuffer 1 1 377 8 8 8 8 7 1 1 1 1 1 1 1 1 1 1 1 1 1 1 1 1 1 1 1 1 1 1 1 1 1 1 1 1 1 1 1 1 1 1 1 1 1 1 1 1 1 1 1 1 1 1 1 1 1 1 1 1 1 1 1 1 1 1 1 1 1 1 1 1 1 1 1 1 1 1 1 1 1 1 1 1 1 1 1 1 1 1 1 1 1 1 1 1 1 1 1 5 0 100 100 100 100 100 7 100 100 7 7 100 100 7 7 7 100 7 1 1 1 1 1 1 1 1 1 1 1 1 1 1 1 1 1 1 1 1 1 1 1 1 1 1 1 1 1 1 1 1 1 1 1 1 1 1 1 1 1 1 1 1 1 1 1 1 1 1 1 1 1 1 1 1 1 1 1 1 1 1 1 1 1 1 1 1 12 12 12 12 12 12 12 12 12 12 12 12 12 12 12 12 12 12 12 12 12 12 12 12 12 12 12 12 12 12 12 12 12 12 12 12 12 12 12 12 12 12 12 12 12 12 12 12 12 12 12 12 12 12 12 12 12 12 12 12 12 12 12 12 12 12 12 12 12 12 12 12 12 12 12 12 12 12 12 12 12 12 12 12 12 12 12 12 12 12 12 12 9 9 9 9 9 9 10 10 10 10 10 10 10 10 10 10 10 10 10 10 10 10 10 10 10 10 10 10 10 10 10 10 10 10 10 10 10 10 10 10 10 10 10 10 10 10 10 10 10 10 10 10 10 10 10 10 10 10 10 10 10 10 10 10 10 10 10 10 10 10 10 10 10 10 10 10 10 10 10 10 10 10 10 10 10 10 10 10 10 10 10 10 10 10 10 10 10 11 1 1 1
staticfield java/lang/StringBuffer serialPersistentFields [Ljava/io/ObjectStreamField; 3 [Ljava/io/ObjectStreamField;
ciInstanceKlass java/lang/StringBuilder 1 1 333 8 1 1 1 1 1 1 1 1 1 1 1 1 1 1 1 1 1 1 1 1 1 1 1 1 1 1 1 1 1 1 1 1 1 1 1 1 1 1 1 1 1 1 1 1 1 1 1 1 1 1 1 1 1 1 1 1 1 1 1 1 1 1 1 1 1 1 1 1 1 1 1 1 5 0 100 100 100 100 100 100 7 100 100 7 7 1 1 1 1 1 1 1 1 1 1 1 1 1 1 1 1 1 1 1 1 1 1 1 1 1 1 1 1 1 1 1 1 1 1 1 1 1 1 1 1 1 1 1 1 1 1 1 1 1 1 1 1 1 1 1 1 1 1 1 1 1 1 12 12 12 12 12 12 12 12 12 12 12 12 12 12 12 12 12 12 12 12 12 12 12 12 12 12 12 12 12 12 12 12 12 12 12 12 12 12 12 12 12 12 12 12 12 12 12 12 12 12 12 12 12 12 12 12 12 12 12 12 12 12 12 12 12 12 12 12 12 12 12 12 12 12 12 12 12 12 12 12 12 12 12 12 12 12 12 12 12 12 9 9 10 10 10 10 10 10 10 10 10 10 10 10 10 10 10 10 10 10 10 10 10 10 10 10 10 10 10 10 10 10 10 10 10 10 10 10 10 10 10 10 10 10 10 10 10 10 10 10 10 10 10 10 10 10 10 10 10 10 10 10 10 10 10 10 10 10 10 10 10 10 10 10 10 10 10 10 10 10 10 10 10 10 10 10 10 10 10 10 10 10 11 1
ciInstanceKlass sun/misc/Unsafe 1 1 389 8 8 7 7 7 7 7 7 7 7 7 7 1 1 1 1 1 1 1 1 1 1 1 1 1 1 1 1 1 1 1 1 1 1 1 1 1 1 1 1 1 1 1 1 1 1 1 1 1 1 1 1 1 1 1 1 1 1 1 1 1 1 1 1 1 1 1 1 1 1 1 1 1 1 1 1 1 1 1 1 1 1 1 1 1 1 1 1 1 1 1 1 1 1 1 1 1 1 1 1 1 1 1 1 1 1 1 1 1 1 1 1 1 1 1 1 1 1 1 1 1 1 1 1 1 1 1 1 1 1 1 1 1 1 1 1 1 1 1 1 1 1 1 1 1 1 1 1 1 1 1 1 1 1 1 1 1 1 1 1 1 1 1 1 1 1 1 1 1 1 1 1 1 1 1 1 1 1 1 1 3 100 7 100 7 7 7 7 100 100 7 7 1 1 1 1 1 1 1 1 1 1 1 1 1 1 1 1 1 1 1 1 1 1 1 1 1 1 1 1 1 1 1 1 1 1 1 1 1 1 1 1 1 1 1 1 1 1 1 1 1 1 1 1 1 1 1 1 1 1 1 1 1 1 1 1 1 1 1 1 1 12 12 12 12 12 12 12 12 12 12 12 12 12 12 12 12 12 12 12 12 12 12 12 12 12 12 12 12 12 12 12 12 12 12 12 12 12 12 12 12 12 12 12 12 12 12 12 12 12 12 12 12 12 12 12 12 12 12 12 12 12 12 9 9 9 9 9 9 9 9 9 9 9 9 9 9 9 9 9 9 9 9 10 10 10 10 10 10 10 10 10 10 10 10 10 10 10 10 10 10 10 10 10 10 10 10 10 10 10 10 10 10 10 10 10 10 10 10 10 10 10 10 10 10 10 10 1
staticfield sun/misc/Unsafe theUnsafe Lsun/misc/Unsafe; sun/misc/Unsafe
staticfield sun/misc/Unsafe ARRAY_BOOLEAN_BASE_OFFSET I 16
staticfield sun/misc/Unsafe ARRAY_BYTE_BASE_OFFSET I 16
staticfield sun/misc/Unsafe ARRAY_SHORT_BASE_OFFSET I 16
staticfield sun/misc/Unsafe ARRAY_CHAR_BASE_OFFSET I 16
staticfield sun/misc/Unsafe ARRAY_INT_BASE_OFFSET I 16
staticfield sun/misc/Unsafe ARRAY_LONG_BASE_OFFSET I 16
staticfield sun/misc/Unsafe ARRAY_FLOAT_BASE_OFFSET I 16
staticfield sun/misc/Unsafe ARRAY_DOUBLE_BASE_OFFSET I 16
staticfield sun/misc/Unsafe ARRAY_OBJECT_BASE_OFFSET I 16
staticfield sun/misc/Unsafe ARRAY_BOOLEAN_INDEX_SCALE I 1
staticfield sun/misc/Unsafe ARRAY_BYTE_INDEX_SCALE I 1
staticfield sun/misc/Unsafe ARRAY_SHORT_INDEX_SCALE I 2
staticfield sun/misc/Unsafe ARRAY_CHAR_INDEX_SCALE I 2
staticfield sun/misc/Unsafe ARRAY_INT_INDEX_SCALE I 4
staticfield sun/misc/Unsafe ARRAY_LONG_INDEX_SCALE I 8
staticfield sun/misc/Unsafe ARRAY_FLOAT_INDEX_SCALE I 4
staticfield sun/misc/Unsafe ARRAY_DOUBLE_INDEX_SCALE I 8
staticfield sun/misc/Unsafe ARRAY_OBJECT_INDEX_SCALE I 4
staticfield sun/misc/Unsafe ADDRESS_SIZE I 8
instanceKlass org/apache/xerces/impl/XMLEntityManager$RewindableInputStream
instanceKlass org/codehaus/plexus/archiver/bzip2/CBZip2InputStream
instanceKlass org/apache/commons/io/input/ClosedInputStream
instanceKlass java/io/SequenceInputStream
instanceKlass org/iq80/snappy/AbstractSnappyInputStream
instanceKlass org/codehaus/plexus/components/io/resources/ClosingInputStream
instanceKlass org/apache/commons/compress/compressors/CompressorInputStream
instanceKlass org/apache/xerces/impl/XMLEntityManager$RewindableInputStream
instanceKlass com/sun/org/apache/xerces/internal/impl/XMLEntityManager$RewindableInputStream
instanceKlass org/codehaus/plexus/archiver/bzip2/CBZip2InputStream
instanceKlass org/apache/commons/compress/archivers/ArchiveInputStream
instanceKlass org/apache/commons/compress/compressors/CompressorInputStream
instanceKlass org/codehaus/plexus/components/io/resources/ClosingInputStream
instanceKlass sun/nio/ch/ChannelInputStream
instanceKlass java/util/zip/ZipFile$ZipFileInputStream
instanceKlass java/io/FilterInputStream
instanceKlass java/io/FileInputStream
instanceKlass java/io/ByteArrayInputStream
ciInstanceKlass java/io/InputStream 1 1 61 8 1 1 1 1 1 1 1 1 1 1 1 1 1 1 1 1 1 1 1 1 1 1 1 1 1 1 1 1 1 1 1 1 1 1 1 3 5 0 100 100 100 7 100 100 100 7 12 12 12 12 12 10 10 10 10 10 10 10 1
ciInstanceKlass java/io/ByteArrayInputStream 1 1 62 1 1 1 1 1 1 1 1 1 1 1 1 1 1 1 1 1 1 1 1 1 1 1 1 1 1 1 1 1 1 1 1 1 1 1 1 7 100 7 100 7 100 7 1 12 12 12 12 12 12 12 9 9 9 9 10 10 10 10 10 1
ciInstanceKlass java/io/File 1 1 582 8 8 8 8 8 8 8 8 8 8 8 8 8 8 8 8 8 8 8 7 1 1 1 1 1 1 1 1 1 1 1 1 1 1 1 1 1 1 1 1 1 1 1 1 1 1 1 1 1 1 1 1 1 1 1 1 1 1 1 1 1 1 1 1 1 1 1 1 1 1 1 1 1 1 1 1 1 1 1 1 1 1 1 1 1 1 1 1 1 1 1 1 1 1 1 1 1 1 1 1 1 1 1 1 1 1 1 1 1 1 1 1 1 1 1 1 1 1 1 1 1 1 1 1 1 1 1 1 1 1 1 1 1 1 1 1 1 1 1 1 1 1 1 1 1 1 1 1 1 1 1 1 1 1 1 1 1 1 1 1 1 1 1 1 1 1 1 1 1 1 1 1 1 1 1 1 1 1 1 1 1 1 1 1 1 1 1 1 1 1 1 1 1 1 1 1 1 1 1 1 1 1 1 1 1 1 1 1 1 1 1 1 1 1 1 1 1 1 1 1 1 1 1 1 1 1 1 1 1 1 1 1 1 1 1 1 1 1 5 0 7 100 7 100 7 100 100 7 7 100 100 100 100 100 100 7 100 100 100 100 100 7 100 100 100 100 7 7 7 100 100 7 100 7 7 7 100 7 100 7 1 1 1 1 1 1 1 1 1 1 1 1 1 1 1 1 1 1 1 1 1 1 1 1 1 1 1 1 1 1 1 1 1 1 1 1 1 1 1 1 1 1 1 1 1 1 1 1 1 1 1 1 1 1 1 12 12 12 12 12 12 12 12 12 12 12 12 12 12 12 12 12 12 12 12 12 12 12 12 12 12 12 12 12 12 12 12 12 12 12 12 12 12 12 12 12 12 12 12 12 12 12 12 12 12 12 12 12 12 12 12 12 12 12 12 12 12 12 12 12 12 12 12 12 12 12 12 12 12 12 12 12 12 12 12 12 12 12 12 12 12 12 12 12 12 12 12 12 12 12 12 12 12 12 12 12 12 12 12 12 12 12 12 12 12 12 12 12 12 12 9 9 9 9 9 9 9 9 9 9 9 9 9 9 9 10 10 10 10 10 10 10 10 10 10 10 10 10 10 10 10 10 10 10 10 10 10 10 10 10 10 10 10 10 10 10 10 10 10 10 10 10 10 10 10 10 10 10 10 10 10 10 10 10 10 10 10 10 10 10 10 10 10 10 10 10 10 10 10 10 10 10 10 10 10 10 10 10 10 10 10 10 10 10 10 10 10 10 10 10 10 10 10 10 10 10 10 10 10 10 10 10 10 10 10 10 10 10 10 10 10 10 11 11 11 11 11 1 1 1 1
staticfield java/io/File fs Ljava/io/FileSystem; java/io/WinNTFileSystem
staticfield java/io/File separatorChar C 92
staticfield java/io/File separator Ljava/lang/String; "\"
staticfield java/io/File pathSeparatorChar C 59
staticfield java/io/File pathSeparator Ljava/lang/String; ";"
staticfield java/io/File PATH_OFFSET J 16
staticfield java/io/File PREFIX_LENGTH_OFFSET J 12
staticfield java/io/File UNSAFE Lsun/misc/Unsafe; sun/misc/Unsafe
staticfield java/io/File $assertionsDisabled Z 1
instanceKlass org/codehaus/plexus/archiver/zip/PlexusIoZipFileResourceCollection$1
instanceKlass java/net/FactoryURLClassLoader
instanceKlass org/codehaus/plexus/classworlds/realm/ClassRealm
instanceKlass sun/misc/Launcher$ExtClassLoader
instanceKlass sun/misc/Launcher$AppClassLoader
ciInstanceKlass java/net/URLClassLoader 1 1 524 8 8 8 8 8 8 8 8 8 8 8 8 1 1 1 1 1 1 1 1 1 1 1 1 1 1 1 1 1 1 1 1 1 1 1 1 1 1 1 1 1 1 1 1 1 1 1 1 1 1 1 1 1 1 1 1 1 1 1 1 1 1 1 1 1 1 1 1 1 1 1 1 1 1 1 1 1 1 1 1 1 1 1 1 1 1 1 1 1 1 1 1 1 1 1 1 1 1 1 1 1 1 1 1 1 1 1 1 1 1 1 1 1 1 1 1 1 1 1 1 1 1 1 1 1 1 1 1 1 1 1 1 1 1 1 1 1 1 1 1 1 1 1 1 1 1 1 1 1 1 1 1 1 1 1 1 1 1 1 1 1 1 1 1 1 1 1 1 1 1 1 1 1 1 1 1 1 1 1 1 1 1 1 1 1 1 1 1 1 1 1 1 1 100 100 7 7 100 100 100 7 7 7 100 100 7 100 100 100 7 7 7 100 7 100 7 7 7 7 7 100 100 7 7 7 100 100 100 7 7 7 7 7 7 7 7 7 7 7 7 100 7 7 7 7 7 7 100 7 1 1 1 1 1 1 1 1 1 1 1 1 1 1 1 1 1 1 1 1 1 1 1 1 1 1 1 1 1 1 1 1 1 1 1 1 1 1 1 1 1 1 1 1 1 1 1 1 1 1 1 1 1 1 1 1 1 1 1 1 1 1 1 1 1 1 1 1 1 1 12 12 12 12 12 12 12 12 12 12 12 12 12 12 12 12 12 12 12 12 12 12 12 12 12 12 12 12 12 12 12 12 12 12 12 12 12 12 12 12 12 12 12 12 12 12 12 12 12 12 12 12 12 12 12 12 12 12 12 12 12 12 12 12 12 12 12 12 12 12 12 12 12 12 12 12 12 12 12 12 12 12 12 12 12 12 12 12 12 12 12 12 12 12 12 12 12 9 9 9 9 9 9 9 9 9 9 9 9 10 10 10 10 10 10 10 10 10 10 10 10 10 10 10 10 10 10 10 10 10 10 10 10 10 10 10 10 10 10 10 10 10 10 10 10 10 10 10 10 10 10 10 10 10 10 10 10 10 10 10 10 10 10 10 10 10 10 10 10 10 10 10 10 10 10 10 10 10 10 10 10 10 10 10 10 10 10 10 10 10 10 10 10 10 10 11 11 11 11 11 11 11 11 11
ciInstanceKlass java/net/URL 1 1 584 8 8 8 8 8 8 8 8 8 8 8 8 8 8 8 8 8 8 8 8 8 8 8 8 8 8 7 1 1 1 1 1 1 1 1 1 1 1 1 1 1 1 1 1 1 1 1 1 1 1 1 1 1 1 1 1 1 1 1 1 1 1 1 1 1 1 1 1 1 1 1 1 1 1 1 1 1 1 1 1 1 1 1 1 1 1 1 1 1 1 1 1 1 1 1 1 1 1 1 1 1 1 1 1 1 1 1 1 1 1 1 1 1 1 1 1 1 1 1 1 1 1 1 1 1 1 1 1 1 1 1 1 1 1 1 1 1 1 1 1 1 1 1 1 1 1 1 1 1 1 1 1 1 1 1 1 1 1 1 1 1 1 1 1 1 1 1 1 1 1 1 1 1 1 1 1 1 1 1 1 1 1 1 1 1 1 1 1 1 1 1 1 1 1 1 1 1 1 1 1 1 1 1 1 1 1 1 1 1 1 1 1 1 1 1 1 1 1 1 1 1 1 1 1 1 1 1 1 1 1 1 1 1 1 1 1 5 0 100 100 100 100 100 100 7 100 7 7 7 7 100 7 100 7 7 100 100 7 7 100 100 100 7 7 100 100 100 100 7 7 7 100 100 100 7 7 7 100 7 7 7 100 1 1 1 1 1 1 1 1 1 1 1 1 1 1 1 1 1 1 1 1 1 1 1 1 1 1 1 1 1 1 1 1 1 1 1 1 1 1 1 1 1 1 1 1 1 1 1 1 1 1 1 1 1 1 1 12 12 12 12 12 12 12 12 12 12 12 12 12 12 12 12 12 12 12 12 12 12 12 12 12 12 12 12 12 12 12 12 12 12 12 12 12 12 12 12 12 12 12 12 12 12 12 12 12 12 12 12 12 12 12 12 12 12 12 12 12 12 12 12 12 12 12 12 12 12 12 12 12 12 12 12 12 12 12 12 12 12 12 12 12 12 12 12 12 12 12 12 12 12 12 12 12 12 12 12 12 12 12 12 12 12 12 12 12 12 12 12 12 12 12 9 9 9 9 9 9 9 9 9 9 9 9 9 9 9 9 9 9 9 9 9 10 10 10 10 10 10 10 10 10 10 10 10 10 10 10 10 10 10 10 10 10 10 10 10 10 10 10 10 10 10 10 10 10 10 10 10 10 10 10 10 10 10 10 10 10 10 10 10 10 10 10 10 10 10 10 10 10 10 10 10 10 10 10 10 10 10 10 10 10 10 10 10 10 10 10 10 10 10 10 10 10 10 10 10 10 10 10 10 10 10 10 10 10 10 10 10 10 10 10 10 10 10 10 10 10 10 10 10 11 1
staticfield java/net/URL serialPersistentFields [Ljava/io/ObjectStreamField; 7 [Ljava/io/ObjectStreamField;
instanceKlass org/codehaus/plexus/archiver/jar/Manifest
instanceKlass org/codehaus/plexus/archiver/jar/Manifest
ciInstanceKlass java/util/jar/Manifest 1 1 256 8 8 8 8 8 8 8 1 1 1 1 1 1 1 1 1 1 1 1 1 1 1 1 1 1 1 1 1 1 1 1 1 1 1 1 1 1 1 1 1 1 1 1 1 1 1 1 1 1 1 1 1 1 1 1 1 1 1 1 1 1 1 1 1 1 1 1 1 1 1 1 1 1 1 1 1 1 1 1 1 1 1 1 1 1 1 1 1 1 1 1 1 1 1 1 1 1 1 1 1 100 7 100 100 100 100 7 7 100 7 7 100 7 7 7 7 100 7 7 100 7 7 1 1 1 1 1 1 1 1 1 1 1 1 1 1 1 1 1 1 1 1 1 1 1 1 1 12 12 12 12 12 12 12 12 12 12 12 12 12 12 12 12 12 12 12 12 12 12 12 12 12 12 12 12 12 12 12 12 12 12 12 12 12 12 12 12 12 12 12 12 12 12 12 12 9 9 9 10 10 10 10 10 10 10 10 10 10 10 10 10 10 10 10 10 10 10 10 10 10 10 10 10 10 10 10 10 10 10 10 10 10 10 10 10 10 10 10 10 10 10 11 11 11 11 11 11 11 11 11 11 11 11 1 1
ciInstanceKlass sun/misc/Launcher 1 1 222 8 8 8 8 8 8 8 8 8 8 1 1 1 1 1 1 1 1 1 1 1 1 1 1 1 1 1 1 1 1 1 1 1 1 1 1 1 1 1 1 1 1 1 1 1 1 1 1 1 1 1 1 1 1 1 1 1 1 1 1 1 1 1 1 1 1 1 1 1 1 1 1 1 1 1 1 1 1 1 1 1 1 1 1 1 1 1 1 1 1 1 1 1 1 1 1 1 1 1 1 100 100 7 100 100 100 100 100 100 100 100 7 100 7 100 7 7 100 7 7 100 7 7 7 7 7 1 1 1 1 1 1 1 1 1 1 1 1 1 1 1 1 1 1 1 1 1 1 1 12 12 12 12 12 12 12 12 12 12 12 12 12 12 12 12 12 12 12 12 12 12 12 12 12 12 12 12 12 12 12 12 9 9 9 9 9 9 10 10 10 10 10 10 10 10 10 10 10 10 10 10 10 10 10 10 10 10 10 10 10 10 10 10 10 10 10 10 1 1 1 1
ciInstanceKlass sun/misc/Launcher$AppClassLoader 1 1 201 8 8 7 1 1 1 1 1 1 1 1 1 1 1 1 1 1 1 1 1 1 1 1 1 1 1 1 1 1 1 1 1 1 1 1 1 1 1 1 1 1 1 1 1 1 1 1 1 1 1 1 1 1 1 1 1 1 1 1 1 1 1 1 1 1 1 1 1 1 1 1 1 1 1 1 1 1 1 1 1 100 100 100 100 100 7 7 100 7 100 7 7 100 100 7 100 7 100 7 100 7 7 7 100 7 7 1 1 1 1 1 1 1 1 1 1 1 1 1 1 1 1 1 1 1 1 1 1 1 1 1 12 12 12 12 12 12 12 12 12 12 12 12 12 12 12 12 12 12 12 12 12 12 12 12 12 12 12 12 12 12 12 12 12 9 9 10 10 10 10 10 10 10 10 10 10 10 10 10 10 10 10 10 10 10 10 10 10 10 10 10 10 10 10 10 10 10 10 11 1
staticfield sun/misc/Launcher$AppClassLoader $assertionsDisabled Z 1
ciInstanceKlass sun/misc/Launcher$ExtClassLoader 1 1 243 8 8 8 7 1 1 1 1 1 1 1 1 1 1 1 1 1 1 1 1 1 1 1 1 1 1 1 1 1 1 1 1 1 1 1 1 1 1 1 1 1 1 1 1 1 1 1 1 1 1 1 1 1 1 1 1 1 1 1 1 1 1 1 1 1 1 1 1 1 1 1 1 1 1 1 1 1 1 1 1 1 1 1 1 1 1 1 1 1 1 1 1 1 1 1 100 100 100 100 7 100 7 100 7 7 100 100 100 7 7 100 100 100 7 100 100 100 7 7 7 7 7 100 7 7 100 1 1 1 1 1 1 1 1 1 1 1 1 1 1 1 1 1 1 1 1 1 1 1 1 1 1 1 12 12 12 12 12 12 12 12 12 12 12 12 12 12 12 12 12 12 12 12 12 12 12 12 12 12 12 12 12 12 12 12 12 12 12 12 12 12 12 12 12 12 12 9 9 10 10 10 10 10 10 10 10 10 10 10 10 10 10 10 10 10 10 10 10 10 10 10 10 10 10 10 10 10 10 10 10 10 10 10 10 10 10 10 10 10 11 11 1
ciInstanceKlass java/security/CodeSource 1 1 324 8 8 8 8 8 8 8 8 8 8 8 8 8 8 1 1 1 1 1 1 1 1 1 1 1 1 1 1 1 1 1 1 1 1 1 1 1 1 1 1 1 1 1 1 1 1 1 1 1 1 1 1 1 1 1 1 1 1 1 1 1 1 1 1 1 1 1 1 1 1 1 1 1 1 1 1 1 1 1 1 1 1 1 1 1 1 1 1 1 1 1 1 1 1 1 1 1 1 1 1 1 1 1 1 1 1 1 1 1 1 1 1 1 1 1 1 1 1 1 1 1 1 1 1 1 1 1 1 1 1 1 1 1 1 1 1 5 0 100 100 100 100 100 100 100 100 100 7 100 100 100 7 100 7 100 100 100 100 100 100 100 100 100 100 1 1 1 1 1 1 1 1 1 1 1 1 1 1 1 1 1 1 1 1 1 1 1 1 1 12 12 12 12 12 12 12 12 12 12 12 12 12 12 12 12 12 12 12 12 12 12 12 12 12 12 12 12 12 12 12 12 12 12 12 12 12 12 12 12 12 12 12 12 12 12 12 12 12 12 12 12 12 12 12 12 12 12 12 12 12 9 9 9 9 9 10 10 10 10 10 10 10 10 10 10 10 10 10 10 10 10 10 10 10 10 10 10 10 10 10 10 10 10 10 10 10 10 10 10 10 10 10 10 10 10 10 10 10 10 10 10 10 10 10 10 10 10 10 10 10 10 10 10 10 10 10 10 10 11 11 11 11 1
ciInstanceKlass java/lang/StackTraceElement 1 1 98 8 8 8 8 8 8 8 8 1 1 1 1 1 1 1 1 1 1 1 1 1 1 1 1 1 1 1 1 1 1 1 1 1 1 1 1 1 1 1 1 1 1 1 1 1 1 1 1 1 1 1 5 0 100 100 7 100 7 100 1 1 1 1 1 1 12 12 12 12 12 12 12 12 12 12 12 12 12 12 12 9 9 9 9 10 10 10 10 10 10 10 10 10 10 10 10 1
instanceKlass java/nio/LongBuffer
instanceKlass java/nio/CharBuffer
instanceKlass java/nio/ByteBuffer
ciInstanceKlass java/nio/Buffer 1 1 132 8 8 8 8 8 8 8 8 7 1 1 1 1 1 1 1 1 1 1 1 1 1 1 1 1 1 1 1 1 1 1 1 1 1 1 1 1 1 1 1 1 1 1 1 1 1 1 1 1 1 1 1 1 1 1 1 1 1 1 1 1 1 1 1 1 1 1 1 1 1 1 1 1 1 1 1 1 3 100 7 100 100 7 100 100 100 100 100 1 1 1 1 1 1 12 12 12 12 12 12 12 12 12 12 12 12 12 12 12 9 9 9 9 9 10 10 10 10 10 10 10 10 10 10 10 10 10 10 10 10 1
staticfield java/nio/Buffer $assertionsDisabled Z 1
ciInstanceKlass java/lang/Boolean 1 1 110 8 8 8 1 1 1 1 1 1 1 1 1 1 1 1 1 1 1 1 1 1 1 1 1 1 1 1 1 1 1 1 1 1 1 1 1 1 1 1 1 1 1 1 1 1 1 1 1 1 1 1 1 1 1 1 1 1 1 1 1 5 0 100 7 7 100 100 100 7 100 7 7 1 1 1 1 1 1 1 1 12 12 12 12 12 12 12 12 12 12 12 12 12 12 9 9 9 9 10 10 10 10 10 10 10 10 10 10 1
staticfield java/lang/Boolean TRUE Ljava/lang/Boolean; java/lang/Boolean
staticfield java/lang/Boolean FALSE Ljava/lang/Boolean; java/lang/Boolean
staticfield java/lang/Boolean TYPE Ljava/lang/Class; java/lang/Class
ciInstanceKlass java/lang/Character 1 1 459 3 3 3 3 3 3 3 3 8 8 7 1 1 1 1 1 1 1 1 1 1 1 1 1 1 1 1 1 1 1 1 1 1 1 1 1 1 1 1 1 1 1 1 1 1 1 1 1 1 1 1 1 1 1 1 1 1 1 1 1 1 1 1 1 1 1 1 1 1 1 1 1 1 1 1 1 1 1 1 1 1 1 1 1 1 1 1 1 1 1 1 1 1 1 1 1 1 1 1 1 1 1 1 1 1 1 1 1 1 1 1 1 1 1 1 1 1 1 1 1 1 1 1 1 1 1 1 1 1 1 1 1 1 1 1 1 1 1 1 1 1 1 1 1 1 1 1 1 1 1 1 1 1 1 1 1 1 1 1 1 1 1 1 1 1 1 1 1 1 1 1 1 1 1 1 1 1 1 1 1 1 1 1 1 1 1 1 1 1 1 1 1 1 1 1 1 1 1 1 1 1 1 1 1 1 1 1 1 1 1 1 1 1 1 1 1 1 1 1 1 1 1 1 1 3 3 3 3 3 3 3 3 3 3 3 3 3 3 3 3 3 3 3 3 3 3 3 3 3 3 3 3 3 3 3 3 3 3 3 3 3 5 0 5 0 100 100 7 7 100 100 100 7 100 7 100 100 100 100 7 7 100 100 1 1 1 1 1 1 1 1 1 1 1 1 1 1 1 12 12 12 12 12 12 12 12 12 12 12 12 12 12 12 12 12 12 12 12 12 12 12 12 12 12 12 12 12 12 12 12 12 12 12 12 12 12 12 12 12 12 12 12 12 12 12 12 12 12 12 12 12 12 12 12 12 12 12 12 12 12 12 12 12 12 12 12 9 9 9 9 9 10 10 10 10 10 10 10 10 10 10 10 10 10 10 10 10 10 10 10 10 10 10 10 10 10 10 10 10 10 10 10 10 10 10 10 10 10 10 10 10 10 10 10 10 10 10 10 10 10 10 10 10 10 10 10 10 10 10 10 10 10 10 10 10 10 10 10 10 10 10 10 10 10 10 10 10 10 10 10 10 11 11 1 1 1 1 1
staticfield java/lang/Character TYPE Ljava/lang/Class; java/lang/Class
staticfield java/lang/Character $assertionsDisabled Z 1
instanceKlass org/antlr/v4/misc/MutableInt
instanceKlass java/math/BigDecimal
instanceKlass java/math/BigInteger
instanceKlass java/util/concurrent/atomic/AtomicLong
instanceKlass java/util/concurrent/atomic/AtomicInteger
instanceKlass java/lang/Long
instanceKlass java/lang/Integer
instanceKlass java/lang/Short
instanceKlass java/lang/Byte
instanceKlass java/lang/Double
instanceKlass java/lang/Float
ciInstanceKlass java/lang/Number 1 1 34 1 1 1 1 1 1 1 1 1 1 1 1 1 1 1 1 1 1 1 1 1 1 1 5 0 100 100 7 12 12 10 10 1
ciInstanceKlass java/lang/Float 1 1 169 3 3 3 4 4 4 4 8 8 8 1 1 1 1 1 1 1 1 1 1 1 1 1 1 1 1 1 1 1 1 1 1 1 1 1 1 1 1 1 1 1 1 1 1 1 1 1 1 1 1 1 1 1 1 1 1 1 1 1 1 1 1 1 1 1 1 1 1 1 1 1 1 1 1 1 1 1 1 1 1 1 1 1 1 1 1 1 1 1 1 1 1 1 1 1 1 1 1 3 3 3 3 4 4 5 0 7 100 100 7 100 7 7 100 7 1 1 1 1 1 1 1 1 1 12 12 12 12 12 12 12 12 12 12 12 12 12 12 12 12 12 12 12 12 12 9 9 10 10 10 10 10 10 10 10 10 10 10 10 10 10 10 10 10 10 10 10 1
staticfield java/lang/Float TYPE Ljava/lang/Class; java/lang/Class
ciInstanceKlass java/lang/Double 1 1 223 8 8 8 8 8 8 8 8 8 8 1 1 1 1 1 1 1 1 1 1 1 1 1 1 1 1 1 1 1 1 1 1 1 1 1 1 1 1 1 1 1 1 1 1 1 1 1 1 1 1 1 1 1 1 1 1 1 1 1 1 1 1 1 1 1 1 1 1 1 1 1 1 1 1 1 1 1 1 1 1 1 1 1 1 1 1 1 1 1 1 1 1 1 1 1 1 1 1 1 1 1 1 1 1 1 1 1 1 1 1 1 3 3 3 3 5 0 5 0 5 0 5 0 5 0 6 0 6 0 6 0 6 0 6 0 6 0 6 0 7 100 7 100 100 7 7 100 100 7 1 1 1 1 1 1 1 1 1 1 1 12 12 12 12 12 12 12 12 12 12 12 12 12 12 12 12 12 12 12 12 12 12 12 12 12 12 12 12 12 12 9 9 10 10 10 10 10 10 10 10 10 10 10 10 10 10 10 10 10 10 10 10 10 10 10 10 10 10 10 10 10 1
staticfield java/lang/Double TYPE Ljava/lang/Class; java/lang/Class
ciInstanceKlass java/lang/Byte 1 1 153 8 8 8 8 8 1 1 1 1 1 1 1 1 1 1 1 1 1 1 1 1 1 1 1 1 1 1 1 1 1 1 1 1 1 1 1 1 1 1 1 1 1 1 1 1 1 1 1 1 1 1 1 1 1 1 1 1 1 1 1 1 1 1 1 1 1 1 1 1 1 1 1 1 1 1 1 1 3 3 3 3 5 0 5 0 7 7 7 100 100 7 7 100 1 1 1 1 1 1 1 1 1 1 1 1 1 1 12 12 12 12 12 12 12 12 12 12 12 12 12 12 12 12 12 12 12 12 12 9 9 9 10 10 10 10 10 10 10 10 10 10 10 10 10 10 10 10 10 10 10 1 1
staticfield java/lang/Byte TYPE Ljava/lang/Class; java/lang/Class
ciInstanceKlass java/lang/Short 1 1 159 3 3 8 8 8 8 8 1 1 1 1 1 1 1 1 1 1 1 1 1 1 1 1 1 1 1 1 1 1 1 1 1 1 1 1 1 1 1 1 1 1 1 1 1 1 1 1 1 1 1 1 1 1 1 1 1 1 1 1 1 1 1 1 1 1 1 1 1 1 1 1 1 1 1 1 1 1 1 1 1 1 3 3 3 3 5 0 5 0 7 100 100 7 7 7 7 100 1 1 1 1 1 1 1 1 1 1 1 1 1 1 12 12 12 12 12 12 12 12 12 12 12 12 12 12 12 12 12 12 12 12 12 12 9 9 9 10 10 10 10 10 10 10 10 10 10 10 10 10 10 10 10 10 10 10 10 1 1
staticfield java/lang/Short TYPE Ljava/lang/Class; java/lang/Class
ciInstanceKlass java/lang/Integer 1 1 313 3 3 3 3 3 3 3 3 3 3 3 3 3 3 3 8 8 8 8 8 8 8 8 8 8 8 8 8 8 8 8 1 1 1 1 1 1 1 1 1 1 1 1 1 1 1 1 1 1 1 1 1 1 1 1 1 1 1 1 1 1 1 1 1 1 1 1 1 1 1 1 1 1 1 1 1 1 1 1 1 1 1 1 1 1 1 1 1 1 1 1 1 1 1 1 1 1 1 1 1 1 1 1 1 1 1 1 1 1 1 1 1 1 1 1 1 1 1 1 1 1 1 1 1 1 1 1 1 1 1 1 1 1 1 1 1 1 1 1 1 1 1 1 1 1 1 1 1 1 1 1 1 1 1 1 1 1 1 1 1 1 1 1 1 1 1 1 1 1 1 1 3 3 5 0 5 0 5 0 100 7 7 100 100 7 7 100 7 100 7 7 100 100 7 100 7 1 1 1 1 1 1 1 1 1 1 1 1 1 1 1 1 1 12 12 12 12 12 12 12 12 12 12 12 12 12 12 12 12 12 12 12 12 12 12 12 12 12 12 12 12 12 12 12 12 12 12 12 12 12 12 12 12 12 12 12 12 12 12 12 12 9 9 9 9 9 9 9 9 10 10 10 10 10 10 10 10 10 10 10 10 10 10 10 10 10 10 10 10 10 10 10 10 10 10 10 10 10 10 10 10 10 10 10 10 10 10 10 10 10 1 1
staticfield java/lang/Integer TYPE Ljava/lang/Class; java/lang/Class
staticfield java/lang/Integer digits [C 36
staticfield java/lang/Integer DigitTens [C 100
staticfield java/lang/Integer DigitOnes [C 100
staticfield java/lang/Integer sizeTable [I 10
ciInstanceKlass java/lang/Long 1 1 360 3 3 8 8 8 8 8 8 8 8 8 8 8 8 8 8 8 8 8 1 1 1 1 1 1 1 1 1 1 1 1 1 1 1 1 1 1 1 1 1 1 1 1 1 1 1 1 1 1 1 1 1 1 1 1 1 1 1 1 1 1 1 1 1 1 1 1 1 1 1 1 1 1 1 1 1 1 1 1 1 1 1 1 1 1 1 1 1 1 1 1 1 1 1 1 1 1 1 1 1 1 1 1 1 1 1 1 1 1 1 1 1 1 1 1 1 1 1 1 1 1 1 1 1 1 1 1 1 1 1 1 1 1 1 1 1 1 1 1 1 1 1 1 1 1 1 1 1 1 1 1 1 1 1 1 1 1 1 1 1 1 1 1 1 1 3 3 5 0 5 0 5 0 5 0 5 0 5 0 5 0 5 0 5 0 5 0 5 0 5 0 5 0 5 0 5 0 100 7 7 100 100 7 7 7 7 100 7 7 100 100 7 7 100 100 1 1 1 1 1 1 1 1 1 1 1 1 1 1 1 1 1 1 1 1 1 1 12 12 12 12 12 12 12 12 12 12 12 12 12 12 12 12 12 12 12 12 12 12 12 12 12 12 12 12 12 12 12 12 12 12 12 12 12 12 12 12 12 12 12 12 12 12 12 12 12 12 12 12 12 12 12 12 12 12 12 9 9 9 9 9 9 10 10 10 10 10 10 10 10 10 10 10 10 10 10 10 10 10 10 10 10 10 10 10 10 10 10 10 10 10 10 10 10 10 10 10 10 10 10 10 10 10 10 10 10 10 10 10 10 10 10 10 10 10 10 10 1 1
staticfield java/lang/Long TYPE Ljava/lang/Class; java/lang/Class
ciInstanceKlass java/lang/NullPointerException 1 1 21 1 1 1 1 1 1 1 1 1 1 1 5 0 100 7 12 12 10 10 1
ciInstanceKlass java/lang/ArithmeticException 1 1 21 1 1 1 1 1 1 1 1 1 1 1 5 0 100 100 12 12 10 10 1
ciInstanceKlass antlr/collections/AST 1 0 40 100 100 1 1 1 1 1 1 1 1 1 1 1 1 1 1 1 1 1 1 1 1 1 1 1 1 1 1 1 1 1 1 1 1 1 1 1 1 1
instanceKlass antlr/CommonAST
ciInstanceKlass antlr/BaseAST 1 1 233 10 9 9 7 11 11 10 11 10 11 10 11 10 11 10 11 11 11 10 10 100 10 100 10 8 9 9 100 10 10 8 10 10 10 8 8 10 8 8 10 10 8 10 10 8 8 8 8 100 10 8 8 8 8 8 10 10 10 8 10 8 10 8 10 8 8 8 10 10 10 10 7 100 100 1 1 1 1 1 1 1 1 1 1 1 1 1 1 1 1 1 1 1 1 1 1 1 1 1 1 1 1 1 1 1 1 1 1 1 1 1 1 1 1 1 1 1 1 1 1 1 1 1 1 1 1 1 1 1 1 1 100 1 1 1 1 1 1 12 12 12 1 12 12 12 12 12 12 12 12 12 12 12 12 1 12 1 12 1 12 12 1 12 1 100 12 12 12 1 1 12 1 1 12 1 12 12 1 1 1 1 1 12 1 1 1 1 1 12 100 12 1 12 1 12 1 100 12 1 1 1 12 12 12 12 1 1 1 1 1 1 1 1 1 1 1 1 1 1 1 1 1 1 1 1 1 1 1 1 1 1 1
instanceKlass antlr/CommonASTWithHiddenTokens
ciInstanceKlass antlr/CommonAST 1 1 49 9 9 10 10 11 11 10 10 10 10 7 7 1 1 1 1 1 1 1 1 1 1 1 1 1 1 1 1 1 1 1 1 1 1 12 12 12 12 100 12 12 12 12 7 1 1 1 1
instanceKlass com/puppycrawl/tools/checkstyle/api/DetailAST
ciInstanceKlass antlr/CommonASTWithHiddenTokens 1 1 40 10 10 9 9 7 10 10 10 7 10 10 10 7 1 1 1 1 1 1 1 1 1 1 1 1 1 1 1 12 12 12 12 1 12 12 12 1 12 1
ciInstanceKlass com/puppycrawl/tools/checkstyle/api/DetailAST 1 1 202 10 7 3 9 9 9 10 10 10 10 10 10 10 10 10 10 9 10 9 10 10 10 9 9 10 10 10 10 10 11 11 10 10 10 9 7 10 10 10 10 10 100 10 10 10 8 10 8 8 10 10 10 7 1 1 1 5 0 1 1 1 1 1 1 1 1 1 1 1 1 1 1 1 1 1 1 1 1 1 1 1 1 1 1 1 1 1 1 100 1 1 1 1 1 1 100 1 1 1 1 1 1 1 1 1 1 1 1 1 1 1 1 1 1 1 1 1 1 1 1 1 1 1 1 1 1 1 1 1 12 1 12 12 12 12 7 12 12 12 12 12 12 12 12 12 12 12 12 12 12 12 12 12 12 12 12 7 12 12 12 7 12 12 1 12 12 12 12 1 12 12 1 12 1 1 12 1 1 1 1 1 1 1 1 1 1 1 1 1 1 1 1 1 1 1 1 1 1 1 1 1
ciInstanceKlass antlr/TokenStream 1 0 12 100 100 1 1 1 100 1 1 1 1 1
instanceKlass antlr/CommonToken
ciInstanceKlass antlr/Token 1 1 79 10 9 10 8 100 10 8 10 10 8 10 10 8 10 7 10 9 7 100 1 1 1 3 1 3 1 3 1 3 1 3 1 1 1 1 1 1 1 1 1 1 1 1 1 1 1 1 1 1 1 1 1 1 1 1 1 1 12 12 12 1 1 1 12 12 1 12 12 1 12 1 12 12 1 1 1 1 1
instanceKlass antlr/CommonHiddenStreamToken
ciInstanceKlass antlr/CommonToken 1 1 65 10 9 9 10 9 100 10 8 10 10 8 10 8 8 9 8 10 7 7 1 1 1 1 1 1 1 1 1 1 1 1 1 1 1 1 1 1 1 1 1 1 1 12 12 12 12 12 1 1 12 12 1 12 1 1 12 1 12 1 1 1 1 1 1
ciInstanceKlass antlr/CommonHiddenStreamToken 1 1 32 10 10 10 9 9 7 7 1 1 1 1 1 1 1 1 1 1 1 1 1 1 1 1 1 12 12 12 12 12 1 1
instanceKlass antlr/CharStreamException
instanceKlass antlr/RecognitionException
instanceKlass antlr/TokenStreamException
ciInstanceKlass antlr/ANTLRException 1 1 22 10 10 10 10 100 7 1 1 1 1 1 1 1 1 1 12 12 12 12 1 1
instanceKlass antlr/NoViableAltException
instanceKlass antlr/MismatchedTokenException
instanceKlass antlr/SemanticException
instanceKlass antlr/NoViableAltForCharException
instanceKlass antlr/MismatchedCharException
ciInstanceKlass antlr/RecognitionException 1 1 62 8 10 9 9 9 10 10 100 10 10 10 10 10 7 7 1 1 1 1 1 1 1 1 1 1 1 1 1 1 1 1 1 1 1 1 1 1 1 12 12 12 12 12 12 1 12 100 12 12 12 12 1 1 1 1 1 1 1 1 1 1
ciInstanceKlass com/puppycrawl/tools/checkstyle/grammars/GeneratedJavaLexer 1 1 885 10 10 9 9 9 100 10 10 7 10 7 10 10 10 9 10 7 10 9 7 8 10 7 10 10 8 8 8 8 8 8 8 8 8 8 8 8 8 8 8 8 8 8 8 8 8 8 8 8 8 8 8 8 8 8 8 8 8 8 8 8 8 8 8 8 8 8 8 8 8 8 8 8 7 10 10 10 9 10 10 10 10 10 10 10 10 10 10 10 10 10 10 10 10 10 10 10 10 10 10 10 10 10 10 10 10 10 10 10 10 10 10 10 10 10 10 10 10 10 10 10 10 10 10 10 10 10 10 10 10 10 9 10 10 7 3 10 10 7 10 10 10 10 10 7 100 10 100 100 100 9 10 100 10 10 9 10 100 10 7 10 10 10 8 10 8 8 8 8 8 8 8 8 8 8 8 8 8 8 8 8 8 8 8 8 8 8 8 8 8 9 9 10 8 11 10 10 10 10 9 10 8 10 8 11 3 9 10 9 10 9 10 10 9 9 10 9 10 100 8 10 8 100 100 10 8 10 10 10 10 10 9 10 8 10 9 10 8 10 8 10 9 9 10 10 10 10 10 10 10 10 10 10 8 10 9 9 9 9 9 10 10 10 5 0 5 0 5 0 5 0 5 0 5 0 5 0 5 0 5 0 5 0 5 0 5 0 5 0 5 0 5 0 5 0 5 0 5 0 5 0 5 0 5 0 7 10 10 10 10 10 10 10 10 10 10 10 10 10 10 10 10 10 10 7 100 1 1 1 1 1 1 1 1 1 1 1 1 1 1 1 1 1 1 1 1 1 1 1 1 1 1 1 1 1 1 1 1 1 1 1 1 1 1 1 1 1 1 1 1 1 1 1 1 1 1 1 1 1 1 1 1 1 1 1 1 1 100 100 100 1 1 1 1 1 1 1 1 1 1 1 1 1 1 1 1 1 1 1 1 1 1 1 1 1 1 1 1 1 1 1 1 1 1 1 1 1 1 1 1 1 1 1 1 1 1 1 1 1 1 1 1 1 100 1 1 1 1 1 1 1 1 1 1 1 1 1 1 1 1 1 1 100 1 1 1 1 1 1 1 1 1 1 1 1 1 1 1 1 1 1 1 1 1 1 1 1 1 1 1 1 1 1 1 1 1 1 1 1 1 1 1 1 1 1 1 1 100 1 1 1 1 1 1 1 1 1 1 1 1 1 1 1 1 1 1 1 12 12 12 12 12 1 12 12 1 12 1 12 12 12 1 12 12 1 1 12 1 12 12 1 1 1 1 1 1 1 1 1 1 1 1 1 1 1 1 1 1 1 1 1 1 1 1 1 1 1 1 1 1 1 1 1 1 1 1 1 1 1 1 1 1 1 1 1 1 1 1 12 12 12 12 12 12 12 12 12 12 12 12 12 12 12 12 12 12 12 12 12 12 12 12 12 12 12 12 12 12 12 12 12 12 12 12 12 12 12 12 12 12 12 12 12 12 12 12 12 12 12 12 12 12 12 12 12 12 12 12 1 12 12 1 12 12 12 12 12 1 1 12 1 1 1 12 12 1 12 12 12 7 12 1 12 1 12 12 12 1 12 1 1 1 1 1 1 1 1 1 1 1 1 1 1 1 1 1 1 1 1 1 1 1 1 1 12 12 12 1 7 12 12 12 12 12 12 12 1 12 1 12 12 12 12 12 12 12 12 12 12 12 12 7 12 1 1 1 1 1 1 12 12 12 100 12 12 12 12 1 12 12 12 1 12 1 12 12 12 12 12 12 12 12 12 12 12 12 12 1 12 12 12 12 12 12 12 12 12 1 12 12 12 12 12 12 12 12 12 12 12 12 12 12 12 12 12 12 1 1 1 1 1 1 1 1 1 1 1 1 1 1 1 1 1 1 1 1 1 1 1 1 1 1 1 1 1 1 1 1 1 1 1 1 1 1 1 1 1 1 1 1 1 1 1 1 1 1 1 1 1 1 1 1 1 1 1 1 1 1 1 1 1 1 1 1 1 1 1 1 1 1 1 1 1 1
staticfield com/puppycrawl/tools/checkstyle/grammars/GeneratedJavaLexer _tokenSet_0 Lantlr/collections/impl/BitSet; antlr/collections/impl/BitSet
staticfield com/puppycrawl/tools/checkstyle/grammars/GeneratedJavaLexer _tokenSet_1 Lantlr/collections/impl/BitSet; antlr/collections/impl/BitSet
staticfield com/puppycrawl/tools/checkstyle/grammars/GeneratedJavaLexer _tokenSet_2 Lantlr/collections/impl/BitSet; antlr/collections/impl/BitSet
staticfield com/puppycrawl/tools/checkstyle/grammars/GeneratedJavaLexer _tokenSet_3 Lantlr/collections/impl/BitSet; antlr/collections/impl/BitSet
staticfield com/puppycrawl/tools/checkstyle/grammars/GeneratedJavaLexer _tokenSet_4 Lantlr/collections/impl/BitSet; antlr/collections/impl/BitSet
staticfield com/puppycrawl/tools/checkstyle/grammars/GeneratedJavaLexer _tokenSet_5 Lantlr/collections/impl/BitSet; antlr/collections/impl/BitSet
staticfield com/puppycrawl/tools/checkstyle/grammars/GeneratedJavaLexer _tokenSet_6 Lantlr/collections/impl/BitSet; antlr/collections/impl/BitSet
staticfield com/puppycrawl/tools/checkstyle/grammars/GeneratedJavaLexer _tokenSet_7 Lantlr/collections/impl/BitSet; antlr/collections/impl/BitSet
staticfield com/puppycrawl/tools/checkstyle/grammars/GeneratedJavaLexer _tokenSet_8 Lantlr/collections/impl/BitSet; antlr/collections/impl/BitSet
staticfield com/puppycrawl/tools/checkstyle/grammars/GeneratedJavaLexer _tokenSet_9 Lantlr/collections/impl/BitSet; antlr/collections/impl/BitSet
staticfield com/puppycrawl/tools/checkstyle/grammars/GeneratedJavaLexer _tokenSet_10 Lantlr/collections/impl/BitSet; antlr/collections/impl/BitSet
staticfield com/puppycrawl/tools/checkstyle/grammars/GeneratedJavaLexer _tokenSet_11 Lantlr/collections/impl/BitSet; antlr/collections/impl/BitSet
staticfield com/puppycrawl/tools/checkstyle/grammars/GeneratedJavaLexer _tokenSet_12 Lantlr/collections/impl/BitSet; antlr/collections/impl/BitSet
staticfield com/puppycrawl/tools/checkstyle/grammars/GeneratedJavaLexer _tokenSet_13 Lantlr/collections/impl/BitSet; antlr/collections/impl/BitSet
staticfield com/puppycrawl/tools/checkstyle/grammars/GeneratedJavaLexer _tokenSet_14 Lantlr/collections/impl/BitSet; antlr/collections/impl/BitSet
staticfield com/puppycrawl/tools/checkstyle/grammars/GeneratedJavaLexer _tokenSet_15 Lantlr/collections/impl/BitSet; antlr/collections/impl/BitSet
staticfield com/puppycrawl/tools/checkstyle/grammars/GeneratedJavaLexer _tokenSet_16 Lantlr/collections/impl/BitSet; antlr/collections/impl/BitSet
ciInstanceKlass antlr/collections/impl/BitSet 1 1 205 10 10 9 10 10 10 10 7 10 10 5 0 10 10 100 100 10 100 10 100 10 10 10 10 10 10 10 10 10 10 10 10 10 8 10 8 10 100 10 10 10 10 11 10 8 8 10 8 100 10 8 5 0 10 8 8 10 8 7 100 1 1 1 3 1 3 1 3 1 3 1 1 1 1 1 1 1 1 1 1 1 1 1 1 1 1 1 1 1 1 1 1 1 1 1 1 1 1 1 1 1 1 1 1 1 1 1 1 1 1 1 1 1 1 1 1 1 1 1 1 1 1 1 1 1 1 1 1 1 1 1 12 12 12 12 12 12 12 1 12 7 12 7 12 1 1 1 1 12 12 12 12 12 12 12 12 12 12 12 12 12 1 12 1 12 1 12 12 12 100 12 12 1 1 12 1 1 1 12 1 1 12 1 1 1 1 1 1 1 1 1 1 1 1 1 1 1 1 1 1 1 1 1 1
instanceKlass antlr/TokenStreamHiddenTokenFilter
ciInstanceKlass antlr/TokenStreamBasicFilter 1 1 64 10 9 7 10 9 10 11 10 10 10 10 7 7 100 100 1 1 1 1 1 1 1 1 1 1 1 1 1 1 100 1 1 1 1 1 1 12 12 1 12 12 12 100 12 12 100 12 12 1 1 1 1 1 1 1 1 1 1 1 1 1 1 1
ciInstanceKlass antlr/TokenStreamHiddenTokenFilter 1 1 93 10 9 7 10 9 9 11 7 9 10 10 10 10 9 10 10 9 10 10 10 10 7 7 7 1 1 1 1 1 1 1 1 1 1 1 1 1 100 1 1 1 1 1 1 1 1 1 1 1 1 1 1 1 1 1 1 12 12 1 12 12 12 12 1 12 12 12 12 12 12 12 12 12 12 12 12 12 1 1 1 1 1 1 1 1 1 1 1 1 1 1 1
instanceKlass antlr/LLkParser
ciInstanceKlass antlr/Parser 1 1 270 7 10 10 10 9 9 9 9 9 100 8 10 8 8 8 8 8 8 10 10 10 9 9 9 9 10 7 10 10 10 10 9 8 10 10 100 8 10 8 8 8 8 8 8 10 100 10 8 10 10 8 8 8 10 10 10 10 8 9 8 10 10 8 8 10 9 8 8 8 7 7 1 1 1 1 1 1 1 1 1 1 1 1 1 1 1 1 1 1 1 1 1 1 1 1 1 1 1 1 1 1 1 1 1 1 1 1 1 100 1 1 1 1 1 1 1 1 1 1 1 1 1 1 1 1 1 1 1 1 1 1 1 1 1 1 1 1 1 1 1 1 1 1 1 1 1 1 1 1 1 1 1 1 1 1 1 1 1 1 1 1 1 1 1 1 1 1 1 1 12 12 12 12 12 12 12 1 1 12 1 1 1 1 1 1 12 12 100 12 12 12 12 12 7 12 1 12 12 12 12 100 12 1 100 12 12 1 1 1 1 1 1 1 1 12 1 1 12 12 1 1 1 12 12 7 12 12 1 12 1 12 12 1 1 100 12 12 1 1 1 1 1 1 1 1 1 1 1 1 1 1 1 1 1 1 1 1 1 1 1 1 1 1 1 1 1 1 1 1
instanceKlass com/puppycrawl/tools/checkstyle/grammars/GeneratedJavaRecognizer
ciInstanceKlass antlr/LLkParser 1 1 125 10 9 10 10 7 10 9 9 10 10 10 10 9 100 10 10 9 8 8 10 10 8 10 8 10 8 10 8 8 10 9 8 10 8 7 7 1 1 1 1 1 1 1 1 1 1 1 1 100 1 1 1 1 1 1 1 1 1 1 1 12 12 12 12 1 12 12 7 12 12 12 12 12 100 12 1 12 12 1 1 12 100 12 1 1 12 1 100 12 1 1 12 12 1 12 1 1 1 1 1 1 1 1 1 1 1 1 1 1 1 1 1 1 1 1 1 1 1 1 1 1 1 1 1
ciInstanceKlass com/puppycrawl/tools/checkstyle/grammars/GeneratedJavaRecognizer 1 1 2119 9 9 10 10 9 7 100 8 10 10 10 10 10 9 10 7 10 9 9 10 7 10 10 10 10 10 10 9 7 10 10 10 9 9 10 10 7 10 10 10 9 10 9 7 10 10 10 10 9 10 7 9 10 7 10 8 10 10 10 11 9 10 10 11 10 10 10 10 10 10 9 9 10 10 8 10 8 10 10 10 10 10 10 10 10 8 10 8 10 8 10 8 10 10 10 8 10 9 10 9 9 10 9 10 10 10 10 100 8 10 8 10 8 9 10 10 10 10 10 10 10 10 10 8 9 9 10 10 9 9 10 10 10 8 10 8 10 9 10 9 10 9 10 9 10 10 8 10 8 10 10 10 9 9 8 9 9 10 10 8 9 11 10 10 8 9 9 9 9 10 10 8 10 10 10 8 9 9 9 8 11 8 10 8 10 9 9 10 10 9 8 9 9 9 10 9 9 10 9 9 9 9 9 9 10 10 10 10 10 9 9 10 8 10 10 10 10 9 8 10 10 9 9 10 10 10 9 9 10 9 8 9 9 9 9 10 10 10 9 10 9 10 9 8 10 10 10 9 8 10 10 10 8 8 8 8 10 8 10 10 8 10 8 10 10 10 10 10 10 10 10 10 9 10 10 10 9 10 10 10 9 10 10 9 9 9 9 9 9 5 0 5 0 5 0 5 0 5 0 5 0 5 0 5 0 5 0 5 0 5 0 5 0 5 0 5 0 5 0 5 0 5 0 5 0 5 0 5 0 5 0 5 0 5 0 5 0 5 0 5 0 5 0 5 0 5 0 5 0 5 0 5 0 5 0 5 0 5 0 5 0 5 0 5 0 5 0 5 0 5 0 5 0 5 0 5 0 5 0 5 0 5 0 5 0 5 0 5 0 5 0 5 0 5 0 5 0 5 0 5 0 5 0 5 0 5 0 5 0 5 0 5 0 5 0 5 0 5 0 5 0 5 0 5 0 5 0 5 0 5 0 5 0 5 0 5 0 5 0 5 0 5 0 5 0 5 0 5 0 5 0 5 0 5 0 5 0 5 0 5 0 5 0 5 0 5 0 5 0 5 0 5 0 5 0 5 0 5 0 5 0 5 0 5 0 7 8 8 8 8 8 8 8 8 8 8 8 8 8 8 8 8 8 8 8 8 8 8 8 8 8 8 8 8 8 8 8 8 8 8 8 8 8 8 8 8 8 8 8 8 8 8 8 8 8 8 8 8 8 8 8 8 8 8 8 8 8 8 8 8 8 8 8 8 8 8 8 8 8 8 8 8 8 8 8 8 8 8 8 8 8 8 8 8 8 8 8 8 8 8 8 8 8 8 8 8 8 8 8 8 8 8 8 8 8 8 8 8 8 8 8 8 8 8 8 8 8 8 8 8 8 8 8 8 8 8 8 8 8 8 8 8 8 8 8 8 8 8 8 8 8 8 8 8 8 8 8 8 8 8 8 8 8 8 8 8 8 8 8 8 7 10 10 10 10 10 10 10 10 10 10 10 10 10 10 10 10 10 10 10 10 10 10 10 10 10 10 10 10 10 10 10 10 10 10 10 10 10 10 10 10 10 10 10 10 10 10 10 10 10 10 10 10 10 10 10 10 10 10 10 10 10 10 10 10 10 10 10 10 10 7 7 1 1 1 1 1 1 1 1 1 1 1 1 1 1 1 1 1 1 1 1 1 1 1 1 1 1 1 1 1 1 1 1 1 1 1 1 1 1 1 1 1 1 1 1 1 1 1 1 1 1 1 1 1 1 1 1 1 1 1 1 1 1 1 1 1 1 1 1 1 1 1 1 1 1 1 1 1 1 1 1 1 1 1 1 1 1 1 1 1 1 1 1 1 1 1 1 1 1 1 1 1 1 1 1 1 1 1 1 1 1 1 1 1 1 1 1 1 1 1 100 100 100 100 1 100 1 1 1 1 1 1 1 1 1 100 1 1 1 1 1 1 1 1 1 1 1 1 1 1 1 1 1 1 1 1 1 1 1 1 1 1 1 1 1 1 1 1 1 1 1 1 1 1 1 1 1 1 1 1 1 1 1 1 1 1 1 1 1 1 1 1 1 1 1 1 1 1 1 1 1 1 1 1 1 1 1 1 1 1 1 1 1 1 1 1 1 1 1 1 1 1 1 1 1 1 1 1 1 1 1 1 1 1 1 1 1 1 1 1 1 1 1 1 1 1 1 1 1 1 1 1 1 1 1 1 1 1 1 1 1 1 1 1 1 1 1 1 1 1 1 1 1 1 1 1 1 1 1 1 1 1 1 1 1 1 1 1 1 1 1 1 1 1 1 1 1 1 1 1 1 1 1 1 1 1 1 1 1 1 1 1 1 1 1 1 1 1 1 1 1 1 1 1 1 1 1 1 1 1 1 1 1 1 1 1 1 1 1 1 1 1 1 1 1 1 1 1 1 1 1 1 1 1 1 1 1 1 1 1 1 1 1 1 1 1 1 1 1 1 1 1 1 1 1 1 1 1 1 1 1 1 1 1 1 1 1 1 1 1 1 1 1 1 1 1 1 1 1 1 1 1 1 1 1 1 1 1 1 1 1 1 1 1 1 1 1 1 1 1 1 1 1 1 1 1 1 1 1 1 1 1 1 1 1 1 1 1 1 1 1 1 1 1 1 1 1 1 1 1 1 1 1 1 1 1 1 1 1 1 1 1 1 1 1 1 1 1 1 1 1 1 1 1 1 1 1 1 1 1 1 1 1 1 1 1 1 1 1 1 1 1 1 1 1 1 1 1 1 1 1 1 1 1 1 1 1 1 1 1 1 1 1 1 1 1 1 1 1 1 1 1 1 1 1 1 1 1 1 1 1 1 1 1 1 1 1 1 1 1 1 1 1 1 1 1 1 1 1 1 1 1 1 1 1 1 1 1 1 1 1 1 1 1 1 1 1 1 1 1 1 1 1 1 1 1 1 1 1 1 1 1 1 1 1 1 1 1 1 1 1 1 1 1 1 1 1 1 1 1 1 1 1 1 1 1 1 1 1 1 1 1 1 1 1 1 1 1 1 1 1 1 1 1 1 1 1 1 1 1 1 1 1 1 1 1 1 1 1 1 1 1 1 1 1 1 1 1 1 1 1 1 1 1 1 1 1 1 1 1 1 1 1 1 1 1 1 1 1 1 1 1 1 1 1 1 1 1 1 1 1 1 1 1 1 1 1 1 1 1 1 1 1 1 1 1 1 1 1 1 1 1 1 1 1 1 1 1 1 1 1 1 1 1 1 1 1 1 1 1 1 1 1 1 1 1 1 1 1 1 1 1 1 1 1 1 1 1 1 1 1 1 1 1 1 1 1 1 1 1 1 1 1 1 1 1 1 1 1 1 1 1 1 1 1 1 1 1 1 1 1 1 1 1 1 1 1 1 1 1 1 1 1 1 1 1 1 1 1 1 1 1 1 1 1 1 1 1 1 1 1 1 1 1 1 1 1 12 12 12 12 12 1 1 1 12 12 12 12 12 12 12 1 12 12 12 12 1 12 12 12 12 12 1 12 12 12 12 7 12 12 12 1 12 12 12 12 12 12 1 12 12 12 12 12 12 1 12 12 1 12 1 12 12 12 7 12 12 12 12 12 12 12 12 12 12 12 12 12 12 1 12 1 12 12 12 12 12 12 12 12 1 12 1 12 1 12 1 12 12 12 1 12 12 12 12 12 12 12 12 12 12 12 1 1 12 1 12 1 12 12 12 12 12 12 12 12 12 12 1 12 12 12 12 12 12 12 12 12 1 12 1 12 12 12 12 12 12 12 12 12 12 1 12 1 12 12 12 12 12 1 12 12 12 12 1 12 12 12 12 1 12 12 12 12 12 12 1 12 12 12 1 12 12 12 1 12 1 12 1 12 12 12 12 12 12 1 12 12 12 12 12 12 12 12 12 12 12 12 12 12 12 12 12 12 12 12 12 1 12 12 12 12 12 1 12 12 12 12 12 12 12 12 12 12 12 1 12 12 12 12 12 12 12 12 12 12 12 12 1 12 12 12 12 1 12 12 12 1 1 1 1 12 1 12 12 1 12 1 12 12 12 12 12 12 12 12 12 12 12 12 12 12 12 12 12 12 12 12 12 12 12 12 12 12 1 1 1 1 1 1 1 1 1 1 1 1 1 1 1 1 1 1 1 1 1 1 1 1 1 1 1 1 1 1 1 1 1 1 1 1 1 1 1 1 1 1 1 1 1 1 1 1 1 1 1 1 1 1 1 1 1 1 1 1 1 1 1 1 1 1 1 1 1 1 1 1 1 1 1 1 1 1 1 1 1 1 1 1 1 1 1 1 1 1 1 1 1 1 1 1 1 1 1 1 1 1 1 1 1 1 1 1 1 1 1 1 1 1 1 1 1 1 1 1 1 1 1 1 1 1 1 1 1 1 1 1 1 1 1 1 1 1 1 1 1 1 1 1 1 1 1 1 1 1 1 1 1 1 1 1 1 1 1 1 1 1 1 1 1 1 12 12 12 12 12 12 12 12 12 12 12 12 12 12 12 12 12 12 12 12 12 12 12 12 12 12 12 12 12 12 12 12 12 12 12 12 12 12 12 12 12 12 12 12 12 12 12 12 12 12 12 12 12 12 12 12 12 12 12 12 12 12 12 12 12 12 12 12 12 1 1 1 1 1 1 1 1 1 1 1 1 1 1 1 1 1 1 1 1 1 1 1 1 1 1 1 1 1 1 1 1 1 1 1 1 1 1 1 1 1 1 1 1 1 1 1 1 1 1 1 1 1 1 1 1 1 1 1 1 1 1 1 1 1 1 1
staticfield com/puppycrawl/tools/checkstyle/grammars/GeneratedJavaRecognizer _tokenNames [Ljava/lang/String; 198 [Ljava/lang/String;
staticfield com/puppycrawl/tools/checkstyle/grammars/GeneratedJavaRecognizer _tokenSet_0 Lantlr/collections/impl/BitSet; antlr/collections/impl/BitSet
staticfield com/puppycrawl/tools/checkstyle/grammars/GeneratedJavaRecognizer _tokenSet_1 Lantlr/collections/impl/BitSet; antlr/collections/impl/BitSet
staticfield com/puppycrawl/tools/checkstyle/grammars/GeneratedJavaRecognizer _tokenSet_2 Lantlr/collections/impl/BitSet; antlr/collections/impl/BitSet
staticfield com/puppycrawl/tools/checkstyle/grammars/GeneratedJavaRecognizer _tokenSet_3 Lantlr/collections/impl/BitSet; antlr/collections/impl/BitSet
staticfield com/puppycrawl/tools/checkstyle/grammars/GeneratedJavaRecognizer _tokenSet_4 Lantlr/collections/impl/BitSet; antlr/collections/impl/BitSet
staticfield com/puppycrawl/tools/checkstyle/grammars/GeneratedJavaRecognizer _tokenSet_5 Lantlr/collections/impl/BitSet; antlr/collections/impl/BitSet
staticfield com/puppycrawl/tools/checkstyle/grammars/GeneratedJavaRecognizer _tokenSet_6 Lantlr/collections/impl/BitSet; antlr/collections/impl/BitSet
staticfield com/puppycrawl/tools/checkstyle/grammars/GeneratedJavaRecognizer _tokenSet_7 Lantlr/collections/impl/BitSet; antlr/collections/impl/BitSet
staticfield com/puppycrawl/tools/checkstyle/grammars/GeneratedJavaRecognizer _tokenSet_8 Lantlr/collections/impl/BitSet; antlr/collections/impl/BitSet
staticfield com/puppycrawl/tools/checkstyle/grammars/GeneratedJavaRecognizer _tokenSet_9 Lantlr/collections/impl/BitSet; antlr/collections/impl/BitSet
staticfield com/puppycrawl/tools/checkstyle/grammars/GeneratedJavaRecognizer _tokenSet_10 Lantlr/collections/impl/BitSet; antlr/collections/impl/BitSet
staticfield com/puppycrawl/tools/checkstyle/grammars/GeneratedJavaRecognizer _tokenSet_11 Lantlr/collections/impl/BitSet; antlr/collections/impl/BitSet
staticfield com/puppycrawl/tools/checkstyle/grammars/GeneratedJavaRecognizer _tokenSet_12 Lantlr/collections/impl/BitSet; antlr/collections/impl/BitSet
staticfield com/puppycrawl/tools/checkstyle/grammars/GeneratedJavaRecognizer _tokenSet_13 Lantlr/collections/impl/BitSet; antlr/collections/impl/BitSet
staticfield com/puppycrawl/tools/checkstyle/grammars/GeneratedJavaRecognizer _tokenSet_14 Lantlr/collections/impl/BitSet; antlr/collections/impl/BitSet
staticfield com/puppycrawl/tools/checkstyle/grammars/GeneratedJavaRecognizer _tokenSet_15 Lantlr/collections/impl/BitSet; antlr/collections/impl/BitSet
staticfield com/puppycrawl/tools/checkstyle/grammars/GeneratedJavaRecognizer _tokenSet_16 Lantlr/collections/impl/BitSet; antlr/collections/impl/BitSet
staticfield com/puppycrawl/tools/checkstyle/grammars/GeneratedJavaRecognizer _tokenSet_17 Lantlr/collections/impl/BitSet; antlr/collections/impl/BitSet
staticfield com/puppycrawl/tools/checkstyle/grammars/GeneratedJavaRecognizer _tokenSet_18 Lantlr/collections/impl/BitSet; antlr/collections/impl/BitSet
staticfield com/puppycrawl/tools/checkstyle/grammars/GeneratedJavaRecognizer _tokenSet_19 Lantlr/collections/impl/BitSet; antlr/collections/impl/BitSet
staticfield com/puppycrawl/tools/checkstyle/grammars/GeneratedJavaRecognizer _tokenSet_20 Lantlr/collections/impl/BitSet; antlr/collections/impl/BitSet
staticfield com/puppycrawl/tools/checkstyle/grammars/GeneratedJavaRecognizer _tokenSet_21 Lantlr/collections/impl/BitSet; antlr/collections/impl/BitSet
staticfield com/puppycrawl/tools/checkstyle/grammars/GeneratedJavaRecognizer _tokenSet_22 Lantlr/collections/impl/BitSet; antlr/collections/impl/BitSet
staticfield com/puppycrawl/tools/checkstyle/grammars/GeneratedJavaRecognizer _tokenSet_23 Lantlr/collections/impl/BitSet; antlr/collections/impl/BitSet
staticfield com/puppycrawl/tools/checkstyle/grammars/GeneratedJavaRecognizer _tokenSet_24 Lantlr/collections/impl/BitSet; antlr/collections/impl/BitSet
staticfield com/puppycrawl/tools/checkstyle/grammars/GeneratedJavaRecognizer _tokenSet_25 Lantlr/collections/impl/BitSet; antlr/collections/impl/BitSet
staticfield com/puppycrawl/tools/checkstyle/grammars/GeneratedJavaRecognizer _tokenSet_26 Lantlr/collections/impl/BitSet; antlr/collections/impl/BitSet
staticfield com/puppycrawl/tools/checkstyle/grammars/GeneratedJavaRecognizer _tokenSet_27 Lantlr/collections/impl/BitSet; antlr/collections/impl/BitSet
staticfield com/puppycrawl/tools/checkstyle/grammars/GeneratedJavaRecognizer _tokenSet_28 Lantlr/collections/impl/BitSet; antlr/collections/impl/BitSet
staticfield com/puppycrawl/tools/checkstyle/grammars/GeneratedJavaRecognizer _tokenSet_29 Lantlr/collections/impl/BitSet; antlr/collections/impl/BitSet
staticfield com/puppycrawl/tools/checkstyle/grammars/GeneratedJavaRecognizer _tokenSet_30 Lantlr/collections/impl/BitSet; antlr/collections/impl/BitSet
staticfield com/puppycrawl/tools/checkstyle/grammars/GeneratedJavaRecognizer _tokenSet_31 Lantlr/collections/impl/BitSet; antlr/collections/impl/BitSet
staticfield com/puppycrawl/tools/checkstyle/grammars/GeneratedJavaRecognizer _tokenSet_32 Lantlr/collections/impl/BitSet; antlr/collections/impl/BitSet
staticfield com/puppycrawl/tools/checkstyle/grammars/GeneratedJavaRecognizer _tokenSet_33 Lantlr/collections/impl/BitSet; antlr/collections/impl/BitSet
staticfield com/puppycrawl/tools/checkstyle/grammars/GeneratedJavaRecognizer _tokenSet_34 Lantlr/collections/impl/BitSet; antlr/collections/impl/BitSet
staticfield com/puppycrawl/tools/checkstyle/grammars/GeneratedJavaRecognizer _tokenSet_35 Lantlr/collections/impl/BitSet; antlr/collections/impl/BitSet
staticfield com/puppycrawl/tools/checkstyle/grammars/GeneratedJavaRecognizer _tokenSet_36 Lantlr/collections/impl/BitSet; antlr/collections/impl/BitSet
staticfield com/puppycrawl/tools/checkstyle/grammars/GeneratedJavaRecognizer _tokenSet_37 Lantlr/collections/impl/BitSet; antlr/collections/impl/BitSet
staticfield com/puppycrawl/tools/checkstyle/grammars/GeneratedJavaRecognizer _tokenSet_38 Lantlr/collections/impl/BitSet; antlr/collections/impl/BitSet
staticfield com/puppycrawl/tools/checkstyle/grammars/GeneratedJavaRecognizer _tokenSet_39 Lantlr/collections/impl/BitSet; antlr/collections/impl/BitSet
staticfield com/puppycrawl/tools/checkstyle/grammars/GeneratedJavaRecognizer _tokenSet_40 Lantlr/collections/impl/BitSet; antlr/collections/impl/BitSet
staticfield com/puppycrawl/tools/checkstyle/grammars/GeneratedJavaRecognizer _tokenSet_41 Lantlr/collections/impl/BitSet; antlr/collections/impl/BitSet
staticfield com/puppycrawl/tools/checkstyle/grammars/GeneratedJavaRecognizer _tokenSet_42 Lantlr/collections/impl/BitSet; antlr/collections/impl/BitSet
staticfield com/puppycrawl/tools/checkstyle/grammars/GeneratedJavaRecognizer _tokenSet_43 Lantlr/collections/impl/BitSet; antlr/collections/impl/BitSet
staticfield com/puppycrawl/tools/checkstyle/grammars/GeneratedJavaRecognizer _tokenSet_44 Lantlr/collections/impl/BitSet; antlr/collections/impl/BitSet
staticfield com/puppycrawl/tools/checkstyle/grammars/GeneratedJavaRecognizer _tokenSet_45 Lantlr/collections/impl/BitSet; antlr/collections/impl/BitSet
staticfield com/puppycrawl/tools/checkstyle/grammars/GeneratedJavaRecognizer _tokenSet_46 Lantlr/collections/impl/BitSet; antlr/collections/impl/BitSet
staticfield com/puppycrawl/tools/checkstyle/grammars/GeneratedJavaRecognizer _tokenSet_47 Lantlr/collections/impl/BitSet; antlr/collections/impl/BitSet
staticfield com/puppycrawl/tools/checkstyle/grammars/GeneratedJavaRecognizer _tokenSet_48 Lantlr/collections/impl/BitSet; antlr/collections/impl/BitSet
staticfield com/puppycrawl/tools/checkstyle/grammars/GeneratedJavaRecognizer _tokenSet_49 Lantlr/collections/impl/BitSet; antlr/collections/impl/BitSet
staticfield com/puppycrawl/tools/checkstyle/grammars/GeneratedJavaRecognizer _tokenSet_50 Lantlr/collections/impl/BitSet; antlr/collections/impl/BitSet
staticfield com/puppycrawl/tools/checkstyle/grammars/GeneratedJavaRecognizer _tokenSet_51 Lantlr/collections/impl/BitSet; antlr/collections/impl/BitSet
staticfield com/puppycrawl/tools/checkstyle/grammars/GeneratedJavaRecognizer _tokenSet_52 Lantlr/collections/impl/BitSet; antlr/collections/impl/BitSet
staticfield com/puppycrawl/tools/checkstyle/grammars/GeneratedJavaRecognizer _tokenSet_53 Lantlr/collections/impl/BitSet; antlr/collections/impl/BitSet
staticfield com/puppycrawl/tools/checkstyle/grammars/GeneratedJavaRecognizer _tokenSet_54 Lantlr/collections/impl/BitSet; antlr/collections/impl/BitSet
staticfield com/puppycrawl/tools/checkstyle/grammars/GeneratedJavaRecognizer _tokenSet_55 Lantlr/collections/impl/BitSet; antlr/collections/impl/BitSet
staticfield com/puppycrawl/tools/checkstyle/grammars/GeneratedJavaRecognizer _tokenSet_56 Lantlr/collections/impl/BitSet; antlr/collections/impl/BitSet
staticfield com/puppycrawl/tools/checkstyle/grammars/GeneratedJavaRecognizer _tokenSet_57 Lantlr/collections/impl/BitSet; antlr/collections/impl/BitSet
staticfield com/puppycrawl/tools/checkstyle/grammars/GeneratedJavaRecognizer _tokenSet_58 Lantlr/collections/impl/BitSet; antlr/collections/impl/BitSet
staticfield com/puppycrawl/tools/checkstyle/grammars/GeneratedJavaRecognizer _tokenSet_59 Lantlr/collections/impl/BitSet; antlr/collections/impl/BitSet
staticfield com/puppycrawl/tools/checkstyle/grammars/GeneratedJavaRecognizer _tokenSet_60 Lantlr/collections/impl/BitSet; antlr/collections/impl/BitSet
staticfield com/puppycrawl/tools/checkstyle/grammars/GeneratedJavaRecognizer _tokenSet_61 Lantlr/collections/impl/BitSet; antlr/collections/impl/BitSet
staticfield com/puppycrawl/tools/checkstyle/grammars/GeneratedJavaRecognizer _tokenSet_62 Lantlr/collections/impl/BitSet; antlr/collections/impl/BitSet
staticfield com/puppycrawl/tools/checkstyle/grammars/GeneratedJavaRecognizer _tokenSet_63 Lantlr/collections/impl/BitSet; antlr/collections/impl/BitSet
staticfield com/puppycrawl/tools/checkstyle/grammars/GeneratedJavaRecognizer _tokenSet_64 Lantlr/collections/impl/BitSet; antlr/collections/impl/BitSet
staticfield com/puppycrawl/tools/checkstyle/grammars/GeneratedJavaRecognizer _tokenSet_65 Lantlr/collections/impl/BitSet; antlr/collections/impl/BitSet
staticfield com/puppycrawl/tools/checkstyle/grammars/GeneratedJavaRecognizer _tokenSet_66 Lantlr/collections/impl/BitSet; antlr/collections/impl/BitSet
staticfield com/puppycrawl/tools/checkstyle/grammars/GeneratedJavaRecognizer _tokenSet_67 Lantlr/collections/impl/BitSet; antlr/collections/impl/BitSet
ciInstanceKlass antlr/MismatchedTokenException 1 1 152 8 8 10 9 8 11 11 9 9 8 10 9 9 9 9 10 10 9 10 100 10 8 10 10 8 8 10 8 8 8 8 8 8 8 8 10 8 8 10 8 8 10 8 7 7 1 1 1 1 1 1 1 1 1 1 1 3 1 3 1 3 1 3 1 3 1 3 1 1 1 1 1 1 1 1 1 1 1 1 1 1 1 1 1 1 1 1 1 1 1 12 12 1 100 12 12 12 12 1 100 12 12 12 12 12 7 12 12 1 12 1 12 12 1 1 1 1 1 1 1 1 1 1 100 12 1 1 12 1 1 100 12 1 1 1 1 1 1 1 1 1 1 1 1 1 1 1 1 1 1 1
ciInstanceKlass antlr/NoViableAltException 1 1 72 8 8 11 11 10 9 10 10 9 100 10 8 10 10 10 9 8 8 10 7 7 1 1 1 1 1 1 1 1 1 1 1 1 1 1 1 100 12 12 12 12 7 12 1 12 1 12 12 12 100 12 1 1 100 1 1 1 1 1 1 1 1 1 1 1 1 1 1 1 1 1
ciInstanceKlass antlr/ParserSharedInputState 1 1 34 10 9 9 9 10 7 7 1 1 1 1 1 1 1 1 1 1 1 1 1 1 1 1 1 12 12 12 12 100 12 1 1 1
ciInstanceKlass antlr/TokenBuffer 1 1 83 10 9 9 9 9 7 10 9 10 10 9 11 10 10 10 10 10 7 7 1 1 1 1 1 1 1 1 1 1 1 1 1 1 1 1 1 1 100 1 1 1 1 1 1 1 1 1 1 1 1 12 12 12 12 12 1 12 12 12 12 12 7 12 12 12 12 7 12 12 1 1 1 1 1 1 1 1 1 1 1 1 1
ciInstanceKlass antlr/TokenQueue 1 1 46 10 10 3 3 9 9 10 9 9 7 10 7 7 1 1 1 1 1 1 1 1 1 1 1 1 1 1 1 1 1 1 1 1 1 12 12 12 12 12 12 12 1 12 1 1
ciInstanceKlass antlr/ASTFactory 1 1 247 10 100 100 10 10 10 9 9 9 10 100 10 100 10 10 10 10 100 100 100 10 8 10 10 10 10 7 9 8 10 9 9 11 11 10 10 10 10 8 11 10 11 11 10 11 10 9 8 10 7 10 7 100 8 10 8 10 10 10 10 11 10 11 10 9 10 11 8 10 9 10 7 1 1 1 1 1 1 1 1 1 1 1 1 1 1 1 1 1 1 1 1 1 1 1 1 1 1 1 1 1 1 1 1 1 1 1 1 1 1 1 1 1 1 1 1 1 1 1 1 1 1 1 1 12 1 1 12 12 12 12 12 12 12 1 1 12 12 7 12 12 1 1 1 1 12 12 12 1 12 1 12 7 12 12 12 12 12 12 12 12 1 12 12 12 12 7 12 12 12 1 12 1 100 12 1 1 1 12 1 12 12 12 12 12 12 12 12 7 12 12 12 1 12 100 12 100 12 1 1 1 1 1 1 1 1 1 1 1 1 1 1 1 1 1 1 1 1 1 1 1 1 1 1 1 1 1 1 1 1 1 1 1 1 1 1 1 1 1 1 1 1 1 1 1 1
ciInstanceKlass antlr/ASTPair 1 1 52 10 9 11 7 10 9 8 11 100 10 8 10 8 8 10 7 1 1 1 1 1 1 1 1 1 1 1 1 1 1 12 12 7 12 1 12 1 12 1 1 12 1 1 12 1 1 1 1 1 1 1
ciInstanceKlass antlr/collections/impl/ASTArray 1 1 26 10 9 7 9 7 7 1 1 1 1 1 1 1 1 1 1 1 1 12 12 1 12 1 1 1
ciMethod java/lang/Object <init> ()V 4097 1 6325855 0 0
ciMethodData java/lang/Object <init> ()V 2 6325867 orig 264 120 87 233 58 249 127 0 0 128 4 70 68 65 2 0 0 32 1 0 0 0 0 0 0 0 0 0 0 0 0 0 0 0 0 0 0 0 0 0 0 0 0 0 0 0 0 0 0 0 0 0 0 0 0 0 0 0 0 0 0 0 0 0 0 0 0 0 0 0 0 0 0 0 0 0 0 0 0 0 0 77 68 79 32 101 120 116 114 97 32 100 97 116 97 32 108 111 99 107 0 0 0 0 0 0 0 0 0 0 0 0 0 0 0 0 0 0 0 0 0 0 0 0 0 0 0 0 0 0 0 0 0 0 0 0 0 0 0 0 0 0 0 0 0 0 0 0 0 0 0 0 0 0 0 0 0 0 0 0 0 0 0 0 0 0 0 0 0 0 0 0 0 0 0 0 0 0 0 0 0 0 0 0 0 1 0 0 0 0 0 0 0 1 0 0 0 0 0 0 0 1 0 0 0 0 0 0 0 0 0 0 0 0 0 0 0 0 2 0 0 89 35 4 3 1 0 0 0 0 0 0 0 0 0 0 0 2 0 0 0 0 0 3 0 1 0 0 0 0 0 0 0 254 255 255 255 0 0 0 0 0 0 0 0 data 0 oops 0
ciMethodData com/puppycrawl/tools/checkstyle/grammars/GeneratedJavaRecognizer classTypeSpec (Z)V 2 12894 orig 264 120 87 233 58 249 127 0 0 152 141 157 86 65 2 0 0 16 10 0 0 160 0 0 0 0 0 0 0 0 0 0 0 0 0 0 0 0 0 0 0 0 0 0 0 0 0 0 0 0 0 0 0 0 0 0 0 0 0 0 0 0 0 0 0 0 0 0 0 0 0 0 0 0 0 0 0 0 0 0 0 77 68 79 32 101 120 116 114 97 32 100 97 116 97 32 108 111 99 107 0 0 0 0 0 0 0 0 0 0 0 0 0 0 0 0 0 0 0 0 0 0 0 0 0 0 0 0 0 0 0 0 0 0 0 0 0 0 0 0 0 0 0 0 0 1 0 0 0 0 0 0 0 0 0 0 0 0 0 0 0 0 0 0 0 0 0 0 0 0 0 0 0 0 0 0 0 0 0 0 1 0 0 0 0 0 0 0 0 0 0 0 0 0 0 0 0 0 0 0 0 0 0 0 0 0 0 0 0 0 0 0 0 0 0 0 0 19 1 0 0 89 138 1 0 25 0 0 0 70 24 0 0 0 0 0 0 2 0 0 0 1 0 77 0 2 0 0 0 192 8 0 0 254 255 255 255 2 0 9 0 0 0 0 0 data 280 0x90002 0x314b 0x170005 0x187 0x24153de6500 0x2fc4 0x0 0x0 0x230005 0x0 0x24153de7e70 0x314b 0x0 0x0 0x280005 0x0 0x24153de6500 0x314e 0x0 0x0 0x2de007 0xf 0x70 0x3140 0x320005 0x0 0x24153de6500 0x3140 0x0 0x0 0x380007 0x3140 0x5d8 0x0 0x3d0005 0x0 0x24153de6500 0xf 0x0 0x0 0x420007 0x3 0x70 0xc 0x470005 0x0 0x24153de6500 0xc 0x0 0x0 0x4c0007 0xc 0x538 0x0 0x510005 0x0 0x24153de6500 0x3 0x0 0x0 0x560007 0x3 0x70 0x0 0x5b0005 0x0 0x0 0x0 0x0 0x0 0x610007 0x0 0x188 0x0 0x660005 0x0 0x24153de6500 0x3 0x0 0x0 0x6b0007 0x3 0x70 0x0 0x700005 0x0 0x0 0x0 0x0 0x0 0x750007 0x0 0xe8 0x0 0x7a0005 0x0 0x24153de6500 0x3 0x0 0x0 0x800007 0x3 0x98 0x0 0x840005 0x0 0x0 0x0 0x0 0x0 0x900005 0x0 0x0 0x0 0x0 0x0 0x930003 0x0 0x140 0x980005 0x0 0x24153de6500 0x3 0x0 0x0 0x9d0007 0x0 0x88 0x3 0xa20005 0x0 0x24153de6500 0x3 0x0 0x0 0xa70007 0x0 0x38 0x3 0xaa0003 0x3 0x88 0xb30005 0x0 0x0 0x0 0x0 0x0 0xb70005 0x0 0x0 0x0 0x0 0x0 0xba0002 0x0 0xc00005 0x0 0x24153de6500 0x3 0x0 0x0 0xcb0005 0x0 0x24153de7e70 0x3 0x0 0x0 0xd70005 0x0 0x24153de7e70 0x3 0x0 0x0 0xdd0005 0x0 0x24153de6500 0x3 0x0 0x0 0xe70007 0x1 0x50 0x2 0xee0005 0x0 0x24153de7f20 0x2 0x0 0x0 0xfc0005 0x0 0x24153de6500 0x3 0x0 0x0 0xff0005 0x0 0x24153de7e70 0x3 0x0 0x0 0x10b0005 0x0 0x24153de7e70 0x3 0x0 0x0 0x1110005 0x0 0x24153de6500 0x3 0x0 0x0 0x1140003 0x3 0xfffffffffffff9c0 0x11e0007 0x2f04 0x1f8 0x248 0x1270007 0x23b 0xf0 0xd 0x1330002 0xd 0x13e0005 0x0 0x24153de7e70 0xd 0x0 0x0 0x1410005 0x0 0x2414883d0c0 0xd 0x0 0x0 0x1450005 0x0 0x2414883d0c0 0xd 0x0 0x0 0x1480005 0x0 0x24153de7e70 0xd 0x0 0x0 0x1530007 0x0 0xb8 0x248 0x1570005 0x0 0x24153de7f20 0x248 0x0 0x0 0x15c0007 0x232 0x68 0x16 0x1600005 0x0 0x24153de7f20 0x16 0x0 0x0 0x1650003 0x16 0x18 0x16d0005 0xe 0x24153decc80 0x23a 0x0 0x0 oops 27 4 com/puppycrawl/tools/checkstyle/grammars/GeneratedJavaRecognizer 10 antlr/ASTFactory 16 com/puppycrawl/tools/checkstyle/grammars/GeneratedJavaRecognizer 26 com/puppycrawl/tools/checkstyle/grammars/GeneratedJavaRecognizer 36 com/puppycrawl/tools/checkstyle/grammars/GeneratedJavaRecognizer 46 com/puppycrawl/tools/checkstyle/grammars/GeneratedJavaRecognizer 56 com/puppycrawl/tools/checkstyle/grammars/GeneratedJavaRecognizer 76 com/puppycrawl/tools/checkstyle/grammars/GeneratedJavaRecognizer 96 com/puppycrawl/tools/checkstyle/grammars/GeneratedJavaRecognizer 121 com/puppycrawl/tools/checkstyle/grammars/GeneratedJavaRecognizer 131 com/puppycrawl/tools/checkstyle/grammars/GeneratedJavaRecognizer 158 com/puppycrawl/tools/checkstyle/grammars/GeneratedJavaRecognizer 164 antlr/ASTFactory 170 antlr/ASTFactory 176 com/puppycrawl/tools/checkstyle/grammars/GeneratedJavaRecognizer 186 com/puppycrawl/tools/checkstyle/api/DetailAST 192 com/puppycrawl/tools/checkstyle/grammars/GeneratedJavaRecognizer 198 antlr/ASTFactory 204 antlr/ASTFactory 210 com/puppycrawl/tools/checkstyle/grammars/GeneratedJavaRecognizer 229 antlr/ASTFactory 235 antlr/collections/impl/ASTArray 241 antlr/collections/impl/ASTArray 247 antlr/ASTFactory 257 com/puppycrawl/tools/checkstyle/api/DetailAST 267 com/puppycrawl/tools/checkstyle/api/DetailAST 276 antlr/ASTPair
ciMethodData antlr/TokenQueue expand ()V 1 2016 orig 264 120 87 233 58 249 127 0 0 48 156 159 86 65 2 0 0 224 1 0 0 0 0 0 0 0 0 0 0 0 0 0 0 0 0 0 0 0 0 0 0 0 0 0 0 0 0 0 0 0 0 0 0 0 0 0 0 0 0 0 0 0 0 0 0 0 0 0 0 0 0 0 0 0 0 0 0 0 0 0 0 77 68 79 32 101 120 116 114 97 32 100 97 116 97 32 108 111 99 107 0 0 0 0 0 0 0 0 0 0 0 0 0 0 0 0 0 0 0 0 0 0 0 0 0 0 0 0 0 0 0 0 0 0 0 0 0 0 0 0 0 0 0 0 0 0 0 0 0 0 0 0 0 0 0 0 0 0 0 0 0 0 0 0 0 0 0 0 0 0 0 0 0 0 0 0 0 0 0 0 0 0 0 0 0 9 0 0 0 0 0 0 0 0 0 0 0 0 0 0 0 1 0 0 0 0 0 0 0 0 0 0 0 0 0 0 0 76 0 0 0 209 1 0 0 161 60 0 0 0 0 0 0 0 0 0 0 2 0 0 0 0 0 0 0 0 0 0 0 152 0 0 0 254 255 255 255 7 0 19 0 0 0 0 0 data 19 0x130007 0x3a 0x98 0x794 0x1a0005 0x794 0x0 0x0 0x0 0x0 0x1d0004 0x0 0x241503d2b90 0x794 0x0 0x0 0x210003 0x794 0xffffffffffffff80 oops 1 12 antlr/CommonHiddenStreamToken
ciMethod com/puppycrawl/tools/checkstyle/api/DetailAST setFirstChild (Lantlr/collections/AST;)V 2153 1 5503 0 480
ciMethod com/puppycrawl/tools/checkstyle/api/DetailAST setNextSibling (Lantlr/collections/AST;)V 2049 1 10647 0 0
ciMethod com/puppycrawl/tools/checkstyle/api/DetailAST setParent (Lcom/puppycrawl/tools/checkstyle/api/DetailAST;)V 2065 1 16164 0 320
ciMethod com/puppycrawl/tools/checkstyle/api/DetailAST getNextSibling ()Lcom/puppycrawl/tools/checkstyle/api/DetailAST; 3089 1 55544 0 96
ciMethod com/puppycrawl/tools/checkstyle/api/DetailAST getNextSibling ()Lantlr/collections/AST; 2433 1 6064 0 96
ciMethod antlr/CommonAST setType (I)V 2057 1 17687 0 0
ciMethod antlr/collections/AST addChild (Lantlr/collections/AST;)V 0 0 1 0 -1
ciMethod antlr/collections/AST getFirstChild ()Lantlr/collections/AST; 0 0 1 0 -1
ciMethod antlr/collections/AST getNextSibling ()Lantlr/collections/AST; 0 0 1 0 -1
ciMethod antlr/collections/AST initialize (ILjava/lang/String;)V 0 0 1 0 -1
ciMethod antlr/collections/AST initialize (Lantlr/Token;)V 0 0 1 0 -1
ciMethod antlr/collections/AST setFirstChild (Lantlr/collections/AST;)V 0 0 1 0 -1
ciMethod antlr/collections/AST setNextSibling (Lantlr/collections/AST;)V 0 0 1 0 -1
ciMethod antlr/collections/AST setType (I)V 0 0 1 0 -1
ciMethod antlr/BaseAST getNextSibling ()Lantlr/collections/AST; 1625 1 203 0 0
ciMethod antlr/BaseAST setFirstChild (Lantlr/collections/AST;)V 2177 1 5503 0 0
ciMethod antlr/BaseAST setNextSibling (Lantlr/collections/AST;)V 2049 1 10647 0 0
ciMethod antlr/TokenStream nextToken ()Lantlr/Token; 0 0 1 0 -1
ciMethod antlr/Token getColumn ()I 0 0 1 0 -1
ciMethod antlr/Token getLine ()I 0 0 1 0 -1
ciMethod antlr/Token getType ()I 2673 1 334 0 0
ciMethod antlr/CommonHiddenStreamToken setHiddenAfter (Lantlr/CommonHiddenStreamToken;)V 41 1 18 0 0
ciMethod antlr/CommonHiddenStreamToken setHiddenBefore (Lantlr/CommonHiddenStreamToken;)V 2193 1 483 0 0
ciMethod antlr/RecognitionException <init> (Ljava/lang/String;Ljava/lang/String;II)V 4097 1 5656 0 -1
ciMethod antlr/collections/impl/BitSet bitMask (I)J 4097 1 6737 0 0
ciMethod antlr/collections/impl/BitSet member (I)Z 4097 1 6762 0 128
ciMethod antlr/collections/impl/BitSet wordNumber (I)I 4097 1 6792 0 0
ciMethod antlr/TokenStreamHiddenTokenFilter consume ()V 2281 1 531 0 0
ciMethod antlr/TokenStreamHiddenTokenFilter consumeFirst ()V 17 17 15 0 0
ciMethod antlr/TokenStreamHiddenTokenFilter LA (I)Lantlr/CommonHiddenStreamToken; 2057 1 2006 0 0
ciMethod antlr/TokenStreamHiddenTokenFilter nextToken ()Lantlr/Token; 2209 33 483 0 0
ciMethod com/puppycrawl/tools/checkstyle/grammars/GeneratedJavaRecognizer annotations ()V 137 1 37 0 -1
ciMethod com/puppycrawl/tools/checkstyle/grammars/GeneratedJavaRecognizer classTypeSpec (Z)V 2201 25 12850 0 -1
ciMethod com/puppycrawl/tools/checkstyle/grammars/GeneratedJavaRecognizer builtInTypeSpec (Z)V 73 57 264 0 0
ciMethod com/puppycrawl/tools/checkstyle/grammars/GeneratedJavaRecognizer typeArguments (Z)V 49 17 1245 0 -1
ciMethod com/puppycrawl/tools/checkstyle/grammars/GeneratedJavaRecognizer builtInType ()V 97 1 278 0 -1
ciMethod com/puppycrawl/tools/checkstyle/grammars/GeneratedJavaRecognizer argList ()V 1417 1 6891 0 -1
ciMethod com/puppycrawl/tools/checkstyle/grammars/GeneratedJavaRecognizer primaryExpression ()V 2057 1 10819 0 -1
ciMethod com/puppycrawl/tools/checkstyle/grammars/GeneratedJavaRecognizer expression ()V 2705 1 12173 0 -1
ciMethod com/puppycrawl/tools/checkstyle/grammars/GeneratedJavaRecognizer lambdaExpression ()V 145 1 2831 282 0
ciMethod com/puppycrawl/tools/checkstyle/grammars/GeneratedJavaRecognizer unaryExpression ()V 2057 1 5697 0 4864
ciMethod com/puppycrawl/tools/checkstyle/grammars/GeneratedJavaRecognizer unaryExpressionNotPlusMinus ()V 2145 1 12558 0 0
ciMethod com/puppycrawl/tools/checkstyle/grammars/GeneratedJavaRecognizer typeCastParameters ()V 0 0 18 0 0
ciMethod com/puppycrawl/tools/checkstyle/grammars/GeneratedJavaRecognizer postfixExpression ()V 2465 1649 12548 0 -1
ciMethod com/puppycrawl/tools/checkstyle/grammars/GeneratedJavaRecognizer newExpression ()V 177 1 1040 0 -1
ciMethod com/puppycrawl/tools/checkstyle/grammars/GeneratedJavaRecognizer lambdaParameters ()V 2049 1 2931 2 -1
ciMethod com/puppycrawl/tools/checkstyle/grammars/GeneratedJavaRecognizer lambdaBody ()V 161 1 372 0 -1
ciMethod antlr/LLkParser LA (I)I 2193 1 773707 0 1664
ciMethod antlr/LLkParser LT (I)Lantlr/Token; 2057 1 82847 0 1664
ciMethod antlr/Parser consume ()V 0 0 1 0 -1
ciMethod antlr/Parser getFilename ()Ljava/lang/String; 185 1 1603 0 0
ciMethod antlr/Parser LA (I)I 0 0 1 0 -1
ciMethod antlr/Parser LT (I)Lantlr/Token; 0 0 1 0 -1
ciMethod antlr/Parser mark ()I 1977 1 14227 0 0
ciMethod antlr/Parser match (I)V 2057 1 13020 25 3936
ciMethod antlr/Parser rewind (I)V 1977 1 14227 0 0
ciMethod antlr/MismatchedTokenException <init> ([Ljava/lang/String;Lantlr/Token;IZLjava/lang/String;)V 185 1 1555 0 -1
ciMethod antlr/NoViableAltException <init> (Lantlr/Token;Ljava/lang/String;)V 33 1 48 0 0
ciMethod antlr/TokenBuffer fill (I)V 2329 369 7696 0 1472
ciMethod antlr/TokenBuffer LA (I)I 2249 1 774766 0 0
ciMethod antlr/TokenBuffer LT (I)Lantlr/Token; 2065 1 83436 0 -1
ciMethod antlr/TokenBuffer mark ()I 1977 1 14384 0 0
ciMethod antlr/TokenBuffer rewind (I)V 1977 1 14399 0 0
ciMethod antlr/TokenBuffer syncConsume ()V 2401 409 6145 0 192
ciMethod antlr/TokenQueue append (Lantlr/Token;)V 377 1 483 0 0
ciMethod antlr/TokenQueue elementAt (I)Lantlr/Token; 2561 1 857804 0 128
ciMethod antlr/TokenQueue expand ()V 65 609 62 0 0
ciMethod antlr/TokenQueue removeFirst ()V 377 1 331 0 0
ciMethod antlr/ASTFactory getASTNodeType (I)Ljava/lang/Class; 2153 1 5570 0 -1
ciMethod antlr/ASTFactory addASTChild (Lantlr/ASTPair;Lantlr/collections/AST;)V 2361 1 6512 0 1536
ciMethod antlr/ASTFactory create (I)Lantlr/collections/AST; 2097 1 87983 0 -1
ciMethod antlr/ASTFactory create (ILjava/lang/String;)Lantlr/collections/AST; 2137 1 5868 0 -1
ciMethod antlr/ASTFactory create (Lantlr/Token;)Lantlr/collections/AST; 2113 1 80648 0 2240
ciMethod antlr/ASTFactory create (Ljava/lang/Class;)Lantlr/collections/AST; 2089 1 6659 0 -1
ciMethod antlr/ASTFactory make (Lantlr/collections/impl/ASTArray;)Lantlr/collections/AST; 2097 1 5488 0 -1
ciMethod antlr/ASTFactory makeASTRoot (Lantlr/ASTPair;Lantlr/collections/AST;)V 2105 1 28042 0 1600
ciMethod antlr/ASTPair <init> ()V 2241 1 262513 0 32
ciMethod antlr/ASTPair advanceChildToEnd ()V 2385 249 5653 0 416
ciMethodData antlr/collections/impl/BitSet wordNumber (I)I 2 6792 orig 264 120 87 233 58 249 127 0 0 216 174 156 86 65 2 0 0 32 1 0 0 0 0 0 0 0 0 0 0 0 0 0 0 0 0 0 0 0 0 0 0 0 0 0 0 0 0 0 0 0 0 0 0 0 0 0 0 0 0 0 0 0 0 0 0 0 0 0 0 0 0 0 0 0 0 0 0 0 0 0 0 77 68 79 32 101 120 116 114 97 32 100 97 116 97 32 108 111 99 107 0 0 0 0 0 0 0 0 0 0 0 0 0 0 0 0 0 0 0 0 0 0 0 0 0 0 0 0 0 0 0 0 0 0 0 0 0 0 0 0 0 0 0 0 0 0 0 0 0 0 0 0 0 0 0 0 0 0 0 0 0 0 0 0 0 0 0 0 0 0 0 0 0 0 0 0 0 0 0 0 0 0 0 0 0 0 0 0 0 0 0 0 0 0 0 0 0 0 0 0 0 0 0 0 0 0 0 0 0 0 0 0 0 0 0 0 0 0 2 0 0 65 196 0 0 1 0 0 0 0 0 0 0 0 0 0 0 2 0 0 0 0 0 3 0 1 0 0 0 0 0 0 0 254 255 255 255 0 0 0 0 0 0 0 0 data 0 oops 0
ciMethodData antlr/collections/impl/BitSet bitMask (I)J 2 6737 orig 264 120 87 233 58 249 127 0 0 72 148 156 86 65 2 0 0 32 1 0 0 0 0 0 0 0 0 0 0 0 0 0 0 0 0 0 0 0 0 0 0 0 0 0 0 0 0 0 0 0 0 0 0 0 0 0 0 0 0 0 0 0 0 0 0 0 0 0 0 0 0 0 0 0 0 0 0 0 0 0 0 77 68 79 32 101 120 116 114 97 32 100 97 116 97 32 108 111 99 107 0 0 0 0 0 0 0 0 0 0 0 0 0 0 0 0 0 0 0 0 0 0 0 0 0 0 0 0 0 0 0 0 0 0 0 0 0 0 0 0 0 0 0 0 0 0 0 0 0 0 0 0 0 0 0 0 0 0 0 0 0 0 0 0 0 0 0 0 0 0 0 0 0 0 0 0 0 0 0 0 0 0 0 0 0 0 0 0 0 0 0 0 0 0 0 0 0 0 0 0 0 0 0 0 0 0 0 0 0 0 0 0 0 0 0 0 0 0 2 0 0 137 194 0 0 1 0 0 0 0 0 0 0 0 0 0 0 2 0 0 0 0 0 3 0 1 0 0 0 0 0 0 0 254 255 255 255 0 0 0 0 0 0 0 0 data 0 oops 0
ciMethodData antlr/collections/impl/BitSet member (I)Z 2 6762 orig 264 120 87 233 58 249 127 0 0 64 155 156 86 65 2 0 0 200 1 0 0 16 0 0 0 0 0 0 0 0 0 0 0 0 0 0 0 0 0 0 0 0 0 0 0 0 0 0 0 0 0 0 0 0 0 0 0 0 0 0 0 0 0 0 0 0 0 0 0 0 0 0 0 0 0 0 0 0 0 0 0 77 68 79 32 101 120 116 114 97 32 100 97 116 97 32 108 111 99 107 0 0 0 0 0 0 0 0 0 0 0 0 0 0 0 0 0 0 0 0 0 0 0 0 0 0 0 0 0 0 0 0 0 0 0 0 0 0 0 0 0 0 0 0 0 0 0 0 0 0 0 0 0 0 0 0 0 0 0 0 0 0 0 0 0 0 0 0 0 0 0 0 0 0 0 0 0 0 0 0 0 0 0 0 0 17 0 0 0 0 0 0 0 0 0 0 0 0 0 0 0 1 0 0 0 0 0 0 0 0 0 0 0 0 0 0 0 0 2 0 0 81 195 0 0 1 0 0 0 0 0 0 0 0 0 0 0 2 0 0 0 0 0 8 0 2 0 0 0 120 0 0 0 254 255 255 255 2 0 1 0 0 0 0 0 data 15 0x10002 0x186a 0xb0007 0x1833 0x20 0x37 0x170002 0x1833 0x1d0007 0x299 0x38 0x159a 0x210003 0x159a 0x18 oops 0
ciMethod antlr/collections/impl/ASTArray <init> (I)V 2089 1 5488 0 -1
ciMethod antlr/collections/impl/ASTArray add (Lantlr/collections/AST;)Lantlr/collections/impl/ASTArray; 2121 1 12723 0 -1
ciMethodData antlr/TokenBuffer fill (I)V 2 7696 orig 264 120 87 233 58 249 127 0 0 144 144 159 86 65 2 0 0 248 1 0 0 0 0 0 0 0 0 0 0 0 0 0 0 0 0 0 0 0 0 0 0 0 0 0 0 0 0 0 0 0 0 0 0 0 0 0 0 0 0 0 0 0 0 0 0 0 0 0 0 0 0 0 0 0 0 0 0 0 0 0 0 77 68 79 32 101 120 116 114 97 32 100 97 116 97 32 108 111 99 107 0 0 0 0 0 0 0 0 0 0 0 0 0 0 0 0 0 0 0 0 0 0 0 0 0 0 0 0 0 0 0 0 0 0 0 0 0 0 0 0 0 0 0 0 0 0 0 0 0 0 0 0 0 0 0 0 0 0 0 0 0 0 0 0 0 0 0 0 0 0 0 0 0 0 0 0 0 0 0 0 0 0 0 0 0 0 0 0 0 0 0 0 0 0 0 0 0 0 0 0 0 0 0 0 0 0 0 0 0 0 0 0 0 0 0 0 0 35 1 0 0 105 231 0 0 169 13 0 0 0 0 0 0 0 0 0 0 2 0 0 0 1 0 6 0 2 0 0 0 168 0 0 0 254 255 255 255 2 0 1 0 0 0 0 0 data 21 0x10002 0x1ced 0x110007 0x1ced 0x98 0x1b5 0x1c0005 0x0 0x241503d4ae0 0x1b5 0x0 0x0 0x210005 0x4 0x2414bb99af0 0x1b1 0x0 0x0 0x240003 0x1b5 0xffffffffffffff80 oops 2 8 antlr/TokenStreamHiddenTokenFilter 14 antlr/TokenQueue
ciMethodData antlr/TokenBuffer syncConsume ()V 2 6145 orig 264 120 87 233 58 249 127 0 0 152 148 159 86 65 2 0 0 232 1 0 0 88 0 0 0 0 0 0 0 0 0 0 0 0 0 0 0 0 0 0 0 0 0 0 0 0 0 0 0 0 0 0 0 0 0 0 0 0 0 0 0 0 0 0 0 0 0 0 0 0 0 0 0 0 0 0 0 0 0 0 0 77 68 79 32 101 120 116 114 97 32 100 97 116 97 32 108 111 99 107 0 0 0 0 0 0 0 0 0 0 0 0 0 0 0 0 0 0 0 0 0 0 0 0 0 0 0 0 0 0 0 0 0 0 0 0 0 0 0 0 0 0 0 0 0 0 0 0 0 0 0 0 0 0 0 0 0 0 0 0 0 0 0 0 0 0 0 0 0 0 0 0 0 0 0 0 0 0 0 0 0 0 0 0 0 0 0 0 0 0 0 0 0 0 0 0 0 0 0 0 0 0 0 0 0 0 0 0 0 0 0 0 0 0 0 0 0 44 1 0 0 169 182 0 0 217 15 0 0 0 0 0 0 0 0 0 0 2 0 0 0 1 0 8 0 2 0 0 0 160 0 0 0 254 255 255 255 7 0 4 0 0 0 0 0 data 20 0x40007 0x16d5 0xa0 0x1fb 0xb0007 0x11d 0x38 0xde 0x180003 0xde 0x48 0x1f0005 0x9 0x2414bb99af0 0x114 0x0 0x0 0x2c0003 0x1fb 0xffffffffffffff78 oops 1 13 antlr/TokenQueue
ciMethodData antlr/TokenQueue append (Lantlr/Token;)V 1 483 orig 264 120 87 233 58 249 127 0 0 192 154 159 86 65 2 0 0 176 1 0 0 32 0 0 0 0 0 0 0 0 0 0 0 0 0 0 0 0 0 0 0 0 0 0 0 0 0 0 0 0 0 0 0 0 0 0 0 0 0 0 0 0 0 0 0 0 0 0 0 0 0 0 0 0 0 0 0 0 0 0 0 77 68 79 32 101 120 116 114 97 32 100 97 116 97 32 108 111 99 107 0 0 0 0 0 0 0 0 0 0 0 0 0 0 0 0 0 0 0 0 0 0 0 0 0 0 0 0 0 0 0 0 0 0 0 0 0 0 0 0 0 0 0 0 0 0 0 0 0 0 0 0 0 0 0 0 0 0 0 0 0 0 0 0 0 0 0 0 0 0 0 0 0 0 0 0 0 0 0 0 0 0 0 0 0 17 0 0 0 0 0 0 0 0 0 0 0 0 0 0 0 1 0 0 0 0 0 0 0 0 0 0 0 0 0 0 0 47 0 0 0 161 13 0 0 1 0 0 0 0 0 0 0 0 0 0 0 2 0 0 0 0 0 6 0 2 0 0 0 96 0 0 0 254 255 255 255 7 0 9 0 0 0 0 0 data 12 0x90007 0x1ae 0x30 0x6 0xd0002 0x6 0x230004 0x0 0x241503d2b90 0x1b4 0x0 0x0 oops 1 8 antlr/CommonHiddenStreamToken
ciMethodData antlr/TokenQueue elementAt (I)Lantlr/Token; 2 863705 orig 264 120 87 233 58 249 127 0 0 96 155 159 86 65 2 0 0 40 1 0 0 0 0 0 0 0 0 0 0 0 0 0 0 0 0 0 0 0 0 0 0 0 0 0 0 0 0 0 0 0 0 0 0 0 0 0 0 0 0 0 0 0 0 0 0 0 0 0 0 0 0 0 0 0 0 0 0 0 0 0 0 77 68 79 32 101 120 116 114 97 32 100 97 116 97 32 108 111 99 107 0 0 0 0 0 0 0 0 0 0 0 0 0 0 0 0 0 0 0 0 0 0 0 0 0 0 0 0 0 0 0 0 0 0 0 0 0 0 0 0 0 0 0 0 0 0 0 0 0 0 0 0 0 0 0 0 0 0 0 0 0 0 0 0 0 0 0 0 0 0 0 0 0 0 0 0 0 0 0 0 0 0 0 0 0 1 0 0 0 0 0 0 0 0 0 0 0 0 0 0 0 1 0 0 0 0 0 0 0 0 0 0 0 0 0 0 0 64 1 0 0 201 100 105 0 1 0 0 0 0 0 0 0 0 0 0 0 2 0 0 0 0 0 3 0 1 0 0 0 0 0 0 0 254 255 255 255 0 0 0 0 0 0 0 0 data 0 oops 0
ciMethodData antlr/LLkParser LA (I)I 2 774774 orig 264 120 87 233 58 249 127 0 0 224 5 159 86 65 2 0 0 128 1 0 0 0 0 0 0 0 0 0 0 0 0 0 0 0 0 0 0 0 0 0 0 0 0 0 0 0 0 0 0 0 0 0 0 0 0 0 0 0 0 0 0 0 0 0 0 0 0 0 0 0 0 0 0 0 0 0 0 0 0 0 0 77 68 79 32 101 120 116 114 97 32 100 97 116 97 32 108 111 99 107 0 0 0 0 0 0 0 0 0 0 0 0 0 0 0 0 0 0 0 0 0 0 0 0 0 0 0 0 0 0 0 0 0 0 0 0 0 0 0 0 0 0 0 0 0 0 0 0 0 0 0 0 0 0 0 0 0 0 0 0 0 0 0 0 0 0 0 0 0 0 0 0 0 0 0 0 0 0 0 0 0 0 0 0 0 17 0 0 0 0 0 0 0 0 0 0 0 0 0 0 0 1 0 0 0 0 0 0 0 0 0 0 0 0 0 0 0 18 1 0 0 33 139 94 0 1 0 0 0 0 0 0 0 0 0 0 0 2 0 0 0 0 0 3 0 2 0 0 0 48 0 0 0 254 255 255 255 5 0 8 0 0 0 0 0 data 6 0x80005 0xa4 0x2414bb98810 0xbd0c0 0x0 0x0 oops 1 2 antlr/TokenBuffer
ciMethodData antlr/TokenBuffer LA (I)I 2 774909 orig 264 120 87 233 58 249 127 0 0 216 145 159 86 65 2 0 0 192 1 0 0 0 0 0 0 0 0 0 0 0 0 0 0 0 0 0 0 0 0 0 0 0 0 0 0 0 0 0 0 0 0 0 0 0 0 0 0 0 0 0 0 0 0 0 0 0 0 0 0 0 0 0 0 0 0 0 0 0 0 0 0 77 68 79 32 101 120 116 114 97 32 100 97 116 97 32 108 111 99 107 0 0 0 0 0 0 0 0 0 0 0 0 0 0 0 0 0 0 0 0 0 0 0 0 0 0 0 0 0 0 0 0 0 0 0 0 0 0 0 0 0 0 0 0 0 0 0 0 0 0 0 0 0 0 0 0 0 0 0 0 0 0 0 0 0 0 0 0 0 0 0 0 0 0 0 0 0 0 0 0 0 0 0 0 0 0 0 0 0 0 0 0 0 0 0 0 0 0 0 0 0 0 0 0 0 0 0 0 0 0 0 0 0 0 0 0 0 23 1 0 0 17 143 94 0 1 0 0 0 0 0 0 0 0 0 0 0 2 0 0 0 0 0 3 0 2 0 0 0 112 0 0 0 254 255 255 255 2 0 2 0 0 0 0 0 data 14 0x20002 0xbd1e2 0x110005 0x9d 0x2414bb99af0 0xbd145 0x0 0x0 0x140005 0x0 0x241503d2b90 0xbd1e2 0x0 0x0 oops 2 4 antlr/TokenQueue 10 antlr/CommonHiddenStreamToken
ciMethodData antlr/TokenQueue removeFirst ()V 1 331 orig 264 120 87 233 58 249 127 0 0 40 158 159 86 65 2 0 0 32 1 0 0 0 0 0 0 0 0 0 0 0 0 0 0 0 0 0 0 0 0 0 0 0 0 0 0 0 0 0 0 0 0 0 0 0 0 0 0 0 0 0 0 0 0 0 0 0 0 0 0 0 0 0 0 0 0 0 0 0 0 0 0 77 68 79 32 101 120 116 114 97 32 100 97 116 97 32 108 111 99 107 0 0 0 0 0 0 0 0 0 0 0 0 0 0 0 0 0 0 0 0 0 0 0 0 0 0 0 0 0 0 0 0 0 0 0 0 0 0 0 0 0 0 0 0 0 0 0 0 0 0 0 0 0 0 0 0 0 0 0 0 0 0 0 0 0 0 0 0 0 0 0 0 0 0 0 0 0 0 0 0 0 0 0 0 0 1 0 0 0 0 0 0 0 0 0 0 0 0 0 0 0 1 0 0 0 0 0 0 0 0 0 0 0 0 0 0 0 47 0 0 0 225 8 0 0 1 0 0 0 0 0 0 0 0 0 0 0 2 0 0 0 0 0 0 0 0 0 0 0 0 0 0 0 254 255 255 255 0 0 0 0 0 0 0 0 data 0 oops 0
ciMethodData com/puppycrawl/tools/checkstyle/api/DetailAST getNextSibling ()Lcom/puppycrawl/tools/checkstyle/api/DetailAST; 2 55580 orig 264 120 87 233 58 249 127 0 0 136 128 141 86 65 2 0 0 136 1 0 0 0 0 0 0 0 0 0 0 0 0 0 0 0 0 0 0 0 0 0 0 0 0 0 0 0 0 0 0 0 0 0 0 0 0 0 0 0 0 0 0 0 0 0 0 0 0 0 0 0 0 0 0 0 0 0 0 0 0 0 0 77 68 79 32 101 120 116 114 97 32 100 97 116 97 32 108 111 99 107 0 0 0 0 0 0 0 0 0 0 0 0 0 0 0 0 0 0 0 0 0 0 0 0 0 0 0 0 0 0 0 0 0 0 0 0 0 0 0 0 0 0 0 0 0 0 0 0 0 0 0 0 0 0 0 0 0 0 0 0 0 0 0 0 0 0 0 0 0 0 0 0 0 0 0 0 0 0 0 0 0 0 0 0 0 1 0 0 0 0 0 0 0 0 0 0 0 0 0 0 0 1 0 0 0 0 0 0 0 0 0 0 0 0 0 0 0 130 1 0 0 209 188 6 0 1 0 0 0 0 0 0 0 0 0 0 0 2 0 0 0 0 0 3 0 2 0 0 0 64 0 0 0 254 255 255 255 2 0 1 0 0 0 0 0 data 8 0x10002 0xd79a 0x40104 0x0 0x24153de7f20 0x6e2f 0x0 0x0 oops 1 4 com/puppycrawl/tools/checkstyle/api/DetailAST
ciMethodData com/puppycrawl/tools/checkstyle/api/DetailAST getNextSibling ()Lantlr/collections/AST; 2 6064 orig 264 120 87 233 58 249 127 0 0 208 129 141 86 65 2 0 0 120 1 0 0 0 0 0 0 0 0 0 0 0 0 0 0 0 0 0 0 0 0 0 0 0 0 0 0 0 0 0 0 0 0 0 0 0 0 0 0 0 0 0 0 0 0 0 0 0 0 0 0 0 0 0 0 0 0 0 0 0 0 0 0 77 68 79 32 101 120 116 114 97 32 100 97 116 97 32 108 111 99 107 0 0 0 0 0 0 0 0 0 0 0 0 0 0 0 0 0 0 0 0 0 0 0 0 0 0 0 0 0 0 0 0 0 0 0 0 0 0 0 0 0 0 0 0 0 0 0 0 0 0 0 0 0 0 0 0 0 0 0 0 0 0 0 0 0 0 0 0 0 0 0 0 0 0 0 0 0 0 0 0 0 0 0 0 0 0 0 0 0 0 0 0 0 0 0 0 0 0 0 0 0 0 0 0 0 0 0 0 0 0 0 0 0 0 0 0 0 48 1 0 0 1 180 0 0 1 0 0 0 0 0 0 0 0 0 0 0 2 0 0 0 0 0 3 0 2 0 0 0 48 0 0 0 254 255 255 255 5 0 1 0 0 0 0 0 data 6 0x10005 0x8 0x24153de7f20 0x1678 0x0 0x0 oops 1 2 com/puppycrawl/tools/checkstyle/api/DetailAST
ciMethodData antlr/TokenStreamHiddenTokenFilter LA (I)Lantlr/CommonHiddenStreamToken; 2 2006 orig 264 120 87 233 58 249 127 0 0 80 254 156 86 65 2 0 0 40 1 0 0 0 0 0 0 0 0 0 0 0 0 0 0 0 0 0 0 0 0 0 0 0 0 0 0 0 0 0 0 0 0 0 0 0 0 0 0 0 0 0 0 0 0 0 0 0 0 0 0 0 0 0 0 0 0 0 0 0 0 0 0 77 68 79 32 101 120 116 114 97 32 100 97 116 97 32 108 111 99 107 0 0 0 0 0 0 0 0 0 0 0 0 0 0 0 0 0 0 0 0 0 0 0 0 0 0 0 0 0 0 0 0 0 0 0 0 0 0 0 0 0 0 0 0 0 0 0 0 0 0 0 0 0 0 0 0 0 0 0 0 0 0 0 0 0 0 0 0 0 0 0 0 0 0 0 0 0 0 0 0 0 0 0 0 0 1 0 0 0 0 0 0 0 0 0 0 0 0 0 0 0 1 0 0 0 0 0 0 0 0 0 0 0 0 0 0 0 1 1 0 0 169 54 0 0 1 0 0 0 0 0 0 0 0 0 0 0 2 0 0 0 0 0 3 0 1 0 0 0 0 0 0 0 254 255 255 255 0 0 0 0 0 0 0 0 data 0 oops 0
ciMethodData antlr/ASTPair advanceChildToEnd ()V 2 5653 orig 264 120 87 233 58 249 127 0 0 32 202 159 86 65 2 0 0 0 2 0 0 0 0 0 0 0 0 0 0 0 0 0 0 0 0 0 0 0 0 0 0 0 0 0 0 0 0 0 0 0 0 0 0 0 0 0 0 0 0 0 0 0 0 0 0 0 0 0 0 0 0 0 0 0 0 0 0 0 0 0 0 77 68 79 32 101 120 116 114 97 32 100 97 116 97 32 108 111 99 107 0 0 0 0 0 0 0 0 0 0 0 0 0 0 0 0 0 0 0 0 0 0 0 0 0 0 0 0 0 0 0 0 0 0 0 0 0 0 0 0 0 0 0 0 0 0 0 0 0 0 0 0 0 0 0 0 0 0 0 0 0 0 0 0 0 0 0 0 0 0 0 0 0 0 0 0 0 0 0 0 0 0 0 0 0 17 0 0 0 0 0 0 0 0 0 0 0 0 0 0 0 1 0 0 0 0 0 0 0 0 0 0 0 0 0 0 0 42 1 0 0 89 167 0 0 17 16 0 0 0 0 0 0 0 0 0 0 2 0 0 0 1 0 9 0 2 0 0 0 184 0 0 0 254 255 255 255 7 0 4 0 0 0 0 0 data 23 0x40007 0x74 0xb8 0x1477 0xb0005 0x0 0x24153de7f20 0x1679 0x0 0x0 0x100007 0x1477 0x68 0x202 0x180005 0x0 0x24153de7f20 0x202 0x0 0x0 0x200003 0x202 0xffffffffffffff80 oops 2 6 com/puppycrawl/tools/checkstyle/api/DetailAST 16 com/puppycrawl/tools/checkstyle/api/DetailAST
ciMethodData antlr/ASTPair <init> ()V 2 262803 orig 264 120 87 233 58 249 127 0 0 104 201 159 86 65 2 0 0 48 1 0 0 0 0 0 0 0 0 0 0 0 0 0 0 0 0 0 0 0 0 0 0 0 0 0 0 0 0 0 0 0 0 0 0 0 0 0 0 0 0 0 0 0 0 0 0 0 0 0 0 0 0 0 0 0 0 0 0 0 0 0 0 77 68 79 32 101 120 116 114 97 32 100 97 116 97 32 108 111 99 107 0 0 0 0 0 0 0 0 0 0 0 0 0 0 0 0 0 0 0 0 0 0 0 0 0 0 0 0 0 0 0 0 0 0 0 0 0 0 0 0 0 0 0 0 0 0 0 0 0 0 0 0 0 0 0 0 0 0 0 0 0 0 0 0 0 0 0 0 0 0 0 0 0 0 0 0 0 0 0 0 0 0 0 0 0 0 0 0 0 0 0 0 0 0 0 0 0 0 0 0 0 0 0 0 0 0 0 0 0 0 0 0 0 0 0 0 0 24 1 0 0 217 11 32 0 1 0 0 0 0 0 0 0 0 0 0 0 2 0 0 0 0 0 3 0 2 0 0 0 16 0 0 0 254 255 255 255 2 0 1 0 0 0 0 0 data 2 0x10002 0x4017b oops 0
ciMethodData antlr/ASTFactory addASTChild (Lantlr/ASTPair;Lantlr/collections/AST;)V 2 6512 orig 264 120 87 233 58 249 127 0 0 24 174 159 86 65 2 0 0 120 2 0 0 192 0 0 0 0 0 0 0 0 0 0 0 0 0 0 0 0 0 0 0 0 0 0 0 0 0 0 0 0 0 0 0 0 0 0 0 0 0 0 0 0 0 0 0 0 0 0 0 0 0 0 0 0 0 0 0 0 0 0 0 77 68 79 32 101 120 116 114 97 32 100 97 116 97 32 108 111 99 107 0 0 0 0 0 0 0 0 0 0 0 0 0 0 0 0 0 0 0 0 0 0 0 0 0 0 0 0 0 0 0 0 0 0 0 0 0 0 0 0 0 0 0 0 0 0 0 0 0 0 0 0 0 0 0 0 0 0 0 0 0 0 0 0 0 0 0 0 0 0 0 0 0 0 0 0 0 0 0 0 0 0 0 0 0 17 0 0 0 0 0 0 0 1 0 0 0 0 0 0 0 3 0 0 0 0 0 0 0 0 0 0 0 0 0 0 0 39 1 0 0 73 194 0 0 1 0 0 0 0 0 0 0 0 0 0 0 2 0 0 0 0 0 11 0 2 0 0 0 32 1 0 0 254 255 255 255 7 0 1 0 0 0 0 0 data 36 0x10007 0x1d 0x120 0x182c 0x80007 0x414 0x38 0x1418 0x100003 0x1418 0xb0 0x170007 0x37a 0x68 0x9a 0x1f0005 0x0 0x24153de7f20 0x9a 0x0 0x0 0x240003 0x9a 0x48 0x2c0005 0x0 0x24153de7f20 0x37a 0x0 0x0 0x370005 0x49 0x24153decc80 0x17e3 0x0 0x0 oops 3 17 com/puppycrawl/tools/checkstyle/api/DetailAST 26 com/puppycrawl/tools/checkstyle/api/DetailAST 32 antlr/ASTPair
ciMethodData antlr/CommonAST setType (I)V 2 17687 orig 264 120 87 233 58 249 127 0 0 88 144 141 86 65 2 0 0 40 1 0 0 0 0 0 0 0 0 0 0 0 0 0 0 0 0 0 0 0 0 0 0 0 0 0 0 0 0 0 0 0 0 0 0 0 0 0 0 0 0 0 0 0 0 0 0 0 0 0 0 0 0 0 0 0 0 0 0 0 0 0 0 77 68 79 32 101 120 116 114 97 32 100 97 116 97 32 108 111 99 107 0 0 0 0 0 0 0 0 0 0 0 0 0 0 0 0 0 0 0 0 0 0 0 0 0 0 0 0 0 0 0 0 0 0 0 0 0 0 0 0 0 0 0 0 0 0 0 0 0 0 0 0 0 0 0 0 0 0 0 0 0 0 0 0 0 0 0 0 0 0 0 0 0 0 0 0 0 0 0 0 0 0 0 0 0 0 0 0 0 0 0 0 0 0 0 0 0 0 0 0 0 0 0 0 0 0 0 0 0 0 0 0 0 0 0 0 0 1 1 0 0 177 32 2 0 1 0 0 0 0 0 0 0 0 0 0 0 2 0 0 0 0 0 3 0 1 0 0 0 0 0 0 0 254 255 255 255 0 0 0 0 0 0 0 0 data 0 oops 0
ciMethodData antlr/ASTFactory create (Ljava/lang/Class;)Lantlr/collections/AST; 2 6659 orig 264 120 87 233 58 249 127 0 0 120 181 159 86 65 2 0 0 200 2 0 0 0 0 0 0 0 0 0 0 0 0 0 0 0 0 0 0 0 0 0 0 0 0 0 0 0 0 0 0 0 0 0 0 0 0 0 0 0 0 0 0 0 0 0 0 0 0 0 0 0 0 0 0 0 0 0 0 0 0 0 0 77 68 79 32 101 120 116 114 97 32 100 97 116 97 32 108 111 99 107 0 0 0 0 0 0 0 0 0 0 0 0 0 0 0 0 0 0 0 0 0 0 0 0 0 0 0 0 0 0 0 0 0 0 0 0 0 0 0 0 0 0 0 0 0 0 0 0 0 0 0 0 0 0 0 0 0 0 0 0 0 0 0 0 0 0 0 0 0 0 0 0 0 0 0 0 0 0 0 0 0 0 0 0 0 25 0 0 0 0 0 0 0 0 0 0 0 0 0 0 0 0 0 0 0 0 0 0 0 0 0 0 0 0 0 0 0 5 1 0 0 241 199 0 0 1 0 0 0 0 0 0 0 0 0 0 0 2 0 0 0 0 0 11 0 2 0 0 0 120 1 0 0 254 255 255 255 5 0 3 0 0 0 0 0 data 47 0x30005 0x12 0x24147c48890 0x18ec 0x0 0x0 0x60004 0x0 0x24153de7f20 0x18fe 0x0 0x0 0xa0003 0x18fe 0x118 0x130002 0x0 0x180005 0x0 0x0 0x0 0x0 0x0 0x1c0005 0x0 0x0 0x0 0x0 0x0 0x1f0005 0x0 0x0 0x0 0x0 0x0 0x220005 0x0 0x0 0x0 0x0 0x0 0x250005 0x0 0x0 0x0 0x0 0x0 oops 2 2 java/lang/Class 8 com/puppycrawl/tools/checkstyle/api/DetailAST
ciMethodData com/puppycrawl/tools/checkstyle/api/DetailAST setParent (Lcom/puppycrawl/tools/checkstyle/api/DetailAST;)V 2 16164 orig 264 120 87 233 58 249 127 0 0 216 116 141 86 65 2 0 0 176 1 0 0 0 0 0 0 0 0 0 0 0 0 0 0 0 0 0 0 0 0 0 0 0 0 0 0 0 0 0 0 0 0 0 0 0 0 0 0 0 0 0 0 0 0 0 0 0 0 0 0 0 0 0 0 0 0 0 0 0 0 0 0 77 68 79 32 101 120 116 114 97 32 100 97 116 97 32 108 111 99 107 0 0 0 0 0 0 0 0 0 0 0 0 0 0 0 0 0 0 0 0 0 0 0 0 0 0 0 0 0 0 0 0 0 0 0 0 0 0 0 0 0 0 0 0 0 0 0 0 0 0 0 0 0 0 0 0 0 0 0 0 0 0 0 0 0 0 0 0 0 0 0 0 0 0 0 0 0 0 0 0 0 0 0 0 0 17 0 0 0 0 0 0 0 0 0 0 0 0 0 0 0 0 0 0 0 0 0 0 0 0 0 0 0 0 0 0 0 2 1 0 0 17 241 1 0 1 0 0 0 0 0 0 0 0 0 0 0 2 0 0 0 0 0 10 0 2 0 0 0 96 0 0 0 254 255 255 255 5 0 6 0 0 0 0 0 data 12 0x60005 0xb 0x24153de7f20 0x3e17 0x0 0x0 0xb0007 0x38cc 0x30 0x556 0x100002 0x556 oops 1 2 com/puppycrawl/tools/checkstyle/api/DetailAST
ciMethodData antlr/ASTFactory create (I)Lantlr/collections/AST; 2 89151 orig 264 120 87 233 58 249 127 0 0 96 175 159 86 65 2 0 0 0 2 0 0 0 0 0 0 0 0 0 0 0 0 0 0 0 0 0 0 0 0 0 0 0 0 0 0 0 0 0 0 0 0 0 0 0 0 0 0 0 0 0 0 0 0 0 0 0 0 0 0 0 0 0 0 0 0 0 0 0 0 0 0 77 68 79 32 101 120 116 114 97 32 100 97 116 97 32 108 111 99 107 0 0 0 0 0 0 0 0 0 0 0 0 0 0 0 0 0 0 0 0 0 0 0 0 0 0 0 0 0 0 0 0 0 0 0 0 0 0 0 0 0 0 0 0 0 0 0 0 0 0 0 0 0 0 0 0 0 0 0 0 0 0 0 0 0 0 0 0 0 0 0 0 0 0 0 0 0 0 0 0 0 0 0 0 0 0 0 0 0 0 0 0 0 0 0 0 0 0 0 0 0 0 0 0 0 0 0 0 0 0 0 0 0 0 0 0 0 6 1 0 0 201 217 10 0 1 0 0 0 0 0 0 0 0 0 0 0 2 0 0 0 0 0 6 0 2 0 0 0 176 0 0 0 254 255 255 255 5 0 2 0 0 0 0 0 data 22 0x20005 0x0 0x24153de7e70 0x15b39 0x0 0x0 0x80005 0x0 0x24153de7e70 0x15b39 0x0 0x0 0xd0007 0x0 0x50 0x15b39 0x140005 0x0 0x24153de7f20 0x15b39 0x0 0x0 oops 3 2 antlr/ASTFactory 8 antlr/ASTFactory 18 com/puppycrawl/tools/checkstyle/api/DetailAST
ciMethodData antlr/ASTFactory getASTNodeType (I)Ljava/lang/Class; 2 5570 orig 264 120 87 233 58 249 127 0 0 72 173 159 86 65 2 0 0 104 2 0 0 176 0 0 0 0 0 0 0 0 0 0 0 0 0 0 0 0 0 0 0 0 0 0 0 0 0 0 0 0 0 0 0 0 0 0 0 0 0 0 0 0 0 0 0 0 0 0 0 0 0 0 0 0 0 0 0 0 0 0 0 77 68 79 32 101 120 116 114 97 32 100 97 116 97 32 108 111 99 107 0 0 0 0 0 0 0 0 0 0 0 0 0 0 0 0 0 0 0 0 0 0 0 0 0 0 0 0 0 0 0 0 0 0 0 0 0 0 0 0 0 0 0 0 0 0 0 0 0 0 0 0 0 0 0 0 0 0 0 0 0 0 0 0 0 0 0 0 0 0 0 0 0 0 0 0 0 0 0 0 0 0 0 0 0 25 0 0 0 0 0 0 0 0 0 0 0 0 0 0 0 1 0 0 0 0 0 0 0 0 0 0 0 0 0 0 0 12 1 0 0 169 165 0 0 1 0 0 0 0 0 0 0 0 0 0 0 2 0 0 0 0 0 19 0 2 0 0 0 24 1 0 0 254 255 255 255 7 0 4 0 0 0 0 0 data 35 0x40007 0x14b5 0xb0 0x0 0x100002 0x0 0x130005 0x0 0x0 0x0 0x0 0x0 0x160004 0x0 0x0 0x0 0x0 0x0 0x1b0007 0x0 0x20 0x0 0x240007 0x0 0x20 0x14b5 0x2f0007 0x0 0x48 0x0 0x340002 0x0 0x3b0003 0x0 0x18 oops 0
ciMethodData antlr/Parser match (I)V 2 13020 orig 264 120 87 233 58 249 127 0 0 200 36 159 86 65 2 0 0 64 2 0 0 176 0 0 0 0 0 0 0 0 0 0 0 0 0 0 0 0 0 0 0 0 0 0 0 0 0 0 0 0 0 0 0 0 0 0 0 0 0 0 0 0 0 0 0 0 0 0 0 0 0 0 0 0 0 0 0 0 0 0 0 77 68 79 32 101 120 116 114 97 32 100 97 116 97 32 108 111 99 107 0 0 0 0 0 0 0 0 0 0 0 0 0 0 0 0 0 0 0 0 0 0 0 0 0 0 0 0 0 0 0 0 0 0 0 0 0 0 0 0 0 0 0 0 0 0 0 0 0 0 0 0 0 0 0 0 0 0 0 0 0 0 0 0 0 0 0 0 0 0 0 0 0 0 0 0 0 0 0 0 0 0 0 0 0 25 0 0 0 0 0 0 0 0 0 0 0 0 0 0 0 0 0 0 0 0 0 0 0 0 0 0 0 0 0 0 0 1 1 0 0 217 142 1 0 1 0 0 0 0 0 0 0 0 0 0 0 2 0 0 0 0 0 5 0 2 0 0 0 240 0 0 0 254 255 255 255 5 0 2 0 0 0 0 0 data 30 0x20005 0x0 0x24153de6500 0x31db 0x0 0x0 0x60007 0x2bdf 0x90 0x5fc 0x130005 0x0 0x24153de6500 0x5fc 0x0 0x0 0x190005 0x0 0x24153de6500 0x5fc 0x0 0x0 0x1c0002 0x5fc 0x210005 0x0 0x24153de6500 0x2bdf 0x0 0x0 oops 4 2 com/puppycrawl/tools/checkstyle/grammars/GeneratedJavaRecognizer 12 com/puppycrawl/tools/checkstyle/grammars/GeneratedJavaRecognizer 18 com/puppycrawl/tools/checkstyle/grammars/GeneratedJavaRecognizer 26 com/puppycrawl/tools/checkstyle/grammars/GeneratedJavaRecognizer
ciMethodData antlr/Parser getFilename ()Ljava/lang/String; 2 1608 orig 264 120 87 233 58 249 127 0 0 96 31 159 86 65 2 0 0 32 1 0 0 0 0 0 0 0 0 0 0 0 0 0 0 0 0 0 0 0 0 0 0 0 0 0 0 0 0 0 0 0 0 0 0 0 0 0 0 0 0 0 0 0 0 0 0 0 0 0 0 0 0 0 0 0 0 0 0 0 0 0 0 77 68 79 32 101 120 116 114 97 32 100 97 116 97 32 108 111 99 107 0 0 0 0 0 0 0 0 0 0 0 0 0 0 0 0 0 0 0 0 0 0 0 0 0 0 0 0 0 0 0 0 0 0 0 0 0 0 0 0 0 0 0 0 0 0 0 0 0 0 0 0 0 0 0 0 0 0 0 0 0 0 0 0 0 0 0 0 0 0 0 0 0 0 0 0 0 0 0 0 0 0 0 0 0 1 0 0 0 0 0 0 0 0 0 0 0 0 0 0 0 1 0 0 0 0 0 0 0 0 0 0 0 0 0 0 0 23 0 0 0 137 49 0 0 1 0 0 0 0 0 0 0 0 0 0 0 2 0 0 0 0 0 0 0 0 0 0 0 0 0 0 0 254 255 255 255 0 0 0 0 0 0 0 0 data 0 oops 0
ciMethodData antlr/LLkParser LT (I)Lantlr/Token; 2 85121 orig 264 120 87 233 58 249 127 0 0 128 6 159 86 65 2 0 0 128 1 0 0 0 0 0 0 0 0 0 0 0 0 0 0 0 0 0 0 0 0 0 0 0 0 0 0 0 0 0 0 0 0 0 0 0 0 0 0 0 0 0 0 0 0 0 0 0 0 0 0 0 0 0 0 0 0 0 0 0 0 0 0 77 68 79 32 101 120 116 114 97 32 100 97 116 97 32 108 111 99 107 0 0 0 0 0 0 0 0 0 0 0 0 0 0 0 0 0 0 0 0 0 0 0 0 0 0 0 0 0 0 0 0 0 0 0 0 0 0 0 0 0 0 0 0 0 0 0 0 0 0 0 0 0 0 0 0 0 0 0 0 0 0 0 0 0 0 0 0 0 0 0 0 0 0 0 0 0 0 0 0 0 0 0 0 0 17 0 0 0 0 0 0 0 0 0 0 0 0 0 0 0 1 0 0 0 0 0 0 0 0 0 0 0 0 0 0 0 0 1 0 0 1 92 10 0 1 0 0 0 0 0 0 0 0 0 0 0 2 0 0 0 0 0 3 0 2 0 0 0 48 0 0 0 254 255 255 255 5 0 8 0 0 0 0 0 data 6 0x80005 0x12 0x2414bb98810 0x14b6e 0x0 0x0 oops 1 2 antlr/TokenBuffer
ciMethodData antlr/ASTFactory create (Lantlr/Token;)Lantlr/collections/AST; 2 82906 orig 264 120 87 233 58 249 127 0 0 8 178 159 86 65 2 0 0 0 2 0 0 0 0 0 0 0 0 0 0 0 0 0 0 0 0 0 0 0 0 0 0 0 0 0 0 0 0 0 0 0 0 0 0 0 0 0 0 0 0 0 0 0 0 0 0 0 0 0 0 0 0 0 0 0 0 0 0 0 0 0 0 77 68 79 32 101 120 116 114 97 32 100 97 116 97 32 108 111 99 107 0 0 0 0 0 0 0 0 0 0 0 0 0 0 0 0 0 0 0 0 0 0 0 0 0 0 0 0 0 0 0 0 0 0 0 0 0 0 0 0 0 0 0 0 0 0 0 0 0 0 0 0 0 0 0 0 0 0 0 0 0 0 0 0 0 0 0 0 0 0 0 0 0 0 0 0 0 0 0 0 0 0 0 0 0 0 0 0 0 0 0 0 0 0 0 0 0 0 0 0 0 0 0 0 0 0 0 0 0 0 0 0 0 0 0 0 0 8 1 0 0 145 22 10 0 1 0 0 0 0 0 0 0 0 0 0 0 2 0 0 0 0 0 10 0 2 0 0 0 176 0 0 0 254 255 255 255 5 0 2 0 0 0 0 0 data 22 0x20005 0x0 0x241503d2b90 0x142d2 0x0 0x0 0x50005 0x0 0x24153de7e70 0x142d2 0x0 0x0 0xa0007 0x0 0x50 0x142d2 0xf0005 0x0 0x24153de7f20 0x142d2 0x0 0x0 oops 3 2 antlr/CommonHiddenStreamToken 8 antlr/ASTFactory 18 com/puppycrawl/tools/checkstyle/api/DetailAST
ciMethodData antlr/CommonHiddenStreamToken setHiddenBefore (Lantlr/CommonHiddenStreamToken;)V 2 483 orig 264 120 87 233 58 249 127 0 0 176 44 143 86 65 2 0 0 40 1 0 0 0 0 0 0 0 0 0 0 0 0 0 0 0 0 0 0 0 0 0 0 0 0 0 0 0 0 0 0 0 0 0 0 0 0 0 0 0 0 0 0 0 0 0 0 0 0 0 0 0 0 0 0 0 0 0 0 0 0 0 0 77 68 79 32 101 120 116 114 97 32 100 97 116 97 32 108 111 99 107 0 0 0 0 0 0 0 0 0 0 0 0 0 0 0 0 0 0 0 0 0 0 0 0 0 0 0 0 0 0 0 0 0 0 0 0 0 0 0 0 0 0 0 0 0 0 0 0 0 0 0 0 0 0 0 0 0 0 0 0 0 0 0 0 0 0 0 0 0 0 0 0 0 0 0 0 0 0 0 0 0 0 0 0 0 0 0 0 0 0 0 0 0 0 0 0 0 0 0 0 0 0 0 0 0 0 0 0 0 0 0 0 0 0 0 0 0 18 1 0 0 137 6 0 0 1 0 0 0 0 0 0 0 0 0 0 0 2 0 0 0 0 0 3 0 1 0 0 0 0 0 0 0 254 255 255 255 0 0 0 0 0 0 0 0 data 0 oops 0
ciMethodData antlr/TokenStreamHiddenTokenFilter nextToken ()Lantlr/Token; 1 483 orig 264 120 87 233 58 249 127 0 0 120 255 156 86 65 2 0 0 160 5 0 0 192 0 0 0 0 0 0 0 0 0 0 0 0 0 0 0 0 0 0 0 0 0 0 0 0 0 0 0 0 0 0 0 0 0 0 0 0 0 0 0 0 0 0 0 0 0 0 0 0 0 0 0 0 0 0 0 0 0 0 0 77 68 79 32 101 120 116 114 97 32 100 97 116 97 32 108 111 99 107 0 0 0 0 0 0 0 0 0 0 0 0 0 0 0 0 0 0 0 0 0 0 0 0 0 0 0 0 0 0 0 0 0 0 0 0 0 0 0 0 0 0 0 0 0 0 0 0 0 0 0 0 0 0 0 0 0 0 0 0 0 0 0 0 0 0 0 0 0 0 0 0 0 0 0 0 0 0 0 0 0 0 0 0 0 0 0 0 0 0 0 0 0 0 0 0 0 0 0 0 0 0 0 0 0 0 0 0 0 0 0 0 0 0 0 0 0 20 1 0 0 121 6 0 0 113 0 0 0 0 0 0 0 0 0 0 0 2 0 0 0 1 0 18 0 2 0 0 0 88 4 0 0 254 255 255 255 5 0 2 0 0 0 0 0 data 139 0x20005 0x0 0x241503d4ae0 0xcf 0x0 0x0 0x50007 0xce 0x30 0x1 0x90002 0x1 0xe0005 0x0 0x241503d4ae0 0xcf 0x0 0x0 0x170005 0x0 0x241503d2b90 0xcf 0x0 0x0 0x200005 0x0 0x241503d4ae0 0xcf 0x0 0x0 0x2b0005 0x0 0x241503d4ae0 0xdc 0x0 0x0 0x2e0005 0x0 0x241503d2b90 0xdc 0x0 0x0 0x310005 0x0 0x24153de7fd0 0xdc 0x0 0x0 0x340007 0xd 0xd0 0xcf 0x3d0005 0x0 0x241503d4ae0 0xcf 0x0 0x0 0x400005 0x0 0x241503d2b90 0xcf 0x0 0x0 0x430005 0x0 0x24153de7fd0 0xcf 0x0 0x0 0x460007 0xcf 0x228 0x0 0x4f0005 0x0 0x241503d4ae0 0xd 0x0 0x0 0x520005 0x0 0x241503d2b90 0xd 0x0 0x0 0x550005 0x0 0x24153de7fd0 0xd 0x0 0x0 0x580007 0x0 0x130 0xd 0x5e0005 0x0 0x241503d4ae0 0xd 0x0 0x0 0x610005 0x0 0x241503d2b90 0xd 0x0 0x0 0x660007 0xd 0x80 0x0 0x6b0005 0x0 0x0 0x0 0x0 0x0 0x6f0005 0x0 0x0 0x0 0x0 0x0 0x750005 0x0 0x241503d4ae0 0xd 0x0 0x0 0x7e0005 0x0 0x241503d4ae0 0xd 0x0 0x0 0x810003 0xd 0xfffffffffffffcb0 oops 17 2 antlr/TokenStreamHiddenTokenFilter 14 antlr/TokenStreamHiddenTokenFilter 20 antlr/CommonHiddenStreamToken 26 antlr/TokenStreamHiddenTokenFilter 32 antlr/TokenStreamHiddenTokenFilter 38 antlr/CommonHiddenStreamToken 44 antlr/collections/impl/BitSet 54 antlr/TokenStreamHiddenTokenFilter 60 antlr/CommonHiddenStreamToken 66 antlr/collections/impl/BitSet 76 antlr/TokenStreamHiddenTokenFilter 82 antlr/CommonHiddenStreamToken 88 antlr/collections/impl/BitSet 98 antlr/TokenStreamHiddenTokenFilter 104 antlr/CommonHiddenStreamToken 126 antlr/TokenStreamHiddenTokenFilter 132 antlr/TokenStreamHiddenTokenFilter
ciMethodData antlr/TokenStreamHiddenTokenFilter consume ()V 1 531 orig 264 120 87 233 58 249 127 0 0 112 248 156 86 65 2 0 0 168 1 0 0 0 0 0 0 0 0 0 0 0 0 0 0 0 0 0 0 0 0 0 0 0 0 0 0 0 0 0 0 0 0 0 0 0 0 0 0 0 0 0 0 0 0 0 0 0 0 0 0 0 0 0 0 0 0 0 0 0 0 0 0 77 68 79 32 101 120 116 114 97 32 100 97 116 97 32 108 111 99 107 0 0 0 0 0 0 0 0 0 0 0 0 0 0 0 0 0 0 0 0 0 0 0 0 0 0 0 0 0 0 0 0 0 0 0 0 0 0 0 0 0 0 0 0 0 0 0 0 0 0 0 0 0 0 0 0 0 0 0 0 0 0 0 0 0 0 0 0 0 0 0 0 0 0 0 0 0 0 0 0 0 0 0 0 0 17 0 0 0 0 0 0 0 0 0 0 0 0 0 0 0 1 0 0 0 0 0 0 0 0 0 0 0 0 0 0 0 29 1 0 0 177 7 0 0 1 0 0 0 0 0 0 0 0 0 0 0 2 0 0 0 0 0 3 0 2 0 0 0 96 0 0 0 254 255 255 255 5 0 5 0 0 0 0 0 data 12 0x50005 0x0 0x2414f909470 0xf6 0x0 0x0 0xa0004 0x0 0x241503d2b90 0xf6 0x0 0x0 oops 2 2 com/puppycrawl/tools/checkstyle/grammars/GeneratedJavaLexer 8 antlr/CommonHiddenStreamToken
ciMethodData antlr/TokenStreamHiddenTokenFilter consumeFirst ()V 1 18 orig 264 120 87 233 58 249 127 0 0 144 249 156 86 65 2 0 0 72 5 0 0 0 0 0 0 0 0 0 0 0 0 0 0 0 0 0 0 0 0 0 0 0 0 0 0 0 0 0 0 0 0 0 0 0 0 0 0 0 0 0 0 0 0 0 0 0 0 0 0 0 0 0 0 0 0 0 0 0 0 0 0 77 68 79 32 101 120 116 114 97 32 100 97 116 97 32 108 111 99 107 0 0 0 0 0 0 0 0 0 0 0 0 0 0 0 0 0 0 0 0 0 0 0 0 0 0 0 0 0 0 0 0 0 0 0 0 0 0 0 0 0 0 0 0 0 0 0 0 0 0 0 0 0 0 0 0 0 0 0 0 0 0 0 0 0 0 0 0 0 0 0 0 0 0 0 0 0 0 0 0 0 0 0 0 0 0 0 0 0 0 0 0 0 0 0 0 0 0 0 0 0 0 0 0 0 0 0 0 0 0 0 0 0 0 0 0 0 2 0 0 0 129 0 0 0 121 0 0 0 0 0 0 0 0 0 0 0 2 0 0 0 0 0 0 0 0 0 0 0 0 4 0 0 254 255 255 255 5 0 1 0 0 0 0 0 data 128 0x10005 0x0 0x241503d4ae0 0x10 0x0 0x0 0xc0005 0x0 0x241503d4ae0 0x1e 0x0 0x0 0xf0005 0x0 0x241503d2b90 0x1e 0x0 0x0 0x120005 0x0 0x24153de7fd0 0x1e 0x0 0x0 0x150007 0xf 0xd0 0xf 0x1e0005 0x0 0x241503d4ae0 0xf 0x0 0x0 0x210005 0x0 0x241503d2b90 0xf 0x0 0x0 0x240005 0x0 0x24153de7fd0 0xf 0x0 0x0 0x270007 0xf 0x290 0x0 0x300005 0x0 0x241503d4ae0 0xf 0x0 0x0 0x330005 0x0 0x241503d2b90 0xf 0x0 0x0 0x360005 0x0 0x24153de7fd0 0xf 0x0 0x0 0x390007 0x0 0x198 0xf 0x3d0007 0x0 0x68 0xf 0x420005 0x0 0x241503d4ae0 0xf 0x0 0x0 0x460003 0xf 0x108 0x4c0005 0x0 0x0 0x0 0x0 0x0 0x4f0005 0x0 0x0 0x0 0x0 0x0 0x540005 0x0 0x0 0x0 0x0 0x0 0x580005 0x0 0x0 0x0 0x0 0x0 0x5d0005 0x0 0x0 0x0 0x0 0x0 0x6a0007 0x0 0x20 0xf 0x730005 0x0 0x241503d4ae0 0xf 0x0 0x0 0x760003 0xf 0xfffffffffffffc48 oops 12 2 antlr/TokenStreamHiddenTokenFilter 8 antlr/TokenStreamHiddenTokenFilter 14 antlr/CommonHiddenStreamToken 20 antlr/collections/impl/BitSet 30 antlr/TokenStreamHiddenTokenFilter 36 antlr/CommonHiddenStreamToken 42 antlr/collections/impl/BitSet 52 antlr/TokenStreamHiddenTokenFilter 58 antlr/CommonHiddenStreamToken 64 antlr/collections/impl/BitSet 78 antlr/TokenStreamHiddenTokenFilter 121 antlr/TokenStreamHiddenTokenFilter
ciMethodData com/puppycrawl/tools/checkstyle/api/DetailAST setNextSibling (Lantlr/collections/AST;)V 2 10647 orig 264 120 87 233 58 249 127 0 0 240 110 141 86 65 2 0 0 48 2 0 0 128 0 0 0 0 0 0 0 0 0 0 0 0 0 0 0 0 0 0 0 0 0 0 0 0 0 0 0 0 0 0 0 0 0 0 0 0 0 0 0 0 0 0 0 0 0 0 0 0 0 0 0 0 0 0 0 0 0 0 0 77 68 79 32 101 120 116 114 97 32 100 97 116 97 32 108 111 99 107 0 0 0 0 0 0 0 0 0 0 0 0 0 0 0 0 0 0 0 0 0 0 0 0 0 0 0 0 0 0 0 0 0 0 0 0 0 0 0 0 0 0 0 0 0 0 0 0 0 0 0 0 0 0 0 0 0 0 0 0 0 0 0 0 0 0 0 0 0 0 0 0 0 0 0 0 0 0 0 0 0 0 0 0 0 17 0 0 0 0 0 0 0 0 0 0 0 0 0 0 0 0 0 0 0 0 0 0 0 0 0 0 0 0 0 0 0 0 1 0 0 185 68 1 0 1 0 0 0 0 0 0 0 0 0 0 0 2 0 0 0 0 0 18 0 2 0 0 0 224 0 0 0 254 255 255 255 2 0 2 0 0 0 0 0 data 28 0x20002 0x2897 0x60007 0x102c 0x80 0x186b 0xd0007 0xb25 0x60 0xd46 0x110004 0x0 0x24153de7f20 0xd46 0x0 0x0 0x180002 0xd46 0x1c0007 0x102c 0x50 0x186b 0x200004 0x0 0x24153de7f20 0x186b 0x0 0x0 oops 2 12 com/puppycrawl/tools/checkstyle/api/DetailAST 24 com/puppycrawl/tools/checkstyle/api/DetailAST
ciMethodData antlr/BaseAST setNextSibling (Lantlr/collections/AST;)V 2 10647 orig 264 120 87 233 58 249 127 0 0 32 186 141 86 65 2 0 0 128 1 0 0 0 0 0 0 0 0 0 0 0 0 0 0 0 0 0 0 0 0 0 0 0 0 0 0 0 0 0 0 0 0 0 0 0 0 0 0 0 0 0 0 0 0 0 0 0 0 0 0 0 0 0 0 0 0 0 0 0 0 0 0 77 68 79 32 101 120 116 114 97 32 100 97 116 97 32 108 111 99 107 0 0 0 0 0 0 0 0 0 0 0 0 0 0 0 0 0 0 0 0 0 0 0 0 0 0 0 0 0 0 0 0 0 0 0 0 0 0 0 0 0 0 0 0 0 0 0 0 0 0 0 0 0 0 0 0 0 0 0 0 0 0 0 0 0 0 0 0 0 0 0 0 0 0 0 0 0 0 0 0 0 0 0 0 0 1 0 0 0 0 0 0 0 0 0 0 0 0 0 0 0 1 0 0 0 0 0 0 0 0 0 0 0 0 0 0 0 0 1 0 0 185 68 1 0 1 0 0 0 0 0 0 0 0 0 0 0 2 0 0 0 0 0 3 0 2 0 0 0 48 0 0 0 254 255 255 255 4 1 2 0 0 0 0 0 data 6 0x20104 0x0 0x24153de7f20 0x186b 0x0 0x0 oops 1 2 com/puppycrawl/tools/checkstyle/api/DetailAST
ciMethodData antlr/CommonHiddenStreamToken setHiddenAfter (Lantlr/CommonHiddenStreamToken;)V 1 18 orig 264 120 87 233 58 249 127 0 0 24 44 143 86 65 2 0 0 40 1 0 0 0 0 0 0 0 0 0 0 0 0 0 0 0 0 0 0 0 0 0 0 0 0 0 0 0 0 0 0 0 0 0 0 0 0 0 0 0 0 0 0 0 0 0 0 0 0 0 0 0 0 0 0 0 0 0 0 0 0 0 0 77 68 79 32 101 120 116 114 97 32 100 97 116 97 32 108 111 99 107 0 0 0 0 0 0 0 0 0 0 0 0 0 0 0 0 0 0 0 0 0 0 0 0 0 0 0 0 0 0 0 0 0 0 0 0 0 0 0 0 0 0 0 0 0 0 0 0 0 0 0 0 0 0 0 0 0 0 0 0 0 0 0 0 0 0 0 0 0 0 0 0 0 0 0 0 0 0 0 0 0 0 0 0 0 0 0 0 0 0 0 0 0 0 0 0 0 0 0 0 0 0 0 0 0 0 0 0 0 0 0 0 0 0 0 0 0 5 0 0 0 105 0 0 0 1 0 0 0 0 0 0 0 0 0 0 0 2 0 0 0 0 0 0 0 0 0 0 0 0 0 0 0 254 255 255 255 0 0 0 0 0 0 0 0 data 0 oops 0
ciMethodData com/puppycrawl/tools/checkstyle/api/DetailAST setFirstChild (Lantlr/collections/AST;)V 2 5503 orig 264 120 87 233 58 249 127 0 0 0 110 141 86 65 2 0 0 192 1 0 0 0 0 0 0 0 0 0 0 0 0 0 0 0 0 0 0 0 0 0 0 0 0 0 0 0 0 0 0 0 0 0 0 0 0 0 0 0 0 0 0 0 0 0 0 0 0 0 0 0 0 0 0 0 0 0 0 0 0 0 0 77 68 79 32 101 120 116 114 97 32 100 97 116 97 32 108 111 99 107 0 0 0 0 0 0 0 0 0 0 0 0 0 0 0 0 0 0 0 0 0 0 0 0 0 0 0 0 0 0 0 0 0 0 0 0 0 0 0 0 0 0 0 0 0 0 0 0 0 0 0 0 0 0 0 0 0 0 0 0 0 0 0 0 0 0 0 0 0 0 0 0 0 0 0 0 0 0 0 0 0 0 0 0 0 0 0 0 0 0 0 0 0 0 0 0 0 0 0 0 0 0 0 0 0 0 0 0 0 0 0 0 0 0 0 0 0 13 1 0 0 145 163 0 0 1 0 0 0 0 0 0 0 0 0 0 0 2 0 0 0 0 0 13 0 2 0 0 0 112 0 0 0 254 255 255 255 2 0 8 0 0 0 0 0 data 14 0x80002 0x1472 0xc0007 0xc99 0x60 0x7d9 0x100004 0x0 0x24153de7f20 0x7d9 0x0 0x0 0x140002 0x7d9 oops 1 8 com/puppycrawl/tools/checkstyle/api/DetailAST
ciMethodData antlr/BaseAST setFirstChild (Lantlr/collections/AST;)V 2 5503 orig 264 120 87 233 58 249 127 0 0 136 185 141 86 65 2 0 0 128 1 0 0 0 0 0 0 0 0 0 0 0 0 0 0 0 0 0 0 0 0 0 0 0 0 0 0 0 0 0 0 0 0 0 0 0 0 0 0 0 0 0 0 0 0 0 0 0 0 0 0 0 0 0 0 0 0 0 0 0 0 0 0 77 68 79 32 101 120 116 114 97 32 100 97 116 97 32 108 111 99 107 0 0 0 0 0 0 0 0 0 0 0 0 0 0 0 0 0 0 0 0 0 0 0 0 0 0 0 0 0 0 0 0 0 0 0 0 0 0 0 0 0 0 0 0 0 0 0 0 0 0 0 0 0 0 0 0 0 0 0 0 0 0 0 0 0 0 0 0 0 0 0 0 0 0 0 0 0 0 0 0 0 0 0 0 0 0 0 0 0 0 0 0 0 0 0 0 0 0 0 0 0 0 0 0 0 0 0 0 0 0 0 0 0 0 0 0 0 15 1 0 0 121 163 0 0 1 0 0 0 0 0 0 0 0 0 0 0 2 0 0 0 0 0 3 0 2 0 0 0 48 0 0 0 254 255 255 255 4 1 2 0 0 0 0 0 data 6 0x20104 0x0 0x24153de7f20 0x7d7 0x0 0x0 oops 1 2 com/puppycrawl/tools/checkstyle/api/DetailAST
ciMethodData antlr/ASTFactory makeASTRoot (Lantlr/ASTPair;Lantlr/collections/AST;)V 2 28881 orig 264 120 87 233 58 249 127 0 0 16 186 159 86 65 2 0 0 216 1 0 0 0 0 0 0 0 0 0 0 0 0 0 0 0 0 0 0 0 0 0 0 0 0 0 0 0 0 0 0 0 0 0 0 0 0 0 0 0 0 0 0 0 0 0 0 0 0 0 0 0 0 0 0 0 0 0 0 0 0 0 0 77 68 79 32 101 120 116 114 97 32 100 97 116 97 32 108 111 99 107 0 0 0 0 0 0 0 0 0 0 0 0 0 0 0 0 0 0 0 0 0 0 0 0 0 0 0 0 0 0 0 0 0 0 0 0 0 0 0 0 0 0 0 0 0 0 0 0 0 0 0 0 0 0 0 0 0 0 0 0 0 0 0 0 0 0 0 0 0 0 0 0 0 0 0 0 0 0 0 0 0 0 0 0 0 17 0 0 0 0 0 0 0 1 0 0 0 0 0 0 0 3 0 0 0 0 0 0 0 0 0 0 0 0 0 0 0 7 1 0 0 81 126 3 0 1 0 0 0 0 0 0 0 0 0 0 0 2 0 0 0 0 0 6 0 2 0 0 0 128 0 0 0 254 255 255 255 7 0 1 0 0 0 0 0 data 16 0x10007 0x0 0x80 0x6fca 0x90005 0x0 0x24153de7f20 0x6fca 0x0 0x0 0x170005 0x7 0x24153decc80 0x6fc3 0x0 0x0 oops 2 6 com/puppycrawl/tools/checkstyle/api/DetailAST 12 antlr/ASTPair
ciMethodData antlr/NoViableAltException <init> (Lantlr/Token;Ljava/lang/String;)V 1 53 orig 264 120 87 233 58 249 127 0 0 56 82 159 86 65 2 0 0 200 1 0 0 0 0 0 0 0 0 0 0 0 0 0 0 0 0 0 0 0 0 0 0 0 0 0 0 0 0 0 0 0 0 0 0 0 0 0 0 0 0 0 0 0 0 0 0 0 0 0 0 0 0 0 0 0 0 0 0 0 0 0 0 77 68 79 32 101 120 116 114 97 32 100 97 116 97 32 108 111 99 107 0 0 0 0 0 0 0 0 0 0 0 0 0 0 0 0 0 0 0 0 0 0 0 0 0 0 0 0 0 0 0 0 0 0 0 0 0 0 0 0 0 0 0 0 0 0 0 0 0 0 0 0 0 0 0 0 0 0 0 0 0 0 0 0 0 0 0 0 0 0 0 0 0 0 0 0 0 0 0 0 0 0 0 0 0 17 0 0 0 0 0 0 0 0 0 0 0 0 0 0 0 0 0 0 0 0 0 0 0 0 0 0 0 0 0 0 0 4 0 0 0 137 1 0 0 1 0 0 0 0 0 0 0 0 0 0 0 2 0 0 0 0 0 0 0 0 0 0 0 112 0 0 0 254 255 255 255 5 0 5 0 0 0 0 0 data 14 0x50005 0x0 0x241503d2b90 0x31 0x0 0x0 0x90005 0x0 0x241503d2b90 0x31 0x0 0x0 0xc0002 0x31 oops 2 2 antlr/CommonHiddenStreamToken 8 antlr/CommonHiddenStreamToken
ciMethodData com/puppycrawl/tools/checkstyle/grammars/GeneratedJavaRecognizer builtInTypeSpec (Z)V 1 281 orig 264 120 87 233 58 249 127 0 0 120 144 157 86 65 2 0 0 16 10 0 0 120 8 0 0 0 0 0 0 0 0 0 0 0 0 0 0 0 0 0 0 0 0 0 0 0 0 0 0 0 0 0 0 0 0 0 0 0 0 0 0 0 0 0 0 0 0 0 0 0 0 0 0 0 0 0 0 0 0 0 0 77 68 79 32 101 120 116 114 97 32 100 97 116 97 32 108 111 99 107 0 0 0 0 0 0 0 0 0 0 0 0 0 0 0 0 0 0 0 0 0 0 0 0 0 0 0 0 0 0 0 0 0 0 0 0 0 0 0 0 0 0 0 0 0 0 0 0 0 0 0 0 0 0 0 0 0 0 0 0 0 0 0 0 0 0 0 0 0 0 0 0 0 0 0 0 0 0 0 0 0 0 0 0 0 0 0 0 0 0 0 0 0 0 0 0 0 0 0 0 0 0 0 0 0 0 0 0 0 0 0 0 0 0 0 0 0 9 0 0 0 129 8 0 0 81 5 0 0 0 0 0 0 0 0 0 0 2 0 0 0 1 0 77 0 2 0 0 0 192 8 0 0 254 255 255 255 2 0 9 0 0 0 0 0 data 280 0x90002 0x110 0x160005 0x109 0x24153de6500 0x7 0x0 0x0 0x220005 0x0 0x24153de7e70 0x110 0x0 0x0 0x270005 0x0 0x24153de6500 0x1ba 0x0 0x0 0x2c0007 0xaa 0x70 0x110 0x310005 0x0 0x24153de6500 0x110 0x0 0x0 0x370007 0x110 0x5d8 0x0 0x3c0005 0x0 0x24153de6500 0xaa 0x0 0x0 0x410007 0xaa 0x70 0x0 0x460005 0x0 0x0 0x0 0x0 0x0 0x4b0007 0x0 0x538 0x0 0x500005 0x0 0x24153de6500 0xaa 0x0 0x0 0x550007 0xaa 0x70 0x0 0x5a0005 0x0 0x0 0x0 0x0 0x0 0x600007 0x0 0x188 0x0 0x650005 0x0 0x24153de6500 0xaa 0x0 0x0 0x6a0007 0xaa 0x70 0x0 0x6f0005 0x0 0x0 0x0 0x0 0x0 0x740007 0x0 0xe8 0x0 0x790005 0x0 0x24153de6500 0xaa 0x0 0x0 0x7f0007 0xaa 0x98 0x0 0x830005 0x0 0x0 0x0 0x0 0x0 0x8f0005 0x0 0x0 0x0 0x0 0x0 0x920003 0x0 0x140 0x970005 0x0 0x24153de6500 0xaa 0x0 0x0 0x9c0007 0x0 0x88 0xaa 0xa10005 0x0 0x24153de6500 0xaa 0x0 0x0 0xa60007 0x0 0x38 0xaa 0xa90003 0xaa 0x88 0xb20005 0x0 0x0 0x0 0x0 0x0 0xb60005 0x0 0x0 0x0 0x0 0x0 0xb90002 0x0 0xbf0005 0x0 0x24153de6500 0xaa 0x0 0x0 0xca0005 0x0 0x24153de7e70 0xaa 0x0 0x0 0xd60005 0x0 0x24153de7e70 0xaa 0x0 0x0 0xdc0005 0x0 0x24153de6500 0xaa 0x0 0x0 0xe60007 0xa6 0x50 0x4 0xed0005 0x0 0x24153de7f20 0x4 0x0 0x0 0xfb0005 0x0 0x24153de6500 0xaa 0x0 0x0 0xfe0005 0x0 0x24153de7e70 0xaa 0x0 0x0 0x10a0005 0x0 0x24153de7e70 0xaa 0x0 0x0 0x1100005 0x0 0x24153de6500 0xaa 0x0 0x0 0x1130003 0xaa 0xfffffffffffff9c0 0x11d0007 0xc7 0x1f8 0x49 0x1260007 0x47 0xf0 0x2 0x1320002 0x2 0x13d0005 0x0 0x24153de7e70 0x2 0x0 0x0 0x1400005 0x0 0x2414883d0c0 0x2 0x0 0x0 0x1440005 0x0 0x2414883d0c0 0x2 0x0 0x0 0x1470005 0x0 0x24153de7e70 0x2 0x0 0x0 0x1520007 0x0 0xb8 0x49 0x1560005 0x0 0x24153de7f20 0x49 0x0 0x0 0x15b0007 0x43 0x68 0x6 0x15f0005 0x0 0x24153de7f20 0x6 0x0 0x0 0x1640003 0x6 0x18 0x16c0005 0x42 0x24153decc80 0x7 0x0 0x0 oops 26 4 com/puppycrawl/tools/checkstyle/grammars/GeneratedJavaRecognizer 10 antlr/ASTFactory 16 com/puppycrawl/tools/checkstyle/grammars/GeneratedJavaRecognizer 26 com/puppycrawl/tools/checkstyle/grammars/GeneratedJavaRecognizer 36 com/puppycrawl/tools/checkstyle/grammars/GeneratedJavaRecognizer 56 com/puppycrawl/tools/checkstyle/grammars/GeneratedJavaRecognizer 76 com/puppycrawl/tools/checkstyle/grammars/GeneratedJavaRecognizer 96 com/puppycrawl/tools/checkstyle/grammars/GeneratedJavaRecognizer 121 com/puppycrawl/tools/checkstyle/grammars/GeneratedJavaRecognizer 131 com/puppycrawl/tools/checkstyle/grammars/GeneratedJavaRecognizer 158 com/puppycrawl/tools/checkstyle/grammars/GeneratedJavaRecognizer 164 antlr/ASTFactory 170 antlr/ASTFactory 176 com/puppycrawl/tools/checkstyle/grammars/GeneratedJavaRecognizer 186 com/puppycrawl/tools/checkstyle/api/DetailAST 192 com/puppycrawl/tools/checkstyle/grammars/GeneratedJavaRecognizer 198 antlr/ASTFactory 204 antlr/ASTFactory 210 com/puppycrawl/tools/checkstyle/grammars/GeneratedJavaRecognizer 229 antlr/ASTFactory 235 antlr/collections/impl/ASTArray 241 antlr/collections/impl/ASTArray 247 antlr/ASTFactory 257 com/puppycrawl/tools/checkstyle/api/DetailAST 267 com/puppycrawl/tools/checkstyle/api/DetailAST 276 antlr/ASTPair
ciMethodData com/puppycrawl/tools/checkstyle/grammars/GeneratedJavaRecognizer unaryExpression ()V 2 5697 orig 264 120 87 233 58 249 127 0 0 224 157 158 86 65 2 0 0 176 15 0 0 216 12 0 0 0 0 0 0 0 0 0 0 0 0 0 0 0 0 0 0 0 0 0 0 0 0 0 0 0 0 0 0 0 0 0 0 0 0 0 0 0 0 0 0 0 0 0 0 0 0 0 0 0 0 0 0 0 0 0 0 77 68 79 32 101 120 116 114 97 32 100 97 116 97 32 108 111 99 107 0 0 0 0 0 0 0 0 0 0 0 0 0 0 0 0 0 0 0 0 0 0 0 0 0 0 0 0 0 0 0 0 0 0 0 0 0 0 0 0 0 0 0 0 0 0 0 0 0 0 0 0 0 0 0 0 0 0 0 0 0 0 0 0 0 0 0 0 0 0 0 0 0 0 0 0 0 0 0 0 0 0 0 0 0 0 0 0 0 0 0 0 0 0 0 0 0 0 0 0 0 0 0 0 0 0 0 0 0 0 0 0 0 0 0 0 0 1 1 0 0 1 170 0 0 1 0 0 0 0 0 0 0 0 0 0 0 2 0 0 0 0 0 66 0 2 0 0 0 104 14 0 0 254 255 255 255 2 0 9 0 0 0 0 0 data 461 0x90002 0x1540 0x110005 0x0 0x24153de6500 0x1540 0x0 0x0 0x140008 0xf6 0x0 0xdb8 0x0 0xd40 0x0 0xd40 0x0 0xd40 0x0 0xd40 0x0 0xd40 0x0 0xd40 0x0 0xd40 0x0 0xd40 0x0 0xd40 0x22 0xd40 0x0 0xdb8 0x0 0xdb8 0x0 0xdb8 0x0 0xdb8 0x0 0xdb8 0x0 0xdb8 0x0 0xdb8 0x0 0xdb8 0x0 0xdb8 0x0 0xdb8 0x0 0xdb8 0x0 0xdb8 0x0 0xdb8 0x0 0xdb8 0x0 0xdb8 0x0 0xdb8 0x0 0xdb8 0x0 0xd40 0x0 0xdb8 0x0 0xd40 0x0 0xd40 0x0 0xdb8 0x0 0xdb8 0x0 0xdb8 0x0 0xdb8 0x0 0xdb8 0x0 0xdb8 0x0 0xdb8 0x0 0xdb8 0x0 0xdb8 0x0 0xdb8 0x0 0xdb8 0x0 0xdb8 0x0 0xdb8 0x0 0xdb8 0x0 0xdb8 0x0 0xdb8 0x0 0xdb8 0x0 0xdb8 0x0 0xdb8 0x0 0xdb8 0x0 0xdb8 0x0 0xdb8 0x0 0xdb8 0x0 0xdb8 0x0 0xdb8 0x0 0xdb8 0x0 0xdb8 0x0 0xdb8 0x0 0xdb8 0x0 0xdb8 0x0 0xdb8 0x0 0xdb8 0x0 0xdb8 0x0 0xdb8 0x0 0xdb8 0x0 0xdb8 0x0 0xdb8 0x0 0xdb8 0x0 0xdb8 0x0 0xdb8 0x0 0xdb8 0x0 0xdb8 0x0 0xdb8 0x0 0xdb8 0x0 0xdb8 0x0 0xbb8 0x0 0xa30 0x0 0xdb8 0x0 0xdb8 0x0 0x7c0 0x0 0x8f8 0x0 0xd40 0x0 0xd40 0x0 0xd40 0x0 0xd40 0x0 0xd40 0x5 0xd40 0x0 0xd40 0x0 0xd40 0x8 0xd40 0x0 0xd40 0x0 0xd40 0x0 0xd40 0x0 0xdb8 0x0 0xdb8 0x0 0xdb8 0x0 0xdb8 0x0 0xdb8 0x0 0xdb8 0x0 0xdb8 0x0 0xdb8 0x0 0xdb8 0x0 0xdb8 0x0 0xdb8 0x0 0xdb8 0x0 0xdb8 0x0 0xdb8 0x0 0xdb8 0x0 0xdb8 0x0 0xdb8 0x0 0xdb8 0x0 0xdb8 0x0 0xdb8 0x0 0xdb8 0x0 0xdb8 0x0 0xdb8 0x0 0xdb8 0x0 0xdb8 0x0 0xdb8 0x0 0xdb8 0x0 0xd40 0x2140005 0x0 0x0 0x0 0x0 0x0 0x2170005 0x0 0x0 0x0 0x0 0x0 0x2210005 0x0 0x0 0x0 0x0 0x0 0x2280005 0x0 0x0 0x0 0x0 0x0 0x22c0005 0x0 0x0 0x0 0x0 0x0 0x2380005 0x0 0x0 0x0 0x0 0x0 0x2400003 0x0 0x548 0x24b0005 0x0 0x0 0x0 0x0 0x0 0x24e0005 0x0 0x0 0x0 0x0 0x0 0x2580005 0x0 0x0 0x0 0x0 0x0 0x25f0005 0x0 0x0 0x0 0x0 0x0 0x2630005 0x0 0x0 0x0 0x0 0x0 0x26f0005 0x0 0x0 0x0 0x0 0x0 0x2770003 0x0 0x410 0x2820005 0x0 0x0 0x0 0x0 0x0 0x2850005 0x0 0x0 0x0 0x0 0x0 0x28f0005 0x0 0x0 0x0 0x0 0x0 0x2950005 0x0 0x0 0x0 0x0 0x0 0x29f0007 0x0 0x50 0x0 0x2a50005 0x0 0x0 0x0 0x0 0x0 0x2ab0005 0x0 0x0 0x0 0x0 0x0 0x2b70005 0x0 0x0 0x0 0x0 0x0 0x2bf0003 0x0 0x288 0x2ca0005 0x0 0x0 0x0 0x0 0x0 0x2cd0005 0x0 0x0 0x0 0x0 0x0 0x2d70005 0x0 0x0 0x0 0x0 0x0 0x2dd0005 0x0 0x0 0x0 0x0 0x0 0x2e70007 0x0 0x50 0x0 0x2ed0005 0x0 0x0 0x0 0x0 0x0 0x2f30005 0x0 0x0 0x0 0x0 0x0 0x2ff0005 0x0 0x0 0x0 0x0 0x0 0x3070003 0x0 0x100 0x30b0005 0x2f 0x24153de6500 0x1511 0x0 0x0 0x3170005 0x0 0x24153de7e70 0x1540 0x0 0x0 0x31f0003 0x1540 0x88 0x3280005 0x0 0x0 0x0 0x0 0x0 0x32c0005 0x0 0x0 0x0 0x0 0x0 0x32f0002 0x0 oops 3 4 com/puppycrawl/tools/checkstyle/grammars/GeneratedJavaRecognizer 434 com/puppycrawl/tools/checkstyle/grammars/GeneratedJavaRecognizer 440 antlr/ASTFactory
ciMethodData antlr/Parser mark ()I 2 14385 orig 264 120 87 233 58 249 127 0 0 8 36 159 86 65 2 0 0 120 1 0 0 0 0 0 0 0 0 0 0 0 0 0 0 0 0 0 0 0 0 0 0 0 0 0 0 0 0 0 0 0 0 0 0 0 0 0 0 0 0 0 0 0 0 0 0 0 0 0 0 0 0 0 0 0 0 0 0 0 0 0 0 77 68 79 32 101 120 116 114 97 32 100 97 116 97 32 108 111 99 107 0 0 0 0 0 0 0 0 0 0 0 0 0 0 0 0 0 0 0 0 0 0 0 0 0 0 0 0 0 0 0 0 0 0 0 0 0 0 0 0 0 0 0 0 0 0 0 0 0 0 0 0 0 0 0 0 0 0 0 0 0 0 0 0 0 0 0 0 0 0 0 0 0 0 0 0 0 0 0 0 0 0 0 0 0 17 0 0 0 0 0 0 0 0 0 0 0 0 0 0 0 1 0 0 0 0 0 0 0 0 0 0 0 0 0 0 0 247 0 0 0 201 185 1 0 1 0 0 0 0 0 0 0 0 0 0 0 2 0 0 0 0 0 3 0 2 0 0 0 48 0 0 0 254 255 255 255 5 0 7 0 0 0 0 0 data 6 0x70005 0x108 0x2414bb98810 0x3631 0x0 0x0 oops 1 2 antlr/TokenBuffer
ciMethodData antlr/TokenBuffer mark ()I 2 14387 orig 264 120 87 233 58 249 127 0 0 40 147 159 86 65 2 0 0 48 1 0 0 0 0 0 0 0 0 0 0 0 0 0 0 0 0 0 0 0 0 0 0 0 0 0 0 0 0 0 0 0 0 0 0 0 0 0 0 0 0 0 0 0 0 0 0 0 0 0 0 0 0 0 0 0 0 0 0 0 0 0 0 77 68 79 32 101 120 116 114 97 32 100 97 116 97 32 108 111 99 107 0 0 0 0 0 0 0 0 0 0 0 0 0 0 0 0 0 0 0 0 0 0 0 0 0 0 0 0 0 0 0 0 0 0 0 0 0 0 0 0 0 0 0 0 0 0 0 0 0 0 0 0 0 0 0 0 0 0 0 0 0 0 0 0 0 0 0 0 0 0 0 0 0 0 0 0 0 0 0 0 0 0 0 0 0 0 0 0 0 0 0 0 0 0 0 0 0 0 0 0 0 0 0 0 0 0 0 0 0 0 0 0 0 0 0 0 0 247 0 0 0 225 185 1 0 1 0 0 0 0 0 0 0 0 0 0 0 2 0 0 0 0 0 3 0 2 0 0 0 16 0 0 0 254 255 255 255 2 0 1 0 0 0 0 0 data 2 0x10002 0x373c oops 0
ciMethodData com/puppycrawl/tools/checkstyle/grammars/GeneratedJavaRecognizer lambdaExpression ()V 2 2937 orig 264 120 87 233 58 249 127 0 0 192 128 158 86 65 2 0 0 216 2 0 0 0 0 0 0 0 0 0 0 0 0 0 0 0 0 0 0 0 0 0 0 0 0 0 0 0 0 0 0 0 0 0 0 0 0 0 0 0 0 0 0 0 0 0 0 0 0 0 0 0 0 0 0 0 0 0 0 0 0 0 0 77 68 79 32 101 120 116 114 97 32 100 97 116 97 32 108 111 99 107 0 0 0 0 0 0 0 0 0 0 0 0 0 0 0 0 0 0 0 0 0 0 0 0 0 0 0 0 0 0 0 0 0 0 0 0 0 0 0 0 0 0 0 0 0 0 0 0 0 0 0 0 0 0 0 0 0 0 0 0 0 0 0 0 0 0 0 0 0 0 0 0 0 0 0 0 0 0 0 0 0 0 0 0 0 25 0 0 0 0 0 0 0 0 0 0 0 0 0 0 0 0 0 0 0 0 0 0 0 0 0 0 0 0 0 0 0 18 0 0 0 57 91 0 0 1 0 0 0 0 0 0 0 0 0 0 0 2 0 0 0 0 0 15 0 2 0 0 0 144 1 0 0 254 255 255 255 2 0 9 0 0 0 0 0 data 50 0x90002 0xb67 0x100005 0x11f 0x24153de6500 0xa48 0x0 0x0 0x1c0005 0x0 0x24153de7e70 0xb5e 0x0 0x0 0x270005 0x0 0x24153de6500 0xb5e 0x0 0x0 0x2a0005 0x0 0x24153de7e70 0xb5e 0x0 0x0 0x340005 0x0 0x24153de7e70 0xb5e 0x0 0x0 0x3b0005 0x0 0x24153de6500 0xb5e 0x0 0x0 0x3f0005 0x17 0x24153de6500 0x15d 0x0 0x0 0x4b0005 0x0 0x24153de7e70 0x174 0x0 0x0 oops 8 4 com/puppycrawl/tools/checkstyle/grammars/GeneratedJavaRecognizer 10 antlr/ASTFactory 16 com/puppycrawl/tools/checkstyle/grammars/GeneratedJavaRecognizer 22 antlr/ASTFactory 28 antlr/ASTFactory 34 com/puppycrawl/tools/checkstyle/grammars/GeneratedJavaRecognizer 40 com/puppycrawl/tools/checkstyle/grammars/GeneratedJavaRecognizer 46 antlr/ASTFactory
ciMethodData antlr/Parser rewind (I)V 2 14399 orig 264 120 87 233 58 249 127 0 0 8 47 159 86 65 2 0 0 128 1 0 0 0 0 0 0 0 0 0 0 0 0 0 0 0 0 0 0 0 0 0 0 0 0 0 0 0 0 0 0 0 0 0 0 0 0 0 0 0 0 0 0 0 0 0 0 0 0 0 0 0 0 0 0 0 0 0 0 0 0 0 0 77 68 79 32 101 120 116 114 97 32 100 97 116 97 32 108 111 99 107 0 0 0 0 0 0 0 0 0 0 0 0 0 0 0 0 0 0 0 0 0 0 0 0 0 0 0 0 0 0 0 0 0 0 0 0 0 0 0 0 0 0 0 0 0 0 0 0 0 0 0 0 0 0 0 0 0 0 0 0 0 0 0 0 0 0 0 0 0 0 0 0 0 0 0 0 0 0 0 0 0 0 0 0 0 17 0 0 0 0 0 0 0 0 0 0 0 0 0 0 0 1 0 0 0 0 0 0 0 0 0 0 0 0 0 0 0 247 0 0 0 65 186 1 0 1 0 0 0 0 0 0 0 0 0 0 0 2 0 0 0 0 0 3 0 2 0 0 0 48 0 0 0 254 255 255 255 5 0 8 0 0 0 0 0 data 6 0x80005 0x10a 0x2414bb98810 0x363e 0x0 0x0 oops 1 2 antlr/TokenBuffer
ciMethodData antlr/TokenBuffer rewind (I)V 2 14401 orig 264 120 87 233 58 249 127 0 0 208 147 159 86 65 2 0 0 56 1 0 0 0 0 0 0 0 0 0 0 0 0 0 0 0 0 0 0 0 0 0 0 0 0 0 0 0 0 0 0 0 0 0 0 0 0 0 0 0 0 0 0 0 0 0 0 0 0 0 0 0 0 0 0 0 0 0 0 0 0 0 0 77 68 79 32 101 120 116 114 97 32 100 97 116 97 32 108 111 99 107 0 0 0 0 0 0 0 0 0 0 0 0 0 0 0 0 0 0 0 0 0 0 0 0 0 0 0 0 0 0 0 0 0 0 0 0 0 0 0 0 0 0 0 0 0 0 0 0 0 0 0 0 0 0 0 0 0 0 0 0 0 0 0 0 0 0 0 0 0 0 0 0 0 0 0 0 0 0 0 0 0 0 0 0 0 0 0 0 0 0 0 0 0 0 0 0 0 0 0 0 0 0 0 0 0 0 0 0 0 0 0 0 0 0 0 0 0 247 0 0 0 81 186 1 0 1 0 0 0 0 0 0 0 0 0 0 0 2 0 0 0 0 0 3 0 2 0 0 0 16 0 0 0 254 255 255 255 2 0 1 0 0 0 0 0 data 2 0x10002 0x374a oops 0
ciMethodData com/puppycrawl/tools/checkstyle/grammars/GeneratedJavaRecognizer unaryExpressionNotPlusMinus ()V 2 12562 orig 264 120 87 233 58 249 127 0 0 216 164 158 86 65 2 0 0 16 23 0 0 24 21 0 0 0 0 0 0 0 0 0 0 0 0 0 0 0 0 0 0 0 0 0 0 0 0 0 0 0 0 0 0 0 0 0 0 0 0 0 0 0 0 0 0 0 0 0 0 0 0 0 0 0 0 0 0 0 0 0 0 77 68 79 32 101 120 116 114 97 32 100 97 116 97 32 108 111 99 107 0 0 0 0 0 0 0 0 0 0 0 0 0 0 0 0 0 0 0 0 0 0 0 0 0 0 0 0 0 0 0 0 0 0 0 0 0 0 0 0 0 0 0 0 0 0 0 0 0 0 0 0 0 0 0 0 0 0 0 0 0 0 0 0 0 0 0 0 0 0 0 0 0 0 0 0 0 0 0 0 0 0 0 0 0 0 0 0 0 0 0 0 0 0 0 0 0 0 0 0 0 0 0 0 0 0 0 0 0 0 0 0 0 0 0 0 0 10 1 0 0 33 128 1 0 1 0 0 0 0 0 0 0 0 0 0 0 2 0 0 0 0 0 149 0 2 0 0 0 176 21 0 0 254 255 255 255 2 0 9 0 0 0 0 0 data 694 0x90002 0x3004 0x220005 0x0 0x24153de6500 0x3004 0x0 0x0 0x250008 0x36 0x0 0x1500 0x0 0x430 0x0 0x430 0x0 0x430 0x0 0x430 0x0 0x430 0x0 0x430 0x0 0x430 0x0 0x430 0x0 0x430 0x8b 0x430 0x0 0x430 0x0 0x430 0x0 0x430 0x0 0x1c0 0x0 0x2f8 0x0 0x430 0x0 0x430 0x1 0x430 0x16 0x430 0x0 0x430 0x0 0x430 0x21 0x430 0x0 0x430 0x0 0x430 0x0 0x430 0x0 0x430 0x1090005 0x0 0x0 0x0 0x0 0x0 0x10c0005 0x0 0x0 0x0 0x0 0x0 0x1180005 0x0 0x0 0x0 0x0 0x0 0x11f0005 0x0 0x0 0x0 0x0 0x0 0x1230005 0x0 0x0 0x0 0x0 0x0 0x12f0005 0x0 0x0 0x0 0x0 0x0 0x1370003 0x0 0x1290 0x1430005 0x0 0x24153de6500 0x12 0x0 0x0 0x1460005 0x0 0x24153de7e70 0x12 0x0 0x0 0x1520005 0x0 0x24153de7e70 0x12 0x0 0x0 0x1590005 0x0 0x24153de6500 0x12 0x0 0x0 0x15d0005 0x0 0x24153de6500 0x12 0x0 0x0 0x1690005 0x0 0x24153de7e70 0x12 0x0 0x0 0x1710003 0x12 0x1158 0x1790005 0x0 0x24153de6500 0x2ff2 0x0 0x0 0x17e0007 0x2fe5 0x1f8 0xd 0x1830005 0x0 0x24153de6500 0xd 0x0 0x0 0x1880007 0x0 0x1a8 0xd 0x18d0005 0x0 0x24153de6500 0xd 0x0 0x0 0x1920007 0x9 0x158 0x4 0x1960005 0x0 0x24153de6500 0x4 0x0 0x0 0x1ae0005 0x0 0x24153de6500 0x4 0x0 0x0 0x1b30005 0x0 0x24153de6500 0x4 0x0 0x0 0x1b90005 0x0 0x24153de6500 0x4 0x0 0x0 0x1bd0005 0x0 0x24153de6500 0x4 0x0 0x0 0x1c00003 0x4 0x18 0x1cb0005 0x0 0x24153de6500 0x4 0x0 0x0 0x1dd0007 0x2fee 0x2c8 0x4 0x1e20005 0x0 0x24153de6500 0x4 0x0 0x0 0x1eb0005 0x0 0x24153de7e70 0x4 0x0 0x0 0x1f70005 0x0 0x24153de7e70 0x4 0x0 0x0 0x1fd0005 0x0 0x24153de6500 0x4 0x0 0x0 0x2070007 0x2 0x50 0x2 0x20e0005 0x0 0x24153de7f20 0x2 0x0 0x0 0x2150005 0x0 0x24153de6500 0x4 0x0 0x0 0x2210005 0x0 0x24153de7e70 0x4 0x0 0x0 0x22d0005 0x0 0x24153de6500 0x4 0x0 0x0 0x2300005 0x0 0x24153de7e70 0x4 0x0 0x0 0x23c0005 0x0 0x24153de7e70 0x4 0x0 0x0 0x2420005 0x0 0x24153de6500 0x4 0x0 0x0 0x2460005 0x0 0x24153de6500 0x4 0x0 0x0 0x2520005 0x0 0x24153de7e70 0x4 0x0 0x0 0x2550003 0x4 0xbe0 0x25d0005 0x0 0x24153de6500 0x2fee 0x0 0x0 0x2620007 0x2fe5 0x1f8 0x9 0x2670005 0x0 0x24153de6500 0x9 0x0 0x0 0x26c0007 0x9 0x70 0x0 0x2710005 0x0 0x0 0x0 0x0 0x0 0x2770007 0x0 0x158 0x0 0x27b0005 0x0 0x24153de6500 0x9 0x0 0x0 0x2930005 0x0 0x24153de6500 0x9 0x0 0x0 0x2970005 0x0 0x24153de6500 0x9 0x0 0x0 0x29d0005 0x0 0x24153de6500 0x9 0x0 0x0 0x2a10005 0x0 0x24153de6500 0x2 0x0 0x0 0x2a40003 0x2 0x18 0x2af0005 0x0 0x24153de6500 0x9 0x0 0x0 0x2c10007 0x2fec 0x2c8 0x2 0x2c60005 0x0 0x24153de6500 0x2 0x0 0x0 0x2d10005 0x0 0x24153de7e70 0x2 0x0 0x0 0x2dd0005 0x0 0x24153de7e70 0x2 0x0 0x0 0x2e30005 0x0 0x24153de6500 0x2 0x0 0x0 0x2ed0007 0x1 0x50 0x1 0x2f40005 0x0 0x24153de7f20 0x1 0x0 0x0 0x2fa0005 0x0 0x24153de6500 0x2 0x0 0x0 0x3060005 0x0 0x24153de7e70 0x2 0x0 0x0 0x3120005 0x0 0x24153de6500 0x2 0x0 0x0 0x3150005 0x0 0x24153de7e70 0x2 0x0 0x0 0x3210005 0x0 0x24153de7e70 0x2 0x0 0x0 0x3270005 0x0 0x24153de6500 0x2 0x0 0x0 0x32b0005 0x0 0x24153de6500 0x2 0x0 0x0 0x3370005 0x0 0x24153de7e70 0x2 0x0 0x0 0x33a0003 0x2 0x6f0 0x3420005 0x0 0x24153de6500 0x2fec 0x0 0x0 0x3470007 0x2fe5 0x1f8 0x7 0x34c0005 0x0 0x24153de6500 0x7 0x0 0x0 0x3510007 0x7 0x70 0x0 0x3560005 0x0 0x0 0x0 0x0 0x0 0x35c0007 0x0 0x158 0x0 0x3600005 0x0 0x24153de6500 0x7 0x0 0x0 0x3780005 0x0 0x24153de6500 0x7 0x0 0x0 0x37c0005 0x0 0x24153de6500 0x7 0x0 0x0 0x3820005 0x0 0x24153de6500 0x7 0x0 0x0 0x3860005 0x0 0x0 0x0 0x0 0x0 0x3890003 0x0 0x18 0x3940005 0x0 0x24153de6500 0x7 0x0 0x0 0x3a60007 0x2fec 0x2c8 0x0 0x3ab0005 0x0 0x0 0x0 0x0 0x0 0x3b60005 0x0 0x0 0x0 0x0 0x0 0x3c20005 0x0 0x0 0x0 0x0 0x0 0x3c80005 0x0 0x0 0x0 0x0 0x0 0x3d20007 0x0 0x50 0x0 0x3d90005 0x0 0x0 0x0 0x0 0x0 0x3df0005 0x0 0x0 0x0 0x0 0x0 0x3eb0005 0x0 0x0 0x0 0x0 0x0 0x3f70005 0x0 0x0 0x0 0x0 0x0 0x3fa0005 0x0 0x0 0x0 0x0 0x0 0x4060005 0x0 0x0 0x0 0x0 0x0 0x40c0005 0x0 0x0 0x0 0x0 0x0 0x4100005 0x0 0x0 0x0 0x0 0x0 0x41c0005 0x0 0x0 0x0 0x0 0x0 0x41f0003 0x0 0x200 0x4270005 0x0 0x24153de6500 0x2fec 0x0 0x0 0x42a0005 0x0 0x24153de7fd0 0x2fec 0x0 0x0 0x42d0007 0x0 0x118 0x2fec 0x4350005 0x0 0x24153de6500 0x2fec 0x0 0x0 0x4380005 0x0 0x24153de7fd0 0x2fec 0x0 0x0 0x43b0007 0x0 0x98 0x2fec 0x43f0005 0xc3 0x24153de6500 0x2f29 0x0 0x0 0x44b0005 0x0 0x24153de7e70 0x2fe8 0x0 0x0 0x44e0003 0x2fe8 0x88 0x4570005 0x0 0x0 0x0 0x0 0x0 0x45b0005 0x0 0x0 0x0 0x0 0x0 0x45e0002 0x0 0x4670003 0x2fee 0x88 0x4700005 0x0 0x0 0x0 0x0 0x0 0x4740005 0x0 0x0 0x0 0x0 0x0 0x4770002 0x0 oops 63 4 com/puppycrawl/tools/checkstyle/grammars/GeneratedJavaRecognizer 105 com/puppycrawl/tools/checkstyle/grammars/GeneratedJavaRecognizer 111 antlr/ASTFactory 117 antlr/ASTFactory 123 com/puppycrawl/tools/checkstyle/grammars/GeneratedJavaRecognizer 129 com/puppycrawl/tools/checkstyle/grammars/GeneratedJavaRecognizer 135 antlr/ASTFactory 144 com/puppycrawl/tools/checkstyle/grammars/GeneratedJavaRecognizer 154 com/puppycrawl/tools/checkstyle/grammars/GeneratedJavaRecognizer 164 com/puppycrawl/tools/checkstyle/grammars/GeneratedJavaRecognizer 174 com/puppycrawl/tools/checkstyle/grammars/GeneratedJavaRecognizer 180 com/puppycrawl/tools/checkstyle/grammars/GeneratedJavaRecognizer 186 com/puppycrawl/tools/checkstyle/grammars/GeneratedJavaRecognizer 192 com/puppycrawl/tools/checkstyle/grammars/GeneratedJavaRecognizer 198 com/puppycrawl/tools/checkstyle/grammars/GeneratedJavaRecognizer 207 com/puppycrawl/tools/checkstyle/grammars/GeneratedJavaRecognizer 217 com/puppycrawl/tools/checkstyle/grammars/GeneratedJavaRecognizer 223 antlr/ASTFactory 229 antlr/ASTFactory 235 com/puppycrawl/tools/checkstyle/grammars/GeneratedJavaRecognizer 245 com/puppycrawl/tools/checkstyle/api/DetailAST 251 com/puppycrawl/tools/checkstyle/grammars/GeneratedJavaRecognizer 257 antlr/ASTFactory 263 com/puppycrawl/tools/checkstyle/grammars/GeneratedJavaRecognizer 269 antlr/ASTFactory 275 antlr/ASTFactory 281 com/puppycrawl/tools/checkstyle/grammars/GeneratedJavaRecognizer 287 com/puppycrawl/tools/checkstyle/grammars/GeneratedJavaRecognizer 293 antlr/ASTFactory 302 com/puppycrawl/tools/checkstyle/grammars/GeneratedJavaRecognizer 312 com/puppycrawl/tools/checkstyle/grammars/GeneratedJavaRecognizer 332 com/puppycrawl/tools/checkstyle/grammars/GeneratedJavaRecognizer 338 com/puppycrawl/tools/checkstyle/grammars/GeneratedJavaRecognizer 344 com/puppycrawl/tools/checkstyle/grammars/GeneratedJavaRecognizer 350 com/puppycrawl/tools/checkstyle/grammars/GeneratedJavaRecognizer 356 com/puppycrawl/tools/checkstyle/grammars/GeneratedJavaRecognizer 365 com/puppycrawl/tools/checkstyle/grammars/GeneratedJavaRecognizer 375 com/puppycrawl/tools/checkstyle/grammars/GeneratedJavaRecognizer 381 antlr/ASTFactory 387 antlr/ASTFactory 393 com/puppycrawl/tools/checkstyle/grammars/GeneratedJavaRecognizer 403 com/puppycrawl/tools/checkstyle/api/DetailAST 409 com/puppycrawl/tools/checkstyle/grammars/GeneratedJavaRecognizer 415 antlr/ASTFactory 421 com/puppycrawl/tools/checkstyle/grammars/GeneratedJavaRecognizer 427 antlr/ASTFactory 433 antlr/ASTFactory 439 com/puppycrawl/tools/checkstyle/grammars/GeneratedJavaRecognizer 445 com/puppycrawl/tools/checkstyle/grammars/GeneratedJavaRecognizer 451 antlr/ASTFactory 460 com/puppycrawl/tools/checkstyle/grammars/GeneratedJavaRecognizer 470 com/puppycrawl/tools/checkstyle/grammars/GeneratedJavaRecognizer 490 com/puppycrawl/tools/checkstyle/grammars/GeneratedJavaRecognizer 496 com/puppycrawl/tools/checkstyle/grammars/GeneratedJavaRecognizer 502 com/puppycrawl/tools/checkstyle/grammars/GeneratedJavaRecognizer 508 com/puppycrawl/tools/checkstyle/grammars/GeneratedJavaRecognizer 523 com/puppycrawl/tools/checkstyle/grammars/GeneratedJavaRecognizer 618 com/puppycrawl/tools/checkstyle/grammars/GeneratedJavaRecognizer 624 antlr/collections/impl/BitSet 634 com/puppycrawl/tools/checkstyle/grammars/GeneratedJavaRecognizer 640 antlr/collections/impl/BitSet 650 com/puppycrawl/tools/checkstyle/grammars/GeneratedJavaRecognizer 656 antlr/ASTFactory
ciMethodData com/puppycrawl/tools/checkstyle/grammars/GeneratedJavaRecognizer postfixExpression ()V 2 13115 orig 264 120 87 233 58 249 127 0 0 168 175 158 86 65 2 0 0 248 34 0 0 0 33 0 0 0 0 0 0 0 0 0 0 0 0 0 0 0 0 0 0 0 0 0 0 0 0 0 0 0 0 0 0 0 0 0 0 0 0 0 0 0 0 0 0 0 0 0 0 0 0 0 0 0 0 0 0 0 0 0 0 77 68 79 32 101 120 116 114 97 32 100 97 116 97 32 108 111 99 107 0 0 0 0 0 0 0 0 0 0 0 0 0 0 0 0 0 0 0 0 0 0 0 0 0 0 0 0 0 0 0 0 0 0 0 0 0 0 0 0 0 0 0 0 0 0 0 0 0 0 0 0 0 0 0 0 0 0 0 0 0 0 0 0 0 0 0 0 0 0 0 0 0 0 0 0 0 0 0 0 0 0 0 0 0 0 0 0 0 0 0 0 0 0 0 0 0 0 0 0 0 0 0 0 0 0 0 0 0 0 0 0 0 0 0 0 0 51 1 0 0 57 144 1 0 185 123 1 0 0 0 0 0 0 0 0 0 2 0 0 0 2 0 16 1 2 0 0 0 136 33 0 0 254 255 255 255 2 0 9 0 0 0 0 0 data 1073 0x90002 0x3207 0x330005 0x14e 0x24153de6500 0x30b9 0x0 0x0 0x3f0005 0x0 0x24153de7e70 0x3207 0x0 0x0 0x440005 0x0 0x24153de6500 0x617b 0x0 0x0 0x470008 0x6 0x1c3 0xd98 0x78 0x40 0x0 0x878 0x690005 0x0 0x24153de6500 0x18e6 0x0 0x0 0x6c0005 0x0 0x24153de7e70 0x18e6 0x0 0x0 0x780005 0x0 0x24153de7e70 0x18e6 0x0 0x0 0x7e0005 0x0 0x24153de6500 0x18e6 0x0 0x0 0x830005 0x0 0x24153de6500 0x18e6 0x0 0x0 0x860008 0xe 0x0 0x6d8 0x78 0x80 0x0 0x588 0x0 0x80 0x0 0x80 0x0 0x80 0x0 0x660 0xc20005 0x0 0x24153de6500 0x18d4 0x0 0x0 0xc50008 0xa 0x0 0xf0 0x78 0xd8 0x0 0xd8 0x0 0xd8 0x0 0x60 0xf20005 0x0 0x0 0x0 0x0 0x0 0xfe0005 0x0 0x0 0x0 0x0 0x0 0x1010003 0x0 0xa0 0x1040003 0x18d4 0x88 0x10d0005 0x0 0x0 0x0 0x0 0x0 0x1110005 0x0 0x0 0x0 0x0 0x0 0x1140002 0x0 0x11a0005 0x0 0x24153de6500 0x18d4 0x0 0x0 0x11d0008 0x8 0x0 0x2d8 0x78 0x50 0x0 0x128 0x0 0x200 0x1490005 0x0 0x24153de6500 0x18d4 0x0 0x0 0x14c0005 0x0 0x24153de7e70 0x18d4 0x0 0x0 0x1580005 0x0 0x24153de7e70 0x18d4 0x0 0x0 0x15e0005 0x0 0x24153de6500 0x18d4 0x0 0x0 0x1610003 0x18d4 0xfffffffffffffb50 0x16d0005 0x0 0x0 0x0 0x0 0x0 0x1700005 0x0 0x0 0x0 0x0 0x0 0x17c0005 0x0 0x0 0x0 0x0 0x0 0x1820005 0x0 0x0 0x0 0x0 0x0 0x1850003 0x0 0xfffffffffffffa78 0x1910005 0x0 0x0 0x0 0x0 0x0 0x1940005 0x0 0x0 0x0 0x0 0x0 0x1a00005 0x0 0x0 0x0 0x0 0x0 0x1a60005 0x0 0x0 0x0 0x0 0x0 0x1a90003 0x0 0xfffffffffffff9a0 0x1b20005 0x0 0x0 0x0 0x0 0x0 0x1b60005 0x0 0x0 0x0 0x0 0x0 0x1b90002 0x0 0x1c60005 0x0 0x24153de6500 0x12 0x0 0x0 0x1c90005 0x0 0x24153de7e70 0x12 0x0 0x0 0x1d50005 0x0 0x24153de7e70 0x12 0x0 0x0 0x1db0005 0x0 0x24153de6500 0x12 0x0 0x0 0x1de0003 0x12 0xfffffffffffff858 0x1e20005 0x0 0x0 0x0 0x0 0x0 0x1ee0005 0x0 0x0 0x0 0x0 0x0 0x1f10003 0x0 0xfffffffffffff7e0 0x1fa0005 0x0 0x0 0x0 0x0 0x0 0x1fe0005 0x0 0x0 0x0 0x0 0x0 0x2010002 0x0 0x2070005 0x0 0x24153de6500 0xc 0x0 0x0 0x2100005 0x0 0x24153de7e70 0xc 0x0 0x0 0x21c0005 0x0 0x24153de7e70 0xc 0x0 0x0 0x2230005 0x0 0x24153de6500 0xc 0x0 0x0 0x22d0007 0x8 0x50 0x4 0x2350005 0x0 0x24153de7f20 0x4 0x0 0x0 0x23c0005 0x0 0x24153de6500 0xc 0x0 0x0 0x23f0008 0x8 0x0 0xe0 0x0 0xc8 0x0 0x50 0x0 0xc8 0x2620005 0x0 0x0 0x0 0x0 0x0 0x26e0005 0x0 0x0 0x0 0x0 0x0 0x2710003 0x0 0xa0 0x2740003 0xc 0x88 0x27d0005 0x0 0x0 0x0 0x0 0x0 0x2810005 0x0 0x0 0x0 0x0 0x0 0x2840002 0x0 0x28a0005 0x0 0x24153de6500 0xc 0x0 0x0 0x28d0008 0x6 0x0 0x1f0 0x0 0x40 0x0 0x118 0x2b10005 0x0 0x24153de6500 0xc 0x0 0x0 0x2b40005 0x0 0x24153de7e70 0xc 0x0 0x0 0x2c00005 0x0 0x24153de7e70 0xc 0x0 0x0 0x2c60005 0x0 0x24153de6500 0xc 0x0 0x0 0x2c90003 0xc 0xfffffffffffff398 0x2d50005 0x0 0x0 0x0 0x0 0x0 0x2d80005 0x0 0x0 0x0 0x0 0x0 0x2e40005 0x0 0x0 0x0 0x0 0x0 0x2eb0005 0x0 0x0 0x0 0x0 0x0 0x2ee0003 0x0 0xfffffffffffff2c0 0x2f70005 0x0 0x0 0x0 0x0 0x0 0x2fb0005 0x0 0x0 0x0 0x0 0x0 0x2fe0002 0x0 0x3040005 0x0 0x24153de6500 0x4889 0x0 0x0 0x3090007 0x487d 0x778 0xc 0x30e0005 0x0 0x24153de6500 0xc 0x0 0x0 0x3130007 0xc 0x728 0x0 0x31b0005 0x0 0x0 0x0 0x0 0x0 0x3200007 0x0 0x258 0x0 0x3250005 0x0 0x0 0x0 0x0 0x0 0x32a0007 0x0 0x208 0x0 0x32f0005 0x0 0x0 0x0 0x0 0x0 0x33a0005 0x0 0x0 0x0 0x0 0x0 0x3460005 0x0 0x0 0x0 0x0 0x0 0x34c0005 0x0 0x0 0x0 0x0 0x0 0x3560007 0x0 0x50 0x0 0x35d0005 0x0 0x0 0x0 0x0 0x0 0x36b0005 0x0 0x0 0x0 0x0 0x0 0x36e0005 0x0 0x0 0x0 0x0 0x0 0x37a0005 0x0 0x0 0x0 0x0 0x0 0x3800005 0x0 0x0 0x0 0x0 0x0 0x3830003 0x0 0xc0 0x3890007 0x0 0x38 0x0 0x38c0003 0x0 0xa0 0x3950005 0x0 0x0 0x0 0x0 0x0 0x3990005 0x0 0x0 0x0 0x0 0x0 0x39c0002 0x0 0x3a30003 0x0 0xfffffffffffffcd0 0x3a80005 0x0 0x0 0x0 0x0 0x0 0x3ad0007 0x0 0x208 0x0 0x3b20005 0x0 0x0 0x0 0x0 0x0 0x3b70007 0x0 0x1b8 0x0 0x3c30005 0x0 0x0 0x0 0x0 0x0 0x3c60005 0x0 0x0 0x0 0x0 0x0 0x3d20005 0x0 0x0 0x0 0x0 0x0 0x3d80005 0x0 0x0 0x0 0x0 0x0 0x3e40005 0x0 0x0 0x0 0x0 0x0 0x3e70005 0x0 0x0 0x0 0x0 0x0 0x3f30005 0x0 0x0 0x0 0x0 0x0 0x3f90005 0x0 0x0 0x0 0x0 0x0 0x3fc0003 0x0 0xffffffffffffec30 0x4040005 0x0 0x0 0x0 0x0 0x0 0x4070005 0x0 0x0 0x0 0x0 0x0 0x40a0007 0x0 0xb8 0x0 0x4120005 0x0 0x0 0x0 0x0 0x0 0x4150005 0x0 0x0 0x0 0x0 0x0 0x4180007 0x0 0x38 0x0 0x41b0003 0x0 0xffffffffffffeb18 0x4240005 0x0 0x0 0x0 0x0 0x0 0x4280005 0x0 0x0 0x0 0x0 0x0 0x42b0002 0x0 0x4310005 0x0 0x24153de6500 0x4889 0x0 0x0 0x4360007 0x487d 0x2e8 0xc 0x43e0005 0x0 0x24153de6500 0xc 0x0 0x0 0x4410005 0x0 0x24153de7fd0 0xc 0x0 0x0 0x4440007 0x0 0x268 0xc 0x4490005 0x0 0x24153de6500 0xc 0x0 0x0 0x4540005 0x0 0x24153de7e70 0xc 0x0 0x0 0x4600005 0x0 0x24153de7e70 0xc 0x0 0x0 0x4660005 0x0 0x24153de6500 0xc 0x0 0x0 0x4700007 0x6 0x50 0x6 0x4770005 0x0 0x24153de7f20 0x6 0x0 0x0 0x47d0005 0x0 0x24153de6500 0xc 0x0 0x0 0x4890005 0x0 0x24153de7e70 0xc 0x0 0x0 0x4950005 0x0 0x24153de6500 0xc 0x0 0x0 0x4980005 0x0 0x24153de7e70 0xc 0x0 0x0 0x4a40005 0x0 0x24153de7e70 0xc 0x0 0x0 0x4aa0005 0x0 0x24153de6500 0xc 0x0 0x0 0x4ad0003 0xc 0xffffffffffffe790 0x4b20005 0x0 0x24153de6500 0x487d 0x0 0x0 0x4b70007 0x3207 0x2e8 0x1676 0x4bf0005 0x0 0x24153de6500 0x1676 0x0 0x0 0x4c20005 0x0 0x24153de7fd0 0x1676 0x0 0x0 0x4c50007 0x0 0x268 0x1676 0x4ca0005 0x0 0x24153de6500 0x1676 0x0 0x0 0x4d50005 0x0 0x24153de7e70 0x1676 0x0 0x0 0x4e10005 0x0 0x24153de7e70 0x1676 0x0 0x0 0x4e70005 0x0 0x24153de6500 0x1676 0x0 0x0 0x4f10007 0x1311 0x50 0x365 0x4f80005 0x0 0x24153de7f20 0x365 0x0 0x0 0x4fe0005 0x75 0x24153de6500 0x1601 0x0 0x0 0x50a0005 0x0 0x24153de7e70 0x1676 0x0 0x0 0x5160005 0x0 0x24153de6500 0x1676 0x0 0x0 0x5190005 0x0 0x24153de7e70 0x1676 0x0 0x0 0x5250005 0x0 0x24153de7e70 0x1676 0x0 0x0 0x52b0005 0x0 0x24153de6500 0x1676 0x0 0x0 0x52e0003 0x1676 0xffffffffffffe478 0x5330005 0x0 0x24153de6500 0x3207 0x0 0x0 0x5390007 0x3207 0x1c8 0x0 0x5410005 0x0 0x0 0x0 0x0 0x0 0x5440005 0x0 0x0 0x0 0x0 0x0 0x5470007 0x0 0x148 0x0 0x54c0005 0x0 0x0 0x0 0x0 0x0 0x5570005 0x0 0x0 0x0 0x0 0x0 0x5630005 0x0 0x0 0x0 0x0 0x0 0x56a0005 0x0 0x0 0x0 0x0 0x0 0x5740007 0x0 0x3e8 0x0 0x57b0005 0x0 0x0 0x0 0x0 0x0 0x5800003 0x0 0x398 0x5850005 0x0 0x24153de6500 0x3207 0x0 0x0 0x58b0007 0x3205 0x1c8 0x2 0x5930005 0x0 0x24153de6500 0x2 0x0 0x0 0x5960005 0x0 0x24153de7fd0 0x2 0x0 0x0 0x5990007 0x0 0x148 0x2 0x59e0005 0x0 0x24153de6500 0x2 0x0 0x0 0x5a90005 0x0 0x24153de7e70 0x2 0x0 0x0 0x5b50005 0x0 0x24153de7e70 0x2 0x0 0x0 0x5bc0005 0x0 0x24153de6500 0x2 0x0 0x0 0x5c60007 0x1 0x1f0 0x1 0x5cd0005 0x0 0x24153de7f20 0x1 0x0 0x0 0x5d20003 0x1 0x1a0 0x5da0005 0x0 0x24153de6500 0x3205 0x0 0x0 0x5dd0005 0x0 0x24153de7fd0 0x3205 0x0 0x0 0x5e00007 0x0 0xb8 0x3205 0x5e80005 0x0 0x24153de6500 0x3205 0x0 0x0 0x5eb0005 0x0 0x24153de7fd0 0x3205 0x0 0x0 0x5ee0007 0x0 0x38 0x3205 0x5f10003 0x3205 0x88 0x5fa0005 0x0 0x0 0x0 0x0 0x0 0x5fe0005 0x0 0x0 0x0 0x0 0x0 0x6010002 0x0 oops 72 4 com/puppycrawl/tools/checkstyle/grammars/GeneratedJavaRecognizer 10 antlr/ASTFactory 16 com/puppycrawl/tools/checkstyle/grammars/GeneratedJavaRecognizer 30 com/puppycrawl/tools/checkstyle/grammars/GeneratedJavaRecognizer 36 antlr/ASTFactory 42 antlr/ASTFactory 48 com/puppycrawl/tools/checkstyle/grammars/GeneratedJavaRecognizer 54 com/puppycrawl/tools/checkstyle/grammars/GeneratedJavaRecognizer 76 com/puppycrawl/tools/checkstyle/grammars/GeneratedJavaRecognizer 126 com/puppycrawl/tools/checkstyle/grammars/GeneratedJavaRecognizer 142 com/puppycrawl/tools/checkstyle/grammars/GeneratedJavaRecognizer 148 antlr/ASTFactory 154 antlr/ASTFactory 160 com/puppycrawl/tools/checkstyle/grammars/GeneratedJavaRecognizer 237 com/puppycrawl/tools/checkstyle/grammars/GeneratedJavaRecognizer 243 antlr/ASTFactory 249 antlr/ASTFactory 255 com/puppycrawl/tools/checkstyle/grammars/GeneratedJavaRecognizer 293 com/puppycrawl/tools/checkstyle/grammars/GeneratedJavaRecognizer 299 antlr/ASTFactory 305 antlr/ASTFactory 311 com/puppycrawl/tools/checkstyle/grammars/GeneratedJavaRecognizer 321 com/puppycrawl/tools/checkstyle/api/DetailAST 327 com/puppycrawl/tools/checkstyle/grammars/GeneratedJavaRecognizer 375 com/puppycrawl/tools/checkstyle/grammars/GeneratedJavaRecognizer 389 com/puppycrawl/tools/checkstyle/grammars/GeneratedJavaRecognizer 395 antlr/ASTFactory 401 antlr/ASTFactory 407 com/puppycrawl/tools/checkstyle/grammars/GeneratedJavaRecognizer 457 com/puppycrawl/tools/checkstyle/grammars/GeneratedJavaRecognizer 467 com/puppycrawl/tools/checkstyle/grammars/GeneratedJavaRecognizer 702 com/puppycrawl/tools/checkstyle/grammars/GeneratedJavaRecognizer 712 com/puppycrawl/tools/checkstyle/grammars/GeneratedJavaRecognizer 718 antlr/collections/impl/BitSet 728 com/puppycrawl/tools/checkstyle/grammars/GeneratedJavaRecognizer 734 antlr/ASTFactory 740 antlr/ASTFactory 746 com/puppycrawl/tools/checkstyle/grammars/GeneratedJavaRecognizer 756 com/puppycrawl/tools/checkstyle/api/DetailAST 762 com/puppycrawl/tools/checkstyle/grammars/GeneratedJavaRecognizer 768 antlr/ASTFactory 774 com/puppycrawl/tools/checkstyle/grammars/GeneratedJavaRecognizer 780 antlr/ASTFactory 786 antlr/ASTFactory 792 com/puppycrawl/tools/checkstyle/grammars/GeneratedJavaRecognizer 801 com/puppycrawl/tools/checkstyle/grammars/GeneratedJavaRecognizer 811 com/puppycrawl/tools/checkstyle/grammars/GeneratedJavaRecognizer 817 antlr/collections/impl/BitSet 827 com/puppycrawl/tools/checkstyle/grammars/GeneratedJavaRecognizer 833 antlr/ASTFactory 839 antlr/ASTFactory 845 com/puppycrawl/tools/checkstyle/grammars/GeneratedJavaRecognizer 855 com/puppycrawl/tools/checkstyle/api/DetailAST 861 com/puppycrawl/tools/checkstyle/grammars/GeneratedJavaRecognizer 867 antlr/ASTFactory 873 com/puppycrawl/tools/checkstyle/grammars/GeneratedJavaRecognizer 879 antlr/ASTFactory 885 antlr/ASTFactory 891 com/puppycrawl/tools/checkstyle/grammars/GeneratedJavaRecognizer 900 com/puppycrawl/tools/checkstyle/grammars/GeneratedJavaRecognizer 963 com/puppycrawl/tools/checkstyle/grammars/GeneratedJavaRecognizer 973 com/puppycrawl/tools/checkstyle/grammars/GeneratedJavaRecognizer 979 antlr/collections/impl/BitSet 989 com/puppycrawl/tools/checkstyle/grammars/GeneratedJavaRecognizer 995 antlr/ASTFactory 1001 antlr/ASTFactory 1007 com/puppycrawl/tools/checkstyle/grammars/GeneratedJavaRecognizer 1017 com/puppycrawl/tools/checkstyle/api/DetailAST 1026 com/puppycrawl/tools/checkstyle/grammars/GeneratedJavaRecognizer 1032 antlr/collections/impl/BitSet 1042 com/puppycrawl/tools/checkstyle/grammars/GeneratedJavaRecognizer 1048 antlr/collections/impl/BitSet
ciMethodData com/puppycrawl/tools/checkstyle/grammars/GeneratedJavaRecognizer typeCastParameters ()V 1 38 orig 264 120 87 233 58 249 127 0 0 232 166 158 86 65 2 0 0 64 3 0 0 64 0 0 0 0 0 0 0 0 0 0 0 0 0 0 0 0 0 0 0 0 0 0 0 0 0 0 0 0 0 0 0 0 0 0 0 0 0 0 0 0 0 0 0 0 0 0 0 0 0 0 0 0 0 0 0 0 0 0 0 77 68 79 32 101 120 116 114 97 32 100 97 116 97 32 108 111 99 107 0 0 0 0 0 0 0 0 0 0 0 0 0 0 0 0 0 0 0 0 0 0 0 0 0 0 0 0 0 0 0 0 0 0 0 0 0 0 0 0 0 0 0 0 0 0 0 0 0 0 0 0 0 0 0 0 0 0 0 0 0 0 0 0 0 0 0 0 0 0 0 0 0 0 0 0 0 0 0 0 0 0 0 0 0 0 0 0 0 0 0 0 0 0 0 0 0 0 0 0 0 0 0 0 0 0 0 0 0 0 0 0 0 0 0 0 0 0 0 0 0 49 1 0 0 1 0 0 0 0 0 0 0 0 0 0 0 2 0 0 0 0 0 0 0 0 0 0 0 248 1 0 0 254 255 255 255 2 0 9 0 0 0 0 0 data 63 0x90002 0x26 0x110005 0x26 0x0 0x0 0x0 0x0 0x1d0005 0x0 0x24153de7e70 0x26 0x0 0x0 0x220005 0x0 0x24153de6500 0x26 0x0 0x0 0x270007 0x26 0x158 0x0 0x320005 0x0 0x0 0x0 0x0 0x0 0x350005 0x0 0x0 0x0 0x0 0x0 0x3f0005 0x0 0x0 0x0 0x0 0x0 0x450005 0x0 0x0 0x0 0x0 0x0 0x4a0005 0x0 0x0 0x0 0x0 0x0 0x560005 0x0 0x0 0x0 0x0 0x0 0x590003 0x0 0xfffffffffffffe90 oops 2 10 antlr/ASTFactory 16 com/puppycrawl/tools/checkstyle/grammars/GeneratedJavaRecognizer
compile com/puppycrawl/tools/checkstyle/grammars/GeneratedJavaRecognizer unaryExpressionNotPlusMinus ()V -1 4 inline 209 0 -1 com/puppycrawl/tools/checkstyle/grammars/GeneratedJavaRecognizer unaryExpressionNotPlusMinus ()V 1 9 antlr/ASTPair <init> ()V 2 1 java/lang/Object <init> ()V 1 34 antlr/LLkParser LA (I)I 2 8 antlr/TokenBuffer LA (I)I 3 2 antlr/TokenBuffer fill (I)V 4 1 antlr/TokenBuffer syncConsume ()V 5 31 antlr/TokenQueue removeFirst ()V 4 28 antlr/TokenStreamHiddenTokenFilter nextToken ()Lantlr/Token; 5 2 antlr/TokenStreamHiddenTokenFilter LA (I)Lantlr/CommonHiddenStreamToken; 5 14 antlr/TokenStreamHiddenTokenFilter LA (I)Lantlr/CommonHiddenStreamToken; 5 23 antlr/CommonHiddenStreamToken setHiddenBefore (Lantlr/CommonHiddenStreamToken;)V 5 32 antlr/TokenStreamHiddenTokenFilter consume ()V 5 43 antlr/TokenStreamHiddenTokenFilter LA (I)Lantlr/CommonHiddenStreamToken; 5 46 antlr/Token getType ()I 5 61 antlr/TokenStreamHiddenTokenFilter LA (I)Lantlr/CommonHiddenStreamToken; 5 64 antlr/Token getType ()I 5 79 antlr/TokenStreamHiddenTokenFilter LA (I)Lantlr/CommonHiddenStreamToken; 5 82 antlr/Token getType ()I 5 94 antlr/TokenStreamHiddenTokenFilter LA (I)Lantlr/CommonHiddenStreamToken; 5 97 antlr/CommonHiddenStreamToken setHiddenAfter (Lantlr/CommonHiddenStreamToken;)V 5 107 antlr/TokenStreamHiddenTokenFilter LA (I)Lantlr/CommonHiddenStreamToken; 5 111 antlr/CommonHiddenStreamToken setHiddenBefore (Lantlr/CommonHiddenStreamToken;)V 5 117 antlr/TokenStreamHiddenTokenFilter LA (I)Lantlr/CommonHiddenStreamToken; 5 126 antlr/TokenStreamHiddenTokenFilter consume ()V 4 33 antlr/TokenQueue append (Lantlr/Token;)V 3 17 antlr/TokenQueue elementAt (I)Lantlr/Token; 3 20 antlr/Token getType ()I 1 377 antlr/LLkParser LA (I)I 2 8 antlr/TokenBuffer LA (I)I 3 2 antlr/TokenBuffer fill (I)V 4 1 antlr/TokenBuffer syncConsume ()V 5 31 antlr/TokenQueue removeFirst ()V 4 28 antlr/TokenStreamHiddenTokenFilter nextToken ()Lantlr/Token; 5 2 antlr/TokenStreamHiddenTokenFilter LA (I)Lantlr/CommonHiddenStreamToken; 5 14 antlr/TokenStreamHiddenTokenFilter LA (I)Lantlr/CommonHiddenStreamToken; 5 23 antlr/CommonHiddenStreamToken setHiddenBefore (Lantlr/CommonHiddenStreamToken;)V 5 32 antlr/TokenStreamHiddenTokenFilter consume ()V 5 43 antlr/TokenStreamHiddenTokenFilter LA (I)Lantlr/CommonHiddenStreamToken; 5 46 antlr/Token getType ()I 5 61 antlr/TokenStreamHiddenTokenFilter LA (I)Lantlr/CommonHiddenStreamToken; 5 64 antlr/Token getType ()I 5 79 antlr/TokenStreamHiddenTokenFilter LA (I)Lantlr/CommonHiddenStreamToken; 5 82 antlr/Token getType ()I 5 94 antlr/TokenStreamHiddenTokenFilter LA (I)Lantlr/CommonHiddenStreamToken; 5 97 antlr/CommonHiddenStreamToken setHiddenAfter (Lantlr/CommonHiddenStreamToken;)V 5 107 antlr/TokenStreamHiddenTokenFilter LA (I)Lantlr/CommonHiddenStreamToken; 5 111 antlr/CommonHiddenStreamToken setHiddenBefore (Lantlr/CommonHiddenStreamToken;)V 5 117 antlr/TokenStreamHiddenTokenFilter LA (I)Lantlr/CommonHiddenStreamToken; 5 126 antlr/TokenStreamHiddenTokenFilter consume ()V 4 33 antlr/TokenQueue append (Lantlr/Token;)V 3 17 antlr/TokenQueue elementAt (I)Lantlr/Token; 3 20 antlr/Token getType ()I 1 406 antlr/Parser mark ()I 2 7 antlr/TokenBuffer mark ()I 3 1 antlr/TokenBuffer syncConsume ()V 4 31 antlr/TokenQueue removeFirst ()V 1 459 antlr/Parser rewind (I)V 2 8 antlr/TokenBuffer rewind (I)V 3 1 antlr/TokenBuffer syncConsume ()V 4 31 antlr/TokenQueue removeFirst ()V 1 526 antlr/CommonAST setType (I)V 1 605 antlr/LLkParser LA (I)I 2 8 antlr/TokenBuffer LA (I)I 3 2 antlr/TokenBuffer fill (I)V 4 1 antlr/TokenBuffer syncConsume ()V 5 31 antlr/TokenQueue removeFirst ()V 4 28 antlr/TokenStreamHiddenTokenFilter nextToken ()Lantlr/Token; 5 2 antlr/TokenStreamHiddenTokenFilter LA (I)Lantlr/CommonHiddenStreamToken; 5 14 antlr/TokenStreamHiddenTokenFilter LA (I)Lantlr/CommonHiddenStreamToken; 5 23 antlr/CommonHiddenStreamToken setHiddenBefore (Lantlr/CommonHiddenStreamToken;)V 5 32 antlr/TokenStreamHiddenTokenFilter consume ()V 5 43 antlr/TokenStreamHiddenTokenFilter LA (I)Lantlr/CommonHiddenStreamToken; 5 46 antlr/Token getType ()I 5 61 antlr/TokenStreamHiddenTokenFilter LA (I)Lantlr/CommonHiddenStreamToken; 5 64 antlr/Token getType ()I 5 79 antlr/TokenStreamHiddenTokenFilter LA (I)Lantlr/CommonHiddenStreamToken; 5 82 antlr/Token getType ()I 5 94 antlr/TokenStreamHiddenTokenFilter LA (I)Lantlr/CommonHiddenStreamToken; 5 97 antlr/CommonHiddenStreamToken setHiddenAfter (Lantlr/CommonHiddenStreamToken;)V 5 107 antlr/TokenStreamHiddenTokenFilter LA (I)Lantlr/CommonHiddenStreamToken; 5 111 antlr/CommonHiddenStreamToken setHiddenBefore (Lantlr/CommonHiddenStreamToken;)V 5 117 antlr/TokenStreamHiddenTokenFilter LA (I)Lantlr/CommonHiddenStreamToken; 5 126 antlr/TokenStreamHiddenTokenFilter consume ()V 4 33 antlr/TokenQueue append (Lantlr/Token;)V 3 17 antlr/TokenQueue elementAt (I)Lantlr/Token; 3 20 antlr/Token getType ()I 1 635 antlr/Parser mark ()I 2 7 antlr/TokenBuffer mark ()I 3 1 antlr/TokenBuffer syncConsume ()V 4 31 antlr/TokenQueue removeFirst ()V 1 687 antlr/Parser rewind (I)V 2 8 antlr/TokenBuffer rewind (I)V 3 1 antlr/TokenBuffer syncConsume ()V 4 31 antlr/TokenQueue removeFirst ()V 1 756 antlr/CommonAST setType (I)V 1 834 antlr/LLkParser LA (I)I 2 8 antlr/TokenBuffer LA (I)I 3 2 antlr/TokenBuffer fill (I)V 4 1 antlr/TokenBuffer syncConsume ()V 5 31 antlr/TokenQueue removeFirst ()V 4 28 antlr/TokenStreamHiddenTokenFilter nextToken ()Lantlr/Token; 5 2 antlr/TokenStreamHiddenTokenFilter LA (I)Lantlr/CommonHiddenStreamToken; 5 14 antlr/TokenStreamHiddenTokenFilter LA (I)Lantlr/CommonHiddenStreamToken; 5 23 antlr/CommonHiddenStreamToken setHiddenBefore (Lantlr/CommonHiddenStreamToken;)V 5 32 antlr/TokenStreamHiddenTokenFilter consume ()V 5 43 antlr/TokenStreamHiddenTokenFilter LA (I)Lantlr/CommonHiddenStreamToken; 5 46 antlr/Token getType ()I 5 61 antlr/TokenStreamHiddenTokenFilter LA (I)Lantlr/CommonHiddenStreamToken; 5 64 antlr/Token getType ()I 5 79 antlr/TokenStreamHiddenTokenFilter LA (I)Lantlr/CommonHiddenStreamToken; 5 82 antlr/Token getType ()I 5 94 antlr/TokenStreamHiddenTokenFilter LA (I)Lantlr/CommonHiddenStreamToken; 5 97 antlr/CommonHiddenStreamToken setHiddenAfter (Lantlr/CommonHiddenStreamToken;)V 5 107 antlr/TokenStreamHiddenTokenFilter LA (I)Lantlr/CommonHiddenStreamToken; 5 111 antlr/CommonHiddenStreamToken setHiddenBefore (Lantlr/CommonHiddenStreamToken;)V 5 117 antlr/TokenStreamHiddenTokenFilter LA (I)Lantlr/CommonHiddenStreamToken; 5 126 antlr/TokenStreamHiddenTokenFilter consume ()V 4 33 antlr/TokenQueue append (Lantlr/Token;)V 3 17 antlr/TokenQueue elementAt (I)Lantlr/Token; 3 20 antlr/Token getType ()I 1 864 antlr/Parser mark ()I 2 7 antlr/TokenBuffer mark ()I 3 1 antlr/TokenBuffer syncConsume ()V 4 31 antlr/TokenQueue removeFirst ()V 1 916 antlr/Parser rewind (I)V 2 8 antlr/TokenBuffer rewind (I)V 3 1 antlr/TokenBuffer syncConsume ()V 4 31 antlr/TokenQueue removeFirst ()V 1 1063 antlr/LLkParser LA (I)I 2 8 antlr/TokenBuffer LA (I)I 3 2 antlr/TokenBuffer fill (I)V 4 1 antlr/TokenBuffer syncConsume ()V 5 31 antlr/TokenQueue removeFirst ()V 4 28 antlr/TokenStreamHiddenTokenFilter nextToken ()Lantlr/Token; 5 2 antlr/TokenStreamHiddenTokenFilter LA (I)Lantlr/CommonHiddenStreamToken; 5 14 antlr/TokenStreamHiddenTokenFilter LA (I)Lantlr/CommonHiddenStreamToken; 5 23 antlr/CommonHiddenStreamToken setHiddenBefore (Lantlr/CommonHiddenStreamToken;)V 5 32 antlr/TokenStreamHiddenTokenFilter consume ()V 5 43 antlr/TokenStreamHiddenTokenFilter LA (I)Lantlr/CommonHiddenStreamToken; 5 46 antlr/Token getType ()I 5 61 antlr/TokenStreamHiddenTokenFilter LA (I)Lantlr/CommonHiddenStreamToken; 5 64 antlr/Token getType ()I 5 79 antlr/TokenStreamHiddenTokenFilter LA (I)Lantlr/CommonHiddenStreamToken; 5 82 antlr/Token getType ()I 5 94 antlr/TokenStreamHiddenTokenFilter LA (I)Lantlr/CommonHiddenStreamToken; 5 97 antlr/CommonHiddenStreamToken setHiddenAfter (Lantlr/CommonHiddenStreamToken;)V 5 107 antlr/TokenStreamHiddenTokenFilter LA (I)Lantlr/CommonHiddenStreamToken; 5 111 antlr/CommonHiddenStreamToken setHiddenBefore (Lantlr/CommonHiddenStreamToken;)V 5 117 antlr/TokenStreamHiddenTokenFilter LA (I)Lantlr/CommonHiddenStreamToken; 5 126 antlr/TokenStreamHiddenTokenFilter consume ()V 4 33 antlr/TokenQueue append (Lantlr/Token;)V 3 17 antlr/TokenQueue elementAt (I)Lantlr/Token; 3 20 antlr/Token getType ()I 1 1066 antlr/collections/impl/BitSet member (I)Z 2 1 antlr/collections/impl/BitSet wordNumber (I)I 2 23 antlr/collections/impl/BitSet bitMask (I)J 1 1077 antlr/LLkParser LA (I)I 2 8 antlr/TokenBuffer LA (I)I 3 2 antlr/TokenBuffer fill (I)V 4 1 antlr/TokenBuffer syncConsume ()V 5 31 antlr/TokenQueue removeFirst ()V 4 28 antlr/TokenStreamHiddenTokenFilter nextToken ()Lantlr/Token; 5 2 antlr/TokenStreamHiddenTokenFilter LA (I)Lantlr/CommonHiddenStreamToken; 5 14 antlr/TokenStreamHiddenTokenFilter LA (I)Lantlr/CommonHiddenStreamToken; 5 23 antlr/CommonHiddenStreamToken setHiddenBefore (Lantlr/CommonHiddenStreamToken;)V 5 32 antlr/TokenStreamHiddenTokenFilter consume ()V 5 43 antlr/TokenStreamHiddenTokenFilter LA (I)Lantlr/CommonHiddenStreamToken; 5 46 antlr/Token getType ()I 5 61 antlr/TokenStreamHiddenTokenFilter LA (I)Lantlr/CommonHiddenStreamToken; 5 64 antlr/Token getType ()I 5 79 antlr/TokenStreamHiddenTokenFilter LA (I)Lantlr/CommonHiddenStreamToken; 5 82 antlr/Token getType ()I 5 94 antlr/TokenStreamHiddenTokenFilter LA (I)Lantlr/CommonHiddenStreamToken; 5 97 antlr/CommonHiddenStreamToken setHiddenAfter (Lantlr/CommonHiddenStreamToken;)V 5 107 antlr/TokenStreamHiddenTokenFilter LA (I)Lantlr/CommonHiddenStreamToken; 5 111 antlr/CommonHiddenStreamToken setHiddenBefore (Lantlr/CommonHiddenStreamToken;)V 5 117 antlr/TokenStreamHiddenTokenFilter LA (I)Lantlr/CommonHiddenStreamToken; 5 126 antlr/TokenStreamHiddenTokenFilter consume ()V 4 33 antlr/TokenQueue append (Lantlr/Token;)V 3 17 antlr/TokenQueue elementAt (I)Lantlr/Token; 3 20 antlr/Token getType ()I 1 1080 antlr/collections/impl/BitSet member (I)Z 2 1 antlr/collections/impl/BitSet wordNumber (I)I 2 23 antlr/collections/impl/BitSet bitMask (I)J 1 1099 antlr/ASTFactory addASTChild (Lantlr/ASTPair;Lantlr/collections/AST;)V 2 31 com/puppycrawl/tools/checkstyle/api/DetailAST setFirstChild (Lantlr/collections/AST;)V 3 8 antlr/BaseAST setFirstChild (Lantlr/collections/AST;)V 3 20 com/puppycrawl/tools/checkstyle/api/DetailAST setParent (Lcom/puppycrawl/tools/checkstyle/api/DetailAST;)V 4 6 com/puppycrawl/tools/checkstyle/api/DetailAST getNextSibling ()Lcom/puppycrawl/tools/checkstyle/api/DetailAST; 5 1 antlr/BaseAST getNextSibling ()Lantlr/collections/AST; 4 16 com/puppycrawl/tools/checkstyle/api/DetailAST setParent (Lcom/puppycrawl/tools/checkstyle/api/DetailAST;)V 5 6 com/puppycrawl/tools/checkstyle/api/DetailAST getNextSibling ()Lcom/puppycrawl/tools/checkstyle/api/DetailAST; 6 1 antlr/BaseAST getNextSibling ()Lantlr/collections/AST; 2 44 com/puppycrawl/tools/checkstyle/api/DetailAST setNextSibling (Lantlr/collections/AST;)V 3 2 antlr/BaseAST setNextSibling (Lantlr/collections/AST;)V 3 24 com/puppycrawl/tools/checkstyle/api/DetailAST setParent (Lcom/puppycrawl/tools/checkstyle/api/DetailAST;)V 4 6 com/puppycrawl/tools/checkstyle/api/DetailAST getNextSibling ()Lcom/puppycrawl/tools/checkstyle/api/DetailAST; 5 1 antlr/BaseAST getNextSibling ()Lantlr/collections/AST; 4 16 com/puppycrawl/tools/checkstyle/api/DetailAST setParent (Lcom/puppycrawl/tools/checkstyle/api/DetailAST;)V 5 6 com/puppycrawl/tools/checkstyle/api/DetailAST getNextSibling ()Lcom/puppycrawl/tools/checkstyle/api/DetailAST; 6 1 antlr/BaseAST getNextSibling ()Lantlr/collections/AST; 2 55 antlr/ASTPair advanceChildToEnd ()V 3 11 com/puppycrawl/tools/checkstyle/api/DetailAST getNextSibling ()Lantlr/collections/AST; 4 1 com/puppycrawl/tools/checkstyle/api/DetailAST getNextSibling ()Lcom/puppycrawl/tools/checkstyle/api/DetailAST; 5 1 antlr/BaseAST getNextSibling ()Lantlr/collections/AST; 3 24 com/puppycrawl/tools/checkstyle/api/DetailAST getNextSibling ()Lantlr/collections/AST; 4 1 com/puppycrawl/tools/checkstyle/api/DetailAST getNextSibling ()Lcom/puppycrawl/tools/checkstyle/api/DetailAST; 5 1 antlr/BaseAST getNextSibling ()Lantlr/collections/AST;
